cdr_id,case_id,caller_phone,receiver_phone,timestamp,duration_seconds,location,cell_tower
CDR-980FD0A1,CASE-0093,+913626380693,+919371979902,2023-02-26T07:31:00,1906,Gachibowli,TOWER-832
CDR-37052746,CASE-0434,+914239058338,+912440682429,2023-04-08T09:35:00,716,Hinjewadi,TOWER-168
CDR-714DEA33,CASE-0228,+918086534392,+913846642497,2023-08-19T02:38:00,1461,Anna Nagar,TOWER-240
CDR-0C2B6F66,CASE-0088,+916075826628,+911182887465,2023-08-27T04:00:00,2231,New Town,TOWER-404
CDR-CDF13CF1,CASE-0024,+913057237398,+913706249256,2023-05-07T18:21:00,2032,Jubilee Hills,TOWER-840
CDR-3BE0EF8F,CASE-0020,+915148982381,+918245260553,2023-04-19T14:07:00,1780,Karol Bagh,TOWER-120
CDR-30E72939,CASE-0285,+918939472482,+911005295024,2023-08-07T23:06:00,850,Connaught Place,TOWER-966
CDR-075FF09F,CASE-0208,+910862010900,+917171359768,2023-06-21T04:03:00,1202,Bandra Kurla Complex,TOWER-830
CDR-0C8A5147,CASE-0342,+919668738453,+914047345728,2023-04-07T22:44:00,3194,Koramangala,TOWER-789
CDR-A20D3831,CASE-0406,+919032394980,+913606548365,2023-08-03T16:00:00,3433,T Nagar,TOWER-830
CDR-EE55B531,CASE-0143,+916673037941,+916901782880,2023-10-01T16:03:00,2795,Gurgaon Sector 29,TOWER-499
CDR-9DD33202,CASE-0388,+918646745808,+915255750580,2023-04-18T05:56:00,1872,T Nagar,TOWER-500
CDR-EA0F8280,CASE-0158,+914239058338,+915782189999,2023-03-01T01:06:00,3464,Gachibowli,TOWER-661
CDR-DE60E130,CASE-0241,+913121201754,+912372580381,2023-03-28T18:43:00,1314,Indiranagar,TOWER-682
CDR-27F997AE,CASE-0036,+919767934534,+914368611687,2023-03-18T05:08:00,2489,Andheri West,TOWER-631
CDR-20E183B2,CASE-0033,+911999574663,+917514811850,2023-01-15T03:13:00,2652,Indiranagar,TOWER-505
CDR-649D5EA0,CASE-0131,+910956977119,+911205640069,2023-03-07T05:53:00,3169,Indiranagar,TOWER-329
CDR-B32F2484,CASE-0371,+912062619351,+912440682429,2023-09-07T16:17:00,81,Noida Sector 18,TOWER-223
CDR-AE6214A2,CASE-0419,+916790779028,+915788604399,2023-04-08T11:38:00,2057,Gachibowli,TOWER-111
CDR-7BAC23EC,CASE-0158,+910434073866,+912598332662,2023-02-28T18:02:00,1841,New Town,TOWER-822
CDR-94454B1F,CASE-0105,+917916997926,+911458004112,2023-07-15T12:01:00,3471,Bandra Kurla Complex,TOWER-725
CDR-79ECE80F,CASE-0263,+911350676473,+915987109108,2023-02-02T23:46:00,119,Salt Lake City,TOWER-706
CDR-BCD05641,CASE-0269,+917290393874,+914186297196,2023-03-07T01:54:00,210,Hinjewadi,TOWER-512
CDR-3F3EC483,CASE-0394,+914811049809,+915454577494,2023-07-26T14:17:00,70,Anna Nagar,TOWER-557
CDR-8BD0468C,CASE-0269,+913270896699,+911782032348,2023-06-19T03:58:00,374,Noida Sector 18,TOWER-886
CDR-C7DDA165,CASE-0244,+913828987535,+919163166327,2023-10-26T01:57:00,3062,Noida Sector 18,TOWER-667
CDR-4006D217,CASE-0346,+914239058338,+912440682429,2023-05-18T13:11:00,956,Anna Nagar,TOWER-633
CDR-95D2D77B,CASE-0256,+912871668936,+910611398156,2023-05-24T13:59:00,3486,Connaught Place,TOWER-533
CDR-F082617A,CASE-0125,+919675404043,+913603731905,2023-04-05T07:25:00,2721,Andheri West,TOWER-276
CDR-2FC70F0E,CASE-0195,+914813120521,+918624564306,2023-02-25T04:44:00,2103,Bandra Kurla Complex,TOWER-189
CDR-847B69B7,CASE-0125,+919675404043,+913037727434,2023-07-30T05:57:00,3333,Hinjewadi,TOWER-100
CDR-72098526,CASE-0340,+915024138264,+914471745770,2023-05-27T04:24:00,2600,Hinjewadi,TOWER-240
CDR-526969DB,CASE-0350,+913872565367,+918843545700,2023-01-04T12:18:00,2179,Bandra Kurla Complex,TOWER-780
CDR-4D87CD35,CASE-0110,+912848587043,+912848587043,2023-02-03T14:50:00,2095,Jubilee Hills,TOWER-435
CDR-9B90BBBE,CASE-0174,+910539363533,+916595753008,2023-10-06T13:11:00,116,Vasant Kunj,TOWER-708
CDR-3693B0EF,CASE-0359,+912062619351,+915148982381,2023-01-15T17:53:00,401,Jubilee Hills,TOWER-885
CDR-C0AEC43A,CASE-0168,+913335064912,+916838372544,2023-04-12T07:29:00,1611,Hinjewadi,TOWER-330
CDR-DB5C3CA8,CASE-0492,+911069703138,+912989985496,2023-05-24T19:25:00,1598,Indiranagar,TOWER-429
CDR-6C7D04A7,CASE-0045,+915246977904,+910035416859,2023-01-10T09:24:00,2603,Indiranagar,TOWER-600
CDR-A8717778,CASE-0089,+919130631889,+911472166061,2023-05-28T13:50:00,1019,Viman Nagar,TOWER-599
CDR-473F011C,CASE-0449,+914813120521,+912440682429,2023-05-21T04:48:00,3501,T Nagar,TOWER-543
CDR-3D4A6F05,CASE-0103,+912749757820,+915024878084,2023-01-31T21:29:00,1248,T Nagar,TOWER-134
CDR-058A0BFB,CASE-0166,+916195926409,+919305848954,2023-10-07T09:00:00,487,T Nagar,TOWER-484
CDR-252F1FBF,CASE-0070,+911083603078,+917597243138,2023-01-20T23:54:00,814,Karol Bagh,TOWER-313
CDR-EF0922A7,CASE-0320,+915683902697,+911804083484,2023-02-17T06:07:00,3543,Gurgaon Sector 29,TOWER-155
CDR-70EDC4D0,CASE-0221,+914893588865,+911444297592,2023-03-07T13:42:00,2062,Noida Sector 18,TOWER-896
CDR-883C5691,CASE-0007,+910290034167,+913656989323,2023-09-06T06:10:00,728,Gachibowli,TOWER-128
CDR-81822D9B,CASE-0362,+917290393874,+910716963812,2023-08-18T06:22:00,576,Bandra Kurla Complex,TOWER-857
CDR-1076B645,CASE-0485,+913547280012,+913547280012,2023-04-07T07:31:00,1022,Secunderabad Railway Station,TOWER-970
CDR-2F8CDE10,CASE-0465,+918890837405,+913584808192,2023-01-20T15:18:00,3312,Connaught Place,TOWER-816
CDR-0CFBA02B,CASE-0075,+910539363533,+912935565536,2023-06-13T02:56:00,1644,Bandra Kurla Complex,TOWER-728
CDR-42B4F02E,CASE-0229,+912848587043,+918624564306,2023-03-06T18:09:00,1566,T Nagar,TOWER-369
CDR-E3DAD650,CASE-0366,+911109103307,+913137093277,2023-10-16T20:47:00,952,Bandra Kurla Complex,TOWER-683
CDR-0B76D9EF,CASE-0285,+918939472482,+911518654279,2023-04-02T23:48:00,2164,T Nagar,TOWER-814
CDR-EC14FD50,CASE-0210,+919113918633,+919109072973,2023-02-15T03:52:00,2775,Anna Nagar,TOWER-105
CDR-FBD85006,CASE-0264,+914359315208,+915148982381,2023-10-27T00:02:00,1111,Salt Lake City,TOWER-207
CDR-1545442E,CASE-0197,+918545155824,+917290393874,2023-03-03T05:00:00,2217,T Nagar,TOWER-958
CDR-F681E5F7,CASE-0110,+912848587043,+912107471760,2023-09-12T07:00:00,508,Anna Nagar,TOWER-708
CDR-D666B78F,CASE-0178,+915041435052,+911173116530,2023-09-28T18:22:00,2825,Viman Nagar,TOWER-671
CDR-98E03C1E,CASE-0356,+913892283443,+913239675091,2023-03-14T17:20:00,2869,Bandra Kurla Complex,TOWER-422
CDR-02F87806,CASE-0232,+910276666490,+910195898574,2023-01-25T01:39:00,2781,Jubilee Hills,TOWER-905
CDR-8BCBA0F1,CASE-0275,+915527465681,+915527465681,2023-05-29T05:02:00,1531,T Nagar,TOWER-977
CDR-095A856C,CASE-0283,+914030400199,+915410574385,2023-10-10T07:56:00,3339,Karol Bagh,TOWER-776
CDR-0A8D2279,CASE-0104,+915024878084,+916209181900,2023-04-17T17:25:00,2432,Hinjewadi,TOWER-136
CDR-53094EE3,CASE-0194,+916762718341,+912465066522,2023-01-16T05:52:00,1066,Connaught Place,TOWER-647
CDR-038AB25D,CASE-0433,+914501634140,+912683632075,2023-10-25T01:37:00,251,Gachibowli,TOWER-211
CDR-426E3D45,CASE-0082,+914449595368,+918754762470,2023-07-05T02:44:00,482,Karol Bagh,TOWER-833
CDR-B36D0E4A,CASE-0055,+913842157215,+919018002402,2023-06-17T19:34:00,1517,Gurgaon Sector 29,TOWER-387
CDR-AB9F5DCB,CASE-0205,+910539363533,+919743921915,2023-10-05T18:03:00,1902,Gachibowli,TOWER-636
CDR-144316C0,CASE-0366,+917378067955,+911316835836,2023-08-03T05:16:00,2023,Bandra Kurla Complex,TOWER-196
CDR-210C1CA2,CASE-0183,+911995112073,+913646008230,2023-09-03T06:49:00,1778,Secunderabad Railway Station,TOWER-834
CDR-40E6188E,CASE-0063,+913967092791,+911643024435,2023-06-11T14:13:00,2413,Vasant Kunj,TOWER-286
CDR-25D5B573,CASE-0149,+918041381517,+917290393874,2023-02-20T10:46:00,924,Andheri West,TOWER-684
CDR-70D15784,CASE-0183,+917514951472,+911182887465,2023-03-18T22:48:00,1990,Salt Lake City,TOWER-327
CDR-20BFD827,CASE-0106,+915241522476,+915196119484,2023-07-21T10:37:00,2785,Bandra Kurla Complex,TOWER-594
CDR-C9666553,CASE-0160,+918684724500,+911347240704,2023-02-03T20:14:00,1813,T Nagar,TOWER-298
CDR-4FBF04CC,CASE-0003,+918869929555,+911933881404,2023-06-20T18:46:00,370,T Nagar,TOWER-548
CDR-2F5E9800,CASE-0316,+910351193387,+914206370446,2023-09-16T04:37:00,792,Bandra Kurla Complex,TOWER-318
CDR-31CF255F,CASE-0444,+918545155824,+910700839222,2023-10-23T00:41:00,887,Viman Nagar,TOWER-509
CDR-A465BCE6,CASE-0123,+912911010547,+913855177487,2023-08-07T23:19:00,1217,Karol Bagh,TOWER-695
CDR-9E4B2CE6,CASE-0416,+914359315208,+912440682429,2023-06-04T02:44:00,1537,Jubilee Hills,TOWER-612
CDR-B1CEEE83,CASE-0014,+912062619351,+914627704147,2023-09-27T23:32:00,36,Anna Nagar,TOWER-722
CDR-BE0D6E0B,CASE-0115,+910194795271,+918931844185,2023-05-22T22:31:00,2315,Connaught Place,TOWER-882
CDR-E758FE55,CASE-0027,+910134604279,+914498454860,2023-05-10T09:42:00,3382,Salt Lake City,TOWER-303
CDR-B01AA051,CASE-0500,+912604191298,+912867057971,2023-07-10T13:20:00,3413,Hinjewadi,TOWER-910
CDR-BA88A84B,CASE-0383,+915867724943,+915743766395,2023-02-26T16:12:00,1308,Gurgaon Sector 29,TOWER-661
CDR-7D058A6E,CASE-0189,+914271636761,+915024878084,2023-02-11T03:36:00,2618,Gachibowli,TOWER-147
CDR-E83807D6,CASE-0329,+914359315208,+913342875806,2023-05-08T03:59:00,793,New Town,TOWER-595
CDR-18FF9B2D,CASE-0390,+919567825906,+916291134658,2023-04-13T22:01:00,279,Jubilee Hills,TOWER-677
CDR-AFA46A99,CASE-0115,+910194795271,+915140721957,2023-01-15T11:24:00,2117,Bandra Kurla Complex,TOWER-642
CDR-7816AE7F,CASE-0192,+913975433895,+916878813949,2023-10-12T02:25:00,1851,Noida Sector 18,TOWER-466
CDR-4F951B0B,CASE-0459,+915024878084,+911609473864,2023-01-18T04:34:00,1244,Indiranagar,TOWER-180
CDR-112A9DFD,CASE-0122,+912848587043,+910539363533,2023-02-13T03:18:00,3014,Secunderabad Railway Station,TOWER-358
CDR-2321F000,CASE-0366,+917378067955,+913391717337,2023-07-21T01:41:00,2505,New Town,TOWER-527
CDR-1935664C,CASE-0460,+910907184766,+912569540720,2023-10-08T11:25:00,2151,Koramangala,TOWER-747
CDR-D2C8E94D,CASE-0254,+917171692448,+911408257218,2023-07-13T11:47:00,1921,Jubilee Hills,TOWER-485
CDR-061011C5,CASE-0241,+912180394667,+917863513821,2023-05-04T14:59:00,2637,Andheri West,TOWER-907
CDR-B5B5B979,CASE-0385,+910299954751,+910235713526,2023-04-28T23:58:00,1513,Andheri West,TOWER-440
CDR-5011B075,CASE-0189,+914271636761,+910101173267,2023-07-08T14:48:00,2187,Hinjewadi,TOWER-818
CDR-45C2B6A3,CASE-0488,+913479765413,+918463930470,2023-03-19T09:26:00,622,T Nagar,TOWER-276
CDR-7EF76FA9,CASE-0446,+914032404397,+916433950669,2023-08-07T16:03:00,1701,Salt Lake City,TOWER-545
CDR-D611DF5E,CASE-0340,+911350969116,+914204411158,2023-01-22T15:58:00,370,Andheri West,TOWER-382
CDR-7A840676,CASE-0133,+917766390146,+917503577763,2023-06-29T15:08:00,261,Indiranagar,TOWER-182
CDR-CF9D58AF,CASE-0292,+915041435052,+919011733640,2023-09-16T06:46:00,2113,New Town,TOWER-333
CDR-365B1479,CASE-0459,+910905902783,+912810989754,2023-06-18T11:02:00,3111,Koramangala,TOWER-657
CDR-AC349299,CASE-0406,+919032394980,+919106981570,2023-03-04T03:12:00,2635,Koramangala,TOWER-143
CDR-1753039E,CASE-0061,+911341083704,+915195278219,2023-10-15T06:15:00,809,Indiranagar,TOWER-527
CDR-F9BE32F8,CASE-0012,+915024878084,+910674161318,2023-01-22T07:03:00,23,Vasant Kunj,TOWER-322
CDR-75089F62,CASE-0494,+911332806117,+913317088094,2023-01-24T19:14:00,1532,Noida Sector 18,TOWER-923
CDR-A3244418,CASE-0216,+917825474959,+913783281168,2023-03-28T06:11:00,1450,New Town,TOWER-944
CDR-F58DE96A,CASE-0123,+912911010547,+916306090274,2023-03-31T05:53:00,1929,Hinjewadi,TOWER-295
CDR-A849092C,CASE-0212,+916957872622,+913715306778,2023-08-03T21:38:00,966,Koramangala,TOWER-588
CDR-951F68EB,CASE-0452,+917290393874,+915020697666,2023-09-15T04:27:00,1356,Secunderabad Railway Station,TOWER-958
CDR-9AE1385F,CASE-0080,+917607880395,+919345912958,2023-03-16T22:08:00,1086,Connaught Place,TOWER-260
CDR-3BA640A0,CASE-0431,+915973347773,+916832923016,2023-04-15T22:24:00,1470,T Nagar,TOWER-364
CDR-CFB7256E,CASE-0124,+919382751873,+911838849747,2023-02-23T05:58:00,1718,Andheri West,TOWER-251
CDR-F55E9FCB,CASE-0138,+911953201389,+914517947545,2023-07-02T08:55:00,1900,Koramangala,TOWER-324
CDR-BA8CB2E2,CASE-0138,+918390351790,+910852634410,2023-08-24T16:44:00,1937,Viman Nagar,TOWER-499
CDR-63EB8491,CASE-0261,+912440682429,+916239243705,2023-02-15T17:49:00,1598,Gachibowli,TOWER-737
CDR-A4338052,CASE-0033,+912539952294,+910748994525,2023-01-03T16:08:00,810,Viman Nagar,TOWER-483
CDR-5BA37741,CASE-0410,+910753540823,+912424869147,2023-09-25T16:57:00,3397,Gachibowli,TOWER-347
CDR-57ED0FC4,CASE-0158,+914239058338,+913975433895,2023-06-07T05:51:00,247,Andheri West,TOWER-499
CDR-584AC82A,CASE-0100,+916010922190,+912431922350,2023-08-26T00:24:00,1800,Gachibowli,TOWER-432
CDR-A7C472E8,CASE-0098,+916209181900,+915024878084,2023-05-08T01:30:00,3345,Hinjewadi,TOWER-223
CDR-888837C2,CASE-0388,+919282964828,+919588676265,2023-04-08T03:53:00,1287,Salt Lake City,TOWER-804
CDR-6DF3D29F,CASE-0002,+910282069071,+916224509569,2023-08-03T14:22:00,2570,Salt Lake City,TOWER-589
CDR-85C3359B,CASE-0286,+913547280012,+918190946953,2023-03-22T22:25:00,1185,T Nagar,TOWER-994
CDR-E1260608,CASE-0088,+916082178842,+911821050959,2023-06-18T17:53:00,838,T Nagar,TOWER-811
CDR-B399CEB9,CASE-0489,+913986950305,+915667471214,2023-08-09T10:44:00,1431,Karol Bagh,TOWER-688
CDR-8FB7A645,CASE-0399,+913470946835,+910388256878,2023-04-07T12:38:00,3358,Indiranagar,TOWER-486
CDR-6EA2FCC7,CASE-0401,+914606673509,+913574492214,2023-05-19T14:36:00,289,New Town,TOWER-350
CDR-FB1432F8,CASE-0106,+915241522476,+916836823883,2023-07-11T10:16:00,3215,Salt Lake City,TOWER-916
CDR-914E57A3,CASE-0351,+915867724943,+913832801581,2023-08-16T19:51:00,975,Andheri West,TOWER-877
CDR-822CF0A5,CASE-0266,+911782032348,+911885956157,2023-09-10T00:07:00,829,Vasant Kunj,TOWER-998
CDR-FF81D809,CASE-0039,+916992627603,+912269485744,2023-10-13T06:11:00,2484,Gachibowli,TOWER-678
CDR-46FB7458,CASE-0374,+914206370446,+912914450377,2023-07-15T17:14:00,2429,Indiranagar,TOWER-746
CDR-D32228F6,CASE-0059,+919274027562,+911996635382,2023-07-27T10:16:00,63,Hinjewadi,TOWER-117
CDR-4518A7DE,CASE-0451,+914816730961,+914271636761,2023-07-16T12:57:00,1021,T Nagar,TOWER-831
CDR-F6A81EF5,CASE-0341,+916426664114,+914239058338,2023-09-06T17:49:00,1891,Hinjewadi,TOWER-141
CDR-A940D349,CASE-0117,+911059114763,+919895141904,2023-01-26T17:14:00,2644,Jubilee Hills,TOWER-841
CDR-1EAA1D08,CASE-0139,+910506827982,+910238441060,2023-09-14T07:46:00,371,New Town,TOWER-646
CDR-4A933585,CASE-0137,+911885956157,+915090885958,2023-04-28T05:28:00,299,Jubilee Hills,TOWER-761
CDR-C22A85F4,CASE-0061,+911341083704,+918928659645,2023-01-31T05:01:00,2128,Andheri West,TOWER-583
CDR-57B7A7D1,CASE-0102,+915913507143,+913975433895,2023-09-06T10:30:00,3493,T Nagar,TOWER-598
CDR-14920DA5,CASE-0132,+913975433895,+916817867723,2023-10-27T20:14:00,1749,Viman Nagar,TOWER-499
CDR-DBB43152,CASE-0115,+910194795271,+911880770505,2023-09-05T08:44:00,1996,Hinjewadi,TOWER-470
CDR-CC530A9B,CASE-0373,+913244157050,+917906984762,2023-09-12T08:31:00,586,Hinjewadi,TOWER-699
CDR-3EBFD3A9,CASE-0335,+910757396191,+912944606941,2023-09-20T02:23:00,1517,Anna Nagar,TOWER-714
CDR-2AE83190,CASE-0500,+919054241232,+919311749984,2023-07-23T03:56:00,2494,New Town,TOWER-740
CDR-1A689236,CASE-0430,+913041633393,+917083535297,2023-01-03T06:14:00,1172,Andheri West,TOWER-470
CDR-4C95F64B,CASE-0009,+919743316415,+915742456882,2023-03-25T11:47:00,2677,Bandra Kurla Complex,TOWER-337
CDR-E1E525C9,CASE-0343,+915616876987,+915027265092,2023-05-04T10:22:00,1861,Hinjewadi,TOWER-685
CDR-F8390CD8,CASE-0377,+914577212430,+919824357288,2023-09-26T02:58:00,2483,Karol Bagh,TOWER-299
CDR-DF6DDD04,CASE-0483,+918624564306,+910606557118,2023-04-27T14:39:00,477,Gachibowli,TOWER-393
CDR-963FF6E9,CASE-0277,+919475511883,+910233431973,2023-05-23T04:35:00,958,New Town,TOWER-317
CDR-D6ED6101,CASE-0072,+915041435052,+915041435052,2023-05-18T20:07:00,1216,Koramangala,TOWER-858
CDR-6FF3F8F9,CASE-0115,+913158520864,+915106077952,2023-06-12T15:38:00,2746,Anna Nagar,TOWER-667
CDR-9FB87053,CASE-0322,+911151048469,+914783156443,2023-04-18T20:21:00,2478,Viman Nagar,TOWER-949
CDR-FD77E4D3,CASE-0413,+917368995047,+912842834307,2023-06-05T21:34:00,2162,T Nagar,TOWER-236
CDR-D22F609D,CASE-0166,+918618187199,+918843545700,2023-05-09T14:11:00,2979,Viman Nagar,TOWER-890
CDR-135791A6,CASE-0186,+916367870316,+915731247295,2023-08-16T08:51:00,2698,Karol Bagh,TOWER-820
CDR-421DBAAA,CASE-0163,+913084772999,+912336174257,2023-08-31T23:50:00,3439,T Nagar,TOWER-471
CDR-EDB80BD3,CASE-0341,+914239058338,+914239058338,2023-09-10T13:04:00,2567,New Town,TOWER-784
CDR-B0A91EEA,CASE-0418,+915562418759,+917503953277,2023-01-23T12:24:00,2646,Vasant Kunj,TOWER-794
CDR-23B34824,CASE-0258,+912891254249,+912279234917,2023-02-10T12:22:00,25,Connaught Place,TOWER-853
CDR-6E9BC37D,CASE-0417,+919458484561,+915148982381,2023-04-14T15:09:00,52,Gurgaon Sector 29,TOWER-509
CDR-3746CB05,CASE-0047,+918843545700,+914133630482,2023-09-28T01:09:00,2865,Indiranagar,TOWER-955
CDR-143A1E55,CASE-0267,+917290393874,+912208128949,2023-08-25T02:20:00,1092,Hinjewadi,TOWER-249
CDR-557AF63B,CASE-0147,+914271636761,+913975433895,2023-09-07T23:41:00,302,Secunderabad Railway Station,TOWER-707
CDR-D612E72E,CASE-0451,+914271636761,+913975433895,2023-10-11T14:45:00,1484,Andheri West,TOWER-601
CDR-5195F07A,CASE-0481,+910683601456,+915600782431,2023-02-13T07:58:00,431,Indiranagar,TOWER-655
CDR-2F25CEB1,CASE-0100,+916010922190,+916146514006,2023-01-04T16:06:00,141,Karol Bagh,TOWER-608
CDR-C7080EB3,CASE-0459,+910706300277,+913602078681,2023-08-12T15:03:00,3059,Indiranagar,TOWER-689
CDR-FB4459A4,CASE-0447,+917942103685,+914512177833,2023-10-19T18:11:00,112,Andheri West,TOWER-388
CDR-5515459E,CASE-0018,+913632681752,+915264448220,2023-08-06T11:42:00,1174,New Town,TOWER-803
CDR-149889B4,CASE-0314,+918545155824,+919618283898,2023-01-11T23:23:00,2841,Secunderabad Railway Station,TOWER-680
CDR-9F154258,CASE-0188,+916459405371,+914178441036,2023-09-29T00:59:00,752,Secunderabad Railway Station,TOWER-305
CDR-23D29DAA,CASE-0158,+914239058338,+913121201754,2023-04-17T10:14:00,2255,Gachibowli,TOWER-800
CDR-00A99F89,CASE-0123,+912911010547,+914746033631,2023-03-22T13:47:00,1874,Vasant Kunj,TOWER-773
CDR-6F7026EC,CASE-0163,+913084772999,+919889354534,2023-01-19T19:52:00,1046,Salt Lake City,TOWER-829
CDR-930D60C9,CASE-0179,+913975433895,+910880965390,2023-06-10T14:56:00,2005,Connaught Place,TOWER-752
CDR-23777BA9,CASE-0458,+915692124936,+915679029277,2023-03-15T07:40:00,3206,Gurgaon Sector 29,TOWER-694
CDR-75B75627,CASE-0239,+918343190114,+918460139346,2023-07-26T18:30:00,526,Jubilee Hills,TOWER-106
CDR-F0A7F463,CASE-0460,+916121517582,+912731770112,2023-03-07T16:53:00,3437,Hinjewadi,TOWER-954
CDR-80D36BF2,CASE-0240,+916454824897,+917823270513,2023-10-18T15:28:00,840,T Nagar,TOWER-217
CDR-DDA3032C,CASE-0300,+912905983086,+911329252271,2023-07-11T19:25:00,1725,Noida Sector 18,TOWER-554
CDR-333B07B2,CASE-0077,+918624564306,+913956630802,2023-01-31T01:59:00,364,Viman Nagar,TOWER-289
CDR-FAB61B24,CASE-0393,+910753540823,+910476275156,2023-02-23T02:28:00,2108,Gachibowli,TOWER-432
CDR-8FAF53AD,CASE-0239,+918343190114,+914723811977,2023-03-03T05:13:00,197,Viman Nagar,TOWER-800
CDR-A0530B43,CASE-0260,+917370690796,+915028711263,2023-05-16T20:35:00,1459,Connaught Place,TOWER-738
CDR-398083DB,CASE-0307,+914239058338,+915920116378,2023-03-09T20:38:00,834,Connaught Place,TOWER-543
CDR-A97CCC44,CASE-0214,+914168851834,+912277902194,2023-06-29T01:48:00,1724,Vasant Kunj,TOWER-475
CDR-8DC7844E,CASE-0177,+911043729127,+910282655603,2023-02-25T22:26:00,2179,T Nagar,TOWER-543
CDR-5DE6A09C,CASE-0330,+915527465681,+912424803003,2023-01-21T03:50:00,1178,Salt Lake City,TOWER-384
CDR-A4F1CB9E,CASE-0102,+914356548615,+914629359736,2023-04-22T20:31:00,1640,Gachibowli,TOWER-223
CDR-981BCD57,CASE-0456,+917015744250,+919901624487,2023-06-20T21:37:00,638,Connaught Place,TOWER-499
CDR-F7824A2F,CASE-0039,+916992627603,+913794550343,2023-01-18T18:45:00,752,Viman Nagar,TOWER-635
CDR-AAC78A03,CASE-0136,+914000347048,+910504045856,2023-10-14T17:27:00,1083,Hinjewadi,TOWER-643
CDR-28FB78C1,CASE-0111,+915920116378,+918043647757,2023-05-28T00:01:00,3470,Vasant Kunj,TOWER-566
CDR-DE15CD07,CASE-0025,+910755418493,+910309261819,2023-07-27T03:10:00,1297,Hinjewadi,TOWER-656
CDR-87D656B1,CASE-0462,+913852811985,+915041435052,2023-03-29T22:59:00,3153,Indiranagar,TOWER-521
CDR-E864F2D9,CASE-0235,+914239058338,+912884836181,2023-07-13T16:16:00,592,Noida Sector 18,TOWER-672
CDR-0B6E35EB,CASE-0334,+918909841089,+911233503989,2023-08-02T02:24:00,1412,New Town,TOWER-963
CDR-7FBBBEA8,CASE-0433,+914501634140,+914774858207,2023-04-30T21:21:00,1397,Koramangala,TOWER-126
CDR-CDCA5183,CASE-0419,+912131143817,+910932627488,2023-05-31T05:53:00,68,Bandra Kurla Complex,TOWER-629
CDR-EE734A1D,CASE-0173,+912301663207,+911977676696,2023-04-29T19:00:00,357,Gurgaon Sector 29,TOWER-627
CDR-93FB789E,CASE-0133,+916742531748,+911111084420,2023-10-28T08:13:00,78,Secunderabad Railway Station,TOWER-569
CDR-FAE61BED,CASE-0145,+916978992224,+915284702361,2023-07-10T01:21:00,3212,Hinjewadi,TOWER-183
CDR-B9CDA3C2,CASE-0328,+918543058950,+913503805346,2023-05-13T17:32:00,3370,Andheri West,TOWER-107
CDR-68105112,CASE-0110,+912848587043,+914578760757,2023-10-02T17:49:00,2991,Gachibowli,TOWER-410
CDR-99FE2708,CASE-0475,+914399993108,+911262613098,2023-08-31T06:13:00,1414,Connaught Place,TOWER-444
CDR-C126F20C,CASE-0196,+917930190198,+911015410852,2023-08-21T09:50:00,1790,Bandra Kurla Complex,TOWER-130
CDR-17D4E410,CASE-0017,+912392123364,+915920116378,2023-04-05T08:46:00,2254,Koramangala,TOWER-748
CDR-11CEA0C2,CASE-0303,+912706930524,+911461897471,2023-10-23T13:38:00,3327,Anna Nagar,TOWER-196
CDR-611AFA71,CASE-0085,+919272628400,+914271636761,2023-02-28T14:22:00,2944,Karol Bagh,TOWER-677
CDR-B6C6ADFD,CASE-0236,+913067876211,+916059849976,2023-02-20T03:31:00,792,Bandra Kurla Complex,TOWER-778
CDR-E7815BEC,CASE-0175,+915215091504,+911782032348,2023-06-01T22:31:00,261,Andheri West,TOWER-578
CDR-122BF7A0,CASE-0280,+918932983493,+916809864041,2023-08-27T07:29:00,3082,Andheri West,TOWER-418
CDR-03FE72B5,CASE-0053,+910344747960,+919136862517,2023-04-10T21:34:00,2913,Gurgaon Sector 29,TOWER-429
CDR-AEE65675,CASE-0393,+910753540823,+916760157881,2023-05-28T02:28:00,502,Bandra Kurla Complex,TOWER-648
CDR-9494A38B,CASE-0453,+912740991174,+915921633914,2023-02-07T06:10:00,1347,Secunderabad Railway Station,TOWER-160
CDR-67502805,CASE-0096,+919209133168,+919510395679,2023-04-08T01:11:00,146,Gachibowli,TOWER-406
CDR-6D9A0883,CASE-0176,+913520293182,+912062619351,2023-06-26T07:58:00,2785,Connaught Place,TOWER-912
CDR-7B144C9A,CASE-0467,+917082607474,+918894577171,2023-09-20T22:05:00,2179,Secunderabad Railway Station,TOWER-787
CDR-10AEEF35,CASE-0440,+915716572478,+915224598136,2023-04-30T02:37:00,2755,Andheri West,TOWER-211
CDR-6AEBF2BB,CASE-0464,+912138937116,+916202380303,2023-08-31T11:01:00,2260,Koramangala,TOWER-730
CDR-44C6CA9B,CASE-0150,+915215163908,+913304530460,2023-05-01T18:40:00,731,Anna Nagar,TOWER-616
CDR-572D887D,CASE-0008,+917498717859,+915821804320,2023-07-20T15:56:00,2306,Noida Sector 18,TOWER-364
CDR-1E925659,CASE-0420,+910611103211,+918562348631,2023-08-21T17:03:00,963,Connaught Place,TOWER-333
CDR-BBAB58BE,CASE-0364,+914575175709,+914287576636,2023-06-21T05:08:00,556,Bandra Kurla Complex,TOWER-537
CDR-1DD70E50,CASE-0063,+913967092791,+913788368517,2023-06-02T08:19:00,1462,Karol Bagh,TOWER-819
CDR-6502AFBB,CASE-0335,+918941118691,+917088618631,2023-10-25T04:34:00,2764,Karol Bagh,TOWER-818
CDR-24BD2E89,CASE-0134,+919386662193,+913696579942,2023-01-29T08:33:00,2833,Indiranagar,TOWER-128
CDR-487D16CB,CASE-0497,+919941356537,+912129024580,2023-06-14T20:13:00,2402,Anna Nagar,TOWER-940
CDR-E3CE1499,CASE-0101,+910582788962,+919503492990,2023-06-25T15:55:00,1404,Gachibowli,TOWER-395
CDR-11BF9118,CASE-0014,+912062619351,+912507897570,2023-06-27T05:25:00,1102,Andheri West,TOWER-558
CDR-A177C576,CASE-0067,+910991974156,+911956726083,2023-06-06T00:20:00,3273,Connaught Place,TOWER-153
CDR-64112E61,CASE-0119,+916060484474,+910722861282,2023-05-15T18:21:00,2524,Salt Lake City,TOWER-888
CDR-19CC995F,CASE-0012,+915024878084,+914271636761,2023-07-09T09:44:00,2407,Bandra Kurla Complex,TOWER-706
CDR-EE1229FD,CASE-0229,+914548117348,+919085540081,2023-07-12T22:10:00,1283,Connaught Place,TOWER-353
CDR-B8FE44E2,CASE-0032,+912440682429,+915959953872,2023-10-04T03:01:00,3572,Secunderabad Railway Station,TOWER-942
CDR-87BBF75C,CASE-0266,+911782032348,+912062619351,2023-10-01T23:39:00,346,Karol Bagh,TOWER-316
CDR-9142120A,CASE-0193,+913675250257,+914271636761,2023-05-14T00:52:00,3257,Anna Nagar,TOWER-930
CDR-9621699C,CASE-0279,+915148982381,+912062619351,2023-02-10T17:49:00,3065,Jubilee Hills,TOWER-782
CDR-8E6849AE,CASE-0174,+910539363533,+910241180377,2023-07-11T21:49:00,2563,Koramangala,TOWER-877
CDR-81E8F1E4,CASE-0380,+917863804088,+912437571732,2023-04-15T13:25:00,1587,Noida Sector 18,TOWER-112
CDR-DB3F207F,CASE-0042,+919691238826,+917981217573,2023-06-28T21:43:00,1795,Noida Sector 18,TOWER-329
CDR-EDC043A2,CASE-0475,+914399993108,+913620286365,2023-04-19T14:02:00,3093,Bandra Kurla Complex,TOWER-355
CDR-65D436B3,CASE-0408,+913975433895,+913975433895,2023-02-26T20:57:00,457,Connaught Place,TOWER-427
CDR-ACF12E30,CASE-0007,+910290034167,+916497046156,2023-08-30T22:58:00,3290,Karol Bagh,TOWER-387
CDR-69BD5404,CASE-0428,+916599503486,+914610220426,2023-09-27T04:34:00,831,Secunderabad Railway Station,TOWER-841
CDR-B18CCB08,CASE-0037,+910539363533,+913547280012,2023-08-02T10:44:00,1247,Bandra Kurla Complex,TOWER-225
CDR-49DF03C0,CASE-0490,+916683533354,+911372148617,2023-05-19T08:52:00,1429,Hinjewadi,TOWER-285
CDR-AA9C92D4,CASE-0320,+916716078468,+912312794241,2023-08-29T21:27:00,794,Jubilee Hills,TOWER-448
CDR-5465EEA6,CASE-0154,+914239058338,+915920116378,2023-09-10T09:16:00,2821,Connaught Place,TOWER-182
CDR-C286A794,CASE-0147,+914271636761,+911401611245,2023-10-23T13:49:00,1772,Gachibowli,TOWER-922
CDR-16000A65,CASE-0405,+919571945536,+917806626593,2023-05-31T05:42:00,1976,Vasant Kunj,TOWER-128
CDR-F528B87E,CASE-0267,+917290393874,+911154965012,2023-10-10T15:48:00,2610,Indiranagar,TOWER-113
CDR-8041737E,CASE-0397,+913238975924,+915140721957,2023-05-25T10:46:00,3199,Secunderabad Railway Station,TOWER-588
CDR-E1AA3C53,CASE-0429,+917043408035,+911861766088,2023-06-12T09:18:00,1413,New Town,TOWER-880
CDR-17704035,CASE-0146,+910932627488,+915148982381,2023-08-27T00:24:00,2076,Anna Nagar,TOWER-601
CDR-2C02C4F2,CASE-0058,+916248863117,+913191224317,2023-01-14T21:23:00,1145,T Nagar,TOWER-467
CDR-DDB4FE44,CASE-0116,+913687677348,+913579007260,2023-01-10T21:57:00,77,Jubilee Hills,TOWER-529
CDR-47B6BAF3,CASE-0042,+919691238826,+912309402308,2023-03-06T13:30:00,3594,Anna Nagar,TOWER-347
CDR-57B0C3EF,CASE-0382,+916209181900,+914530981118,2023-02-19T04:41:00,1635,Viman Nagar,TOWER-767
CDR-BEC5ADEF,CASE-0244,+919490043838,+915783837436,2023-06-29T11:22:00,1208,Noida Sector 18,TOWER-380
CDR-91E70173,CASE-0217,+911993677634,+915024878084,2023-06-14T16:07:00,338,Viman Nagar,TOWER-613
CDR-0DF7B55B,CASE-0111,+915920116378,+914813120521,2023-10-14T13:56:00,2849,Jubilee Hills,TOWER-402
CDR-A5A470B1,CASE-0431,+915973347773,+913160599067,2023-08-08T12:27:00,3305,Jubilee Hills,TOWER-187
CDR-B902FD3D,CASE-0360,+919458484561,+911534269630,2023-08-04T07:21:00,3377,Anna Nagar,TOWER-845
CDR-04511250,CASE-0235,+913180461033,+914239058338,2023-05-04T10:07:00,3342,Connaught Place,TOWER-278
CDR-3B761B7D,CASE-0041,+916744077780,+916999025749,2023-05-05T17:49:00,2592,Gachibowli,TOWER-162
CDR-6954DD60,CASE-0047,+918843545700,+914124059507,2023-04-16T14:16:00,1663,Anna Nagar,TOWER-775
CDR-37AD599E,CASE-0258,+912891254249,+916311466023,2023-06-29T14:52:00,90,Bandra Kurla Complex,TOWER-463
CDR-70F3C046,CASE-0338,+914609507226,+913943139701,2023-05-10T20:59:00,499,Gurgaon Sector 29,TOWER-663
CDR-866F7C7F,CASE-0193,+918032839435,+912376768448,2023-06-23T23:02:00,127,Anna Nagar,TOWER-585
CDR-121C1AA3,CASE-0369,+913718122167,+917513968688,2023-02-26T18:38:00,2482,Viman Nagar,TOWER-863
CDR-C701BC4C,CASE-0129,+916117759297,+913118745437,2023-01-16T00:17:00,2055,Bandra Kurla Complex,TOWER-352
CDR-734CE226,CASE-0006,+915527465681,+911885956157,2023-02-16T05:27:00,2115,Viman Nagar,TOWER-267
CDR-E60352B0,CASE-0380,+917863804088,+913680647866,2023-06-17T00:35:00,2467,Vasant Kunj,TOWER-700
CDR-8927A930,CASE-0019,+915241749587,+918545155824,2023-01-23T10:00:00,1126,Andheri West,TOWER-856
CDR-99E27956,CASE-0392,+916591365609,+910964359801,2023-07-16T20:18:00,2342,Connaught Place,TOWER-649
CDR-4C69E4E4,CASE-0147,+914271636761,+910539363533,2023-09-14T06:37:00,1372,Hinjewadi,TOWER-642
CDR-34504FFE,CASE-0362,+917290393874,+910932627488,2023-08-30T02:36:00,223,Salt Lake City,TOWER-711
CDR-822BF151,CASE-0215,+917289286553,+917988139961,2023-02-27T05:19:00,2139,Vasant Kunj,TOWER-519
CDR-D7B1220D,CASE-0317,+915765697117,+919977500911,2023-10-17T22:38:00,2235,Bandra Kurla Complex,TOWER-886
CDR-42C772B5,CASE-0456,+910732372157,+918191442161,2023-05-18T14:02:00,166,Secunderabad Railway Station,TOWER-865
CDR-43C58354,CASE-0418,+919618547415,+912411047870,2023-07-21T18:18:00,3513,Vasant Kunj,TOWER-268
CDR-D718805D,CASE-0308,+918094245624,+910484309192,2023-10-01T03:33:00,3291,New Town,TOWER-904
CDR-1EB488FD,CASE-0033,+918099997020,+918724387460,2023-10-23T17:43:00,3415,Andheri West,TOWER-146
CDR-C2875B15,CASE-0483,+918624564306,+914476299091,2023-10-05T14:14:00,611,Connaught Place,TOWER-437
CDR-8597EADC,CASE-0075,+918611428150,+914271636761,2023-05-22T10:54:00,922,Bandra Kurla Complex,TOWER-208
CDR-50D4D1C8,CASE-0081,+911322995558,+911524918987,2023-02-08T04:26:00,822,Noida Sector 18,TOWER-890
CDR-E5AB7560,CASE-0274,+919067413639,+910716667599,2023-05-24T22:10:00,1638,Koramangala,TOWER-189
CDR-84E1E57C,CASE-0107,+914736015837,+914744487832,2023-01-26T10:25:00,1969,Bandra Kurla Complex,TOWER-143
CDR-685AA2FD,CASE-0316,+916453298851,+914548590199,2023-03-13T19:12:00,876,New Town,TOWER-472
CDR-026A491A,CASE-0177,+911043729127,+914848183693,2023-07-30T16:49:00,2098,Salt Lake City,TOWER-216
CDR-FA0D9CF3,CASE-0231,+916671162830,+917565437839,2023-02-25T22:43:00,2787,Connaught Place,TOWER-500
CDR-AD9D5842,CASE-0057,+915024878084,+916209181900,2023-09-11T04:22:00,1976,Connaught Place,TOWER-847
CDR-D9060E04,CASE-0261,+912440682429,+914359315208,2023-02-24T07:48:00,1799,Gachibowli,TOWER-500
CDR-2375A59D,CASE-0228,+910962225684,+915706770217,2023-01-19T00:18:00,234,Koramangala,TOWER-933
CDR-CCC4EFA2,CASE-0379,+916924446945,+918590711187,2023-09-03T08:03:00,1145,Andheri West,TOWER-736
CDR-07C4625E,CASE-0362,+916010966050,+910932627488,2023-06-07T11:55:00,2085,Gachibowli,TOWER-712
CDR-D4DCABF3,CASE-0307,+914239058338,+917930508294,2023-07-12T04:28:00,172,Gachibowli,TOWER-291
CDR-525469A7,CASE-0180,+916677095109,+919204288366,2023-08-30T14:31:00,1387,Indiranagar,TOWER-486
CDR-FA0BDAE3,CASE-0193,+912616150370,+912598677717,2023-07-11T21:27:00,3263,Gachibowli,TOWER-816
CDR-6BD109CE,CASE-0085,+911444784348,+916209181900,2023-10-22T16:46:00,202,Koramangala,TOWER-691
CDR-5F14DD45,CASE-0249,+919167340531,+915527465681,2023-06-21T07:38:00,3490,Connaught Place,TOWER-482
CDR-6989CE9F,CASE-0135,+911539013069,+916374820498,2023-03-15T13:47:00,2466,Anna Nagar,TOWER-275
CDR-997F20B0,CASE-0106,+915241522476,+910101173267,2023-09-28T04:00:00,3327,Secunderabad Railway Station,TOWER-676
CDR-D773048C,CASE-0027,+910134604279,+918585243452,2023-03-09T02:53:00,2295,Viman Nagar,TOWER-510
CDR-D9CF9DD1,CASE-0457,+918413476660,+911077126604,2023-02-21T14:01:00,1201,Connaught Place,TOWER-215
CDR-B8DBBEBC,CASE-0174,+914271636761,+912848587043,2023-08-07T12:37:00,1943,Indiranagar,TOWER-220
CDR-E524F086,CASE-0019,+917069859507,+912238969081,2023-07-11T07:24:00,543,Indiranagar,TOWER-387
CDR-F21309C6,CASE-0422,+918545155824,+917290393874,2023-06-14T14:00:00,2104,Anna Nagar,TOWER-718
CDR-06CEECC5,CASE-0250,+915867724943,+919127393332,2023-01-07T02:17:00,1448,Secunderabad Railway Station,TOWER-954
CDR-C7E1A2A7,CASE-0255,+910660586985,+919689415527,2023-07-25T11:09:00,2904,Salt Lake City,TOWER-819
CDR-4C1BA9B7,CASE-0482,+917290393874,+917290393874,2023-03-19T23:27:00,1442,Gurgaon Sector 29,TOWER-843
CDR-373EDCB4,CASE-0029,+915185769090,+916209181900,2023-05-12T17:08:00,559,Vasant Kunj,TOWER-772
CDR-57879687,CASE-0191,+915148982381,+914310977929,2023-10-27T08:25:00,368,Anna Nagar,TOWER-256
CDR-C5E07247,CASE-0109,+915613029727,+916897302406,2023-05-30T23:02:00,3470,Indiranagar,TOWER-928
CDR-A688CDC2,CASE-0246,+918843545700,+914271636761,2023-10-16T11:21:00,1097,Connaught Place,TOWER-983
CDR-8196A214,CASE-0078,+910539363533,+912848587043,2023-10-18T15:28:00,1168,Indiranagar,TOWER-294
CDR-3F67E3CD,CASE-0464,+919744029431,+911885956157,2023-10-25T10:02:00,3069,Vasant Kunj,TOWER-840
CDR-4BA13192,CASE-0068,+911923532772,+912440682429,2023-10-27T04:32:00,313,T Nagar,TOWER-793
CDR-191EF286,CASE-0151,+912273170905,+915890433820,2023-08-18T06:08:00,1385,Karol Bagh,TOWER-362
CDR-8EF300D4,CASE-0163,+913084772999,+912078100187,2023-04-05T08:13:00,1227,Karol Bagh,TOWER-476
CDR-64D7D984,CASE-0458,+915024878084,+913547280012,2023-10-06T13:47:00,1019,Secunderabad Railway Station,TOWER-777
CDR-0CC3AD0E,CASE-0272,+914271636761,+913975433895,2023-01-29T10:20:00,2513,Karol Bagh,TOWER-413
CDR-0A261804,CASE-0382,+916209181900,+912290000018,2023-03-24T01:53:00,3330,Koramangala,TOWER-203
CDR-236CD608,CASE-0207,+912792353649,+917066074527,2023-10-26T00:40:00,2551,Gurgaon Sector 29,TOWER-619
CDR-7A20F3C9,CASE-0064,+918545155824,+911782032348,2023-02-08T10:19:00,1498,Hinjewadi,TOWER-451
CDR-BD6F3686,CASE-0374,+911643997043,+916820610266,2023-09-06T07:14:00,2241,Indiranagar,TOWER-938
CDR-73DB5EB4,CASE-0113,+912040738723,+910753540823,2023-04-19T04:08:00,605,Viman Nagar,TOWER-714
CDR-DB62DDBA,CASE-0465,+914678612658,+911199869460,2023-10-09T17:50:00,2320,Gachibowli,TOWER-749
CDR-22A42506,CASE-0027,+917209157503,+914488174068,2023-03-20T22:02:00,2341,Viman Nagar,TOWER-760
CDR-A4038134,CASE-0283,+914030400199,+919364864317,2023-08-07T01:46:00,3565,Bandra Kurla Complex,TOWER-589
CDR-0932ADFE,CASE-0438,+917290393874,+911885956157,2023-06-08T04:34:00,3257,Connaught Place,TOWER-911
CDR-934C8055,CASE-0054,+917941313161,+913121201754,2023-01-05T11:08:00,1341,Anna Nagar,TOWER-838
CDR-BF5CF5B8,CASE-0007,+910290034167,+911771392586,2023-05-18T13:39:00,1995,T Nagar,TOWER-935
CDR-38F95051,CASE-0304,+915548094342,+911782032348,2023-03-02T09:00:00,355,Noida Sector 18,TOWER-253
CDR-36314A3A,CASE-0465,+914678612658,+913221938537,2023-05-28T15:53:00,731,Jubilee Hills,TOWER-612
CDR-81112249,CASE-0075,+912848587043,+913294140870,2023-10-10T02:27:00,2308,Jubilee Hills,TOWER-705
CDR-B2E8F254,CASE-0435,+916209181900,+915024878084,2023-04-19T16:31:00,730,Koramangala,TOWER-780
CDR-190B168F,CASE-0377,+919538090596,+913046033005,2023-06-29T20:16:00,2911,Anna Nagar,TOWER-440
CDR-754DA292,CASE-0387,+915401475726,+912956811775,2023-02-13T15:39:00,3073,Andheri West,TOWER-895
CDR-4E04482A,CASE-0141,+918514479386,+913041450407,2023-02-28T11:38:00,1021,Andheri West,TOWER-517
CDR-5C2D4E3A,CASE-0497,+919941356537,+912502781164,2023-04-12T13:50:00,1216,Gachibowli,TOWER-194
CDR-E421DF53,CASE-0427,+912645566158,+916384998864,2023-02-12T20:25:00,3557,New Town,TOWER-460
CDR-85D01112,CASE-0279,+910932627488,+913312074047,2023-10-16T21:10:00,892,T Nagar,TOWER-774
CDR-9EC6ABCE,CASE-0474,+911685532300,+914570718842,2023-02-02T21:02:00,3560,Andheri West,TOWER-707
CDR-390EBA2B,CASE-0409,+917541620441,+911104617599,2023-09-16T16:22:00,1813,Andheri West,TOWER-139
CDR-50322914,CASE-0445,+910753540823,+916836823883,2023-07-15T05:56:00,597,Secunderabad Railway Station,TOWER-755
CDR-B75DB028,CASE-0269,+917290393874,+912154384756,2023-06-01T23:38:00,1089,Salt Lake City,TOWER-196
CDR-A9B00D3E,CASE-0290,+911782032348,+915260188862,2023-03-19T00:05:00,3350,Hinjewadi,TOWER-845
CDR-FA70E9BA,CASE-0333,+917879811619,+919951631481,2023-08-23T06:38:00,2991,T Nagar,TOWER-663
CDR-59646A85,CASE-0287,+918590546096,+910932627488,2023-10-25T01:59:00,2585,Vasant Kunj,TOWER-876
CDR-D03EDC10,CASE-0381,+918236906110,+912873701965,2023-03-18T09:11:00,3345,Gurgaon Sector 29,TOWER-228
CDR-B0D522E1,CASE-0034,+916287281578,+915772256741,2023-03-23T19:45:00,1454,Gachibowli,TOWER-901
CDR-A96868AA,CASE-0266,+915781456079,+918545155824,2023-09-08T22:22:00,2764,Koramangala,TOWER-326
CDR-A009CB71,CASE-0324,+917290393874,+910170820573,2023-10-24T03:03:00,1534,Jubilee Hills,TOWER-722
CDR-7BE64E03,CASE-0496,+914730925098,+915920116378,2023-09-26T16:00:00,3063,Gachibowli,TOWER-836
CDR-615AFA47,CASE-0270,+911344878466,+917403412447,2023-07-05T18:10:00,2630,Viman Nagar,TOWER-845
CDR-4BEAFD82,CASE-0251,+918545155824,+912976246704,2023-04-30T04:19:00,340,Noida Sector 18,TOWER-544
CDR-97828115,CASE-0018,+913632681752,+914532176558,2023-02-02T08:10:00,1200,Vasant Kunj,TOWER-963
CDR-71AF840C,CASE-0428,+918010207680,+911782032348,2023-09-02T04:50:00,717,Jubilee Hills,TOWER-494
CDR-9F3C5401,CASE-0326,+910938543884,+911436464163,2023-08-24T19:28:00,241,Gurgaon Sector 29,TOWER-101
CDR-C75D5601,CASE-0119,+916060484474,+914129581752,2023-05-05T18:16:00,1113,Anna Nagar,TOWER-348
CDR-E98AA0CE,CASE-0016,+911885956157,+917261185457,2023-01-30T23:56:00,430,Indiranagar,TOWER-986
CDR-77FAA047,CASE-0289,+915991715007,+919982683691,2023-06-24T21:43:00,351,Vasant Kunj,TOWER-176
CDR-934660BB,CASE-0255,+913465502035,+917484786299,2023-10-13T05:08:00,3232,Karol Bagh,TOWER-549
CDR-4C9D6397,CASE-0141,+915773920874,+916612765776,2023-03-23T10:54:00,3132,New Town,TOWER-568
CDR-195C9666,CASE-0274,+914897219099,+911968021847,2023-09-20T12:55:00,1418,Noida Sector 18,TOWER-598
CDR-31968B87,CASE-0390,+912596986383,+917558064406,2023-07-17T12:38:00,2062,Jubilee Hills,TOWER-675
CDR-DFB9A3C4,CASE-0014,+912062619351,+915784967553,2023-02-21T07:12:00,261,Noida Sector 18,TOWER-515
CDR-E3B076A4,CASE-0465,+915745977723,+914428364296,2023-02-21T08:07:00,50,Gurgaon Sector 29,TOWER-298
CDR-15FEA896,CASE-0032,+912440682429,+911201003755,2023-07-17T00:19:00,1038,Connaught Place,TOWER-924
CDR-298F40AA,CASE-0364,+914575175709,+912110288951,2023-10-11T03:10:00,3395,Vasant Kunj,TOWER-950
CDR-75E02E14,CASE-0201,+911437311890,+916635784436,2023-05-12T00:33:00,466,Gurgaon Sector 29,TOWER-747
CDR-4B83E828,CASE-0369,+919565034289,+913873120890,2023-01-07T22:07:00,2988,Salt Lake City,TOWER-337
CDR-85AFAE13,CASE-0124,+911578547657,+916215548461,2023-08-31T07:00:00,1045,New Town,TOWER-135
CDR-B40361D5,CASE-0458,+915024878084,+910753540823,2023-01-13T01:28:00,1468,Connaught Place,TOWER-872
CDR-7D6DF393,CASE-0135,+911652566271,+919015202914,2023-08-18T08:59:00,1868,Koramangala,TOWER-154
CDR-A127C54A,CASE-0153,+914271636761,+915024878084,2023-04-06T14:36:00,3415,Koramangala,TOWER-932
CDR-C5B551BA,CASE-0376,+914675877093,+912447264563,2023-06-26T00:28:00,619,Salt Lake City,TOWER-837
CDR-E1DB91C0,CASE-0131,+910956977119,+913879112979,2023-08-21T01:55:00,1189,Salt Lake City,TOWER-873
CDR-2467B56A,CASE-0471,+917060340842,+917172830061,2023-03-14T10:40:00,1184,Koramangala,TOWER-514
CDR-86EA5B84,CASE-0346,+914239058338,+914033116349,2023-02-02T22:18:00,1986,Viman Nagar,TOWER-634
CDR-04139445,CASE-0233,+916307331452,+911683858637,2023-07-16T21:20:00,3083,Koramangala,TOWER-128
CDR-7DB59DAC,CASE-0362,+916455343021,+919458484561,2023-09-05T22:55:00,3370,Hinjewadi,TOWER-541
CDR-C18DA33D,CASE-0365,+910932627488,+919458484561,2023-05-31T12:29:00,2208,Gachibowli,TOWER-471
CDR-060CF71D,CASE-0299,+911333449934,+915240449662,2023-02-19T16:57:00,1762,New Town,TOWER-349
CDR-A5F23E58,CASE-0013,+911143514686,+916130065206,2023-01-24T18:13:00,653,Jubilee Hills,TOWER-516
CDR-4D8E6758,CASE-0387,+915401475726,+916463145572,2023-04-13T02:01:00,1445,Andheri West,TOWER-398
CDR-13B7D512,CASE-0086,+910163525510,+911772745905,2023-05-25T13:36:00,234,New Town,TOWER-237
CDR-66FA0631,CASE-0322,+911504615274,+910849169926,2023-05-02T10:06:00,823,Viman Nagar,TOWER-583
CDR-72181AE7,CASE-0293,+917655870708,+918745230022,2023-04-06T18:25:00,1524,Secunderabad Railway Station,TOWER-927
CDR-EA55EF79,CASE-0413,+918044831798,+913518775677,2023-08-01T15:30:00,1697,Karol Bagh,TOWER-581
CDR-868AC82E,CASE-0280,+918932983493,+919198587557,2023-04-22T08:35:00,1029,Gachibowli,TOWER-784
CDR-152943C5,CASE-0388,+912875280113,+912403791487,2023-06-10T13:17:00,2522,Koramangala,TOWER-510
CDR-188E431C,CASE-0174,+910539363533,+910134604279,2023-06-14T20:40:00,41,Jubilee Hills,TOWER-929
CDR-B6E616EC,CASE-0283,+913426117548,+912922311215,2023-06-11T21:58:00,2204,Hinjewadi,TOWER-933
CDR-2248A555,CASE-0441,+918797573856,+910426125576,2023-09-29T16:38:00,17,New Town,TOWER-221
CDR-B90D7EE1,CASE-0394,+917749462059,+911885956157,2023-08-29T01:03:00,1487,Koramangala,TOWER-999
CDR-671292FD,CASE-0366,+917378067955,+916979513779,2023-08-13T21:39:00,1849,Hinjewadi,TOWER-397
CDR-5C53322E,CASE-0203,+912848587043,+911067289852,2023-08-21T23:56:00,284,Gurgaon Sector 29,TOWER-368
CDR-6A2783B3,CASE-0483,+918624564306,+910379733154,2023-07-02T11:18:00,2501,Gachibowli,TOWER-679
CDR-C5992D1E,CASE-0462,+916831640900,+917774260425,2023-05-16T12:22:00,509,Bandra Kurla Complex,TOWER-312
CDR-348277A7,CASE-0440,+910860574459,+912821686244,2023-05-12T19:51:00,783,Gachibowli,TOWER-850
CDR-F8E3530F,CASE-0135,+917499454816,+910964484159,2023-03-03T17:42:00,336,Viman Nagar,TOWER-987
CDR-987AB350,CASE-0083,+911342158903,+918525320520,2023-02-11T12:14:00,2129,Viman Nagar,TOWER-800
CDR-DE9AEEAD,CASE-0162,+915073443306,+911782032348,2023-04-27T20:27:00,1320,Connaught Place,TOWER-385
CDR-1DF6E9FB,CASE-0381,+918236906110,+916560189913,2023-02-11T05:35:00,3165,T Nagar,TOWER-677
CDR-4DA4BC86,CASE-0231,+916780341720,+916583996094,2023-05-06T15:13:00,1868,Connaught Place,TOWER-159
CDR-69945683,CASE-0469,+914178178164,+913608715525,2023-01-15T05:22:00,1061,Vasant Kunj,TOWER-713
CDR-989CF05D,CASE-0126,+912655514057,+916292778134,2023-01-16T08:51:00,2832,Karol Bagh,TOWER-643
CDR-1ED3F101,CASE-0082,+910319341278,+915361124788,2023-09-30T08:58:00,915,Gurgaon Sector 29,TOWER-620
CDR-FB4F5384,CASE-0092,+918725481381,+910344619005,2023-01-11T00:09:00,1531,Noida Sector 18,TOWER-584
CDR-B127F037,CASE-0216,+916607948271,+917179838387,2023-01-14T11:49:00,3129,Secunderabad Railway Station,TOWER-266
CDR-1EFF3E93,CASE-0265,+917174127261,+914077614825,2023-01-17T06:44:00,1761,Hinjewadi,TOWER-484
CDR-8C6EBF84,CASE-0306,+914271636761,+918320266388,2023-08-22T18:18:00,2658,Gachibowli,TOWER-177
CDR-E3D8193C,CASE-0459,+910905902783,+919190866063,2023-09-06T17:18:00,2908,Hinjewadi,TOWER-460
CDR-91E29E55,CASE-0211,+911251754409,+919144876147,2023-09-14T20:20:00,76,Viman Nagar,TOWER-181
CDR-49A05ABF,CASE-0292,+915041435052,+910244013247,2023-03-04T13:41:00,1960,Koramangala,TOWER-103
CDR-420B73C4,CASE-0456,+917015744250,+916675804634,2023-08-22T21:08:00,1890,Koramangala,TOWER-772
CDR-EDF6179F,CASE-0190,+914143056364,+911212611887,2023-07-02T04:11:00,885,Gurgaon Sector 29,TOWER-374
CDR-792F1D71,CASE-0404,+915850796909,+912410807893,2023-01-12T10:02:00,2057,Bandra Kurla Complex,TOWER-998
CDR-BE6D4E2F,CASE-0008,+917498717859,+914449608763,2023-02-14T23:04:00,660,Indiranagar,TOWER-854
CDR-7FE18BF0,CASE-0332,+912320285188,+913101672990,2023-09-27T01:14:00,3278,Indiranagar,TOWER-684
CDR-6A245155,CASE-0136,+914000347048,+912643539430,2023-08-28T16:11:00,312,Andheri West,TOWER-443
CDR-A7023D2A,CASE-0199,+917290393874,+918446678893,2023-03-13T00:44:00,211,New Town,TOWER-911
CDR-7C883D8B,CASE-0302,+918341046989,+918526930343,2023-09-21T17:10:00,555,Secunderabad Railway Station,TOWER-536
CDR-B904E4CD,CASE-0303,+912209263659,+912679701948,2023-01-05T09:23:00,1337,New Town,TOWER-121
CDR-EFE916D2,CASE-0373,+917139060423,+915003424357,2023-06-26T08:50:00,1227,Secunderabad Railway Station,TOWER-655
CDR-8C37FFC5,CASE-0142,+919606541892,+910021229983,2023-07-23T17:22:00,1998,Andheri West,TOWER-889
CDR-48C31066,CASE-0229,+910539363533,+912848587043,2023-06-29T20:48:00,3318,Viman Nagar,TOWER-632
CDR-322B6B77,CASE-0115,+912661744368,+910475746230,2023-06-21T08:06:00,2552,Gachibowli,TOWER-758
CDR-E6FCA6CB,CASE-0001,+917161184225,+916630706626,2023-08-15T01:35:00,1200,Bandra Kurla Complex,TOWER-980
CDR-8D3B002E,CASE-0497,+919982300171,+918340180583,2023-06-18T22:39:00,2098,Indiranagar,TOWER-131
CDR-E4042662,CASE-0232,+919801829152,+915327712432,2023-04-13T02:59:00,2747,Vasant Kunj,TOWER-787
CDR-F3768065,CASE-0204,+913526581723,+915946060730,2023-10-21T16:01:00,1836,Connaught Place,TOWER-387
CDR-C951395D,CASE-0063,+913967092791,+916836823883,2023-06-02T03:37:00,404,Gurgaon Sector 29,TOWER-854
CDR-81AAB90B,CASE-0068,+914941199273,+910037754753,2023-05-09T17:32:00,1498,T Nagar,TOWER-386
CDR-5662E9AF,CASE-0092,+917493489727,+918040264004,2023-02-13T14:52:00,720,Jubilee Hills,TOWER-777
CDR-275476CA,CASE-0020,+915148982381,+917249853525,2023-04-08T08:44:00,2309,Indiranagar,TOWER-769
CDR-6A6BDF77,CASE-0481,+911917950043,+914106074420,2023-10-17T14:12:00,1740,Koramangala,TOWER-915
CDR-10D71763,CASE-0056,+917441627280,+918220507640,2023-07-15T09:05:00,3516,New Town,TOWER-498
CDR-F9868455,CASE-0099,+918843545700,+918843545700,2023-07-03T15:27:00,1222,Gachibowli,TOWER-512
CDR-6258D81B,CASE-0358,+919872870214,+916176953777,2023-07-07T21:03:00,2457,Gachibowli,TOWER-154
CDR-63569EB0,CASE-0431,+915973347773,+912127298260,2023-01-25T07:09:00,1239,Vasant Kunj,TOWER-223
CDR-23C55D4B,CASE-0360,+917290393874,+918756966496,2023-05-20T17:03:00,12,Indiranagar,TOWER-621
CDR-9A8075D7,CASE-0296,+919479609590,+916209181900,2023-04-14T14:05:00,2846,Salt Lake City,TOWER-811
CDR-CC359B06,CASE-0080,+917607880395,+915175039972,2023-02-09T18:56:00,3484,Vasant Kunj,TOWER-678
CDR-F814A564,CASE-0420,+912688732077,+915689551223,2023-01-11T03:26:00,116,Viman Nagar,TOWER-404
CDR-243C07D9,CASE-0133,+915920116378,+916924140204,2023-08-06T22:05:00,1932,Connaught Place,TOWER-243
CDR-FD5DB6F9,CASE-0466,+912062619351,+917290393874,2023-09-14T23:44:00,2618,Anna Nagar,TOWER-270
CDR-82F88121,CASE-0076,+918131798978,+917290393874,2023-07-20T03:45:00,1563,Hinjewadi,TOWER-158
CDR-7B6231D0,CASE-0060,+916056945064,+913051898170,2023-08-07T02:55:00,3406,Noida Sector 18,TOWER-913
CDR-E5B5DD45,CASE-0241,+913121201754,+917111224443,2023-09-12T12:09:00,3083,Jubilee Hills,TOWER-771
CDR-0294D999,CASE-0214,+914168851834,+913335714350,2023-02-28T16:43:00,1754,Karol Bagh,TOWER-405
CDR-830A7D23,CASE-0156,+916177866980,+917681358823,2023-07-22T17:30:00,2672,Bandra Kurla Complex,TOWER-628
CDR-C80CA253,CASE-0301,+914689928547,+917793694079,2023-06-01T11:15:00,2306,T Nagar,TOWER-400
CDR-7CAD4CCE,CASE-0297,+917862588927,+911241793956,2023-05-12T12:39:00,3329,Gachibowli,TOWER-479
CDR-898ED231,CASE-0192,+913975433895,+910428316204,2023-02-04T08:22:00,1695,Karol Bagh,TOWER-971
CDR-856AA087,CASE-0425,+915920116378,+912425285441,2023-03-22T02:10:00,1194,Vasant Kunj,TOWER-464
CDR-42A6DECB,CASE-0313,+912848587043,+913975433895,2023-05-06T08:17:00,95,T Nagar,TOWER-161
CDR-77454A49,CASE-0081,+915666790440,+912937259608,2023-05-13T09:00:00,1175,Andheri West,TOWER-624
CDR-B850367D,CASE-0123,+912911010547,+912241197055,2023-03-25T01:11:00,2274,Indiranagar,TOWER-979
CDR-4F7F675A,CASE-0288,+917055900798,+912935565536,2023-03-27T16:35:00,1280,New Town,TOWER-192
CDR-D8720A20,CASE-0399,+913470946835,+911026537202,2023-07-29T03:12:00,2865,Gurgaon Sector 29,TOWER-742
CDR-104F6C13,CASE-0337,+916953741440,+911055462921,2023-06-09T05:14:00,1574,Gachibowli,TOWER-729
CDR-BB0B9790,CASE-0038,+913961941329,+912777735586,2023-05-29T19:16:00,1795,New Town,TOWER-593
CDR-C64ED97A,CASE-0128,+918334141269,+917284232140,2023-08-15T23:02:00,1699,Koramangala,TOWER-591
CDR-7A62ECAA,CASE-0271,+912562496245,+915097270115,2023-07-30T05:25:00,1604,T Nagar,TOWER-846
CDR-01CB2C00,CASE-0154,+911135038412,+914239058338,2023-01-04T11:33:00,226,New Town,TOWER-917
CDR-8632A193,CASE-0030,+914199127390,+910560027676,2023-03-26T15:32:00,2398,Andheri West,TOWER-177
CDR-8F85A69C,CASE-0350,+913872565367,+916616640177,2023-08-14T20:49:00,3307,Gurgaon Sector 29,TOWER-520
CDR-1CF7F149,CASE-0365,+919458484561,+915082129414,2023-10-01T13:48:00,603,Secunderabad Railway Station,TOWER-776
CDR-45CAE7E4,CASE-0361,+918878798157,+914239058338,2023-03-02T10:05:00,98,Gachibowli,TOWER-258
CDR-576CAF78,CASE-0050,+919532037043,+910339310226,2023-02-28T20:56:00,1561,Secunderabad Railway Station,TOWER-451
CDR-7C9F00D5,CASE-0354,+912010241015,+914523618432,2023-04-24T05:47:00,3096,Viman Nagar,TOWER-360
CDR-825F952A,CASE-0275,+915527465681,+912440682429,2023-04-11T21:18:00,2334,Noida Sector 18,TOWER-873
CDR-C663A1A0,CASE-0058,+912402263234,+911193868040,2023-06-12T07:28:00,807,Gurgaon Sector 29,TOWER-964
CDR-A6224F4A,CASE-0231,+916780341720,+918546589294,2023-07-13T09:16:00,3004,Andheri West,TOWER-792
CDR-88982592,CASE-0476,+915024878084,+913547280012,2023-10-06T22:56:00,2035,New Town,TOWER-917
CDR-A15948B8,CASE-0076,+911782032348,+917733166919,2023-03-07T23:42:00,508,Andheri West,TOWER-704
CDR-01C92E70,CASE-0229,+911299650448,+916609042493,2023-10-15T20:37:00,328,Jubilee Hills,TOWER-546
CDR-87536B4A,CASE-0363,+914938616598,+919212927991,2023-09-05T13:39:00,391,Viman Nagar,TOWER-951
CDR-E6E7A43A,CASE-0303,+912209263659,+919940443785,2023-09-30T18:32:00,3053,Hinjewadi,TOWER-178
CDR-6868A51D,CASE-0442,+912440682429,+912440682429,2023-07-08T08:24:00,3187,Secunderabad Railway Station,TOWER-807
CDR-DC3C10CB,CASE-0185,+912062619351,+919458484561,2023-04-28T23:03:00,2964,Noida Sector 18,TOWER-688
CDR-D165DC89,CASE-0220,+914359315208,+912062619351,2023-09-03T02:36:00,3381,Gurgaon Sector 29,TOWER-566
CDR-11904BFD,CASE-0350,+913872565367,+914359315208,2023-08-31T06:28:00,2950,Jubilee Hills,TOWER-100
CDR-C6E5EC22,CASE-0007,+910290034167,+913093867631,2023-07-12T09:12:00,811,Vasant Kunj,TOWER-480
CDR-B62CFE93,CASE-0289,+914573281467,+915978487202,2023-05-18T23:03:00,2177,Gachibowli,TOWER-319
CDR-22670D45,CASE-0344,+910932627488,+912440682429,2023-08-08T11:00:00,2488,Andheri West,TOWER-643
CDR-2CF5CB20,CASE-0409,+919780086645,+919730570820,2023-06-25T07:42:00,1291,Bandra Kurla Complex,TOWER-542
CDR-08C14F25,CASE-0003,+913291506542,+918128025862,2023-04-18T23:21:00,3076,Vasant Kunj,TOWER-291
CDR-6E9669CE,CASE-0263,+912789947990,+918045199729,2023-09-07T07:16:00,1447,Connaught Place,TOWER-534
CDR-C2570FA7,CASE-0220,+915920116378,+912440682429,2023-04-23T15:53:00,2235,Jubilee Hills,TOWER-500
CDR-57A94074,CASE-0237,+918073322302,+916293694879,2023-06-19T10:11:00,3005,Viman Nagar,TOWER-479
CDR-1017B0C2,CASE-0182,+919161140906,+919018029613,2023-07-17T05:50:00,1029,Secunderabad Railway Station,TOWER-528
CDR-BDE21E4E,CASE-0244,+913828987535,+916836823883,2023-02-08T02:08:00,1354,T Nagar,TOWER-499
CDR-CDFC8662,CASE-0123,+912911010547,+911945811785,2023-08-21T02:35:00,3357,New Town,TOWER-535
CDR-0DAA0B5B,CASE-0422,+918545155824,+918545155824,2023-07-28T17:20:00,891,Salt Lake City,TOWER-887
CDR-617AE107,CASE-0405,+916452128892,+913380735475,2023-05-11T23:19:00,1720,Indiranagar,TOWER-109
CDR-3374E5E5,CASE-0332,+912320285188,+913278189638,2023-03-14T11:57:00,1976,Vasant Kunj,TOWER-349
CDR-33CD466D,CASE-0348,+918646745808,+916655563350,2023-06-22T02:08:00,1542,Salt Lake City,TOWER-947
CDR-8F605B11,CASE-0303,+915183757959,+912919273739,2023-03-21T17:45:00,3498,Gurgaon Sector 29,TOWER-575
CDR-33939EE9,CASE-0240,+914268855680,+913213207337,2023-02-26T23:26:00,505,Bandra Kurla Complex,TOWER-300
CDR-ECA7D40E,CASE-0135,+917965039942,+915823623650,2023-01-08T05:43:00,1299,Jubilee Hills,TOWER-144
CDR-005A207B,CASE-0199,+917290393874,+916336516654,2023-07-02T19:58:00,1308,Noida Sector 18,TOWER-947
CDR-0B33EFBF,CASE-0079,+913384557273,+917061606049,2023-01-18T02:43:00,3248,Gachibowli,TOWER-655
CDR-9310F164,CASE-0441,+918797573856,+910894012123,2023-08-23T19:43:00,2529,Gachibowli,TOWER-495
CDR-38231F25,CASE-0247,+916763791614,+914509732789,2023-09-29T23:26:00,2654,Gurgaon Sector 29,TOWER-141
CDR-37F4413C,CASE-0108,+914282085220,+919606725840,2023-03-16T16:04:00,3162,New Town,TOWER-155
CDR-AE7AF3EF,CASE-0351,+915634394715,+911917837861,2023-03-12T04:31:00,860,Indiranagar,TOWER-143
CDR-5B02A3CE,CASE-0325,+912652774044,+916824932625,2023-05-24T17:32:00,1978,Gachibowli,TOWER-563
CDR-E000C1C6,CASE-0109,+914239058338,+914243282098,2023-03-06T14:28:00,1680,Secunderabad Railway Station,TOWER-388
CDR-B1FC03C9,CASE-0379,+919376384835,+917415050656,2023-05-15T02:57:00,1327,Bandra Kurla Complex,TOWER-252
CDR-ABB89A5F,CASE-0022,+911967835346,+918120300240,2023-08-26T18:27:00,2334,Hinjewadi,TOWER-198
CDR-ADF853DB,CASE-0440,+910860574459,+911694277447,2023-04-09T17:53:00,1941,New Town,TOWER-231
CDR-86A1CCCD,CASE-0496,+914239058338,+915920116378,2023-06-24T21:42:00,2656,Vasant Kunj,TOWER-645
CDR-2E9C4D79,CASE-0213,+913754622745,+914849985684,2023-04-29T00:43:00,1632,Indiranagar,TOWER-577
CDR-D99BA65D,CASE-0197,+918545155824,+917290393874,2023-06-22T17:46:00,1840,Indiranagar,TOWER-210
CDR-13239076,CASE-0188,+916459405371,+919936784823,2023-02-14T16:54:00,2490,Secunderabad Railway Station,TOWER-911
CDR-D1C7C769,CASE-0231,+913813612971,+917721833046,2023-04-17T04:21:00,2371,Secunderabad Railway Station,TOWER-940
CDR-C4369DBD,CASE-0264,+917622032326,+914813120521,2023-08-23T12:34:00,432,Noida Sector 18,TOWER-273
CDR-FF2711AF,CASE-0026,+917996987743,+915594987234,2023-04-12T11:02:00,1362,Bandra Kurla Complex,TOWER-535
CDR-5F6FC344,CASE-0472,+910753540823,+915351656938,2023-02-24T15:11:00,3281,Gurgaon Sector 29,TOWER-296
CDR-1C7FEEEF,CASE-0210,+911868579404,+916533028554,2023-10-24T03:03:00,712,Connaught Place,TOWER-489
CDR-FE589B6A,CASE-0071,+911614562294,+916554567827,2023-02-22T13:00:00,3137,Noida Sector 18,TOWER-417
CDR-1A3E1321,CASE-0061,+919146533312,+918761276298,2023-09-29T16:06:00,1607,Karol Bagh,TOWER-696
CDR-E4F75DD9,CASE-0076,+914743636856,+918545155824,2023-06-25T06:33:00,1513,Secunderabad Railway Station,TOWER-891
CDR-73422D68,CASE-0485,+917530953897,+912964338755,2023-07-22T05:12:00,2195,Noida Sector 18,TOWER-792
CDR-24D66CFF,CASE-0405,+919571945536,+919099395850,2023-09-01T13:27:00,3322,T Nagar,TOWER-329
CDR-D1FD1344,CASE-0465,+918476862787,+918022149031,2023-01-07T08:46:00,3092,Viman Nagar,TOWER-351
CDR-675DC03F,CASE-0192,+914271636761,+912395227866,2023-03-24T21:34:00,602,Jubilee Hills,TOWER-997
CDR-4538CB70,CASE-0445,+916209181900,+914336340667,2023-10-16T16:05:00,2415,Secunderabad Railway Station,TOWER-125
CDR-84A5A0B9,CASE-0312,+911885956157,+917290393874,2023-08-19T10:22:00,2038,Viman Nagar,TOWER-347
CDR-DCA508F2,CASE-0468,+913975433895,+919503598957,2023-02-25T14:57:00,2990,Secunderabad Railway Station,TOWER-502
CDR-66AB93FB,CASE-0139,+918442063293,+913844360295,2023-05-15T01:46:00,2991,New Town,TOWER-697
CDR-BFE47A1A,CASE-0111,+915920116378,+916282645171,2023-03-02T09:43:00,271,Noida Sector 18,TOWER-679
CDR-450A909F,CASE-0004,+918545155824,+918545155824,2023-08-21T08:56:00,1510,Connaught Place,TOWER-495
CDR-3E6429A2,CASE-0199,+910854897643,+917292789170,2023-08-22T06:53:00,2288,Secunderabad Railway Station,TOWER-339
CDR-FD0D11FF,CASE-0100,+912078330815,+910753540823,2023-06-01T23:53:00,3323,Gachibowli,TOWER-552
CDR-3B5BC6D3,CASE-0326,+910983488716,+913975433895,2023-02-13T04:34:00,2865,Noida Sector 18,TOWER-355
CDR-7F664742,CASE-0347,+917290393874,+915692740174,2023-08-07T01:55:00,2030,Hinjewadi,TOWER-935
CDR-2B23DEB5,CASE-0434,+910961784835,+911656647527,2023-05-31T12:32:00,3315,Hinjewadi,TOWER-710
CDR-5C947B8B,CASE-0101,+918115228292,+918499874971,2023-04-03T05:44:00,1176,Secunderabad Railway Station,TOWER-746
CDR-C7AA7609,CASE-0239,+918343190114,+910314200456,2023-02-23T13:26:00,964,Connaught Place,TOWER-469
CDR-501006FD,CASE-0374,+915435394121,+915148982381,2023-02-27T03:39:00,1044,Hinjewadi,TOWER-475
CDR-3D9E39BE,CASE-0435,+916209181900,+915024878084,2023-03-12T05:16:00,410,Noida Sector 18,TOWER-827
CDR-D920CF96,CASE-0194,+915517737718,+915224890484,2023-07-30T22:12:00,2460,Bandra Kurla Complex,TOWER-793
CDR-DC9F0D65,CASE-0322,+918136829584,+916984441933,2023-09-14T09:55:00,1039,New Town,TOWER-947
CDR-3B7CEAAA,CASE-0150,+915622633400,+916973864660,2023-04-24T06:12:00,1332,Anna Nagar,TOWER-435
CDR-46AE31F0,CASE-0438,+918766493556,+914522482857,2023-04-03T00:45:00,1835,Jubilee Hills,TOWER-877
CDR-D7F42AB4,CASE-0212,+919652742699,+914233560002,2023-06-30T09:55:00,2991,Hinjewadi,TOWER-773
CDR-AB5975F8,CASE-0431,+915973347773,+916839274636,2023-08-30T00:20:00,2115,Secunderabad Railway Station,TOWER-469
CDR-C7BCB34C,CASE-0402,+918742614667,+919119869583,2023-06-30T14:42:00,1388,T Nagar,TOWER-306
CDR-C50EAB73,CASE-0227,+912390601520,+912452391610,2023-07-15T09:13:00,481,Andheri West,TOWER-667
CDR-38299456,CASE-0477,+913908478304,+918248816406,2023-06-15T23:37:00,916,Gurgaon Sector 29,TOWER-494
CDR-3AC335CB,CASE-0279,+912049123190,+919458484561,2023-04-26T01:53:00,2473,Gachibowli,TOWER-296
CDR-0818B811,CASE-0428,+917449361043,+914751652457,2023-04-02T12:10:00,1678,Bandra Kurla Complex,TOWER-723
CDR-9AE91A9A,CASE-0476,+915024878084,+915024878084,2023-08-29T21:07:00,1687,Jubilee Hills,TOWER-985
CDR-D6C58D7B,CASE-0334,+911782032348,+914359315208,2023-01-13T17:10:00,769,Anna Nagar,TOWER-612
CDR-3399597C,CASE-0229,+910539363533,+915337273344,2023-01-11T00:41:00,2724,New Town,TOWER-253
CDR-0B505D6E,CASE-0069,+916209181900,+916209181900,2023-05-25T08:37:00,1992,Koramangala,TOWER-485
CDR-8CCCDFF2,CASE-0255,+912485629252,+911491063919,2023-09-01T03:27:00,445,Noida Sector 18,TOWER-227
CDR-ADBB1F0D,CASE-0075,+917566319132,+913967092791,2023-03-07T22:11:00,1506,Gurgaon Sector 29,TOWER-726
CDR-BCCE2EFE,CASE-0321,+911885956157,+918312235318,2023-05-19T08:05:00,256,Indiranagar,TOWER-907
CDR-F7C0E323,CASE-0315,+919350283056,+919325506772,2023-01-04T11:57:00,1703,Gurgaon Sector 29,TOWER-785
CDR-3DFD57E8,CASE-0414,+914125321666,+914010378055,2023-03-21T10:29:00,1215,Noida Sector 18,TOWER-618
CDR-3A288BE4,CASE-0019,+911885956157,+915527465681,2023-03-08T15:48:00,2858,Secunderabad Railway Station,TOWER-492
CDR-7C6F508F,CASE-0483,+918624564306,+915920116378,2023-06-30T19:03:00,179,Connaught Place,TOWER-150
CDR-DC0E5B28,CASE-0149,+916209181900,+917904407480,2023-09-24T09:49:00,2995,Jubilee Hills,TOWER-743
CDR-71E5567B,CASE-0292,+915041435052,+919589248216,2023-04-21T01:18:00,3340,Gachibowli,TOWER-947
CDR-E205765E,CASE-0137,+911885956157,+917290393874,2023-01-05T06:55:00,1179,Karol Bagh,TOWER-372
CDR-CD3997EC,CASE-0215,+918210553678,+911021821169,2023-08-22T04:28:00,1680,Viman Nagar,TOWER-146
CDR-937573BA,CASE-0274,+914897219099,+918586220305,2023-01-10T01:51:00,513,Jubilee Hills,TOWER-294
CDR-745EFFD4,CASE-0462,+913852811985,+912795912386,2023-03-19T01:47:00,2776,Hinjewadi,TOWER-602
CDR-429C2B51,CASE-0412,+917092126831,+910197605397,2023-10-09T11:28:00,2401,Koramangala,TOWER-858
CDR-A0E4675E,CASE-0042,+919691238826,+915832008546,2023-09-02T00:25:00,1685,Connaught Place,TOWER-754
CDR-836CD8DE,CASE-0311,+915920116378,+914887462083,2023-06-13T23:35:00,546,Gachibowli,TOWER-876
CDR-1A50C6A8,CASE-0163,+916100749835,+918143462588,2023-03-11T11:07:00,2127,Gurgaon Sector 29,TOWER-917
CDR-D4C71353,CASE-0391,+915148982381,+913357832615,2023-03-23T06:40:00,1188,Indiranagar,TOWER-118
CDR-C325F0D0,CASE-0249,+915527465681,+918545155824,2023-03-27T08:47:00,3229,Hinjewadi,TOWER-190
CDR-6C431AF2,CASE-0384,+915222093094,+912875280113,2023-07-26T10:36:00,1984,Salt Lake City,TOWER-479
CDR-7501AE2A,CASE-0315,+910770357861,+910612348727,2023-02-16T19:46:00,1880,Indiranagar,TOWER-572
CDR-CC59232A,CASE-0397,+913238975924,+910049590784,2023-07-06T21:46:00,2696,Anna Nagar,TOWER-849
CDR-B805C034,CASE-0475,+914399993108,+917629719594,2023-04-16T12:29:00,1151,Jubilee Hills,TOWER-941
CDR-49F4AF46,CASE-0389,+918741001772,+914641444475,2023-05-17T22:27:00,1069,Viman Nagar,TOWER-425
CDR-800BB16F,CASE-0495,+913842374484,+919297000428,2023-09-25T13:09:00,1224,Andheri West,TOWER-335
CDR-35112995,CASE-0059,+919274027562,+912477968996,2023-05-10T18:40:00,3167,Indiranagar,TOWER-909
CDR-2F35578B,CASE-0444,+918545155824,+918545155824,2023-09-08T23:45:00,2757,Noida Sector 18,TOWER-495
CDR-48691956,CASE-0476,+911041777666,+913547280012,2023-09-16T23:28:00,1871,Secunderabad Railway Station,TOWER-895
CDR-53CD6038,CASE-0400,+912541217249,+915830143277,2023-01-08T07:55:00,253,Jubilee Hills,TOWER-355
CDR-B19F29E6,CASE-0035,+910166915021,+919458484561,2023-07-26T16:45:00,150,Noida Sector 18,TOWER-910
CDR-F2CC0835,CASE-0316,+916950821671,+912981260785,2023-08-05T05:09:00,2671,Viman Nagar,TOWER-660
CDR-284FA776,CASE-0143,+912935565536,+918937777754,2023-02-10T15:12:00,1588,Gurgaon Sector 29,TOWER-735
CDR-9D454E43,CASE-0208,+910862010900,+919845936454,2023-01-08T10:15:00,890,Karol Bagh,TOWER-208
CDR-1EC193FF,CASE-0381,+917970357325,+910165910042,2023-06-09T14:18:00,2070,Vasant Kunj,TOWER-693
CDR-809B1845,CASE-0101,+910582788962,+918752174209,2023-07-27T03:22:00,2299,Koramangala,TOWER-701
CDR-65D7BB11,CASE-0028,+912620918396,+915024878084,2023-08-19T03:53:00,431,Noida Sector 18,TOWER-472
CDR-E6A5784D,CASE-0227,+911912971334,+912920280881,2023-06-19T18:28:00,949,Noida Sector 18,TOWER-112
CDR-D164EE6A,CASE-0193,+918021008878,+911794879007,2023-01-20T10:35:00,2913,Gachibowli,TOWER-630
CDR-E407214C,CASE-0422,+915527465681,+915920116378,2023-02-17T17:51:00,660,Gurgaon Sector 29,TOWER-542
CDR-AFBF861A,CASE-0066,+912848587043,+910431265266,2023-06-24T20:42:00,1114,Hinjewadi,TOWER-891
CDR-66ADD6EF,CASE-0404,+915850796909,+915140721957,2023-09-20T11:40:00,3518,Jubilee Hills,TOWER-307
CDR-528FF530,CASE-0192,+913975433895,+913892560214,2023-06-26T14:56:00,258,New Town,TOWER-277
CDR-49998C78,CASE-0400,+912541217249,+912369245048,2023-01-04T20:00:00,2737,Viman Nagar,TOWER-327
CDR-07CC2191,CASE-0071,+911614562294,+919191573184,2023-09-13T17:02:00,395,Indiranagar,TOWER-711
CDR-0A4D89D1,CASE-0339,+911655903639,+912397286953,2023-04-14T14:13:00,2958,New Town,TOWER-427
CDR-CD2D5F2B,CASE-0308,+910591173560,+915148982381,2023-07-06T20:37:00,3489,Jubilee Hills,TOWER-509
CDR-AFDA417C,CASE-0256,+915376429999,+915527465681,2023-02-01T01:39:00,377,Jubilee Hills,TOWER-493
CDR-1B931070,CASE-0034,+913792548322,+916745296272,2023-06-24T01:09:00,2268,Jubilee Hills,TOWER-941
CDR-10BC9A31,CASE-0111,+915920116378,+910148032328,2023-01-26T17:14:00,570,Koramangala,TOWER-935
CDR-F1D18D8C,CASE-0263,+912789947990,+917795312332,2023-01-21T03:24:00,1865,Salt Lake City,TOWER-559
CDR-E33B6DFC,CASE-0382,+910753540823,+913547280012,2023-10-15T04:01:00,1140,Indiranagar,TOWER-704
CDR-1C376303,CASE-0257,+911885956157,+915527465681,2023-02-18T02:51:00,1381,Gachibowli,TOWER-352
CDR-AD524780,CASE-0026,+915218178837,+918843545700,2023-09-17T04:06:00,3393,Noida Sector 18,TOWER-488
CDR-522BC54F,CASE-0474,+917185829445,+911849155967,2023-09-27T10:06:00,2014,Gurgaon Sector 29,TOWER-859
CDR-A6451830,CASE-0392,+916591365609,+919971946758,2023-01-15T09:08:00,1123,Andheri West,TOWER-227
CDR-7719D647,CASE-0302,+916189994486,+919479035091,2023-07-21T00:07:00,2497,Gachibowli,TOWER-979
CDR-D2747B1C,CASE-0395,+917041245101,+916209181900,2023-04-15T09:55:00,1803,Noida Sector 18,TOWER-395
CDR-A5A1A651,CASE-0473,+919613352549,+910949704164,2023-03-19T18:06:00,3181,Gachibowli,TOWER-142
CDR-75EAE36A,CASE-0269,+917290393874,+918545155824,2023-01-01T11:34:00,2072,Jubilee Hills,TOWER-943
CDR-D595FBC3,CASE-0351,+917206146816,+918792215375,2023-09-19T09:02:00,2475,Secunderabad Railway Station,TOWER-307
CDR-2E59049A,CASE-0299,+918927657580,+916331152676,2023-04-23T14:09:00,2431,Koramangala,TOWER-676
CDR-81398815,CASE-0441,+918797573856,+910391025032,2023-08-08T07:32:00,1278,Andheri West,TOWER-955
CDR-13655A84,CASE-0223,+911195212092,+913051549805,2023-04-05T13:58:00,2569,Bandra Kurla Complex,TOWER-837
CDR-1703CA4F,CASE-0304,+911885956157,+917028493009,2023-08-23T08:31:00,68,Anna Nagar,TOWER-935
CDR-608E06E0,CASE-0191,+915148982381,+919424748899,2023-02-17T00:35:00,1939,Andheri West,TOWER-848
CDR-79B9894B,CASE-0136,+910093439981,+914903083339,2023-04-13T07:00:00,307,Vasant Kunj,TOWER-276
CDR-3767029F,CASE-0302,+918341046989,+919367392001,2023-10-19T20:33:00,2779,Vasant Kunj,TOWER-284
CDR-8CF454DA,CASE-0455,+910753540823,+915650117787,2023-10-24T17:45:00,1304,Noida Sector 18,TOWER-408
CDR-DDA22B5E,CASE-0135,+914530312529,+917967349869,2023-10-02T07:15:00,759,New Town,TOWER-479
CDR-8C85B459,CASE-0106,+915241522476,+915801592215,2023-01-08T04:20:00,632,Hinjewadi,TOWER-686
CDR-B1427D40,CASE-0190,+919620008163,+917614695302,2023-08-31T15:04:00,295,Vasant Kunj,TOWER-655
CDR-40A340CC,CASE-0407,+910028860015,+917387684263,2023-08-18T09:09:00,88,Andheri West,TOWER-594
CDR-18D48768,CASE-0452,+911356285344,+910932627488,2023-04-12T12:23:00,1932,Koramangala,TOWER-212
CDR-0A10C127,CASE-0094,+917485881351,+912848587043,2023-04-17T08:56:00,18,Andheri West,TOWER-220
CDR-DA371702,CASE-0347,+917290393874,+910539363533,2023-07-28T07:07:00,3067,Connaught Place,TOWER-196
CDR-85BF368E,CASE-0288,+917055900798,+916744774064,2023-02-02T03:16:00,687,Viman Nagar,TOWER-882
CDR-B550DD0B,CASE-0002,+913601309591,+915140721957,2023-03-17T18:53:00,660,Karol Bagh,TOWER-859
CDR-3C6ED251,CASE-0001,+917161184225,+912935565536,2023-05-25T20:54:00,3147,Anna Nagar,TOWER-427
CDR-D3FD7102,CASE-0253,+910213409540,+914813120521,2023-08-04T09:12:00,1311,Jubilee Hills,TOWER-899
CDR-DA4D4CE6,CASE-0351,+912978660033,+910134604279,2023-01-04T18:51:00,83,Hinjewadi,TOWER-670
CDR-1FB3881B,CASE-0109,+910952929546,+919429827080,2023-03-01T13:07:00,1327,T Nagar,TOWER-635
CDR-23D60BC0,CASE-0098,+914817279178,+914271636761,2023-06-07T01:49:00,2144,Koramangala,TOWER-474
CDR-555ED042,CASE-0216,+915220013766,+910799750149,2023-04-30T11:51:00,1318,Andheri West,TOWER-787
CDR-7428DB75,CASE-0108,+912049674685,+911757510007,2023-09-21T14:02:00,1902,Jubilee Hills,TOWER-183
CDR-65C453E3,CASE-0417,+919458484561,+919458484561,2023-02-23T00:53:00,351,Koramangala,TOWER-649
CDR-6850E702,CASE-0220,+915920116378,+912440682429,2023-09-04T16:21:00,2915,Koramangala,TOWER-705
CDR-E1D67373,CASE-0476,+915024878084,+916621606024,2023-08-11T15:34:00,2525,Gurgaon Sector 29,TOWER-844
CDR-10CEC814,CASE-0396,+916239336735,+913364360905,2023-06-02T20:45:00,119,Karol Bagh,TOWER-927
CDR-DF4046D6,CASE-0060,+916056945064,+916983538381,2023-05-11T15:08:00,3180,Jubilee Hills,TOWER-880
CDR-E812CF0E,CASE-0306,+914271636761,+913021894504,2023-02-18T20:05:00,3462,Indiranagar,TOWER-380
CDR-D88FD635,CASE-0088,+914625318314,+914514327579,2023-06-29T15:05:00,2045,Secunderabad Railway Station,TOWER-370
CDR-5693E0D8,CASE-0074,+915024878084,+916698954060,2023-02-16T11:46:00,169,Salt Lake City,TOWER-560
CDR-F7C5F6AC,CASE-0213,+910450498589,+916914764522,2023-01-07T16:26:00,2818,Andheri West,TOWER-992
CDR-FCEDA06A,CASE-0324,+911341396378,+911404785451,2023-10-25T18:37:00,2548,Andheri West,TOWER-346
CDR-4A366AC1,CASE-0419,+919458484561,+915148982381,2023-02-23T12:55:00,2519,New Town,TOWER-369
CDR-33262EA7,CASE-0169,+913404144854,+914271636761,2023-03-11T03:14:00,1983,Indiranagar,TOWER-869
CDR-2D84A056,CASE-0008,+917498717859,+917276230671,2023-08-07T10:08:00,3241,Secunderabad Railway Station,TOWER-980
CDR-9086AF9C,CASE-0349,+916021101710,+911082106131,2023-07-31T01:58:00,3412,Secunderabad Railway Station,TOWER-348
CDR-A65F0ECD,CASE-0265,+917174127261,+915129404243,2023-06-14T22:29:00,3345,Karol Bagh,TOWER-197
CDR-AF170413,CASE-0232,+918801669563,+915527465681,2023-06-18T01:06:00,1736,T Nagar,TOWER-221
CDR-C2A7301C,CASE-0461,+917007752067,+911987260853,2023-07-12T21:32:00,2161,Andheri West,TOWER-568
CDR-665AFE85,CASE-0457,+912307915163,+918783238741,2023-10-07T20:08:00,1315,Gachibowli,TOWER-486
CDR-88525516,CASE-0073,+910753540823,+915024878084,2023-06-21T16:33:00,350,Noida Sector 18,TOWER-256
CDR-6100DEE2,CASE-0354,+917104875947,+918944406279,2023-06-25T05:21:00,1254,Karol Bagh,TOWER-293
CDR-93F9FF55,CASE-0281,+919868700701,+912370990522,2023-03-11T13:21:00,3300,Andheri West,TOWER-585
CDR-A946372A,CASE-0191,+915148982381,+913706882756,2023-06-14T21:22:00,1059,Hinjewadi,TOWER-666
CDR-8D97386E,CASE-0202,+910534435001,+913612174030,2023-08-13T01:54:00,1105,Andheri West,TOWER-200
CDR-CBC5444D,CASE-0472,+914292503401,+919122813082,2023-06-28T17:10:00,1819,Secunderabad Railway Station,TOWER-929
CDR-41EAE6B6,CASE-0048,+917536800936,+915834185904,2023-02-27T15:18:00,2300,Salt Lake City,TOWER-553
CDR-0D57B51D,CASE-0122,+912848587043,+913975433895,2023-05-13T19:13:00,1425,Viman Nagar,TOWER-658
CDR-C77315B5,CASE-0078,+910539363533,+914359315208,2023-06-24T01:38:00,1356,Viman Nagar,TOWER-535
CDR-AFDC4AC9,CASE-0460,+910907184766,+910630068072,2023-09-22T06:32:00,636,Andheri West,TOWER-500
CDR-325E6641,CASE-0078,+910539363533,+914724051236,2023-02-16T22:58:00,1513,Viman Nagar,TOWER-118
CDR-A1657C82,CASE-0296,+913547280012,+917290393874,2023-09-07T03:32:00,2902,Viman Nagar,TOWER-440
CDR-FDE16FDC,CASE-0331,+910753540823,+919682341733,2023-08-23T03:52:00,3544,Koramangala,TOWER-660
CDR-7460B9DD,CASE-0230,+915291935715,+915404988692,2023-01-22T16:38:00,3151,Bandra Kurla Complex,TOWER-730
CDR-B59D0EF0,CASE-0298,+919209629821,+916358046061,2023-10-05T06:53:00,2847,Noida Sector 18,TOWER-383
CDR-C2C22D54,CASE-0354,+917104875947,+912962832767,2023-01-22T13:16:00,3468,Viman Nagar,TOWER-548
CDR-286FD8C4,CASE-0308,+912047292195,+915659498460,2023-06-08T15:02:00,145,Koramangala,TOWER-885
CDR-F9BCBC96,CASE-0398,+912790928367,+912402636110,2023-04-04T08:09:00,1409,Secunderabad Railway Station,TOWER-801
CDR-6D40DE36,CASE-0383,+915867724943,+913833661781,2023-05-27T08:53:00,1869,T Nagar,TOWER-939
CDR-27D262CB,CASE-0392,+916124294834,+914371492677,2023-08-27T19:57:00,912,Secunderabad Railway Station,TOWER-889
CDR-21E173FC,CASE-0339,+911655903639,+914206580973,2023-09-08T02:48:00,939,Vasant Kunj,TOWER-747
CDR-E5FE355C,CASE-0267,+914984888854,+915070469170,2023-04-11T16:45:00,2207,Hinjewadi,TOWER-707
CDR-3A755039,CASE-0199,+910854897643,+918490623471,2023-06-01T04:18:00,1634,Jubilee Hills,TOWER-198
CDR-89250098,CASE-0337,+916953741440,+916662133935,2023-04-04T14:32:00,3303,Vasant Kunj,TOWER-890
CDR-4C0B37A3,CASE-0485,+916265368632,+911489038846,2023-10-19T13:38:00,2122,Indiranagar,TOWER-241
CDR-733CAFE2,CASE-0369,+913718122167,+910078604354,2023-10-23T15:59:00,1189,Gurgaon Sector 29,TOWER-234
CDR-A410C15A,CASE-0447,+912812426203,+917357014877,2023-04-11T13:23:00,1628,Connaught Place,TOWER-603
CDR-09CD96B4,CASE-0482,+915148982381,+914533014994,2023-05-17T06:37:00,1347,Salt Lake City,TOWER-901
CDR-5F0EB881,CASE-0134,+912817216194,+911711137473,2023-04-02T04:25:00,2553,Hinjewadi,TOWER-629
CDR-B8528F24,CASE-0068,+914239058338,+910753540823,2023-04-24T21:58:00,366,Gachibowli,TOWER-232
CDR-1EA21066,CASE-0105,+915920116378,+913974479886,2023-08-22T06:37:00,1125,Anna Nagar,TOWER-465
CDR-4ED18BB8,CASE-0418,+919345912958,+917610349275,2023-02-17T22:34:00,2085,Gurgaon Sector 29,TOWER-388
CDR-6725D881,CASE-0104,+915110270850,+916209181900,2023-03-30T01:56:00,31,Karol Bagh,TOWER-913
CDR-A22888D4,CASE-0190,+919753478421,+910318288011,2023-06-09T10:09:00,3521,Jubilee Hills,TOWER-606
CDR-497C527B,CASE-0497,+919941356537,+916925137823,2023-08-29T08:56:00,855,Bandra Kurla Complex,TOWER-557
CDR-27D5A393,CASE-0115,+910194795271,+911782032348,2023-02-13T04:17:00,1367,Gurgaon Sector 29,TOWER-198
CDR-30C99649,CASE-0274,+917071685567,+919668738453,2023-08-16T12:44:00,3211,Salt Lake City,TOWER-993
CDR-B72FD31E,CASE-0011,+911168345357,+912407668262,2023-10-26T11:11:00,1245,Vasant Kunj,TOWER-858
CDR-35F979D6,CASE-0367,+910860263703,+914422174104,2023-04-29T13:36:00,438,Viman Nagar,TOWER-522
CDR-AB5369AD,CASE-0485,+913547280012,+919458484561,2023-08-21T00:16:00,1353,Secunderabad Railway Station,TOWER-232
CDR-4CA06C19,CASE-0473,+919220888574,+912557873681,2023-06-20T08:12:00,1551,New Town,TOWER-390
CDR-052DB69A,CASE-0161,+915148982381,+915148982381,2023-02-08T00:24:00,1163,Noida Sector 18,TOWER-631
CDR-CC41513A,CASE-0325,+912652774044,+916860591451,2023-01-10T20:52:00,1133,Noida Sector 18,TOWER-456
CDR-45FC1E93,CASE-0029,+918728734318,+910917312579,2023-06-12T20:26:00,206,Bandra Kurla Complex,TOWER-490
CDR-0EB5D4D7,CASE-0133,+915920116378,+915022437156,2023-07-01T10:49:00,466,Gurgaon Sector 29,TOWER-130
CDR-757C2DFA,CASE-0236,+919580974509,+917276719119,2023-09-07T00:45:00,3531,Jubilee Hills,TOWER-380
CDR-C5BDF6E7,CASE-0277,+915437501020,+914538276600,2023-03-25T21:20:00,407,Anna Nagar,TOWER-452
CDR-E70544DC,CASE-0016,+911885956157,+918545155824,2023-07-30T02:35:00,2706,Secunderabad Railway Station,TOWER-276
CDR-CEF68D78,CASE-0181,+913598952594,+913975433895,2023-08-10T14:37:00,747,Noida Sector 18,TOWER-992
CDR-496D1F4F,CASE-0254,+913967092791,+913434577513,2023-08-06T18:04:00,2377,Connaught Place,TOWER-857
CDR-3D7083D5,CASE-0481,+917134400788,+917154894843,2023-07-18T06:57:00,2368,Hinjewadi,TOWER-999
CDR-074ADC37,CASE-0103,+919049707694,+911165127635,2023-07-25T03:05:00,3584,Anna Nagar,TOWER-989
CDR-810AEA5E,CASE-0455,+918703732070,+911703182057,2023-06-06T12:05:00,91,Noida Sector 18,TOWER-933
CDR-46330E74,CASE-0190,+919620008163,+914648057807,2023-10-03T10:10:00,889,T Nagar,TOWER-935
CDR-068D1AD5,CASE-0407,+913547280012,+914576429198,2023-04-28T05:07:00,2037,Gachibowli,TOWER-751
CDR-9ED4BAB5,CASE-0382,+910753540823,+915041435052,2023-02-19T13:48:00,3569,Salt Lake City,TOWER-545
CDR-B8031C6D,CASE-0061,+911341083704,+915902849483,2023-07-06T10:12:00,3317,Hinjewadi,TOWER-909
CDR-E10B21BB,CASE-0292,+915637205963,+919910201944,2023-09-01T07:15:00,2710,Koramangala,TOWER-764
CDR-76EBD3CF,CASE-0036,+919767934534,+913810240082,2023-03-15T11:59:00,1841,Andheri West,TOWER-140
CDR-99E10DF8,CASE-0003,+913291506542,+911120889190,2023-02-22T17:30:00,1919,Salt Lake City,TOWER-599
CDR-E00179D2,CASE-0234,+913608715525,+915068254651,2023-04-20T08:53:00,2857,Vasant Kunj,TOWER-366
CDR-011FB0A3,CASE-0056,+910457341161,+915371540944,2023-07-30T10:18:00,1775,Salt Lake City,TOWER-420
CDR-29FA4BA9,CASE-0144,+918757147841,+915193326333,2023-02-14T20:22:00,3519,Andheri West,TOWER-260
CDR-CABE242B,CASE-0100,+916010922190,+918843545700,2023-06-15T23:46:00,1215,Bandra Kurla Complex,TOWER-816
CDR-AEF84C4F,CASE-0247,+916763791614,+910457977719,2023-07-20T04:03:00,2743,Indiranagar,TOWER-286
CDR-BD89EA13,CASE-0062,+916859048284,+918545155824,2023-09-03T11:54:00,2282,Koramangala,TOWER-118
CDR-FE0470CD,CASE-0258,+915794138618,+918576133651,2023-08-11T19:06:00,1032,Koramangala,TOWER-890
CDR-FA3007B0,CASE-0264,+914359315208,+914359315208,2023-03-11T00:55:00,1785,Koramangala,TOWER-432
CDR-19B4C5DD,CASE-0300,+913732217466,+912419514220,2023-07-22T16:37:00,1849,Anna Nagar,TOWER-517
CDR-F88814EF,CASE-0258,+912891254249,+919940405442,2023-04-12T08:03:00,1912,T Nagar,TOWER-984
CDR-9455AE44,CASE-0123,+912911010547,+918680840170,2023-03-29T03:32:00,2531,Koramangala,TOWER-222
CDR-52690701,CASE-0431,+915973347773,+918162757714,2023-02-26T09:29:00,788,Gurgaon Sector 29,TOWER-211
CDR-A0024E43,CASE-0225,+911658299659,+918777440409,2023-07-22T14:59:00,2056,Noida Sector 18,TOWER-925
CDR-B0682AC7,CASE-0195,+914359315208,+911068876050,2023-05-13T21:55:00,3290,Secunderabad Railway Station,TOWER-483
CDR-DB6BF711,CASE-0491,+918235993460,+912099268007,2023-01-27T08:49:00,1635,Jubilee Hills,TOWER-596
CDR-E50BD2F7,CASE-0311,+914239058338,+912440682429,2023-06-25T05:23:00,2223,Salt Lake City,TOWER-535
CDR-2FA75D28,CASE-0247,+911071896907,+913535645068,2023-09-16T09:27:00,769,Vasant Kunj,TOWER-793
CDR-B843304D,CASE-0296,+918340233531,+914271636761,2023-02-27T23:30:00,3170,Indiranagar,TOWER-516
CDR-725B66A7,CASE-0269,+917290393874,+911395913105,2023-02-01T16:32:00,2745,T Nagar,TOWER-233
CDR-2DBAA76C,CASE-0270,+911344878466,+910270262188,2023-01-02T04:55:00,1408,Noida Sector 18,TOWER-866
CDR-75F44E42,CASE-0354,+917104875947,+916235314804,2023-02-05T20:40:00,847,Salt Lake City,TOWER-247
CDR-4C458CE3,CASE-0333,+917879811619,+918890865383,2023-10-11T23:05:00,970,Koramangala,TOWER-444
CDR-D5231FD3,CASE-0365,+910932627488,+919180701415,2023-03-04T04:41:00,1211,Salt Lake City,TOWER-838
CDR-A0E0610F,CASE-0023,+912848587043,+915041435052,2023-06-15T12:37:00,1395,Bandra Kurla Complex,TOWER-451
CDR-09983DCF,CASE-0237,+915351175971,+917228161966,2023-04-08T14:58:00,3044,Bandra Kurla Complex,TOWER-255
CDR-A38906DE,CASE-0311,+915920116378,+915920116378,2023-05-25T16:11:00,3307,T Nagar,TOWER-914
CDR-80B0D813,CASE-0349,+916021101710,+912501560875,2023-04-13T08:06:00,2261,Koramangala,TOWER-451
CDR-5EC70CDA,CASE-0474,+911685532300,+913871406091,2023-08-08T15:29:00,2059,Bandra Kurla Complex,TOWER-467
CDR-D6D36F81,CASE-0378,+916503137494,+916410459727,2023-03-18T19:30:00,3161,Koramangala,TOWER-746
CDR-D374626D,CASE-0206,+913547280012,+916209181900,2023-07-01T08:21:00,2331,Gurgaon Sector 29,TOWER-530
CDR-C080723D,CASE-0403,+915307531576,+913944863292,2023-01-07T04:17:00,433,Bandra Kurla Complex,TOWER-452
CDR-52FC873C,CASE-0348,+918646745808,+917780944164,2023-02-18T07:16:00,2453,Connaught Place,TOWER-652
CDR-1DA38F70,CASE-0271,+915148982381,+913395813450,2023-08-20T11:45:00,654,Vasant Kunj,TOWER-492
CDR-A1F7A216,CASE-0102,+915913507143,+919663749224,2023-07-11T08:56:00,3590,Gurgaon Sector 29,TOWER-492
CDR-E42CCF43,CASE-0330,+915527465681,+915655244252,2023-04-10T20:53:00,195,Noida Sector 18,TOWER-671
CDR-AFD7816E,CASE-0325,+914722746509,+912835700023,2023-02-20T11:31:00,70,Bandra Kurla Complex,TOWER-946
CDR-D4D42784,CASE-0051,+915050854584,+910772304492,2023-02-17T10:56:00,2017,T Nagar,TOWER-801
CDR-8D49B34E,CASE-0155,+918661628753,+919729818344,2023-01-26T23:09:00,3514,Andheri West,TOWER-384
CDR-5FFD1F75,CASE-0471,+917060340842,+914666397299,2023-07-31T18:08:00,1138,Anna Nagar,TOWER-743
CDR-6A36E77F,CASE-0488,+916122720073,+914239058338,2023-05-11T16:31:00,1177,Anna Nagar,TOWER-521
CDR-D702ED0A,CASE-0254,+911588664197,+916569204965,2023-05-16T21:11:00,2528,Gurgaon Sector 29,TOWER-807
CDR-95DA7D0F,CASE-0372,+914690146601,+917510952330,2023-07-14T01:52:00,1387,Koramangala,TOWER-994
CDR-60B755FF,CASE-0388,+919146713604,+915577315701,2023-07-21T08:34:00,3405,Viman Nagar,TOWER-249
CDR-CCB8E41C,CASE-0418,+912870043643,+913089005287,2023-06-29T23:12:00,3123,New Town,TOWER-603
CDR-AC3AF8D5,CASE-0456,+917015744250,+919763125310,2023-01-02T09:40:00,3325,Andheri West,TOWER-271
CDR-EF4770E0,CASE-0099,+918843545700,+913975433895,2023-03-30T23:58:00,1083,Secunderabad Railway Station,TOWER-963
CDR-74531A59,CASE-0460,+910907184766,+913106279430,2023-01-22T07:36:00,2858,New Town,TOWER-177
CDR-D7A16CAB,CASE-0346,+912440682429,+916661367359,2023-02-23T17:40:00,3561,Salt Lake City,TOWER-955
CDR-97B31437,CASE-0258,+918714402968,+917364922982,2023-03-02T00:02:00,1438,Andheri West,TOWER-790
CDR-54810D14,CASE-0329,+912009657249,+912317923336,2023-06-29T09:09:00,3003,Karol Bagh,TOWER-472
CDR-5B5C744A,CASE-0169,+910539363533,+914271636761,2023-06-17T11:49:00,227,Karol Bagh,TOWER-560
CDR-CCF1025C,CASE-0431,+915973347773,+918693649505,2023-08-18T23:26:00,669,Hinjewadi,TOWER-217
CDR-A7AAA621,CASE-0442,+912440682429,+914531439027,2023-09-29T22:06:00,3320,Connaught Place,TOWER-722
CDR-B5C0206C,CASE-0063,+914840258493,+915527465681,2023-05-06T11:23:00,2995,Gachibowli,TOWER-378
CDR-5077A9FE,CASE-0024,+913057237398,+913199309447,2023-03-10T21:48:00,306,Vasant Kunj,TOWER-687
CDR-5AEF51B0,CASE-0402,+918742614667,+912918018395,2023-02-01T19:55:00,3177,New Town,TOWER-488
CDR-659E93D1,CASE-0307,+914359315208,+918865735361,2023-09-07T10:34:00,1213,Anna Nagar,TOWER-256
CDR-7F7CC3D4,CASE-0119,+916161550986,+911352278905,2023-01-25T00:00:00,1188,Anna Nagar,TOWER-244
CDR-D61B49C2,CASE-0138,+915959913757,+916820202372,2023-05-09T15:14:00,872,Gachibowli,TOWER-555
CDR-180079B8,CASE-0245,+912186216272,+910273581029,2023-07-07T07:04:00,2946,Salt Lake City,TOWER-433
CDR-962C80DB,CASE-0060,+916056945064,+916212296835,2023-06-29T10:58:00,1649,Noida Sector 18,TOWER-668
CDR-CE126CBC,CASE-0352,+918516951349,+917811063731,2023-05-11T08:34:00,3165,Secunderabad Railway Station,TOWER-862
CDR-10542424,CASE-0069,+910753540823,+910753540823,2023-06-14T18:55:00,2298,Anna Nagar,TOWER-262
CDR-8F719F0E,CASE-0247,+912165336627,+912440682429,2023-07-19T16:19:00,3030,Gachibowli,TOWER-915
CDR-C0A62F30,CASE-0164,+910684946767,+910539363533,2023-01-25T20:38:00,2076,Vasant Kunj,TOWER-509
CDR-D4E861E4,CASE-0257,+911885956157,+918624564306,2023-07-19T17:20:00,2836,Jubilee Hills,TOWER-993
CDR-4079417C,CASE-0131,+910956977119,+917032601211,2023-05-23T15:59:00,607,Noida Sector 18,TOWER-326
CDR-C6C0B968,CASE-0492,+911069703138,+915108961009,2023-09-06T14:44:00,655,Viman Nagar,TOWER-775
CDR-B28D8A65,CASE-0208,+911698029350,+912856643865,2023-05-16T20:31:00,2416,New Town,TOWER-731
CDR-AB87EC43,CASE-0340,+912505625337,+917949476088,2023-06-26T08:07:00,3407,Connaught Place,TOWER-712
CDR-C3F08E99,CASE-0342,+917056692884,+918913056205,2023-05-06T09:39:00,3130,Noida Sector 18,TOWER-109
CDR-291A7964,CASE-0285,+918939472482,+910417941841,2023-08-13T07:10:00,3122,Bandra Kurla Complex,TOWER-283
CDR-31CD6E91,CASE-0023,+919379734624,+919618547415,2023-04-21T05:50:00,1118,New Town,TOWER-180
CDR-AAD30665,CASE-0297,+917862588927,+916354725699,2023-04-06T04:36:00,403,Gurgaon Sector 29,TOWER-709
CDR-DF85665E,CASE-0287,+917290393874,+917911979442,2023-01-15T12:43:00,1462,Karol Bagh,TOWER-351
CDR-15BB81D0,CASE-0063,+913967092791,+916764641796,2023-02-23T04:30:00,1627,Noida Sector 18,TOWER-567
CDR-9CB54837,CASE-0356,+913892283443,+914048379701,2023-09-05T04:11:00,51,Jubilee Hills,TOWER-161
CDR-2213CA44,CASE-0267,+917290393874,+911782032348,2023-10-06T05:30:00,493,Anna Nagar,TOWER-580
CDR-88707E5E,CASE-0224,+916209181900,+913547280012,2023-06-19T10:25:00,835,Gachibowli,TOWER-355
CDR-5B5DD6EA,CASE-0017,+919788257535,+919341343963,2023-04-20T02:45:00,3334,Andheri West,TOWER-134
CDR-6461DCE6,CASE-0217,+918994187632,+919123030598,2023-01-01T19:17:00,3026,Vasant Kunj,TOWER-421
CDR-91621A36,CASE-0350,+915809165433,+914991951268,2023-02-02T20:33:00,213,Gurgaon Sector 29,TOWER-807
CDR-B79BBBFC,CASE-0329,+914359315208,+914848630460,2023-08-20T12:27:00,2781,Vasant Kunj,TOWER-328
CDR-90719E39,CASE-0080,+916146332674,+910659891067,2023-05-07T09:42:00,1347,Secunderabad Railway Station,TOWER-661
CDR-585AC81D,CASE-0065,+917156318635,+910993232090,2023-07-16T23:12:00,452,Noida Sector 18,TOWER-386
CDR-273C2846,CASE-0075,+910539363533,+912848587043,2023-03-17T11:08:00,1902,Hinjewadi,TOWER-754
CDR-1D9A211C,CASE-0029,+910753540823,+915867724943,2023-02-09T21:50:00,2470,Viman Nagar,TOWER-533
CDR-3D0AAE51,CASE-0209,+914359315208,+914813120521,2023-05-26T21:14:00,1990,Gachibowli,TOWER-269
CDR-C24AB3BD,CASE-0376,+918150011631,+919350503355,2023-03-10T12:32:00,114,Karol Bagh,TOWER-188
CDR-3F7BF861,CASE-0106,+915241522476,+910140119598,2023-10-17T23:44:00,2448,Anna Nagar,TOWER-231
CDR-F75DBCCE,CASE-0483,+918624564306,+915967371445,2023-06-06T07:04:00,2680,Viman Nagar,TOWER-546
CDR-F723F5F8,CASE-0284,+910932627488,+911510595989,2023-08-17T04:53:00,595,Vasant Kunj,TOWER-288
CDR-9BB2C7A2,CASE-0018,+911938776348,+919054638173,2023-04-18T11:09:00,211,Gachibowli,TOWER-750
CDR-DB0A7DC4,CASE-0338,+914609507226,+918983002002,2023-01-28T00:24:00,1598,Bandra Kurla Complex,TOWER-954
CDR-3BB67D43,CASE-0343,+915616876987,+914372968677,2023-07-02T17:30:00,997,Indiranagar,TOWER-345
CDR-2B90F818,CASE-0406,+918937142305,+919498189448,2023-08-15T19:46:00,1579,Hinjewadi,TOWER-977
CDR-701D155D,CASE-0443,+916064841186,+911213392286,2023-07-28T23:08:00,1698,Connaught Place,TOWER-769
CDR-1DD375BD,CASE-0036,+910131573714,+916061763566,2023-06-09T00:24:00,3536,Connaught Place,TOWER-950
CDR-E826846D,CASE-0091,+916209181900,+911920879184,2023-06-18T08:25:00,74,Hinjewadi,TOWER-956
CDR-711936B2,CASE-0145,+910337031574,+916974195560,2023-01-31T12:43:00,1906,Noida Sector 18,TOWER-647
CDR-3010B7C4,CASE-0227,+911210916951,+910480649534,2023-09-17T13:00:00,3377,Andheri West,TOWER-355
CDR-1F38B94B,CASE-0351,+910208206592,+913422333485,2023-08-14T05:14:00,3570,Jubilee Hills,TOWER-824
CDR-1D6D6952,CASE-0143,+917837161145,+918186449418,2023-07-14T20:27:00,3464,Gachibowli,TOWER-475
CDR-8A2793EF,CASE-0079,+913384557273,+918149917098,2023-05-09T23:59:00,2445,Bandra Kurla Complex,TOWER-183
CDR-86B4821E,CASE-0081,+919311749984,+916456965215,2023-04-04T11:34:00,1964,Jubilee Hills,TOWER-536
CDR-B1AD8875,CASE-0184,+910932627488,+919507167790,2023-02-16T08:41:00,646,Secunderabad Railway Station,TOWER-472
CDR-9C02BAC8,CASE-0471,+917162499401,+919458484561,2023-04-11T04:42:00,1299,Indiranagar,TOWER-881
CDR-FE2ED3D1,CASE-0338,+914609507226,+919744021820,2023-03-07T09:29:00,3013,Noida Sector 18,TOWER-549
CDR-9CD17954,CASE-0030,+919725620405,+918614879079,2023-03-16T14:55:00,1766,Viman Nagar,TOWER-943
CDR-F46A7D3B,CASE-0173,+919289889269,+910539363533,2023-03-06T04:51:00,3480,New Town,TOWER-852
CDR-3CBBF6B5,CASE-0263,+918321610336,+911828409622,2023-07-31T09:36:00,574,Viman Nagar,TOWER-393
CDR-995F0BAA,CASE-0412,+916360960418,+917227590294,2023-04-10T18:52:00,3163,Karol Bagh,TOWER-648
CDR-1C1A2328,CASE-0427,+911749668311,+911682568089,2023-08-15T13:28:00,503,Jubilee Hills,TOWER-996
CDR-E2FB842E,CASE-0312,+910936046027,+911885956157,2023-10-27T13:25:00,38,Jubilee Hills,TOWER-935
CDR-D112D67E,CASE-0422,+915527465681,+910102029598,2023-07-27T20:29:00,1966,Jubilee Hills,TOWER-357
CDR-F7CA5DBF,CASE-0253,+910213409540,+915483723057,2023-02-07T01:24:00,2440,Indiranagar,TOWER-798
CDR-F664B265,CASE-0326,+910619141206,+917962022392,2023-02-12T13:25:00,1119,Gachibowli,TOWER-162
CDR-8F6AE605,CASE-0228,+914464583306,+916037261703,2023-06-28T03:59:00,1226,Salt Lake City,TOWER-457
CDR-C2D46404,CASE-0154,+911092766885,+910714908044,2023-05-24T03:49:00,3310,Hinjewadi,TOWER-301
CDR-5E5310AC,CASE-0112,+918947227783,+913290178485,2023-05-01T15:49:00,2198,Secunderabad Railway Station,TOWER-572
CDR-E698A7FC,CASE-0284,+910932627488,+915148982381,2023-03-24T18:56:00,2572,Viman Nagar,TOWER-596
CDR-1C62F34D,CASE-0100,+917801686414,+912709316984,2023-04-04T01:15:00,2423,Andheri West,TOWER-184
CDR-A3520FDC,CASE-0317,+914225074406,+917329524254,2023-03-24T08:30:00,2831,Gurgaon Sector 29,TOWER-397
CDR-9E94D5F0,CASE-0229,+912848587043,+910539363533,2023-04-02T03:14:00,1518,Gurgaon Sector 29,TOWER-117
CDR-CC50F5DA,CASE-0484,+915905078828,+912496380034,2023-10-14T12:27:00,2251,Connaught Place,TOWER-608
CDR-F002E096,CASE-0110,+912848587043,+915024878084,2023-06-09T07:32:00,281,Noida Sector 18,TOWER-606
CDR-7E29423A,CASE-0256,+916040358515,+914271636761,2023-10-09T10:20:00,2783,Vasant Kunj,TOWER-367
CDR-7A38C98A,CASE-0228,+919064747819,+913145594272,2023-02-15T17:40:00,2584,Indiranagar,TOWER-312
CDR-5997277F,CASE-0072,+914038822167,+913170282653,2023-07-01T21:10:00,2306,Secunderabad Railway Station,TOWER-416
CDR-4EE28BCD,CASE-0448,+918616736041,+916679116104,2023-03-01T04:38:00,1999,Anna Nagar,TOWER-855
CDR-1361F043,CASE-0161,+919811353149,+914816275600,2023-07-23T04:56:00,2552,Andheri West,TOWER-544
CDR-63CE35BB,CASE-0167,+915148982381,+915417611913,2023-07-15T03:35:00,573,Vasant Kunj,TOWER-538
CDR-05973939,CASE-0478,+914271636761,+910753540823,2023-02-10T04:53:00,526,Vasant Kunj,TOWER-630
CDR-FA684F33,CASE-0453,+910047578748,+918245260553,2023-04-12T06:47:00,2437,Secunderabad Railway Station,TOWER-792
CDR-7367B50E,CASE-0451,+914271636761,+916397811225,2023-04-15T12:37:00,820,Secunderabad Railway Station,TOWER-857
CDR-9F218B05,CASE-0085,+915024878084,+914271636761,2023-10-04T18:53:00,2239,Salt Lake City,TOWER-709
CDR-8F1D6D82,CASE-0200,+917290393874,+919458484561,2023-04-15T02:40:00,1425,Viman Nagar,TOWER-503
CDR-CF912492,CASE-0098,+910753540823,+914398509413,2023-08-16T17:20:00,1024,Anna Nagar,TOWER-465
CDR-F639ED51,CASE-0295,+910753540823,+912433039380,2023-06-06T09:20:00,2473,Bandra Kurla Complex,TOWER-646
CDR-22634628,CASE-0456,+910351193387,+910466138918,2023-07-02T03:31:00,2476,Karol Bagh,TOWER-213
CDR-04CCA988,CASE-0131,+910956977119,+913084789017,2023-02-21T09:07:00,131,Viman Nagar,TOWER-670
CDR-1C426549,CASE-0281,+919334221444,+910299214525,2023-07-03T01:51:00,2976,Hinjewadi,TOWER-733
CDR-153E7C5A,CASE-0294,+918973158719,+919260296791,2023-03-21T06:18:00,1809,Connaught Place,TOWER-791
CDR-5920A937,CASE-0148,+917428769944,+910453433963,2023-03-20T20:14:00,3501,Indiranagar,TOWER-226
CDR-1E285EBD,CASE-0119,+916161550986,+911811783524,2023-07-24T09:33:00,1999,Salt Lake City,TOWER-443
CDR-8E651BF4,CASE-0086,+910163525510,+915279846632,2023-01-04T05:36:00,3318,Vasant Kunj,TOWER-784
CDR-A48FF378,CASE-0061,+911341083704,+911195074617,2023-06-01T01:41:00,3129,New Town,TOWER-470
CDR-7F4AF691,CASE-0156,+916177866980,+915605482634,2023-05-13T09:44:00,1684,Koramangala,TOWER-456
CDR-19EA86CF,CASE-0168,+913335064912,+911966751324,2023-01-31T22:39:00,1606,Gachibowli,TOWER-810
CDR-8838E243,CASE-0157,+913965686271,+912196543783,2023-04-15T05:16:00,1274,Viman Nagar,TOWER-697
CDR-01C5024C,CASE-0180,+910932627488,+912732034709,2023-07-17T04:25:00,2596,New Town,TOWER-111
CDR-FFB8CCA3,CASE-0463,+915107579828,+912690490173,2023-01-30T17:39:00,630,Salt Lake City,TOWER-427
CDR-84103C8F,CASE-0292,+912268445627,+911156335709,2023-07-24T11:46:00,194,T Nagar,TOWER-202
CDR-C30F54EE,CASE-0277,+915437501020,+915527465681,2023-05-23T01:58:00,2892,T Nagar,TOWER-499
CDR-F0184870,CASE-0034,+913792548322,+911883415076,2023-05-21T12:47:00,1715,New Town,TOWER-616
CDR-7EBC93A6,CASE-0174,+917986552011,+910539363533,2023-07-19T16:31:00,3581,Secunderabad Railway Station,TOWER-830
CDR-0AC8A78F,CASE-0047,+913501328040,+912877236889,2023-01-06T01:37:00,812,Gachibowli,TOWER-819
CDR-31706E8B,CASE-0032,+912440682429,+912101606487,2023-07-15T21:07:00,436,New Town,TOWER-197
CDR-D178AED2,CASE-0237,+919398274044,+918380873537,2023-01-12T11:32:00,2677,Viman Nagar,TOWER-158
CDR-236FD681,CASE-0281,+919868700701,+914342649514,2023-01-31T16:38:00,738,New Town,TOWER-164
CDR-6935B3BE,CASE-0082,+914449595368,+912488169686,2023-06-19T03:08:00,1166,Gachibowli,TOWER-282
CDR-DC26C33A,CASE-0446,+916835699095,+918039860427,2023-04-15T08:03:00,541,Anna Nagar,TOWER-118
CDR-E479677E,CASE-0332,+912320285188,+916297992816,2023-01-16T05:59:00,505,Noida Sector 18,TOWER-312
CDR-02AB7A10,CASE-0408,+914271636761,+912848587043,2023-02-13T13:43:00,964,Andheri West,TOWER-292
CDR-8A6B4BC6,CASE-0328,+913608645740,+913246512436,2023-06-14T16:49:00,3296,Karol Bagh,TOWER-934
CDR-C16EE124,CASE-0121,+910945335815,+911065867155,2023-04-18T22:55:00,3558,Vasant Kunj,TOWER-605
CDR-4A7D4087,CASE-0259,+912062619351,+918548280657,2023-03-21T07:22:00,3259,Koramangala,TOWER-132
CDR-D2D0DD5D,CASE-0012,+915024878084,+910753540823,2023-09-21T22:19:00,1438,Koramangala,TOWER-347
CDR-BF6E7CEB,CASE-0383,+915867724943,+914484906334,2023-10-03T19:53:00,3337,Viman Nagar,TOWER-251
CDR-DFC8BF63,CASE-0153,+910753540823,+918624564306,2023-05-31T04:15:00,550,Gurgaon Sector 29,TOWER-408
CDR-F827E291,CASE-0209,+917627307471,+914813120521,2023-07-13T04:32:00,1880,Bandra Kurla Complex,TOWER-179
CDR-4258CAC4,CASE-0211,+911251754409,+919870725413,2023-06-24T16:19:00,955,Salt Lake City,TOWER-600
CDR-DC711318,CASE-0323,+919062778005,+918513316236,2023-03-31T20:23:00,1836,Noida Sector 18,TOWER-871
CDR-63F52091,CASE-0247,+912165336627,+915669264572,2023-02-15T19:16:00,2781,Koramangala,TOWER-816
CDR-283BEB56,CASE-0297,+917660782285,+915300682030,2023-04-26T15:41:00,2819,Indiranagar,TOWER-102
CDR-520C71DB,CASE-0094,+919586182154,+910875640272,2023-01-14T06:33:00,834,T Nagar,TOWER-195
CDR-75D6CD7C,CASE-0081,+919130425125,+911601201740,2023-01-09T12:28:00,1938,Viman Nagar,TOWER-699
CDR-16AAC95B,CASE-0493,+914239058338,+914702980522,2023-09-05T06:17:00,1487,Secunderabad Railway Station,TOWER-329
CDR-1BBC8144,CASE-0197,+918545155824,+918545155824,2023-10-20T00:26:00,2984,Bandra Kurla Complex,TOWER-387
CDR-2A6D2D68,CASE-0039,+913611832522,+917961597009,2023-09-02T01:47:00,1621,T Nagar,TOWER-858
CDR-43039171,CASE-0006,+915527465681,+918545155824,2023-09-03T21:34:00,1973,Salt Lake City,TOWER-330
CDR-EF48D88C,CASE-0320,+916690485964,+919347011216,2023-03-03T18:23:00,671,Bandra Kurla Complex,TOWER-102
CDR-ABEC08FC,CASE-0208,+910862010900,+915864764573,2023-05-16T08:44:00,3396,Karol Bagh,TOWER-239
CDR-73BE7F3A,CASE-0303,+915183757959,+914235432636,2023-01-25T11:39:00,1152,Hinjewadi,TOWER-496
CDR-2E2B41EA,CASE-0229,+912848587043,+914271636761,2023-05-01T03:54:00,1445,Gurgaon Sector 29,TOWER-908
CDR-A8FE01FC,CASE-0271,+917290393874,+912062619351,2023-08-02T03:35:00,988,Vasant Kunj,TOWER-201
CDR-7A54DA57,CASE-0340,+912505625337,+919915880240,2023-06-27T23:01:00,2759,Karol Bagh,TOWER-308
CDR-FADF7271,CASE-0421,+918843545700,+919797622553,2023-05-25T00:59:00,1393,Anna Nagar,TOWER-793
CDR-C2B0B95A,CASE-0122,+912848587043,+913731551845,2023-01-31T21:43:00,2977,Karol Bagh,TOWER-121
CDR-EA3C5EB5,CASE-0492,+911069703138,+919954364935,2023-02-09T08:13:00,2562,Connaught Place,TOWER-366
CDR-5214CE0B,CASE-0087,+919231438705,+911935733460,2023-10-08T14:02:00,3235,Vasant Kunj,TOWER-454
CDR-872FBD41,CASE-0046,+912875280113,+912668465704,2023-03-28T18:18:00,1548,Gachibowli,TOWER-893
CDR-8DFBA43F,CASE-0067,+914074236407,+914525720827,2023-01-06T17:30:00,722,Viman Nagar,TOWER-974
CDR-AFF3A58E,CASE-0076,+919484364978,+912665648051,2023-04-11T18:55:00,3398,Gurgaon Sector 29,TOWER-171
CDR-C5F63ED4,CASE-0414,+919304402594,+914239058338,2023-09-26T04:47:00,2074,Andheri West,TOWER-459
CDR-383B7650,CASE-0031,+915515729662,+910272227190,2023-04-13T04:52:00,41,Salt Lake City,TOWER-903
CDR-032F6310,CASE-0497,+913049503639,+915221089430,2023-08-30T01:18:00,1564,Bandra Kurla Complex,TOWER-353
CDR-9C88A087,CASE-0040,+917019483846,+913884058047,2023-01-15T08:50:00,1710,Jubilee Hills,TOWER-745
CDR-2D91B08A,CASE-0370,+918388825721,+918511143659,2023-03-21T02:05:00,986,Gurgaon Sector 29,TOWER-504
CDR-B1ACCB8E,CASE-0395,+913547280012,+914271636761,2023-07-11T04:31:00,2751,Gachibowli,TOWER-772
CDR-AA962200,CASE-0223,+917437514483,+914134182709,2023-03-09T15:46:00,3440,Bandra Kurla Complex,TOWER-972
CDR-48098419,CASE-0194,+913975433895,+911107500111,2023-02-19T09:21:00,604,Anna Nagar,TOWER-515
CDR-7759F087,CASE-0038,+913801691612,+912403180961,2023-01-12T20:48:00,2890,Noida Sector 18,TOWER-545
CDR-AB4DA5F2,CASE-0470,+915920116378,+916831263141,2023-07-10T13:51:00,111,Indiranagar,TOWER-304
CDR-C10CDA6C,CASE-0288,+911318463703,+919997142232,2023-01-13T20:56:00,342,Secunderabad Railway Station,TOWER-936
CDR-679E9ED1,CASE-0195,+916194011819,+915625734595,2023-08-14T02:42:00,3204,Salt Lake City,TOWER-789
CDR-69D6DF0C,CASE-0416,+914239058338,+914440389478,2023-05-11T10:17:00,2489,Karol Bagh,TOWER-716
CDR-10011C3A,CASE-0335,+912648433890,+912616621484,2023-06-14T23:35:00,115,Jubilee Hills,TOWER-965
CDR-2CDEBF86,CASE-0023,+912848587043,+912672418327,2023-09-24T13:07:00,999,Andheri West,TOWER-964
CDR-3C1600CB,CASE-0380,+916024463837,+914718797950,2023-01-21T02:02:00,457,Salt Lake City,TOWER-535
CDR-D0899B3B,CASE-0070,+913608715525,+918109346858,2023-07-14T08:28:00,2689,T Nagar,TOWER-179
CDR-1A7575D3,CASE-0084,+919916007183,+917290393874,2023-09-02T13:14:00,1705,Connaught Place,TOWER-163
CDR-4E77193C,CASE-0036,+919767934534,+912794584314,2023-04-18T22:53:00,2911,Hinjewadi,TOWER-634
CDR-1FE9FCF5,CASE-0033,+916066400598,+914746741263,2023-02-15T19:26:00,412,New Town,TOWER-259
CDR-D60D5FD6,CASE-0320,+916716078468,+914032645148,2023-08-06T23:26:00,1414,Gurgaon Sector 29,TOWER-810
CDR-AAD48714,CASE-0160,+918684724500,+913341929321,2023-08-03T09:26:00,3448,Karol Bagh,TOWER-874
CDR-31EF74E8,CASE-0280,+914116501731,+915966120338,2023-08-26T22:08:00,1982,Connaught Place,TOWER-846
CDR-429DAB2D,CASE-0118,+919311749984,+915994716734,2023-08-17T10:37:00,2573,Hinjewadi,TOWER-594
CDR-EC825A66,CASE-0082,+914449595368,+912002272000,2023-07-25T03:16:00,3035,Hinjewadi,TOWER-514
CDR-17F909DA,CASE-0156,+916145590148,+918277648955,2023-08-06T19:06:00,2472,Connaught Place,TOWER-713
CDR-2AFAE36B,CASE-0287,+917290393874,+910818744767,2023-02-19T19:48:00,1302,Gachibowli,TOWER-343
CDR-21871E32,CASE-0396,+916239336735,+912902562098,2023-04-04T13:25:00,836,Gurgaon Sector 29,TOWER-310
CDR-3988BA8C,CASE-0434,+914239058338,+914239058338,2023-10-07T02:38:00,1500,Noida Sector 18,TOWER-641
CDR-9FAE918D,CASE-0060,+916056945064,+918511055256,2023-04-19T12:37:00,1352,Koramangala,TOWER-688
CDR-CCDD5331,CASE-0431,+914965121733,+912706300766,2023-07-14T07:40:00,1476,Jubilee Hills,TOWER-613
CDR-2D82ADF3,CASE-0301,+915766802632,+918080465963,2023-05-14T10:10:00,810,Indiranagar,TOWER-614
CDR-C48F363E,CASE-0431,+911364442037,+913779896447,2023-04-10T21:16:00,2196,Vasant Kunj,TOWER-113
CDR-4DCC3D84,CASE-0485,+913547280012,+910753540823,2023-01-16T09:46:00,2034,Noida Sector 18,TOWER-114
CDR-E9333074,CASE-0017,+919788257535,+914678829304,2023-07-07T15:47:00,3520,Jubilee Hills,TOWER-511
CDR-42DEF6ED,CASE-0338,+914609507226,+919789901292,2023-09-01T08:22:00,3254,Anna Nagar,TOWER-177
CDR-C1249149,CASE-0008,+917498717859,+917516729602,2023-10-24T11:59:00,1075,Viman Nagar,TOWER-160
CDR-051C2CE4,CASE-0014,+919458484561,+919458484561,2023-04-19T14:25:00,3595,Bandra Kurla Complex,TOWER-110
CDR-BFD5CFF4,CASE-0007,+910290034167,+914351719882,2023-02-13T23:12:00,566,Vasant Kunj,TOWER-450
CDR-8F26D2B1,CASE-0300,+919846418252,+911224065266,2023-10-02T18:46:00,642,Gurgaon Sector 29,TOWER-619
CDR-B9A9A8DF,CASE-0169,+910669982565,+913975433895,2023-01-13T04:24:00,229,Vasant Kunj,TOWER-775
CDR-5257E247,CASE-0402,+918742614667,+910989005372,2023-09-07T23:30:00,1726,Vasant Kunj,TOWER-315
CDR-9D78F380,CASE-0470,+912440682429,+914359315208,2023-10-24T15:10:00,183,Bandra Kurla Complex,TOWER-908
CDR-E64B825C,CASE-0449,+912440682429,+918845505911,2023-04-24T14:17:00,1181,Koramangala,TOWER-314
CDR-9FA44F12,CASE-0169,+919260410733,+910539363533,2023-06-26T18:32:00,1887,Vasant Kunj,TOWER-811
CDR-FE17B7BA,CASE-0002,+918913096158,+915889498287,2023-01-22T12:10:00,814,Connaught Place,TOWER-409
CDR-822DF326,CASE-0037,+912848587043,+918649664607,2023-01-18T19:13:00,1433,Bandra Kurla Complex,TOWER-633
CDR-65790168,CASE-0128,+917875927829,+914297158125,2023-04-07T06:49:00,3451,Vasant Kunj,TOWER-358
CDR-F3D8298D,CASE-0494,+911332806117,+918406724053,2023-03-08T01:47:00,1767,Karol Bagh,TOWER-787
CDR-A1CF5FF4,CASE-0401,+914606673509,+915580568202,2023-06-14T08:41:00,3391,Bandra Kurla Complex,TOWER-492
CDR-1DB43B6A,CASE-0259,+912062619351,+910374786662,2023-07-07T14:27:00,1536,Anna Nagar,TOWER-766
CDR-15ED8E78,CASE-0128,+912954716666,+914192722266,2023-08-27T07:48:00,2689,Andheri West,TOWER-875
CDR-EEA8B451,CASE-0146,+916703808224,+912062619351,2023-09-19T16:50:00,2466,T Nagar,TOWER-874
CDR-56117684,CASE-0372,+918373992937,+915119249754,2023-03-07T05:23:00,1936,Vasant Kunj,TOWER-736
CDR-61F637D1,CASE-0250,+910351473589,+918328510183,2023-06-17T06:08:00,373,Andheri West,TOWER-889
CDR-576A54E0,CASE-0220,+915920116378,+914359315208,2023-05-24T11:57:00,813,Bandra Kurla Complex,TOWER-241
CDR-1D8DC00C,CASE-0400,+912541217249,+910458257104,2023-04-27T06:24:00,705,Jubilee Hills,TOWER-460
CDR-700195B4,CASE-0321,+911885956157,+918245260553,2023-01-30T07:43:00,3136,Gachibowli,TOWER-560
CDR-CA724493,CASE-0470,+918503676905,+914359315208,2023-09-09T05:09:00,2945,Andheri West,TOWER-335
CDR-A12EC30B,CASE-0260,+917349048307,+919375502964,2023-03-17T14:12:00,2123,Koramangala,TOWER-307
CDR-42AAF80A,CASE-0472,+913157912390,+914478031965,2023-10-11T12:47:00,3012,Vasant Kunj,TOWER-448
CDR-BF03F908,CASE-0021,+915217895659,+914961832309,2023-03-07T04:00:00,890,T Nagar,TOWER-276
CDR-AEC8CECB,CASE-0235,+914813120521,+914239058338,2023-01-26T20:52:00,3406,Gurgaon Sector 29,TOWER-387
CDR-01013473,CASE-0139,+912998632328,+911507831506,2023-02-09T08:48:00,2023,Salt Lake City,TOWER-854
CDR-4B1158C9,CASE-0486,+910868338542,+917435712790,2023-06-11T11:16:00,551,Bandra Kurla Complex,TOWER-573
CDR-3910891B,CASE-0296,+913547280012,+910753540823,2023-02-22T09:08:00,2703,Noida Sector 18,TOWER-355
CDR-32C83098,CASE-0136,+910093439981,+910034923004,2023-03-26T07:29:00,815,Salt Lake City,TOWER-493
CDR-74BA8092,CASE-0195,+914359315208,+912440682429,2023-04-04T10:11:00,527,Gachibowli,TOWER-492
CDR-FEC53AFA,CASE-0339,+911655903639,+918129266961,2023-08-15T11:55:00,1514,Vasant Kunj,TOWER-174
CDR-F82C6EEC,CASE-0184,+910932627488,+915148982381,2023-02-05T13:16:00,1331,Andheri West,TOWER-387
CDR-81B4B216,CASE-0480,+912062619351,+913930972806,2023-06-03T03:23:00,2503,Viman Nagar,TOWER-607
CDR-A0A778F7,CASE-0134,+919386662193,+914137345212,2023-06-26T05:54:00,902,Vasant Kunj,TOWER-351
CDR-60EC5597,CASE-0389,+918267991123,+911152758314,2023-09-04T20:39:00,1855,Jubilee Hills,TOWER-936
CDR-4C2B9274,CASE-0367,+910860263703,+913664424570,2023-04-23T16:24:00,3501,Hinjewadi,TOWER-464
CDR-9A0F4C29,CASE-0190,+911864346550,+912006730257,2023-07-15T04:35:00,2327,Hinjewadi,TOWER-341
CDR-57ED4173,CASE-0461,+919251418360,+914384298631,2023-10-16T22:19:00,1195,Anna Nagar,TOWER-915
CDR-FEFB4EB3,CASE-0465,+917458978757,+918210140477,2023-05-19T19:11:00,2378,Hinjewadi,TOWER-706
CDR-4FDCA8BF,CASE-0286,+911908739763,+918980449218,2023-06-06T04:56:00,287,Salt Lake City,TOWER-169
CDR-29173293,CASE-0369,+916665720839,+917269571488,2023-06-25T17:51:00,2649,Gurgaon Sector 29,TOWER-408
CDR-CC27BB09,CASE-0028,+915024878084,+910694750954,2023-06-30T20:08:00,1095,Connaught Place,TOWER-894
CDR-643F1B15,CASE-0100,+916010922190,+915920116378,2023-08-22T18:17:00,737,T Nagar,TOWER-555
CDR-0F79C3BC,CASE-0477,+910932627488,+918696954539,2023-02-08T03:48:00,1691,Andheri West,TOWER-982
CDR-A19D6631,CASE-0047,+918843545700,+916018809929,2023-05-24T03:20:00,3186,Hinjewadi,TOWER-114
CDR-5CDE069C,CASE-0008,+910794886452,+918569394148,2023-09-15T10:03:00,329,Bandra Kurla Complex,TOWER-604
CDR-30374840,CASE-0409,+917541620441,+918969053889,2023-06-06T01:40:00,257,Secunderabad Railway Station,TOWER-776
CDR-25D79EB3,CASE-0069,+916209181900,+916209181900,2023-04-12T01:43:00,524,Noida Sector 18,TOWER-859
CDR-95BCF634,CASE-0377,+919513341261,+913615256029,2023-02-08T21:43:00,1823,Noida Sector 18,TOWER-775
CDR-71396721,CASE-0255,+912990680246,+915560244315,2023-03-13T19:45:00,1698,Koramangala,TOWER-831
CDR-1995B0ED,CASE-0030,+914199127390,+912440682429,2023-10-03T17:05:00,2679,T Nagar,TOWER-914
CDR-04400487,CASE-0243,+918012292799,+916645843604,2023-09-08T00:35:00,1488,Andheri West,TOWER-356
CDR-E049AB64,CASE-0363,+916799420672,+912739913449,2023-03-18T01:37:00,1169,Vasant Kunj,TOWER-277
CDR-7BA0D00B,CASE-0171,+911782032348,+915599698578,2023-07-30T21:57:00,2722,Karol Bagh,TOWER-114
CDR-77AAEDD4,CASE-0367,+919762569259,+916906705689,2023-06-28T15:16:00,239,T Nagar,TOWER-742
CDR-B63EBDAB,CASE-0025,+916458857279,+910874789832,2023-06-29T01:58:00,952,Karol Bagh,TOWER-977
CDR-E9900C49,CASE-0272,+914271636761,+918319807613,2023-05-13T19:41:00,1893,Hinjewadi,TOWER-193
CDR-23EEBD26,CASE-0463,+915024878084,+919843434822,2023-09-06T17:21:00,3142,Indiranagar,TOWER-214
CDR-4253F8CD,CASE-0325,+912652774044,+915361374562,2023-02-20T00:09:00,1180,Bandra Kurla Complex,TOWER-690
CDR-19D13276,CASE-0307,+914239058338,+918049599203,2023-09-29T15:35:00,3118,Bandra Kurla Complex,TOWER-837
CDR-CA03E982,CASE-0415,+918950055323,+917248307700,2023-05-14T20:35:00,3437,Hinjewadi,TOWER-865
CDR-D6230E50,CASE-0453,+910047578748,+910461902880,2023-10-15T01:06:00,3453,Connaught Place,TOWER-578
CDR-493B5F21,CASE-0192,+910892016487,+911748001773,2023-06-02T02:07:00,181,New Town,TOWER-329
CDR-269BE2CD,CASE-0480,+918021102460,+917290393874,2023-10-26T07:48:00,1529,Connaught Place,TOWER-976
CDR-E58B3BE5,CASE-0082,+919719828500,+910000446163,2023-06-18T07:35:00,173,Indiranagar,TOWER-242
CDR-1BE91140,CASE-0063,+913967092791,+914591411424,2023-01-25T12:41:00,114,Anna Nagar,TOWER-470
CDR-D171C287,CASE-0088,+916082178842,+916067096941,2023-07-02T10:39:00,2615,Karol Bagh,TOWER-812
CDR-794195D6,CASE-0050,+910326513902,+918123157141,2023-07-06T07:37:00,930,Andheri West,TOWER-270
CDR-F19CA7E6,CASE-0200,+917290393874,+910932627488,2023-06-28T12:00:00,383,Karol Bagh,TOWER-401
CDR-75BF631D,CASE-0308,+918094245624,+918095929364,2023-09-01T17:12:00,2037,Koramangala,TOWER-974
CDR-82E0A4FA,CASE-0055,+919373460243,+913775078369,2023-05-30T04:58:00,2299,Viman Nagar,TOWER-955
CDR-AE95FC4B,CASE-0482,+915148982381,+913033830522,2023-10-08T22:05:00,2570,Jubilee Hills,TOWER-692
CDR-0DBD06BA,CASE-0184,+919759354960,+910932627488,2023-05-21T18:38:00,1898,Vasant Kunj,TOWER-955
CDR-A80CE5DD,CASE-0184,+910932627488,+917290393874,2023-09-22T17:18:00,2706,Connaught Place,TOWER-442
CDR-FD1F3C3B,CASE-0201,+915950179837,+917427185009,2023-02-28T19:44:00,3177,Gachibowli,TOWER-770
CDR-280AA34B,CASE-0431,+915973347773,+915527465681,2023-03-05T18:16:00,3209,Secunderabad Railway Station,TOWER-843
CDR-AC627DFA,CASE-0492,+911069703138,+917060481381,2023-03-18T19:06:00,1904,Connaught Place,TOWER-991
CDR-4E955E10,CASE-0387,+916467148594,+914947072221,2023-10-11T18:43:00,3369,Indiranagar,TOWER-280
CDR-1EE28176,CASE-0309,+918624564306,+912474736371,2023-04-27T02:27:00,531,Viman Nagar,TOWER-725
CDR-1195873A,CASE-0418,+919618547415,+911840906908,2023-08-10T02:46:00,2989,Secunderabad Railway Station,TOWER-694
CDR-0E31B961,CASE-0420,+912688732077,+916235859917,2023-05-26T06:44:00,2504,Gachibowli,TOWER-208
CDR-E2210A2A,CASE-0301,+912670185291,+910718333076,2023-09-18T23:30:00,1032,New Town,TOWER-130
CDR-031BA8EB,CASE-0051,+913121201754,+918942939942,2023-09-23T13:23:00,2484,Koramangala,TOWER-444
CDR-487E9A00,CASE-0032,+917963550012,+917685270726,2023-10-22T08:03:00,1853,Andheri West,TOWER-187
CDR-F56BC0C7,CASE-0113,+910753540823,+919046706757,2023-03-12T20:52:00,1215,T Nagar,TOWER-349
CDR-4CFE6B39,CASE-0090,+913928507535,+918624564306,2023-01-09T04:50:00,2622,Karol Bagh,TOWER-407
CDR-C69D36DB,CASE-0050,+910326513902,+915433868190,2023-04-24T08:28:00,261,Karol Bagh,TOWER-903
CDR-75C58401,CASE-0112,+918947227783,+914235432636,2023-05-17T23:40:00,435,New Town,TOWER-795
CDR-8AE3DAF0,CASE-0093,+913626380693,+913058249224,2023-08-28T03:25:00,3008,Hinjewadi,TOWER-802
CDR-46493941,CASE-0315,+911439467412,+910894256007,2023-07-18T21:09:00,187,Hinjewadi,TOWER-696
CDR-84AFDDE2,CASE-0322,+911151048469,+910580307947,2023-03-04T17:46:00,3129,Karol Bagh,TOWER-856
CDR-EC69E0BF,CASE-0147,+912848587043,+915317767237,2023-10-21T20:02:00,129,Secunderabad Railway Station,TOWER-254
CDR-6B001554,CASE-0366,+911109103307,+914414593718,2023-01-12T07:42:00,3280,Andheri West,TOWER-666
CDR-DBEC113A,CASE-0039,+913611832522,+919006027474,2023-10-10T08:57:00,2472,Hinjewadi,TOWER-256
CDR-CB2722D6,CASE-0424,+912062619351,+917537398347,2023-09-08T23:37:00,2324,T Nagar,TOWER-635
CDR-44D0FF71,CASE-0169,+914287258924,+912923226860,2023-06-30T07:17:00,1496,Secunderabad Railway Station,TOWER-555
CDR-A6C23390,CASE-0446,+914032404397,+918630492330,2023-03-03T19:21:00,2968,Anna Nagar,TOWER-506
CDR-5E445EC0,CASE-0201,+915950179837,+919306835590,2023-02-06T08:01:00,3280,Karol Bagh,TOWER-253
CDR-D4A354D3,CASE-0388,+918646745808,+911847654051,2023-07-26T11:37:00,2540,Salt Lake City,TOWER-707
CDR-ED65CFF0,CASE-0251,+917916046501,+916534559089,2023-04-22T15:05:00,1792,Indiranagar,TOWER-756
CDR-B884D831,CASE-0466,+912062619351,+913441691977,2023-08-02T21:29:00,838,Salt Lake City,TOWER-363
CDR-09A455B0,CASE-0201,+912848587043,+917617809787,2023-04-06T22:27:00,1401,New Town,TOWER-740
CDR-AE893D27,CASE-0271,+915148982381,+917099535879,2023-03-14T08:01:00,2867,Vasant Kunj,TOWER-835
CDR-A3342954,CASE-0184,+912042043371,+910932627488,2023-01-03T19:29:00,3491,Koramangala,TOWER-377
CDR-317D27A6,CASE-0199,+917290393874,+912654970822,2023-01-27T10:42:00,2975,Karol Bagh,TOWER-777
CDR-60CFF6B2,CASE-0265,+915047071489,+914263546625,2023-04-29T21:44:00,2205,Gurgaon Sector 29,TOWER-666
CDR-E21AB7B2,CASE-0398,+912790928367,+911661262467,2023-05-03T09:23:00,2646,Karol Bagh,TOWER-950
CDR-8E71002F,CASE-0038,+913961941329,+916920100087,2023-10-07T06:26:00,2002,Connaught Place,TOWER-506
CDR-81AEBD86,CASE-0173,+912301663207,+915473174084,2023-02-20T05:44:00,953,Koramangala,TOWER-701
CDR-89552156,CASE-0272,+914271636761,+919618547415,2023-09-20T18:48:00,2805,Koramangala,TOWER-241
CDR-F8337161,CASE-0375,+914931637046,+917940643737,2023-02-22T03:52:00,1438,Karol Bagh,TOWER-400
CDR-1CB58AB3,CASE-0467,+918843545700,+913975433895,2023-04-08T23:03:00,492,Hinjewadi,TOWER-565
CDR-FE118271,CASE-0312,+911885956157,+918560958853,2023-09-28T08:33:00,3083,Viman Nagar,TOWER-210
CDR-2ED32961,CASE-0232,+916500815234,+916937685507,2023-07-24T10:16:00,2725,Gachibowli,TOWER-664
CDR-98018968,CASE-0340,+914206370446,+913999274308,2023-10-02T22:38:00,1070,Vasant Kunj,TOWER-713
CDR-4736990F,CASE-0459,+910677605845,+917348861369,2023-03-04T12:49:00,1542,Bandra Kurla Complex,TOWER-313
CDR-49037FEB,CASE-0198,+916325484698,+910706367973,2023-07-29T19:59:00,476,Viman Nagar,TOWER-521
CDR-A135AFDF,CASE-0105,+915920116378,+914385245761,2023-08-01T18:32:00,179,T Nagar,TOWER-233
CDR-19AED733,CASE-0201,+912848587043,+914768407470,2023-07-11T20:24:00,1790,Indiranagar,TOWER-114
CDR-6D3FF271,CASE-0437,+919581471231,+917446287896,2023-01-09T08:56:00,533,Salt Lake City,TOWER-980
CDR-A97F83B8,CASE-0246,+918843545700,+914271636761,2023-05-26T17:03:00,3422,Connaught Place,TOWER-724
CDR-FF33A6AC,CASE-0447,+912228830238,+916855703838,2023-10-10T02:39:00,2171,Connaught Place,TOWER-900
CDR-BA6208D5,CASE-0462,+914507115571,+914971774045,2023-03-31T21:38:00,955,Hinjewadi,TOWER-927
CDR-AF1CA0E9,CASE-0027,+914208443254,+919093596536,2023-08-02T15:36:00,1117,Koramangala,TOWER-521
CDR-BF226C35,CASE-0467,+918843545700,+913784654286,2023-08-26T14:14:00,1669,New Town,TOWER-868
CDR-90A0F677,CASE-0291,+916752123042,+915679767406,2023-04-22T14:28:00,2882,Secunderabad Railway Station,TOWER-562
CDR-1602A7CA,CASE-0365,+915893940317,+919458484561,2023-06-20T07:36:00,2488,Indiranagar,TOWER-212
CDR-2788BE54,CASE-0270,+919926288569,+911972963162,2023-04-20T10:26:00,511,T Nagar,TOWER-680
CDR-35FBC907,CASE-0007,+910290034167,+913218227255,2023-02-14T03:16:00,455,Gachibowli,TOWER-663
CDR-8C11C086,CASE-0415,+911782032348,+911093703155,2023-07-08T12:31:00,1078,Connaught Place,TOWER-304
CDR-F374E2A1,CASE-0383,+916770522659,+917048968245,2023-04-17T19:44:00,1114,Koramangala,TOWER-429
CDR-0F45171D,CASE-0323,+917384614404,+918101094097,2023-07-04T21:13:00,604,Gurgaon Sector 29,TOWER-169
CDR-EC0525B5,CASE-0190,+911864346550,+918004247008,2023-09-25T09:27:00,3390,Koramangala,TOWER-971
CDR-F02FB3AD,CASE-0493,+914239058338,+914359315208,2023-10-15T08:19:00,928,Karol Bagh,TOWER-830
CDR-B7A11971,CASE-0355,+915240512444,+913991217861,2023-07-06T10:33:00,2554,New Town,TOWER-941
CDR-59C5E4F5,CASE-0293,+915726661994,+914140296228,2023-07-28T04:13:00,1173,New Town,TOWER-690
CDR-532A2BBD,CASE-0076,+911885956157,+919091232690,2023-08-08T08:56:00,743,Gurgaon Sector 29,TOWER-109
CDR-18636CDA,CASE-0364,+914575175709,+912484500449,2023-01-03T23:01:00,234,Karol Bagh,TOWER-309
CDR-6FFB5247,CASE-0122,+912848587043,+915331281469,2023-01-09T17:52:00,305,Anna Nagar,TOWER-389
CDR-6ACF1323,CASE-0318,+915333219201,+914146515548,2023-06-24T16:20:00,776,Bandra Kurla Complex,TOWER-454
CDR-76C313FB,CASE-0133,+914088882665,+918720085749,2023-10-28T12:35:00,69,Gachibowli,TOWER-953
CDR-1C40AED9,CASE-0224,+916209181900,+912983856542,2023-08-07T01:08:00,3152,Noida Sector 18,TOWER-859
CDR-18A407A7,CASE-0346,+912440682429,+917175396754,2023-09-20T20:20:00,3145,Jubilee Hills,TOWER-913
CDR-DB6D94AD,CASE-0206,+915024878084,+913547280012,2023-03-21T06:11:00,2631,New Town,TOWER-785
CDR-839E3956,CASE-0378,+916503137494,+918915271193,2023-06-05T20:34:00,1606,Koramangala,TOWER-293
CDR-5F2CBA1F,CASE-0302,+918341046989,+911967764838,2023-05-04T14:32:00,2216,T Nagar,TOWER-651
CDR-9620D14E,CASE-0278,+910753540823,+914271636761,2023-04-03T08:15:00,3458,Jubilee Hills,TOWER-990
CDR-AE1DAC5F,CASE-0456,+910351193387,+918245260553,2023-08-24T05:05:00,2553,Viman Nagar,TOWER-312
CDR-2D8C4AD2,CASE-0368,+917485241563,+919439911551,2023-07-10T14:37:00,3009,Bandra Kurla Complex,TOWER-276
CDR-78B032E8,CASE-0097,+918843545700,+913851789817,2023-02-17T13:15:00,2873,Jubilee Hills,TOWER-191
CDR-692F9DA3,CASE-0088,+916082178842,+912994187624,2023-04-06T15:44:00,2347,Vasant Kunj,TOWER-471
CDR-5B88FBFB,CASE-0475,+914399993108,+912045483306,2023-03-05T04:22:00,3039,Hinjewadi,TOWER-465
CDR-CCF2335A,CASE-0411,+917915834898,+919854183584,2023-01-06T18:24:00,1128,Secunderabad Railway Station,TOWER-968
CDR-4E9702E2,CASE-0495,+914723318324,+913087570052,2023-07-12T06:48:00,1987,Karol Bagh,TOWER-796
CDR-78FCBC5C,CASE-0168,+913335064912,+911782032348,2023-01-16T04:53:00,257,Gachibowli,TOWER-827
CDR-0E056445,CASE-0452,+910407002419,+912491394461,2023-01-26T00:23:00,1709,Secunderabad Railway Station,TOWER-235
CDR-789B0B9E,CASE-0386,+917823819126,+919099084193,2023-07-29T03:11:00,2306,Hinjewadi,TOWER-523
CDR-64E58738,CASE-0051,+913121201754,+917572970143,2023-09-27T04:29:00,3474,Bandra Kurla Complex,TOWER-398
CDR-88D4A2ED,CASE-0043,+910872782445,+916161022702,2023-01-23T03:13:00,2418,Viman Nagar,TOWER-578
CDR-26BC4C5A,CASE-0229,+915320180066,+917090697448,2023-05-21T22:35:00,2512,Karol Bagh,TOWER-436
CDR-51125DE9,CASE-0328,+910351193387,+914640931653,2023-07-01T05:17:00,2337,Noida Sector 18,TOWER-521
CDR-7B535BA9,CASE-0290,+911782032348,+918448089334,2023-08-08T21:25:00,939,Anna Nagar,TOWER-638
CDR-0BDE8D28,CASE-0421,+918843545700,+919431566808,2023-03-27T03:00:00,1220,Connaught Place,TOWER-148
CDR-622960A7,CASE-0326,+919394988580,+915694328140,2023-02-20T15:06:00,683,Salt Lake City,TOWER-742
CDR-FE935FD9,CASE-0207,+915191308126,+919218219993,2023-04-26T12:29:00,189,Karol Bagh,TOWER-600
CDR-5305D66A,CASE-0278,+915603337670,+913366657934,2023-09-02T22:56:00,176,Connaught Place,TOWER-112
CDR-8C10D1D1,CASE-0267,+917290393874,+910114723801,2023-07-02T01:22:00,795,Bandra Kurla Complex,TOWER-200
CDR-1FC00ABF,CASE-0184,+910932627488,+912053994467,2023-05-14T04:45:00,906,Jubilee Hills,TOWER-370
CDR-850EE385,CASE-0390,+912596986383,+915334883822,2023-07-28T05:03:00,2145,Gachibowli,TOWER-286
CDR-54344A6E,CASE-0046,+918888401933,+914524207649,2023-07-28T09:43:00,2182,Bandra Kurla Complex,TOWER-257
CDR-51A10E87,CASE-0434,+914239058338,+918836404364,2023-08-12T08:45:00,2557,Koramangala,TOWER-281
CDR-66864E8A,CASE-0295,+916222384249,+915126489870,2023-02-24T15:31:00,357,T Nagar,TOWER-595
CDR-A2BEC1A1,CASE-0126,+915505798296,+913879950512,2023-03-10T02:36:00,1394,Connaught Place,TOWER-148
CDR-0E794EE5,CASE-0243,+911402256863,+910786378026,2023-05-29T19:37:00,2058,T Nagar,TOWER-897
CDR-79EE0360,CASE-0235,+918315622964,+915113800771,2023-02-24T17:07:00,351,T Nagar,TOWER-761
CDR-085AB289,CASE-0053,+910344747960,+911087890544,2023-08-28T14:36:00,2544,Noida Sector 18,TOWER-127
CDR-AF28A244,CASE-0294,+918973158719,+919119815838,2023-07-04T22:04:00,976,T Nagar,TOWER-686
CDR-3F913AFD,CASE-0054,+915087680373,+910221050697,2023-01-30T14:00:00,2849,Koramangala,TOWER-132
CDR-D34AC0F0,CASE-0033,+917837558250,+916040011017,2023-10-06T04:04:00,2601,Connaught Place,TOWER-288
CDR-3B2DE8EF,CASE-0084,+911897711777,+918037342076,2023-03-04T23:55:00,1655,Karol Bagh,TOWER-303
CDR-A3F032BE,CASE-0144,+914496760740,+919224810972,2023-06-29T02:21:00,1980,Anna Nagar,TOWER-783
CDR-41ED8A2A,CASE-0158,+914577803160,+914473464779,2023-09-08T08:50:00,559,Koramangala,TOWER-495
CDR-985F2297,CASE-0193,+912616150370,+915661711240,2023-01-14T23:02:00,252,Anna Nagar,TOWER-726
CDR-2ADDC44F,CASE-0361,+914359315208,+914239058338,2023-03-31T22:03:00,1951,T Nagar,TOWER-288
CDR-5ABE9DF0,CASE-0189,+914271636761,+912927041443,2023-01-17T23:14:00,1970,Vasant Kunj,TOWER-334
CDR-D4F037B1,CASE-0411,+917915834898,+911993987969,2023-06-15T09:15:00,1877,Koramangala,TOWER-295
CDR-D19B1641,CASE-0108,+910308265354,+915041435052,2023-07-05T17:06:00,1789,Andheri West,TOWER-242
CDR-3E695E37,CASE-0199,+917290393874,+914813120521,2023-10-07T03:15:00,847,Viman Nagar,TOWER-475
CDR-CA5FFB4F,CASE-0322,+911151048469,+912368531931,2023-02-16T17:36:00,464,Secunderabad Railway Station,TOWER-427
CDR-F16E00DC,CASE-0414,+910698567496,+915766546810,2023-07-03T12:11:00,1704,Secunderabad Railway Station,TOWER-686
CDR-539BF615,CASE-0308,+918094245624,+919365997443,2023-01-11T09:46:00,3264,Indiranagar,TOWER-458
CDR-17067537,CASE-0076,+911885956157,+912440682429,2023-03-27T02:24:00,3021,Secunderabad Railway Station,TOWER-950
CDR-355DA167,CASE-0141,+912148739181,+910282680643,2023-07-25T00:59:00,1534,Connaught Place,TOWER-185
CDR-047861DA,CASE-0328,+918543058950,+918247657427,2023-01-08T16:10:00,633,Viman Nagar,TOWER-429
CDR-C4E7BE93,CASE-0101,+915448938413,+915032859568,2023-08-22T21:17:00,337,Viman Nagar,TOWER-870
CDR-47C2CC98,CASE-0039,+913611832522,+912420164103,2023-09-24T03:39:00,3072,Connaught Place,TOWER-109
CDR-013FA18F,CASE-0140,+915060892503,+913196930165,2023-04-24T01:30:00,3538,Secunderabad Railway Station,TOWER-653
CDR-671F7D47,CASE-0166,+918843545700,+912848587043,2023-05-27T11:43:00,3489,T Nagar,TOWER-205
CDR-C00B09A9,CASE-0043,+910872782445,+919792961774,2023-05-14T11:06:00,3305,Connaught Place,TOWER-129
CDR-B8C758A1,CASE-0184,+910932627488,+910932627488,2023-07-14T09:34:00,3358,Hinjewadi,TOWER-250
CDR-030C3626,CASE-0453,+910047578748,+916971543925,2023-07-19T04:21:00,431,Salt Lake City,TOWER-230
CDR-5B7969AD,CASE-0290,+919537698500,+911782032348,2023-01-31T02:16:00,1029,Salt Lake City,TOWER-327
CDR-C610DE8C,CASE-0285,+919669800210,+919019929689,2023-09-18T04:08:00,966,Connaught Place,TOWER-875
CDR-85D0C35D,CASE-0316,+910351193387,+910362257378,2023-01-05T03:40:00,3226,Viman Nagar,TOWER-159
CDR-D7859C7D,CASE-0414,+919721024157,+916836823883,2023-01-26T19:09:00,1650,Koramangala,TOWER-271
CDR-A6917DCD,CASE-0005,+916378163815,+917654441593,2023-03-29T06:55:00,3103,Karol Bagh,TOWER-181
CDR-2633BF61,CASE-0497,+919941356537,+914252352649,2023-06-26T18:26:00,1984,New Town,TOWER-864
CDR-4E4F4243,CASE-0444,+918236738467,+914315691983,2023-03-27T00:12:00,680,Gurgaon Sector 29,TOWER-574
CDR-834786B1,CASE-0161,+915148982381,+912046497378,2023-08-11T22:19:00,1506,Gurgaon Sector 29,TOWER-937
CDR-72FB5FC5,CASE-0111,+915920116378,+915888691887,2023-07-03T11:02:00,2321,Viman Nagar,TOWER-245
CDR-8CAB206F,CASE-0095,+919876918186,+917165860967,2023-02-28T15:23:00,3546,Gachibowli,TOWER-787
CDR-57C9F9A3,CASE-0080,+917607880395,+914871030687,2023-03-11T03:24:00,1702,Gachibowli,TOWER-108
CDR-58DD2F80,CASE-0477,+910932627488,+911436941100,2023-04-23T01:49:00,1043,Anna Nagar,TOWER-345
CDR-5065D4DC,CASE-0034,+913792548322,+918050361173,2023-10-05T07:18:00,2289,Secunderabad Railway Station,TOWER-633
CDR-499C741D,CASE-0044,+913287294594,+919560059836,2023-06-29T22:16:00,3376,Anna Nagar,TOWER-631
CDR-2F71CD8F,CASE-0472,+910753540823,+913121201754,2023-09-10T00:35:00,3220,Andheri West,TOWER-169
CDR-6E7BA101,CASE-0485,+913547280012,+913547280012,2023-10-21T11:40:00,1732,Gurgaon Sector 29,TOWER-494
CDR-D6695FCA,CASE-0172,+912390045150,+913191240993,2023-10-28T03:49:00,1919,Indiranagar,TOWER-965
CDR-AB2DFE18,CASE-0027,+917209157503,+910444288444,2023-04-13T09:27:00,3574,Noida Sector 18,TOWER-791
CDR-766CA603,CASE-0155,+913130713069,+916986930390,2023-07-17T07:58:00,1325,New Town,TOWER-360
CDR-16612E85,CASE-0370,+918388825721,+912908479605,2023-08-24T16:53:00,562,Connaught Place,TOWER-751
CDR-466EE42A,CASE-0459,+915024878084,+910153909273,2023-09-29T08:37:00,2536,Noida Sector 18,TOWER-227
CDR-8327CCE3,CASE-0056,+914271636761,+914179564703,2023-03-30T09:40:00,1678,Viman Nagar,TOWER-664
CDR-EDC252F2,CASE-0457,+912307915163,+913671636349,2023-04-13T14:13:00,1264,Indiranagar,TOWER-193
CDR-0556CF23,CASE-0266,+914350986049,+911885956157,2023-06-02T01:37:00,2682,Connaught Place,TOWER-325
CDR-74AC1903,CASE-0460,+915170419060,+915671220223,2023-04-08T22:38:00,2193,T Nagar,TOWER-235
CDR-ACD7EE5A,CASE-0450,+914112326191,+916625157492,2023-06-04T17:45:00,1846,Salt Lake City,TOWER-205
CDR-5E134BCD,CASE-0041,+910257807600,+912493114309,2023-04-01T22:06:00,2534,Hinjewadi,TOWER-950
CDR-43A1961B,CASE-0195,+914359315208,+914239058338,2023-01-03T11:19:00,1930,Indiranagar,TOWER-237
CDR-56D185A8,CASE-0399,+913470946835,+913951625164,2023-06-18T00:04:00,2664,New Town,TOWER-920
CDR-B3881140,CASE-0266,+911782032348,+916657711358,2023-10-15T22:44:00,2744,Bandra Kurla Complex,TOWER-402
CDR-E45D7376,CASE-0495,+911829061073,+919464960742,2023-07-31T03:40:00,997,Andheri West,TOWER-936
CDR-F65EAF64,CASE-0467,+918843545700,+912848587043,2023-03-17T16:19:00,2226,Gurgaon Sector 29,TOWER-884
CDR-E9AECECA,CASE-0493,+916849271897,+912440682429,2023-07-31T15:46:00,1005,Andheri West,TOWER-512
CDR-C7BA5105,CASE-0442,+912440682429,+916209181900,2023-09-06T15:05:00,2834,Gurgaon Sector 29,TOWER-520
CDR-9F1C705B,CASE-0378,+916503137494,+917207789983,2023-01-03T19:40:00,2704,Secunderabad Railway Station,TOWER-525
CDR-222D9BDB,CASE-0208,+910862010900,+914213755183,2023-07-30T06:19:00,277,Hinjewadi,TOWER-744
CDR-BACC2671,CASE-0301,+913147468116,+914124990708,2023-06-12T03:32:00,3564,Jubilee Hills,TOWER-572
CDR-75C4AD5A,CASE-0449,+912440682429,+917830320526,2023-10-21T14:53:00,392,Karol Bagh,TOWER-553
CDR-6B61028E,CASE-0003,+913291506542,+919569243762,2023-09-28T02:13:00,1303,Andheri West,TOWER-108
CDR-236D13C4,CASE-0484,+918454079075,+918764135756,2023-07-04T12:16:00,834,Andheri West,TOWER-188
CDR-B54F7BE4,CASE-0279,+915148982381,+919196673805,2023-04-04T15:10:00,987,Hinjewadi,TOWER-347
CDR-EC066EEC,CASE-0294,+918544112876,+918418097775,2023-02-25T03:06:00,756,Gachibowli,TOWER-279
CDR-58DA5D95,CASE-0148,+913152383180,+915547380757,2023-10-15T15:00:00,264,Anna Nagar,TOWER-553
CDR-2630458C,CASE-0011,+910134604279,+918468364984,2023-07-06T15:52:00,1049,Hinjewadi,TOWER-795
CDR-9366D907,CASE-0282,+914271636761,+916209181900,2023-01-26T12:07:00,1750,Viman Nagar,TOWER-111
CDR-DD4D8B57,CASE-0358,+919872870214,+916209181900,2023-10-01T05:27:00,1628,T Nagar,TOWER-317
CDR-FAA851C9,CASE-0471,+917060340842,+911885956157,2023-05-02T15:04:00,2722,Gachibowli,TOWER-407
CDR-9FBFEF58,CASE-0239,+918343190114,+915138541449,2023-01-01T04:12:00,3385,Secunderabad Railway Station,TOWER-445
CDR-EAC86A32,CASE-0088,+916082178842,+910575810369,2023-09-04T08:36:00,2990,Connaught Place,TOWER-430
CDR-5CCCE331,CASE-0314,+915440751849,+919285450278,2023-06-08T16:31:00,2855,Connaught Place,TOWER-316
CDR-1D89856C,CASE-0458,+912450458673,+916209181900,2023-03-03T17:25:00,2147,Noida Sector 18,TOWER-470
CDR-89C258A0,CASE-0322,+911151048469,+918381905586,2023-06-11T19:46:00,3191,Salt Lake City,TOWER-555
CDR-91D707A1,CASE-0445,+916209181900,+910093936933,2023-08-19T23:08:00,790,Indiranagar,TOWER-999
CDR-F9CE96DA,CASE-0312,+917290393874,+914175868877,2023-08-24T03:03:00,3168,Karol Bagh,TOWER-130
CDR-5E114587,CASE-0399,+914675474930,+916506596219,2023-05-25T08:04:00,2133,Connaught Place,TOWER-964
CDR-3A6D457A,CASE-0036,+919767934534,+917983311163,2023-07-09T07:52:00,2587,Vasant Kunj,TOWER-196
CDR-282E4DAB,CASE-0485,+913547280012,+916209181900,2023-02-15T03:49:00,2832,Andheri West,TOWER-142
CDR-F917F454,CASE-0494,+911332806117,+916276994053,2023-03-18T14:18:00,749,Noida Sector 18,TOWER-847
CDR-AE435CFE,CASE-0376,+911744211261,+914407284692,2023-04-17T15:26:00,3076,Indiranagar,TOWER-125
CDR-C6275546,CASE-0284,+910932627488,+919006022147,2023-01-29T07:05:00,1431,Secunderabad Railway Station,TOWER-660
CDR-88C093CD,CASE-0222,+918843545700,+918843545700,2023-05-05T14:17:00,3005,Hinjewadi,TOWER-442
CDR-89E3E421,CASE-0309,+918624564306,+914453870039,2023-01-09T06:34:00,310,Koramangala,TOWER-248
CDR-E3B5A0C7,CASE-0203,+912848587043,+910539363533,2023-03-27T18:20:00,763,Salt Lake City,TOWER-164
CDR-CC134FED,CASE-0180,+910932627488,+915459941719,2023-06-04T23:12:00,2742,Viman Nagar,TOWER-108
CDR-345F5B31,CASE-0433,+915524123935,+914373875500,2023-05-24T23:43:00,3273,Salt Lake City,TOWER-116
CDR-275D82CA,CASE-0483,+918624564306,+912244601357,2023-04-20T22:50:00,1558,Gachibowli,TOWER-583
CDR-AC81C358,CASE-0132,+913975433895,+919184654046,2023-03-31T19:39:00,2612,New Town,TOWER-720
CDR-1E64FD44,CASE-0445,+916209181900,+916959602906,2023-01-01T13:04:00,2775,Noida Sector 18,TOWER-969
CDR-335B9FDB,CASE-0050,+910326513902,+913681921824,2023-04-11T06:23:00,2121,Karol Bagh,TOWER-308
CDR-893762EB,CASE-0491,+918235993460,+912728780770,2023-09-27T04:33:00,367,New Town,TOWER-315
CDR-CB979F7D,CASE-0294,+918973158719,+917215965145,2023-10-25T04:20:00,1224,Karol Bagh,TOWER-501
CDR-F1ABA17F,CASE-0473,+917253189807,+913547280012,2023-09-23T11:58:00,1679,Indiranagar,TOWER-252
CDR-9C36F903,CASE-0404,+915850796909,+916149180999,2023-08-25T13:48:00,3162,Connaught Place,TOWER-826
CDR-8CFB5663,CASE-0309,+918020665753,+910016723100,2023-03-15T19:01:00,3132,Connaught Place,TOWER-897
CDR-CCF77F46,CASE-0289,+912612894036,+919373476107,2023-09-12T15:05:00,835,Noida Sector 18,TOWER-468
CDR-B6BC9EE7,CASE-0013,+911143514686,+914605197195,2023-01-27T13:37:00,2349,Andheri West,TOWER-757
CDR-C098FFB0,CASE-0263,+911350676473,+917493479965,2023-03-01T05:24:00,1683,Koramangala,TOWER-403
CDR-6E264D6E,CASE-0136,+910093439981,+914940253391,2023-01-29T17:46:00,3221,Gachibowli,TOWER-558
CDR-838BE321,CASE-0256,+911455088940,+913220822982,2023-05-27T21:34:00,2524,Gachibowli,TOWER-150
CDR-BEEDE646,CASE-0482,+913924100997,+917290393874,2023-02-16T16:43:00,3430,T Nagar,TOWER-583
CDR-60E70C93,CASE-0468,+913975433895,+916623778165,2023-04-26T14:06:00,2277,Indiranagar,TOWER-922
CDR-411376EE,CASE-0003,+913291506542,+916560328929,2023-03-26T21:07:00,2206,Gurgaon Sector 29,TOWER-671
CDR-DE0EB4D6,CASE-0116,+912012248176,+911296000471,2023-01-06T15:24:00,2446,Gurgaon Sector 29,TOWER-932
CDR-8C5C1697,CASE-0323,+919062778005,+914817176118,2023-03-13T23:35:00,3314,Gachibowli,TOWER-887
CDR-B9888D69,CASE-0066,+910685007878,+913975433895,2023-05-30T15:00:00,39,Hinjewadi,TOWER-443
CDR-93EBEA5E,CASE-0342,+919668738453,+919565199765,2023-02-08T22:21:00,3009,Salt Lake City,TOWER-764
CDR-1542CC4A,CASE-0325,+912652774044,+912821373037,2023-05-07T21:13:00,2827,Karol Bagh,TOWER-872
CDR-BFC5251A,CASE-0051,+911441867515,+918244346061,2023-08-29T05:48:00,2440,New Town,TOWER-126
CDR-CDB8AAF2,CASE-0335,+911052932004,+917068426996,2023-07-12T11:44:00,3270,Anna Nagar,TOWER-390
CDR-A42CC55B,CASE-0200,+917290393874,+912062619351,2023-01-26T20:21:00,442,T Nagar,TOWER-278
CDR-F0ADF4C4,CASE-0398,+917459717441,+914540022799,2023-04-26T01:18:00,1878,Connaught Place,TOWER-129
CDR-0C3DC8D5,CASE-0411,+917052444364,+911212070624,2023-08-18T13:56:00,1782,Jubilee Hills,TOWER-172
CDR-D03437C9,CASE-0258,+914938985775,+914939730183,2023-04-21T18:37:00,3565,Anna Nagar,TOWER-193
CDR-7511316E,CASE-0375,+910816354402,+912736194268,2023-07-31T11:26:00,807,Salt Lake City,TOWER-670
CDR-6B24BBF7,CASE-0488,+913479765413,+914056152374,2023-05-28T03:44:00,1352,Anna Nagar,TOWER-505
CDR-D057CC9F,CASE-0483,+918624564306,+919692412914,2023-04-13T02:17:00,2796,Secunderabad Railway Station,TOWER-994
CDR-1A7E7D2E,CASE-0229,+910539363533,+913975433895,2023-05-15T17:53:00,1754,Connaught Place,TOWER-372
CDR-B9005A39,CASE-0298,+916961255007,+911885956157,2023-04-16T11:47:00,1820,Secunderabad Railway Station,TOWER-120
CDR-0BB8DCFD,CASE-0475,+914399993108,+917798986503,2023-05-24T15:26:00,2258,Hinjewadi,TOWER-375
CDR-FDEF2A94,CASE-0216,+914271636761,+914358960790,2023-03-25T04:25:00,823,Bandra Kurla Complex,TOWER-714
CDR-04EBF8F3,CASE-0387,+915401475726,+912226183977,2023-08-30T14:57:00,1603,Jubilee Hills,TOWER-137
CDR-96BF387F,CASE-0197,+918545155824,+911782032348,2023-09-29T09:49:00,1930,Vasant Kunj,TOWER-998
CDR-BB9848BF,CASE-0067,+914074236407,+914831700663,2023-10-19T17:53:00,2500,Noida Sector 18,TOWER-240
CDR-AEF3EDBB,CASE-0083,+911563803393,+911763467047,2023-10-12T20:50:00,2947,Hinjewadi,TOWER-691
CDR-6FE9D450,CASE-0243,+911402256863,+917769973656,2023-01-23T15:16:00,2702,Gurgaon Sector 29,TOWER-369
CDR-1EFBDBBC,CASE-0028,+915024878084,+915417020464,2023-01-18T20:29:00,3109,Jubilee Hills,TOWER-988
CDR-ADC2BE12,CASE-0303,+914282601805,+916514246617,2023-02-14T05:17:00,2056,Karol Bagh,TOWER-185
CDR-B8E59E1F,CASE-0422,+918545155824,+917290393874,2023-09-05T05:36:00,1260,Viman Nagar,TOWER-439
CDR-17E358AE,CASE-0452,+914542676001,+914909484921,2023-10-17T11:40:00,2824,New Town,TOWER-929
CDR-87BF031F,CASE-0488,+911340095113,+916065228464,2023-07-16T12:37:00,2279,Gachibowli,TOWER-149
CDR-6CF038D9,CASE-0201,+915950179837,+913344436580,2023-02-06T23:30:00,1339,Indiranagar,TOWER-164
CDR-4251C1C3,CASE-0415,+910436342708,+915771557771,2023-05-17T23:35:00,919,Secunderabad Railway Station,TOWER-688
CDR-B51B6CB1,CASE-0323,+919062778005,+913088746136,2023-10-02T21:54:00,573,Anna Nagar,TOWER-970
CDR-065E9876,CASE-0260,+911444441476,+918151662925,2023-03-24T02:48:00,1864,Noida Sector 18,TOWER-440
CDR-BABFBC2B,CASE-0381,+919139247700,+914584665062,2023-02-15T07:01:00,2535,Koramangala,TOWER-737
CDR-57CE3730,CASE-0188,+919005967146,+913085989832,2023-04-19T16:31:00,298,Salt Lake City,TOWER-227
CDR-DC3A3D4F,CASE-0005,+916436535294,+918786824005,2023-05-26T15:53:00,1363,Bandra Kurla Complex,TOWER-374
CDR-8C6D2BA5,CASE-0142,+911259172661,+910753540823,2023-05-31T01:30:00,2360,Connaught Place,TOWER-812
CDR-AEB10C9D,CASE-0011,+910134604279,+911521861240,2023-01-30T19:23:00,401,Jubilee Hills,TOWER-657
CDR-727A2FBE,CASE-0048,+913969460154,+919458484561,2023-07-09T02:53:00,1864,Jubilee Hills,TOWER-356
CDR-25ADDF52,CASE-0080,+917607880395,+913230989919,2023-02-26T11:25:00,1680,Andheri West,TOWER-227
CDR-9D304419,CASE-0184,+910932627488,+910932627488,2023-01-04T06:51:00,2625,Viman Nagar,TOWER-762
CDR-D70691CF,CASE-0311,+914239058338,+915920116378,2023-03-21T17:48:00,631,Bandra Kurla Complex,TOWER-103
CDR-4C84A129,CASE-0078,+910539363533,+912072042510,2023-05-22T04:42:00,3134,Andheri West,TOWER-548
CDR-428256C7,CASE-0110,+912593253658,+914271636761,2023-01-01T09:19:00,403,Koramangala,TOWER-579
CDR-600B2BE0,CASE-0067,+914074236407,+914175868877,2023-01-05T13:39:00,2682,Viman Nagar,TOWER-718
CDR-D8568929,CASE-0089,+919130631889,+913662038129,2023-08-20T04:14:00,3047,Karol Bagh,TOWER-153
CDR-B379B2C0,CASE-0077,+919207168522,+910771186795,2023-06-05T20:51:00,1263,Indiranagar,TOWER-912
CDR-7C8334C6,CASE-0309,+918624564306,+914463724675,2023-03-27T03:27:00,897,Connaught Place,TOWER-507
CDR-06F94892,CASE-0176,+913520293182,+919366000872,2023-10-17T07:37:00,3464,T Nagar,TOWER-124
CDR-85D3E958,CASE-0149,+911228616558,+916647312281,2023-08-16T12:05:00,55,Viman Nagar,TOWER-823
CDR-30F8F356,CASE-0403,+915403528073,+917260885676,2023-04-16T05:10:00,2235,New Town,TOWER-418
CDR-786DA996,CASE-0459,+918352102417,+918880009884,2023-10-08T03:43:00,2439,Indiranagar,TOWER-165
CDR-E72D197E,CASE-0184,+910932627488,+912062619351,2023-02-21T11:30:00,345,Connaught Place,TOWER-772
CDR-80F54F67,CASE-0071,+911614562294,+912426804015,2023-08-17T13:27:00,816,Secunderabad Railway Station,TOWER-448
CDR-E83F0866,CASE-0118,+919311749984,+912932457561,2023-04-12T22:45:00,226,New Town,TOWER-755
CDR-873DEE97,CASE-0487,+919982807710,+913967092791,2023-01-28T08:10:00,2538,Vasant Kunj,TOWER-767
CDR-ED8EDB4F,CASE-0002,+918915188518,+914359315208,2023-09-02T09:28:00,3265,Viman Nagar,TOWER-137
CDR-F64535FD,CASE-0400,+911239687906,+910101173267,2023-10-08T02:15:00,619,Hinjewadi,TOWER-772
CDR-35638318,CASE-0474,+919172554879,+913754160518,2023-01-18T21:04:00,183,Bandra Kurla Complex,TOWER-839
CDR-DF9C0BA4,CASE-0213,+914271636761,+914271636761,2023-08-18T20:37:00,2447,Jubilee Hills,TOWER-767
CDR-F71A8768,CASE-0079,+914721978064,+916769888531,2023-02-16T07:02:00,57,Karol Bagh,TOWER-969
CDR-CA2413D9,CASE-0231,+919916506162,+915492691544,2023-09-17T03:45:00,1116,Gurgaon Sector 29,TOWER-970
CDR-B14ACB40,CASE-0244,+913828987535,+914045869726,2023-01-23T11:15:00,1894,Viman Nagar,TOWER-407
CDR-121D29CC,CASE-0209,+919764096857,+916896188721,2023-09-04T23:36:00,879,Gurgaon Sector 29,TOWER-554
CDR-BFD49C63,CASE-0068,+914813120521,+912440682429,2023-06-01T19:27:00,882,Jubilee Hills,TOWER-482
CDR-FC0F9061,CASE-0316,+910351193387,+913237850047,2023-06-24T03:03:00,146,Secunderabad Railway Station,TOWER-590
CDR-120D5932,CASE-0388,+918646745808,+912970758112,2023-05-08T16:30:00,2966,Andheri West,TOWER-274
CDR-C7AFC06F,CASE-0068,+914239058338,+912440682429,2023-05-26T09:13:00,1363,Noida Sector 18,TOWER-778
CDR-EAAA24F8,CASE-0186,+916367870316,+911212763862,2023-01-24T16:00:00,2647,Gachibowli,TOWER-174
CDR-3C3C8863,CASE-0231,+916780341720,+910548859364,2023-10-17T08:49:00,806,Viman Nagar,TOWER-836
CDR-81C413B8,CASE-0295,+917295023177,+914813120521,2023-07-14T22:04:00,3413,Jubilee Hills,TOWER-493
CDR-8DE9311C,CASE-0461,+917805310423,+910081997892,2023-09-05T02:13:00,475,Bandra Kurla Complex,TOWER-461
CDR-3ADA7837,CASE-0456,+917015744250,+912252137521,2023-02-26T16:56:00,222,Viman Nagar,TOWER-655
CDR-E0B06546,CASE-0176,+913520293182,+910014866196,2023-03-29T22:53:00,2539,Anna Nagar,TOWER-962
CDR-CEB9F06E,CASE-0012,+910791072876,+913545802551,2023-07-13T17:17:00,3474,Connaught Place,TOWER-439
CDR-98F5DDC9,CASE-0399,+913470946835,+919917379979,2023-10-21T23:10:00,2483,Noida Sector 18,TOWER-112
CDR-157A3177,CASE-0337,+914417302396,+915039858989,2023-03-28T06:11:00,3249,Koramangala,TOWER-853
CDR-58C35B97,CASE-0284,+918299143162,+915177884194,2023-09-28T00:04:00,1364,Salt Lake City,TOWER-950
CDR-96AB2C34,CASE-0485,+913547280012,+915024878084,2023-01-15T16:31:00,93,Salt Lake City,TOWER-215
CDR-2CED11C8,CASE-0491,+918235993460,+918568020830,2023-03-16T19:28:00,1799,Indiranagar,TOWER-848
CDR-1D01E458,CASE-0333,+917879811619,+912110288951,2023-05-09T06:40:00,3566,Gachibowli,TOWER-408
CDR-2B129D91,CASE-0312,+911885956157,+914000038259,2023-04-16T06:54:00,324,Gurgaon Sector 29,TOWER-383
CDR-4DB2F887,CASE-0072,+915041435052,+912455428970,2023-06-22T05:14:00,2676,Noida Sector 18,TOWER-628
CDR-B4AF4F86,CASE-0038,+913961941329,+914362273275,2023-09-05T05:23:00,2162,Secunderabad Railway Station,TOWER-653
CDR-A6A79FED,CASE-0139,+912998632328,+915046400546,2023-04-28T23:13:00,672,Hinjewadi,TOWER-305
CDR-44E25DAB,CASE-0345,+913676586202,+912590954397,2023-03-24T19:40:00,3263,Secunderabad Railway Station,TOWER-943
CDR-BBB3DC2B,CASE-0402,+918742614667,+912848587043,2023-10-04T11:54:00,2858,Bandra Kurla Complex,TOWER-474
CDR-75C3377C,CASE-0468,+915466407216,+915920260885,2023-07-26T03:04:00,3059,Connaught Place,TOWER-745
CDR-1599E8EF,CASE-0455,+914193034605,+918204988694,2023-02-14T09:54:00,3231,Jubilee Hills,TOWER-102
CDR-AF71D272,CASE-0160,+918684724500,+911002421982,2023-03-17T09:39:00,1911,Noida Sector 18,TOWER-816
CDR-9241D40F,CASE-0398,+917459717441,+913740112956,2023-10-20T11:18:00,839,Secunderabad Railway Station,TOWER-256
CDR-512E2B83,CASE-0426,+910753540823,+918503264191,2023-08-26T14:33:00,2776,Karol Bagh,TOWER-521
CDR-7AEC5133,CASE-0138,+911953201389,+913265738356,2023-05-24T13:56:00,114,Karol Bagh,TOWER-486
CDR-722EB44A,CASE-0376,+914675877093,+919623556028,2023-07-15T04:05:00,2005,Gurgaon Sector 29,TOWER-496
CDR-83580E8A,CASE-0492,+911069703138,+916146709764,2023-04-26T18:47:00,1146,Viman Nagar,TOWER-214
CDR-DCDDD9B3,CASE-0003,+913291506542,+915888691887,2023-03-18T12:51:00,627,Vasant Kunj,TOWER-619
CDR-E817DF49,CASE-0216,+913331862342,+915990921725,2023-03-25T20:00:00,2099,T Nagar,TOWER-928
CDR-B7166468,CASE-0320,+916716078468,+912668435620,2023-06-18T00:05:00,231,Secunderabad Railway Station,TOWER-264
CDR-427D0D1C,CASE-0460,+910907184766,+913357800010,2023-07-10T03:50:00,3156,Viman Nagar,TOWER-978
CDR-E8F0C615,CASE-0122,+915473439619,+913967092791,2023-08-17T09:23:00,836,Connaught Place,TOWER-184
CDR-DD35462F,CASE-0268,+910629220881,+911807879620,2023-02-09T23:53:00,59,Karol Bagh,TOWER-419
CDR-55651667,CASE-0453,+910047578748,+913339109858,2023-09-15T16:48:00,1627,Karol Bagh,TOWER-473
CDR-CE02F948,CASE-0499,+914810183675,+916476078134,2023-09-24T16:15:00,1269,Secunderabad Railway Station,TOWER-893
CDR-A26EF340,CASE-0341,+915252490058,+914359315208,2023-01-20T23:19:00,1691,Connaught Place,TOWER-798
CDR-5CF90B61,CASE-0164,+911885956157,+915711513802,2023-01-01T22:15:00,3420,Hinjewadi,TOWER-653
CDR-EEB35327,CASE-0404,+915850796909,+919713512400,2023-01-18T19:09:00,2788,Connaught Place,TOWER-334
CDR-B3A99E0E,CASE-0117,+913044490643,+917714443195,2023-04-14T07:26:00,3412,Karol Bagh,TOWER-219
CDR-C46CFC24,CASE-0249,+911885956157,+918545155824,2023-09-04T09:51:00,3011,Hinjewadi,TOWER-294
CDR-EF1A1D0B,CASE-0117,+913275916311,+919839357523,2023-04-14T20:25:00,2339,Salt Lake City,TOWER-814
CDR-75F51898,CASE-0082,+914449595368,+918613200912,2023-05-23T22:43:00,2366,Gurgaon Sector 29,TOWER-499
CDR-52041C06,CASE-0471,+917060340842,+911669079989,2023-03-23T02:19:00,1390,Andheri West,TOWER-264
CDR-A8314AB7,CASE-0299,+910122351319,+910763888036,2023-09-25T03:40:00,1400,Karol Bagh,TOWER-491
CDR-13021B35,CASE-0275,+915527465681,+910539363533,2023-07-12T16:40:00,271,Anna Nagar,TOWER-407
CDR-8A04C1CF,CASE-0270,+915041435052,+918843545700,2023-05-26T14:02:00,2780,Gurgaon Sector 29,TOWER-276
CDR-83444D38,CASE-0156,+911140184254,+918632091019,2023-07-18T02:46:00,663,Bandra Kurla Complex,TOWER-469
CDR-7B836BBA,CASE-0045,+915246977904,+919416936031,2023-08-23T03:46:00,3045,Secunderabad Railway Station,TOWER-628
CDR-78466CFF,CASE-0500,+915094036224,+917058211751,2023-08-10T00:17:00,3036,Hinjewadi,TOWER-459
CDR-B95218E1,CASE-0108,+914271636761,+910753540823,2023-02-16T05:20:00,2432,Connaught Place,TOWER-172
CDR-BF8BE9BD,CASE-0047,+910796644866,+912472656292,2023-06-04T14:25:00,2693,Jubilee Hills,TOWER-217
CDR-8AC9FCE4,CASE-0138,+913895269478,+917198222578,2023-06-05T10:07:00,3075,Gachibowli,TOWER-878
CDR-8F525566,CASE-0383,+915867724943,+917450524577,2023-08-10T19:30:00,3341,Vasant Kunj,TOWER-861
CDR-25F87FF5,CASE-0148,+913152383180,+913049981217,2023-03-14T13:21:00,1663,Connaught Place,TOWER-477
CDR-AFCF216A,CASE-0172,+914932002737,+912858872341,2023-07-25T17:39:00,1010,T Nagar,TOWER-525
CDR-3F293C95,CASE-0083,+911563803393,+913833686487,2023-01-25T08:18:00,3376,Karol Bagh,TOWER-722
CDR-597CD96F,CASE-0276,+914563333136,+913064178662,2023-06-16T21:50:00,3455,Jubilee Hills,TOWER-696
CDR-33B34F07,CASE-0484,+918454079075,+910539363533,2023-03-07T10:53:00,493,Secunderabad Railway Station,TOWER-982
CDR-D11E2A84,CASE-0316,+910351193387,+913346976826,2023-03-01T17:27:00,3010,Gachibowli,TOWER-727
CDR-238EEFF3,CASE-0097,+910539363533,+910932627488,2023-02-25T22:26:00,2659,Koramangala,TOWER-271
CDR-6E6A9DB8,CASE-0452,+912062619351,+917071393145,2023-01-30T17:01:00,844,Jubilee Hills,TOWER-733
CDR-45E3D2FA,CASE-0222,+918843545700,+919981461841,2023-05-10T10:09:00,515,Gachibowli,TOWER-591
CDR-41BB14EC,CASE-0483,+918624564306,+914306358860,2023-04-19T13:07:00,2341,Jubilee Hills,TOWER-646
CDR-A4BD3530,CASE-0500,+911307135613,+913553263565,2023-03-22T14:47:00,534,Gachibowli,TOWER-707
CDR-45190E7B,CASE-0334,+918254998779,+918545155824,2023-03-04T14:10:00,3580,Secunderabad Railway Station,TOWER-840
CDR-C9AFB728,CASE-0234,+910000103705,+915002007763,2023-03-09T03:49:00,55,Noida Sector 18,TOWER-199
CDR-4577F742,CASE-0378,+916503137494,+917540620677,2023-05-21T02:13:00,1306,Secunderabad Railway Station,TOWER-427
CDR-A275264E,CASE-0163,+913084772999,+915362592765,2023-04-28T19:54:00,2470,Viman Nagar,TOWER-377
CDR-52712779,CASE-0179,+913975433895,+918843545700,2023-09-02T12:13:00,628,T Nagar,TOWER-182
CDR-86519DF9,CASE-0219,+911920720730,+916393015384,2023-04-28T23:24:00,2930,New Town,TOWER-925
CDR-622DFB21,CASE-0207,+915191308126,+913296633301,2023-05-04T09:01:00,3114,Indiranagar,TOWER-564
CDR-D8BEA5DE,CASE-0337,+916807155008,+916733447565,2023-05-22T08:20:00,1725,Karol Bagh,TOWER-965
CDR-2A985BDE,CASE-0316,+910351193387,+918646745808,2023-03-30T20:34:00,87,Koramangala,TOWER-467
CDR-F71D06E5,CASE-0217,+918994187632,+915222623237,2023-07-01T07:07:00,767,Gurgaon Sector 29,TOWER-433
CDR-CD53EB8E,CASE-0081,+911322995558,+913321265470,2023-08-14T11:56:00,2794,Vasant Kunj,TOWER-362
CDR-083F0465,CASE-0002,+913601309591,+913925380528,2023-07-08T15:39:00,1724,Gurgaon Sector 29,TOWER-629
CDR-2E1D4AAE,CASE-0130,+918529666232,+910791270048,2023-03-03T10:42:00,1711,Anna Nagar,TOWER-496
CDR-06B5A493,CASE-0166,+914271636761,+911993432891,2023-09-02T17:28:00,3375,Hinjewadi,TOWER-479
CDR-025FAE7A,CASE-0081,+919311749984,+915657684687,2023-04-16T14:31:00,232,Karol Bagh,TOWER-624
CDR-7B35BC88,CASE-0321,+913864155419,+916807098357,2023-02-08T06:18:00,1915,Andheri West,TOWER-941
CDR-B90B7477,CASE-0380,+916410588760,+914595276118,2023-08-28T21:18:00,2242,Indiranagar,TOWER-771
CDR-C2860EC8,CASE-0013,+913102509094,+912476142662,2023-08-29T08:51:00,806,Viman Nagar,TOWER-351
CDR-18D03009,CASE-0141,+912148739181,+913063802702,2023-05-20T18:28:00,2897,Andheri West,TOWER-132
CDR-FB5BD5A6,CASE-0107,+913020737937,+914791799221,2023-06-09T14:46:00,1431,Jubilee Hills,TOWER-624
CDR-028FFE9F,CASE-0038,+915792179624,+912762793922,2023-04-16T15:45:00,1744,Andheri West,TOWER-448
CDR-7DAA1FCB,CASE-0279,+910932627488,+919458484561,2023-06-23T05:42:00,2549,Jubilee Hills,TOWER-848
CDR-DCF54E83,CASE-0423,+910932627488,+917290393874,2023-05-26T22:18:00,818,Noida Sector 18,TOWER-977
CDR-7AA064BD,CASE-0107,+913020737937,+910141857858,2023-08-11T09:33:00,228,Bandra Kurla Complex,TOWER-792
CDR-BD090F8F,CASE-0248,+918646745808,+917053190189,2023-02-28T03:15:00,2709,Secunderabad Railway Station,TOWER-298
CDR-48B695A1,CASE-0181,+914271636761,+912455374245,2023-01-12T02:30:00,3188,Viman Nagar,TOWER-634
CDR-969BC1DB,CASE-0335,+918027652954,+918902773379,2023-04-06T10:57:00,1531,Gachibowli,TOWER-671
CDR-00DE6C3A,CASE-0131,+910956977119,+918221509534,2023-03-15T04:19:00,833,Noida Sector 18,TOWER-114
CDR-AB78E26C,CASE-0158,+914239058338,+919991587833,2023-05-18T06:34:00,1506,Jubilee Hills,TOWER-444
CDR-21FD6B5B,CASE-0470,+912953868017,+911031870111,2023-02-13T23:55:00,2186,Bandra Kurla Complex,TOWER-836
CDR-7AEBA90D,CASE-0211,+910698096181,+919308722787,2023-01-07T23:18:00,928,Anna Nagar,TOWER-324
CDR-512A773A,CASE-0063,+913967092791,+916783393418,2023-09-15T16:10:00,2249,Hinjewadi,TOWER-842
CDR-02040EC1,CASE-0327,+910351193387,+918083661145,2023-07-06T20:56:00,1151,Indiranagar,TOWER-482
CDR-87F56472,CASE-0061,+911341083704,+918764643531,2023-06-18T03:30:00,1964,Vasant Kunj,TOWER-440
CDR-2CCB0130,CASE-0230,+919315039720,+916642126733,2023-05-04T11:06:00,3176,Noida Sector 18,TOWER-805
CDR-12E44AAC,CASE-0251,+918545155824,+912530013427,2023-08-16T15:02:00,2346,Noida Sector 18,TOWER-895
CDR-5BE895E9,CASE-0280,+913391378754,+911931322620,2023-06-02T18:10:00,679,Jubilee Hills,TOWER-603
CDR-4ECAF7E0,CASE-0414,+910698567496,+919373380009,2023-01-25T02:51:00,3345,Anna Nagar,TOWER-985
CDR-797FC205,CASE-0455,+914707325228,+919824084457,2023-07-19T00:13:00,462,New Town,TOWER-577
CDR-FD5F20F3,CASE-0434,+914239058338,+915920116378,2023-07-19T05:02:00,1824,Jubilee Hills,TOWER-202
CDR-BF12BE2D,CASE-0296,+917843223605,+916209181900,2023-06-11T23:42:00,2355,Noida Sector 18,TOWER-710
CDR-0C9B90FF,CASE-0187,+918843545700,+913136520766,2023-08-13T19:51:00,2762,Viman Nagar,TOWER-519
CDR-59FEDB5E,CASE-0377,+914577212430,+916472213429,2023-01-02T04:28:00,2435,Vasant Kunj,TOWER-754
CDR-389B15CF,CASE-0412,+917394537329,+911730856024,2023-01-24T20:55:00,2909,Gachibowli,TOWER-585
CDR-2C6D0549,CASE-0048,+910635137374,+916703019456,2023-09-23T13:04:00,1188,Viman Nagar,TOWER-133
CDR-6B6AB434,CASE-0043,+913784597000,+910335531195,2023-06-05T05:24:00,2117,Connaught Place,TOWER-414
CDR-82C633AD,CASE-0110,+915962092256,+911782032348,2023-07-19T02:38:00,1324,Anna Nagar,TOWER-853
CDR-F60F11EE,CASE-0154,+914239058338,+914239058338,2023-02-13T23:16:00,1687,Noida Sector 18,TOWER-333
CDR-0C5BA273,CASE-0245,+913975433895,+918843545700,2023-08-16T07:06:00,1422,Hinjewadi,TOWER-796
CDR-7D789299,CASE-0031,+915515729662,+910526499046,2023-05-30T08:16:00,3073,Anna Nagar,TOWER-897
CDR-34594BB4,CASE-0127,+912594357937,+911809481777,2023-07-28T00:57:00,1731,Koramangala,TOWER-688
CDR-06D662D1,CASE-0414,+913958454431,+912473988618,2023-07-11T23:14:00,746,Connaught Place,TOWER-468
CDR-837D3BB4,CASE-0364,+912859902923,+916062182969,2023-07-21T23:54:00,567,Karol Bagh,TOWER-169
CDR-6ADE57F2,CASE-0413,+912652392093,+914175868877,2023-10-23T22:44:00,1228,Connaught Place,TOWER-764
CDR-847AE729,CASE-0116,+910720792206,+915979675744,2023-04-17T21:10:00,3481,Bandra Kurla Complex,TOWER-726
CDR-EBA2C534,CASE-0075,+910539363533,+912281293148,2023-01-03T17:33:00,579,Koramangala,TOWER-987
CDR-E5BC8DCF,CASE-0273,+914359315208,+910030550480,2023-02-14T02:31:00,2610,Jubilee Hills,TOWER-110
CDR-5F85A83E,CASE-0265,+919823918019,+913450810742,2023-05-23T01:17:00,2766,T Nagar,TOWER-635
CDR-EF9BE0D8,CASE-0454,+918778213985,+913967092791,2023-10-13T10:24:00,737,Karol Bagh,TOWER-770
CDR-1BB187D4,CASE-0275,+918545155824,+917290393874,2023-02-17T14:27:00,2000,Hinjewadi,TOWER-741
CDR-7C7809C6,CASE-0452,+917290393874,+912062619351,2023-06-07T13:05:00,3375,Gachibowli,TOWER-893
CDR-2F8AAF0D,CASE-0333,+917975656362,+919022189540,2023-10-03T00:10:00,595,Gurgaon Sector 29,TOWER-787
CDR-83499580,CASE-0152,+915472697341,+913252726245,2023-01-11T18:41:00,1518,Jubilee Hills,TOWER-393
CDR-ADE25FB7,CASE-0272,+914271636761,+914600587728,2023-03-25T21:29:00,1975,Jubilee Hills,TOWER-798
CDR-867CDB1D,CASE-0277,+915437501020,+918925308352,2023-01-04T09:54:00,248,Jubilee Hills,TOWER-922
CDR-872EC3B5,CASE-0247,+918435255991,+914911015782,2023-09-09T17:11:00,582,Bandra Kurla Complex,TOWER-390
CDR-6409C3F0,CASE-0269,+917290393874,+913547280012,2023-01-29T21:34:00,156,Noida Sector 18,TOWER-961
CDR-FF7BC772,CASE-0076,+911782032348,+915527465681,2023-09-29T21:04:00,147,Connaught Place,TOWER-112
CDR-34CB80C1,CASE-0414,+910698567496,+917387434546,2023-03-06T16:43:00,2576,Vasant Kunj,TOWER-666
CDR-2C5E8850,CASE-0138,+911401166695,+919341934137,2023-01-14T07:13:00,1429,Indiranagar,TOWER-379
CDR-BD206124,CASE-0455,+918703732070,+917184864451,2023-07-01T16:33:00,1349,Indiranagar,TOWER-619
CDR-1862F577,CASE-0003,+913291506542,+918396614137,2023-01-26T00:58:00,318,Gachibowli,TOWER-695
CDR-F6A4E4DF,CASE-0264,+914359315208,+912440682429,2023-07-10T03:59:00,2748,Hinjewadi,TOWER-913
CDR-099A5F95,CASE-0380,+917492762828,+915964638719,2023-04-02T19:09:00,2386,Vasant Kunj,TOWER-493
CDR-CA84A638,CASE-0161,+915148982381,+911578393354,2023-01-06T14:14:00,1859,Salt Lake City,TOWER-178
CDR-DFF5F7C2,CASE-0315,+910770357861,+915556132607,2023-03-28T12:42:00,2358,Anna Nagar,TOWER-316
CDR-8BCA8445,CASE-0263,+911350676473,+913447607451,2023-06-25T07:03:00,3588,Viman Nagar,TOWER-928
CDR-F3391230,CASE-0224,+916209181900,+916209181900,2023-06-24T01:00:00,1248,Secunderabad Railway Station,TOWER-235
CDR-EB44535A,CASE-0475,+914399993108,+918818340533,2023-05-23T01:40:00,208,Connaught Place,TOWER-267
CDR-9DE0D8B4,CASE-0307,+914359315208,+915920116378,2023-02-04T15:58:00,2935,Jubilee Hills,TOWER-666
CDR-C17767EF,CASE-0208,+917504172810,+914175868877,2023-04-24T05:20:00,2487,Anna Nagar,TOWER-707
CDR-3D771DA3,CASE-0049,+915061373475,+914359315208,2023-03-19T06:51:00,1917,Vasant Kunj,TOWER-426
CDR-F09601AA,CASE-0069,+916209181900,+916209181900,2023-06-04T12:07:00,2939,Hinjewadi,TOWER-111
CDR-677484CD,CASE-0002,+918913096158,+911182887465,2023-02-15T21:02:00,2903,Koramangala,TOWER-603
CDR-BE81FF1A,CASE-0445,+910753540823,+918624564306,2023-06-26T23:46:00,2120,Gachibowli,TOWER-925
CDR-4225B94C,CASE-0171,+919766705777,+911240796856,2023-01-01T18:33:00,2634,Gurgaon Sector 29,TOWER-201
CDR-0F6808C9,CASE-0159,+917041892122,+919584847891,2023-05-24T01:56:00,1169,T Nagar,TOWER-201
CDR-2FA425B7,CASE-0060,+916056945064,+914871977029,2023-02-11T20:19:00,3229,T Nagar,TOWER-795
CDR-4338357C,CASE-0009,+917504287667,+912123370756,2023-09-10T10:36:00,1738,Anna Nagar,TOWER-225
CDR-C7864479,CASE-0346,+912440682429,+912545494910,2023-04-27T12:37:00,175,Karol Bagh,TOWER-955
CDR-1CC331EF,CASE-0462,+913852811985,+918279696020,2023-09-20T10:15:00,2015,Bandra Kurla Complex,TOWER-938
CDR-9A8024AD,CASE-0132,+918843545700,+915148982381,2023-09-09T11:10:00,2687,T Nagar,TOWER-133
CDR-8BCA5A88,CASE-0028,+917612409352,+917430796755,2023-10-13T09:45:00,3183,Hinjewadi,TOWER-740
CDR-D06BB22D,CASE-0152,+915472697341,+910085644795,2023-04-12T17:57:00,2060,Andheri West,TOWER-721
CDR-7385DE70,CASE-0047,+917960486231,+915601252974,2023-01-27T11:12:00,902,Connaught Place,TOWER-430
CDR-AB15A9BB,CASE-0446,+916835699095,+913969857129,2023-03-07T03:13:00,1783,Koramangala,TOWER-132
CDR-BCB06E29,CASE-0476,+915024878084,+913967092791,2023-05-17T22:18:00,2451,Noida Sector 18,TOWER-737
CDR-CACACC4A,CASE-0445,+910753540823,+910753540823,2023-09-27T19:53:00,1759,Indiranagar,TOWER-596
CDR-C6149BEA,CASE-0265,+917174127261,+914135216542,2023-09-25T07:58:00,2999,Anna Nagar,TOWER-673
CDR-2D266F99,CASE-0201,+912848587043,+915125580187,2023-08-03T05:20:00,2742,Koramangala,TOWER-531
CDR-27C28578,CASE-0177,+911043729127,+911970480200,2023-04-08T14:01:00,3583,T Nagar,TOWER-240
CDR-968BEA9F,CASE-0327,+910351193387,+917035357778,2023-03-20T23:58:00,1318,Koramangala,TOWER-117
CDR-11819019,CASE-0101,+910582788962,+917561683499,2023-01-14T21:33:00,2012,Bandra Kurla Complex,TOWER-927
CDR-07092B2D,CASE-0410,+917804184511,+914271636761,2023-02-27T12:24:00,1863,Vasant Kunj,TOWER-930
CDR-47CFD5E8,CASE-0445,+916209181900,+919153147876,2023-10-04T13:00:00,801,T Nagar,TOWER-843
CDR-7E8062D1,CASE-0252,+915385407113,+917717481603,2023-03-24T15:22:00,216,Andheri West,TOWER-689
CDR-5C997F5B,CASE-0291,+915720825366,+919682339499,2023-06-07T10:24:00,2881,T Nagar,TOWER-473
CDR-A9AB5680,CASE-0251,+918545155824,+911885956157,2023-10-25T06:39:00,921,Vasant Kunj,TOWER-917
CDR-E2C46F29,CASE-0344,+915318763411,+912062619351,2023-05-19T00:08:00,2290,Hinjewadi,TOWER-544
CDR-94E67A62,CASE-0078,+910190020949,+911885956157,2023-08-09T10:47:00,1540,Andheri West,TOWER-498
CDR-0D82815A,CASE-0332,+913520745949,+911476262588,2023-04-29T15:57:00,1969,Indiranagar,TOWER-189
CDR-441FC723,CASE-0488,+919591289771,+913523380439,2023-04-17T16:51:00,2602,Salt Lake City,TOWER-935
CDR-CA4E703C,CASE-0314,+917286321325,+910155224868,2023-10-23T08:45:00,1135,Anna Nagar,TOWER-823
CDR-3BAEA484,CASE-0464,+913474857961,+917716302180,2023-08-28T15:04:00,1818,Viman Nagar,TOWER-234
CDR-6DD84849,CASE-0407,+919112408871,+919977176366,2023-01-10T23:43:00,3517,Noida Sector 18,TOWER-867
CDR-9B981956,CASE-0387,+914905279750,+919607296274,2023-02-11T14:57:00,978,Gachibowli,TOWER-967
CDR-487A5AA6,CASE-0277,+915437501020,+911632820105,2023-09-26T00:20:00,3589,Karol Bagh,TOWER-288
CDR-1ACAE7FB,CASE-0372,+918373992937,+919470592277,2023-08-15T10:40:00,367,Vasant Kunj,TOWER-959
CDR-17AE2D5D,CASE-0460,+910907184766,+914815025930,2023-09-14T12:29:00,3532,New Town,TOWER-715
CDR-70D3EE36,CASE-0075,+910539363533,+919504306067,2023-02-20T19:19:00,2312,T Nagar,TOWER-972
CDR-8CCD3C96,CASE-0386,+918142688895,+915434499807,2023-01-16T04:14:00,2144,Connaught Place,TOWER-696
CDR-90223172,CASE-0265,+917174127261,+911182887465,2023-09-21T15:25:00,3591,Gurgaon Sector 29,TOWER-700
CDR-0BF5C2B1,CASE-0478,+910753540823,+913547280012,2023-05-23T08:17:00,2565,Jubilee Hills,TOWER-294
CDR-DD7D687B,CASE-0075,+912848587043,+915920116378,2023-09-16T16:37:00,841,T Nagar,TOWER-827
CDR-DF1A944D,CASE-0074,+912896804789,+913547280012,2023-03-24T15:50:00,1132,New Town,TOWER-422
CDR-2923A839,CASE-0072,+915041435052,+913441417386,2023-01-23T10:28:00,1627,Indiranagar,TOWER-538
CDR-825F6A48,CASE-0145,+913421343077,+917371252699,2023-04-17T07:59:00,3182,Connaught Place,TOWER-154
CDR-EF6D1E89,CASE-0416,+914359315208,+910966350253,2023-09-12T11:37:00,926,T Nagar,TOWER-487
CDR-DEFD73B5,CASE-0289,+914573281467,+917204166832,2023-10-02T13:09:00,2790,Gurgaon Sector 29,TOWER-148
CDR-72A3346A,CASE-0245,+913975433895,+913975433895,2023-06-07T07:30:00,3151,Hinjewadi,TOWER-795
CDR-58161186,CASE-0101,+910582788962,+918294041786,2023-04-19T17:01:00,2856,Jubilee Hills,TOWER-261
CDR-F08098C8,CASE-0153,+914271636761,+915323467153,2023-05-26T02:56:00,1529,Koramangala,TOWER-267
CDR-45D26428,CASE-0274,+911143041706,+918901475052,2023-08-12T19:25:00,2815,Salt Lake City,TOWER-857
CDR-2A325363,CASE-0490,+919458484561,+917654441593,2023-01-13T21:19:00,2819,New Town,TOWER-878
CDR-819BC155,CASE-0193,+912616150370,+911399639818,2023-08-23T11:33:00,2838,Gurgaon Sector 29,TOWER-183
CDR-30A6AB1E,CASE-0419,+915683492155,+919458484561,2023-05-21T23:58:00,521,Gurgaon Sector 29,TOWER-633
CDR-6D6E233F,CASE-0293,+915726661994,+914510097013,2023-06-29T15:00:00,62,Gurgaon Sector 29,TOWER-117
CDR-5B4883FB,CASE-0496,+914359315208,+914359315208,2023-03-24T09:19:00,651,Jubilee Hills,TOWER-761
CDR-784DEC42,CASE-0335,+912648433890,+912895953641,2023-04-08T17:28:00,1332,Andheri West,TOWER-484
CDR-9C0A79B9,CASE-0495,+916836823883,+911799719816,2023-08-29T04:37:00,742,Anna Nagar,TOWER-895
CDR-457CD16D,CASE-0114,+914271636761,+918237521734,2023-04-05T19:26:00,267,Karol Bagh,TOWER-246
CDR-12A77B4E,CASE-0460,+915170419060,+910134902622,2023-04-08T02:00:00,1397,Bandra Kurla Complex,TOWER-153
CDR-E318334E,CASE-0455,+918703732070,+910279965096,2023-09-21T23:54:00,3343,Secunderabad Railway Station,TOWER-692
CDR-B48EC10A,CASE-0193,+919032379751,+917572120758,2023-10-03T22:47:00,1090,Koramangala,TOWER-651
CDR-0E000BDF,CASE-0437,+916243878660,+911837986732,2023-07-27T07:25:00,3282,T Nagar,TOWER-935
CDR-DB4FEC72,CASE-0091,+918014215300,+913018990552,2023-05-04T17:09:00,1742,Jubilee Hills,TOWER-267
CDR-6D236146,CASE-0412,+918435975824,+912071085398,2023-02-26T02:19:00,1124,Gurgaon Sector 29,TOWER-944
CDR-8ECF486D,CASE-0175,+915215091504,+916894893939,2023-08-10T21:24:00,2559,Vasant Kunj,TOWER-479
CDR-EA83DA41,CASE-0174,+910539363533,+917429032869,2023-03-30T20:02:00,2396,Gachibowli,TOWER-924
CDR-2CA711A4,CASE-0124,+914401599115,+915437969719,2023-09-25T06:34:00,2692,Secunderabad Railway Station,TOWER-749
CDR-B109AA72,CASE-0362,+917290393874,+913967092791,2023-09-13T06:23:00,1807,Gurgaon Sector 29,TOWER-723
CDR-8C33A70D,CASE-0025,+912219274262,+914876402310,2023-09-08T17:15:00,2154,Gachibowli,TOWER-700
CDR-7348A07A,CASE-0072,+915041435052,+917924850371,2023-09-06T11:12:00,533,Anna Nagar,TOWER-957
CDR-379753A9,CASE-0487,+918233661108,+913543096796,2023-08-10T10:50:00,1658,New Town,TOWER-729
CDR-393DE398,CASE-0153,+914271636761,+917048333060,2023-04-02T06:08:00,3520,Salt Lake City,TOWER-600
CDR-B4B445A0,CASE-0245,+913975433895,+910539363533,2023-06-20T21:46:00,3149,T Nagar,TOWER-627
CDR-1E5076D4,CASE-0308,+913700436586,+910275450777,2023-01-13T05:54:00,2904,Bandra Kurla Complex,TOWER-967
CDR-E56F96C4,CASE-0089,+912809364277,+916646781453,2023-04-12T14:09:00,1824,Vasant Kunj,TOWER-719
CDR-5A16CB0B,CASE-0051,+914851930406,+917068461285,2023-08-15T11:32:00,669,Gachibowli,TOWER-425
CDR-414CFF4A,CASE-0105,+919668738453,+915867724943,2023-03-20T23:59:00,1660,Anna Nagar,TOWER-255
CDR-76F8D7EA,CASE-0437,+911400672608,+912964283763,2023-02-01T14:02:00,72,Viman Nagar,TOWER-791
CDR-F7AB1D4C,CASE-0059,+918992979987,+918245260553,2023-10-23T21:43:00,1931,Connaught Place,TOWER-880
CDR-E04AA422,CASE-0449,+912440682429,+914043703663,2023-02-06T04:12:00,2341,Vasant Kunj,TOWER-656
CDR-13E29FBB,CASE-0148,+913152383180,+919622697253,2023-07-04T20:06:00,2959,Secunderabad Railway Station,TOWER-393
CDR-BCF04461,CASE-0278,+916209181900,+914500454612,2023-08-26T19:52:00,1909,Viman Nagar,TOWER-798
CDR-3ADC0430,CASE-0014,+913645526544,+917339644585,2023-06-03T08:59:00,2924,Gachibowli,TOWER-833
CDR-F570A75D,CASE-0104,+915024878084,+915144670486,2023-06-20T19:11:00,2529,Bandra Kurla Complex,TOWER-372
CDR-9CE35EF8,CASE-0071,+910167718600,+918449561331,2023-03-12T17:12:00,110,Koramangala,TOWER-731
CDR-7AC3E51F,CASE-0199,+910854897643,+914136071656,2023-06-14T20:04:00,2988,T Nagar,TOWER-263
CDR-21F34906,CASE-0393,+910753540823,+910915475123,2023-09-13T21:33:00,1409,Gachibowli,TOWER-869
CDR-38402852,CASE-0435,+916209181900,+917129638474,2023-01-11T07:35:00,1142,Salt Lake City,TOWER-995
CDR-F7C7A677,CASE-0401,+914606673509,+914239058338,2023-04-11T13:51:00,2757,Gachibowli,TOWER-827
CDR-AAA28E88,CASE-0281,+919868700701,+915920116378,2023-06-24T17:48:00,3331,Noida Sector 18,TOWER-916
CDR-C29BB7DE,CASE-0220,+914359315208,+910702065365,2023-01-22T16:14:00,1041,Karol Bagh,TOWER-363
CDR-C0A9E871,CASE-0409,+917541620441,+915761435751,2023-10-10T03:51:00,1038,Noida Sector 18,TOWER-117
CDR-5A06D9E4,CASE-0265,+917174127261,+914711473062,2023-05-11T19:57:00,768,Indiranagar,TOWER-777
CDR-30690DD3,CASE-0296,+918661516807,+911757671544,2023-10-21T00:49:00,3576,Noida Sector 18,TOWER-846
CDR-62DAFDA5,CASE-0476,+915024878084,+919608288655,2023-06-15T04:52:00,2218,Connaught Place,TOWER-818
CDR-C24AFEE2,CASE-0201,+914795648962,+916724516776,2023-07-08T00:06:00,2375,Viman Nagar,TOWER-154
CDR-965675D7,CASE-0027,+910134604279,+911704140528,2023-01-20T20:10:00,1530,Hinjewadi,TOWER-730
CDR-A807F6F7,CASE-0068,+914813120521,+918962550691,2023-03-04T20:30:00,1959,Secunderabad Railway Station,TOWER-678
CDR-66A091FB,CASE-0201,+912848587043,+910539363533,2023-09-13T16:52:00,1315,Koramangala,TOWER-236
CDR-FBD86543,CASE-0289,+911226187563,+914542420642,2023-09-23T18:51:00,250,Hinjewadi,TOWER-377
CDR-F4384C39,CASE-0042,+919691238826,+914239058338,2023-03-16T14:54:00,1345,Indiranagar,TOWER-356
CDR-48A6F5A8,CASE-0206,+910379530366,+912264589308,2023-04-21T05:18:00,2107,Andheri West,TOWER-773
CDR-47450E18,CASE-0460,+915170419060,+914389639573,2023-06-21T19:40:00,1926,Bandra Kurla Complex,TOWER-510
CDR-139CA15D,CASE-0015,+918646745808,+917907583006,2023-03-28T15:26:00,3065,Salt Lake City,TOWER-662
CDR-A9136640,CASE-0294,+916466614230,+913583024794,2023-02-25T09:04:00,2431,Indiranagar,TOWER-813
CDR-E9E2DFE2,CASE-0217,+918994187632,+914206370446,2023-07-23T22:06:00,1239,Indiranagar,TOWER-918
CDR-F3DE284E,CASE-0096,+917407597039,+916165284786,2023-03-13T01:08:00,369,Jubilee Hills,TOWER-777
CDR-6FAAB25A,CASE-0277,+915547967408,+919058658977,2023-08-25T02:37:00,550,Connaught Place,TOWER-341
CDR-010BB7EF,CASE-0407,+913547280012,+915140721957,2023-04-15T18:03:00,2295,Indiranagar,TOWER-135
CDR-3D8A3BF0,CASE-0142,+919606541892,+919175874216,2023-09-03T20:12:00,3158,Anna Nagar,TOWER-201
CDR-C2134603,CASE-0303,+912209263659,+911952055124,2023-03-04T16:00:00,1748,Gurgaon Sector 29,TOWER-350
CDR-D2F0CF6B,CASE-0287,+917751651266,+913669324313,2023-09-16T00:27:00,994,Hinjewadi,TOWER-752
CDR-14A4DBCA,CASE-0353,+915527465681,+917290393874,2023-09-30T15:09:00,355,Vasant Kunj,TOWER-590
CDR-D42BA64D,CASE-0351,+915867724943,+918097115928,2023-04-19T04:54:00,2963,Noida Sector 18,TOWER-148
CDR-6CE4B022,CASE-0059,+919274027562,+912498432521,2023-09-29T08:25:00,2988,Hinjewadi,TOWER-957
CDR-EA575237,CASE-0310,+919856139317,+910539363533,2023-01-12T05:04:00,3103,Gurgaon Sector 29,TOWER-942
CDR-66A8CC7E,CASE-0025,+912219274262,+914620746582,2023-09-13T08:20:00,3011,Jubilee Hills,TOWER-944
CDR-DA93ECAE,CASE-0030,+919725620405,+914239058338,2023-02-12T02:44:00,2682,Anna Nagar,TOWER-186
CDR-A5FFD07A,CASE-0308,+918460148638,+916081962600,2023-02-10T18:38:00,3544,Koramangala,TOWER-434
CDR-B45FAB67,CASE-0428,+916599503486,+910058431796,2023-08-16T02:43:00,3473,Andheri West,TOWER-514
CDR-D2B7B93A,CASE-0106,+913564513875,+918395138630,2023-01-28T12:09:00,3439,Bandra Kurla Complex,TOWER-375
CDR-D13DCF19,CASE-0330,+911782032348,+917290393874,2023-07-09T01:09:00,387,Gachibowli,TOWER-314
CDR-673977F4,CASE-0253,+917731828302,+916342421171,2023-09-24T18:04:00,3351,Viman Nagar,TOWER-318
CDR-4C602ABD,CASE-0112,+911008731981,+914041547552,2023-10-15T04:05:00,2795,Karol Bagh,TOWER-745
CDR-6C70A048,CASE-0210,+918563740821,+918621106056,2023-06-27T04:11:00,372,Bandra Kurla Complex,TOWER-473
CDR-4EB40297,CASE-0493,+914359315208,+918709490906,2023-03-16T11:43:00,1717,Connaught Place,TOWER-973
CDR-8E28EDBB,CASE-0439,+914359315208,+913600409534,2023-04-06T17:10:00,2895,Secunderabad Railway Station,TOWER-295
CDR-E8424C70,CASE-0384,+912465017878,+916836823883,2023-02-20T20:05:00,1148,Secunderabad Railway Station,TOWER-343
CDR-0E2E7A59,CASE-0134,+919386662193,+916157573932,2023-01-09T11:10:00,3529,Noida Sector 18,TOWER-439
CDR-12260CE6,CASE-0230,+910715615999,+917499835401,2023-01-14T16:40:00,1083,T Nagar,TOWER-726
CDR-4B47F39C,CASE-0290,+911782032348,+911960665787,2023-09-30T13:49:00,627,Hinjewadi,TOWER-552
CDR-217A6D2C,CASE-0127,+918123651413,+919463528671,2023-01-22T12:09:00,3353,Indiranagar,TOWER-963
CDR-6905713F,CASE-0303,+912209263659,+912062619351,2023-06-10T05:24:00,1000,Hinjewadi,TOWER-259
CDR-4795C7F2,CASE-0008,+917498717859,+917290393874,2023-07-04T17:47:00,2684,Viman Nagar,TOWER-170
CDR-C00911C1,CASE-0444,+915527465681,+911782032348,2023-09-17T03:23:00,1936,Indiranagar,TOWER-872
CDR-C5A59655,CASE-0247,+912165336627,+914152728301,2023-10-12T08:13:00,131,Bandra Kurla Complex,TOWER-962
CDR-528A99B0,CASE-0102,+918793232992,+914047932702,2023-06-03T08:01:00,3357,Hinjewadi,TOWER-427
CDR-0C01C12A,CASE-0329,+914359315208,+916811364848,2023-01-16T02:58:00,1923,Salt Lake City,TOWER-497
CDR-6A4AC43B,CASE-0191,+915148982381,+919252992583,2023-09-28T19:04:00,664,Jubilee Hills,TOWER-572
CDR-39E9E1EA,CASE-0091,+916209181900,+910351193387,2023-07-16T08:55:00,2062,Gachibowli,TOWER-133
CDR-B21C9A55,CASE-0055,+913842157215,+913500760597,2023-10-22T21:35:00,224,Andheri West,TOWER-394
CDR-73CCCA76,CASE-0431,+915973347773,+914224394094,2023-09-29T17:14:00,1763,Gurgaon Sector 29,TOWER-303
CDR-40F0C45A,CASE-0423,+918615372983,+919458484561,2023-09-01T11:08:00,2693,Hinjewadi,TOWER-550
CDR-1F63AECE,CASE-0432,+915148982381,+910387749862,2023-03-09T08:57:00,2717,Viman Nagar,TOWER-918
CDR-6BD8CF8F,CASE-0135,+917499454816,+914856161069,2023-04-24T01:26:00,2171,Hinjewadi,TOWER-395
CDR-2DC2A53A,CASE-0222,+918843545700,+913975433895,2023-08-31T20:47:00,1443,Viman Nagar,TOWER-105
CDR-48E18FC4,CASE-0392,+916591365609,+910351193387,2023-06-07T08:46:00,2659,Connaught Place,TOWER-128
CDR-5298709D,CASE-0485,+916189302912,+913547280012,2023-07-07T02:01:00,1525,Secunderabad Railway Station,TOWER-409
CDR-130B4B1F,CASE-0278,+910753540823,+916209181900,2023-09-02T04:16:00,2014,Bandra Kurla Complex,TOWER-583
CDR-90FB06D6,CASE-0104,+915024878084,+913547280012,2023-09-27T01:20:00,1394,Gurgaon Sector 29,TOWER-425
CDR-C74DE08F,CASE-0041,+910257807600,+913830550996,2023-07-22T18:21:00,2774,Noida Sector 18,TOWER-722
CDR-081C124A,CASE-0268,+910629220881,+919268374888,2023-08-18T20:34:00,377,Noida Sector 18,TOWER-552
CDR-1BCB8E40,CASE-0406,+918937142305,+915237113561,2023-01-30T03:34:00,758,Viman Nagar,TOWER-817
CDR-E94630C2,CASE-0097,+918843545700,+911618976932,2023-04-25T15:54:00,1317,Hinjewadi,TOWER-214
CDR-5A6BFABA,CASE-0104,+915024878084,+914554314120,2023-03-16T03:45:00,3323,Salt Lake City,TOWER-219
CDR-CB74F227,CASE-0364,+914575175709,+914763573235,2023-07-06T19:46:00,3160,New Town,TOWER-753
CDR-37CB562B,CASE-0114,+914271636761,+917702479929,2023-08-21T17:49:00,2691,Noida Sector 18,TOWER-133
CDR-A865971A,CASE-0018,+913632681752,+914175868877,2023-09-08T12:02:00,2678,Hinjewadi,TOWER-819
CDR-351AEECB,CASE-0423,+916400484309,+910932627488,2023-07-16T23:33:00,1368,Indiranagar,TOWER-769
CDR-20A8F2E2,CASE-0125,+916836823883,+918557703224,2023-05-24T21:59:00,1345,Indiranagar,TOWER-568
CDR-A416D53E,CASE-0208,+910862010900,+914944198042,2023-02-20T20:03:00,2644,Hinjewadi,TOWER-640
CDR-E3EEAAC6,CASE-0005,+916378163815,+912701750538,2023-04-02T13:51:00,1305,Karol Bagh,TOWER-862
CDR-E2BB02AF,CASE-0471,+912596171049,+911268360703,2023-08-22T16:38:00,598,Gachibowli,TOWER-998
CDR-6B1819C3,CASE-0195,+914359315208,+917052420512,2023-01-04T01:15:00,2221,Vasant Kunj,TOWER-155
CDR-FF62D376,CASE-0143,+912312019779,+917109072769,2023-05-24T15:51:00,1095,T Nagar,TOWER-735
CDR-35D17982,CASE-0208,+912027215503,+912456965014,2023-08-02T05:41:00,600,Bandra Kurla Complex,TOWER-187
CDR-12B215E7,CASE-0334,+917290393874,+911782032348,2023-04-12T22:47:00,673,Andheri West,TOWER-859
CDR-2C9359AD,CASE-0307,+912184885670,+915920116378,2023-06-25T09:35:00,925,New Town,TOWER-770
CDR-F489E37B,CASE-0432,+919786854637,+914940349962,2023-10-07T09:32:00,3325,Hinjewadi,TOWER-364
CDR-BE43B66C,CASE-0415,+911782032348,+911434285906,2023-03-31T05:26:00,2049,New Town,TOWER-979
CDR-6939B04D,CASE-0245,+913975433895,+918843545700,2023-07-25T19:51:00,1056,Noida Sector 18,TOWER-764
CDR-396352FC,CASE-0224,+917910875823,+919842608964,2023-08-24T14:51:00,356,Karol Bagh,TOWER-942
CDR-8778A93B,CASE-0065,+918284031341,+915489835336,2023-04-04T22:08:00,161,Connaught Place,TOWER-670
CDR-EAB90D1B,CASE-0400,+912541217249,+914271636761,2023-02-18T13:09:00,1331,Gurgaon Sector 29,TOWER-812
CDR-8DDE7CB2,CASE-0118,+915151980489,+912037136988,2023-06-23T09:16:00,1417,Salt Lake City,TOWER-659
CDR-4929C42C,CASE-0398,+913582867085,+918768686698,2023-03-17T12:48:00,530,T Nagar,TOWER-174
CDR-82D17454,CASE-0467,+911056178231,+918843545700,2023-03-21T01:45:00,463,Indiranagar,TOWER-890
CDR-913FF26E,CASE-0226,+919301892874,+910862693101,2023-09-14T16:03:00,180,Connaught Place,TOWER-266
CDR-515F50D6,CASE-0419,+919458484561,+915526047432,2023-03-21T00:51:00,785,Hinjewadi,TOWER-610
CDR-56EB7583,CASE-0378,+916503137494,+918840436498,2023-07-02T21:20:00,1195,New Town,TOWER-237
CDR-375AFA60,CASE-0205,+910539363533,+914271636761,2023-04-01T22:42:00,2534,Indiranagar,TOWER-475
CDR-C21A3144,CASE-0263,+911350676473,+914228496429,2023-04-02T23:54:00,1496,Hinjewadi,TOWER-140
CDR-18A9194E,CASE-0054,+917941313161,+915329588232,2023-03-18T15:51:00,1398,Vasant Kunj,TOWER-227
CDR-42959E7B,CASE-0287,+917290393874,+919352398988,2023-08-11T16:46:00,314,Viman Nagar,TOWER-717
CDR-122D376F,CASE-0331,+914378066013,+916209181900,2023-07-11T10:53:00,993,Andheri West,TOWER-398
CDR-FD333E5A,CASE-0096,+914466332781,+917015105028,2023-10-21T06:07:00,3204,Gurgaon Sector 29,TOWER-844
CDR-4F540C26,CASE-0346,+912440682429,+919204152725,2023-03-24T22:27:00,1675,Indiranagar,TOWER-556
CDR-84353FED,CASE-0098,+916209181900,+910217137037,2023-09-29T13:38:00,1468,Anna Nagar,TOWER-505
CDR-1DCDD562,CASE-0302,+910587406941,+915778912951,2023-09-19T03:17:00,762,New Town,TOWER-471
CDR-4EE3BAFB,CASE-0210,+913301378091,+912629368864,2023-07-06T15:05:00,2471,Secunderabad Railway Station,TOWER-888
CDR-E8F71272,CASE-0187,+919077964992,+915164271305,2023-09-18T08:54:00,3492,Jubilee Hills,TOWER-115
CDR-6FA3C5CF,CASE-0473,+910491763776,+917731093759,2023-01-27T17:06:00,2007,Gurgaon Sector 29,TOWER-923
CDR-797E396D,CASE-0236,+913067876211,+911359261633,2023-05-12T18:54:00,3416,Indiranagar,TOWER-200
CDR-3907CB74,CASE-0272,+916034934246,+912061604111,2023-05-29T05:26:00,894,Anna Nagar,TOWER-860
CDR-39552391,CASE-0390,+919573123303,+916927213937,2023-01-16T00:08:00,3316,Gurgaon Sector 29,TOWER-669
CDR-04668BDC,CASE-0315,+910770357861,+910245165922,2023-09-09T20:12:00,1360,Vasant Kunj,TOWER-894
CDR-370C9FBA,CASE-0339,+911655903639,+913478819153,2023-07-20T01:16:00,2067,Secunderabad Railway Station,TOWER-963
CDR-DBDE2491,CASE-0314,+913303142083,+917695067793,2023-01-24T17:29:00,2462,Anna Nagar,TOWER-935
CDR-732E4097,CASE-0031,+915515729662,+916548329099,2023-06-15T08:06:00,323,Gachibowli,TOWER-446
CDR-75C72E69,CASE-0070,+913608715525,+915398743547,2023-08-02T11:25:00,41,Vasant Kunj,TOWER-413
CDR-DC1DC0E7,CASE-0016,+919280968125,+918545155824,2023-05-16T19:14:00,2935,Indiranagar,TOWER-457
CDR-4DDF47C2,CASE-0244,+913828987535,+911654148386,2023-02-13T20:18:00,3478,Connaught Place,TOWER-532
CDR-53E51643,CASE-0077,+917186478103,+913183786106,2023-10-14T00:04:00,168,New Town,TOWER-301
CDR-01C0369A,CASE-0003,+913291506542,+918545155824,2023-05-26T11:32:00,2975,Vasant Kunj,TOWER-715
CDR-858855EC,CASE-0124,+919382751873,+910298187804,2023-02-11T15:34:00,3308,Indiranagar,TOWER-323
CDR-00B4FAC9,CASE-0484,+918454079075,+913203011988,2023-01-22T03:50:00,154,Secunderabad Railway Station,TOWER-385
CDR-39124126,CASE-0274,+914897219099,+919465126128,2023-02-02T11:03:00,1429,Andheri West,TOWER-228
CDR-BFB3CDA7,CASE-0405,+919753988445,+915051463972,2023-04-27T11:59:00,3229,Salt Lake City,TOWER-944
CDR-041AE050,CASE-0436,+914271636761,+918843545700,2023-10-01T01:44:00,686,Anna Nagar,TOWER-474
CDR-67FEE263,CASE-0315,+910770357861,+912727770435,2023-07-11T05:11:00,1310,Vasant Kunj,TOWER-152
CDR-E18F37A8,CASE-0324,+916463079648,+915604851656,2023-07-03T18:53:00,613,Gurgaon Sector 29,TOWER-224
CDR-34597ECA,CASE-0090,+915878297616,+918964575539,2023-02-17T09:03:00,1830,Gurgaon Sector 29,TOWER-518
CDR-FBA4FE44,CASE-0345,+913676586202,+915162830409,2023-08-19T12:59:00,347,Andheri West,TOWER-416
CDR-A8D9D48E,CASE-0129,+912062619351,+910932627488,2023-09-07T13:54:00,1946,Jubilee Hills,TOWER-211
CDR-A208C388,CASE-0114,+914271636761,+913121201754,2023-09-27T00:33:00,2061,Secunderabad Railway Station,TOWER-134
CDR-CA4566F9,CASE-0119,+910412336888,+914354621078,2023-08-22T12:42:00,3422,Koramangala,TOWER-420
CDR-D3D2C99D,CASE-0144,+915024878084,+917231245189,2023-02-22T04:41:00,2888,Bandra Kurla Complex,TOWER-529
CDR-241E072F,CASE-0050,+910326513902,+912259621486,2023-07-24T17:46:00,1932,Viman Nagar,TOWER-781
CDR-38C62DEB,CASE-0107,+913714655331,+919815944641,2023-07-30T22:46:00,3367,Vasant Kunj,TOWER-969
CDR-ECDE7264,CASE-0117,+918626994246,+917629683646,2023-08-02T03:36:00,1889,T Nagar,TOWER-781
CDR-F8C27137,CASE-0298,+917987493181,+918624564306,2023-05-14T16:14:00,2851,Hinjewadi,TOWER-898
CDR-A335A193,CASE-0343,+911613233800,+915955100498,2023-08-24T01:48:00,473,Karol Bagh,TOWER-865
CDR-FC88C318,CASE-0191,+915148982381,+918803757427,2023-07-14T00:52:00,3472,Anna Nagar,TOWER-598
CDR-86AF4429,CASE-0397,+919826492228,+911557088977,2023-09-15T03:46:00,655,Karol Bagh,TOWER-658
CDR-80E529B7,CASE-0382,+916209181900,+914206370446,2023-01-22T15:42:00,3594,T Nagar,TOWER-666
CDR-1F8063EC,CASE-0256,+912871668936,+913975433895,2023-03-05T12:47:00,3412,Andheri West,TOWER-190
CDR-97B5B068,CASE-0030,+919725620405,+916368854251,2023-08-04T16:42:00,355,Indiranagar,TOWER-834
CDR-85FA5130,CASE-0227,+911210916951,+917851438506,2023-10-28T00:46:00,2322,Gachibowli,TOWER-336
CDR-E743A608,CASE-0370,+914325580441,+911979551148,2023-04-01T11:12:00,805,Andheri West,TOWER-603
CDR-05A4DB7C,CASE-0338,+914609507226,+913935390571,2023-07-23T22:30:00,2031,Bandra Kurla Complex,TOWER-167
CDR-D7BD0F1B,CASE-0033,+916066400598,+917290393874,2023-08-10T12:23:00,1344,Salt Lake City,TOWER-856
CDR-341759D2,CASE-0214,+912599338749,+910336271500,2023-01-26T09:58:00,2200,Karol Bagh,TOWER-852
CDR-65A885D6,CASE-0059,+917504926811,+919727281765,2023-06-04T23:23:00,3104,Hinjewadi,TOWER-711
CDR-6AFF95D1,CASE-0441,+918797573856,+913156520555,2023-03-08T04:36:00,2546,Salt Lake City,TOWER-266
CDR-9DE9999C,CASE-0049,+912070214137,+916160762198,2023-04-10T06:13:00,3326,Hinjewadi,TOWER-659
CDR-13350635,CASE-0374,+914206370446,+913344955219,2023-09-17T01:15:00,2209,Gachibowli,TOWER-971
CDR-392D564C,CASE-0202,+910534435001,+914355542911,2023-04-08T01:47:00,41,Noida Sector 18,TOWER-178
CDR-40C84B2C,CASE-0017,+919788257535,+910770246444,2023-06-23T22:54:00,1649,Andheri West,TOWER-620
CDR-251D30D2,CASE-0326,+910983488716,+919458484561,2023-08-15T16:47:00,1322,Gachibowli,TOWER-730
CDR-E376055F,CASE-0058,+916248863117,+916593703260,2023-04-18T06:48:00,1414,Hinjewadi,TOWER-285
CDR-1CAA91EE,CASE-0433,+916263946753,+916792160037,2023-10-06T01:35:00,2254,Indiranagar,TOWER-136
CDR-852F73EA,CASE-0435,+916209181900,+910604005375,2023-03-17T19:35:00,3277,Viman Nagar,TOWER-439
CDR-AE4BA9CB,CASE-0337,+916953741440,+911854528771,2023-03-16T10:19:00,1397,Indiranagar,TOWER-588
CDR-39902A39,CASE-0347,+915527465681,+915527465681,2023-07-02T15:10:00,1069,Anna Nagar,TOWER-580
CDR-8BE26F81,CASE-0016,+911885956157,+919910700012,2023-06-16T22:20:00,2309,T Nagar,TOWER-385
CDR-7BB2B35C,CASE-0163,+911380494035,+916712376226,2023-10-02T23:40:00,1094,Indiranagar,TOWER-595
CDR-5A843E83,CASE-0474,+911284212903,+919678254289,2023-04-04T14:49:00,2130,Vasant Kunj,TOWER-425
CDR-F8F53270,CASE-0105,+915920116378,+910445666844,2023-02-13T06:39:00,1121,Indiranagar,TOWER-279
CDR-D4334FE8,CASE-0004,+918545155824,+919723214155,2023-10-22T23:04:00,2192,Anna Nagar,TOWER-609
CDR-45AB2D00,CASE-0220,+915920116378,+912440682429,2023-08-02T20:31:00,1472,Andheri West,TOWER-431
CDR-04BB162A,CASE-0018,+916278562383,+919911506467,2023-06-03T13:00:00,434,Gachibowli,TOWER-571
CDR-EC5DF484,CASE-0450,+919666116013,+918813921049,2023-03-16T08:55:00,75,Karol Bagh,TOWER-397
CDR-77C1E7BA,CASE-0183,+917514951472,+911763606623,2023-03-30T11:51:00,805,Gachibowli,TOWER-512
CDR-F768B9F7,CASE-0177,+911043729127,+919268834702,2023-05-17T11:52:00,1094,New Town,TOWER-734
CDR-E1349775,CASE-0029,+915257669501,+915024878084,2023-01-21T00:43:00,2347,Anna Nagar,TOWER-774
CDR-7E304318,CASE-0173,+918033191865,+918159565831,2023-09-29T19:15:00,2948,Koramangala,TOWER-452
CDR-397E167D,CASE-0463,+915024878084,+915920116378,2023-03-07T11:14:00,2864,Viman Nagar,TOWER-516
CDR-A547F483,CASE-0418,+919618547415,+918452558069,2023-02-01T07:13:00,906,Hinjewadi,TOWER-504
CDR-DB3212BB,CASE-0424,+912062619351,+914978616929,2023-04-27T22:12:00,754,Secunderabad Railway Station,TOWER-318
CDR-552B495D,CASE-0062,+914271636761,+917055733239,2023-09-14T08:35:00,2359,Indiranagar,TOWER-483
CDR-225A2E26,CASE-0247,+912165336627,+915520044464,2023-01-13T10:34:00,560,Koramangala,TOWER-857
CDR-37429751,CASE-0021,+915999606810,+918075754584,2023-01-10T01:16:00,1371,Koramangala,TOWER-999
CDR-4B546FA4,CASE-0228,+914258425071,+917759067076,2023-09-06T13:31:00,1846,Indiranagar,TOWER-922
CDR-21E926E2,CASE-0237,+918073322302,+917602394334,2023-01-24T18:05:00,621,Connaught Place,TOWER-141
CDR-E4334429,CASE-0229,+910539363533,+916118694029,2023-02-21T13:06:00,651,Viman Nagar,TOWER-898
CDR-A1C29F4B,CASE-0109,+919781913173,+911119589666,2023-05-24T11:43:00,2816,Andheri West,TOWER-600
CDR-243CD31F,CASE-0121,+915499398335,+918545155824,2023-08-31T22:57:00,2490,Secunderabad Railway Station,TOWER-101
CDR-EB6FB14A,CASE-0047,+912449395113,+910299468073,2023-07-19T06:49:00,322,Vasant Kunj,TOWER-859
CDR-44F65969,CASE-0129,+912062619351,+910516687611,2023-07-27T06:57:00,2864,New Town,TOWER-324
CDR-387160C7,CASE-0007,+910290034167,+917074559473,2023-02-15T04:38:00,3525,Noida Sector 18,TOWER-731
CDR-D2D0A6B7,CASE-0302,+918341046989,+911949426762,2023-05-05T13:03:00,3398,Indiranagar,TOWER-812
CDR-46F6CB22,CASE-0177,+911043729127,+915144544482,2023-07-23T22:55:00,324,Salt Lake City,TOWER-787
CDR-7CB40377,CASE-0064,+918545155824,+911782032348,2023-02-02T19:07:00,322,Karol Bagh,TOWER-437
CDR-74DB7FFB,CASE-0195,+914359315208,+914185379350,2023-02-26T21:01:00,1240,Viman Nagar,TOWER-687
CDR-FCE7306B,CASE-0157,+913965686271,+912159270989,2023-04-23T15:59:00,1053,Viman Nagar,TOWER-735
CDR-4DABD07D,CASE-0157,+913965686271,+910748293706,2023-10-17T13:03:00,2596,Koramangala,TOWER-271
CDR-564F27C7,CASE-0430,+912779166231,+919922671924,2023-01-19T01:24:00,1136,Andheri West,TOWER-822
CDR-5BF16182,CASE-0361,+910182477098,+914239058338,2023-10-25T09:25:00,2452,T Nagar,TOWER-126
CDR-CD13602C,CASE-0132,+918843545700,+910539363533,2023-03-16T23:07:00,3092,Salt Lake City,TOWER-919
CDR-4C2BFEF2,CASE-0062,+914271636761,+914137096586,2023-09-13T15:28:00,1261,Jubilee Hills,TOWER-252
CDR-FEB5F802,CASE-0343,+915616876987,+914010296265,2023-02-06T05:10:00,1848,Bandra Kurla Complex,TOWER-226
CDR-6231B368,CASE-0022,+916932257970,+912690391075,2023-04-10T02:53:00,860,New Town,TOWER-461
CDR-9315FB47,CASE-0061,+911341083704,+918174815833,2023-08-16T09:28:00,1573,Andheri West,TOWER-602
CDR-59488150,CASE-0183,+917514951472,+911232170753,2023-03-28T14:42:00,2857,Jubilee Hills,TOWER-481
CDR-F2DEF7FF,CASE-0207,+911698245641,+911885956157,2023-08-05T08:00:00,2941,New Town,TOWER-872
CDR-4D8ABC20,CASE-0448,+915413624076,+915909949553,2023-02-10T12:46:00,50,Secunderabad Railway Station,TOWER-968
CDR-6412A2AF,CASE-0140,+915708555332,+916802633668,2023-09-25T10:32:00,757,Vasant Kunj,TOWER-991
CDR-58BD658F,CASE-0314,+918545155824,+912991284940,2023-02-11T06:25:00,121,Gachibowli,TOWER-441
CDR-2671D2FA,CASE-0365,+910932627488,+919081593765,2023-02-05T05:30:00,3334,T Nagar,TOWER-498
CDR-B3D2B020,CASE-0108,+913547280012,+919264439413,2023-02-02T11:54:00,965,Gachibowli,TOWER-121
CDR-70E908F8,CASE-0138,+911953201389,+917968366275,2023-08-16T12:00:00,1508,New Town,TOWER-517
CDR-3F0A3F8B,CASE-0466,+912062619351,+914462622953,2023-08-04T03:19:00,941,Salt Lake City,TOWER-110
CDR-FDCEABCE,CASE-0124,+911945898944,+915415661723,2023-07-09T18:45:00,2834,Bandra Kurla Complex,TOWER-560
CDR-14071A13,CASE-0240,+911386663807,+916408963008,2023-10-02T07:27:00,2778,Hinjewadi,TOWER-225
CDR-951FD19B,CASE-0203,+912848587043,+910792455640,2023-04-25T03:49:00,3179,Gachibowli,TOWER-666
CDR-606A42A3,CASE-0454,+916033737766,+913547280012,2023-02-26T19:42:00,1691,T Nagar,TOWER-162
CDR-34603F06,CASE-0384,+914471255096,+910224215264,2023-10-14T23:47:00,3565,Viman Nagar,TOWER-930
CDR-8EC4D68C,CASE-0352,+910941491188,+913746602703,2023-02-15T05:32:00,2823,Secunderabad Railway Station,TOWER-915
CDR-6120C53C,CASE-0046,+912875280113,+917989148592,2023-10-07T16:04:00,1983,Salt Lake City,TOWER-687
CDR-49AC7F18,CASE-0357,+914078836069,+913311737602,2023-10-26T19:06:00,719,New Town,TOWER-173
CDR-28DB7DCF,CASE-0053,+910344747960,+911668499965,2023-04-21T10:18:00,2943,New Town,TOWER-131
CDR-FAB975D9,CASE-0435,+911205093092,+919495996616,2023-08-16T18:16:00,203,T Nagar,TOWER-175
CDR-C8D64CC4,CASE-0002,+913601309591,+919898742835,2023-01-25T19:22:00,781,Secunderabad Railway Station,TOWER-811
CDR-29ADB412,CASE-0177,+911043729127,+914359315208,2023-07-29T14:48:00,3471,Secunderabad Railway Station,TOWER-997
CDR-E711A243,CASE-0468,+913975433895,+914496449235,2023-01-29T19:54:00,1919,Koramangala,TOWER-338
CDR-D78FC51C,CASE-0012,+916209181900,+911431635676,2023-10-14T03:25:00,2117,Anna Nagar,TOWER-810
CDR-258EE68D,CASE-0120,+919468912214,+918038542045,2023-09-30T18:52:00,181,Anna Nagar,TOWER-990
CDR-60B223AA,CASE-0082,+914410056855,+915148982381,2023-05-30T14:49:00,2489,Noida Sector 18,TOWER-554
CDR-01C9E3E6,CASE-0498,+914359315208,+915920116378,2023-04-21T01:39:00,818,Salt Lake City,TOWER-850
CDR-D4DDE432,CASE-0498,+914359315208,+915920116378,2023-02-11T19:14:00,2996,Salt Lake City,TOWER-323
CDR-780D0B1E,CASE-0077,+914293783076,+911955198515,2023-07-05T14:52:00,2285,Indiranagar,TOWER-431
CDR-2132BE19,CASE-0160,+911845119551,+910215245251,2023-01-31T10:19:00,2587,Karol Bagh,TOWER-399
CDR-967C6A2D,CASE-0056,+914271636761,+911927380075,2023-04-27T07:29:00,282,Bandra Kurla Complex,TOWER-484
CDR-183F46C7,CASE-0161,+916228940974,+912062619351,2023-04-27T16:25:00,2043,Salt Lake City,TOWER-900
CDR-116C7433,CASE-0261,+912440682429,+912440682429,2023-01-22T01:45:00,1868,Viman Nagar,TOWER-198
CDR-A86716E6,CASE-0288,+918290790117,+919440630645,2023-08-03T05:09:00,727,Salt Lake City,TOWER-490
CDR-7A560AB7,CASE-0268,+910629220881,+918360206975,2023-10-24T17:23:00,3043,Anna Nagar,TOWER-221
CDR-AE845179,CASE-0111,+917139357780,+914239058338,2023-03-03T05:04:00,2581,Gachibowli,TOWER-168
CDR-59ADA5C3,CASE-0465,+917458978757,+912091410599,2023-09-15T18:31:00,1567,Indiranagar,TOWER-377
CDR-3AE86480,CASE-0250,+915867724943,+916946025365,2023-07-11T08:01:00,2196,Karol Bagh,TOWER-474
CDR-2E6FDA6B,CASE-0335,+912648433890,+918393724985,2023-06-07T07:01:00,2638,Jubilee Hills,TOWER-510
CDR-98663DCA,CASE-0271,+915148982381,+913116713147,2023-09-11T20:32:00,2481,Connaught Place,TOWER-573
CDR-107EA0AD,CASE-0432,+915148982381,+910932627488,2023-06-11T18:52:00,1144,Jubilee Hills,TOWER-882
CDR-19B41F92,CASE-0311,+914239058338,+913536356359,2023-01-05T13:12:00,3428,Gachibowli,TOWER-832
CDR-50AB8D8B,CASE-0393,+917765670092,+914271636761,2023-06-24T06:09:00,1296,Viman Nagar,TOWER-867
CDR-24854458,CASE-0489,+913803339719,+916803820174,2023-06-13T14:00:00,1246,Vasant Kunj,TOWER-794
CDR-56119B41,CASE-0193,+912616150370,+915689381641,2023-07-02T15:12:00,2162,Connaught Place,TOWER-846
CDR-90604516,CASE-0071,+911614562294,+913366178107,2023-03-08T20:14:00,270,Connaught Place,TOWER-530
CDR-1813D3CC,CASE-0346,+914239058338,+918553428210,2023-08-11T23:49:00,2992,Noida Sector 18,TOWER-468
CDR-A1CE9280,CASE-0307,+914359315208,+914239058338,2023-03-07T04:19:00,2042,Anna Nagar,TOWER-828
CDR-5986373A,CASE-0410,+910753540823,+918815273376,2023-07-30T10:14:00,74,Vasant Kunj,TOWER-723
CDR-19D59372,CASE-0477,+910932627488,+918843545700,2023-05-04T12:57:00,2156,Vasant Kunj,TOWER-531
CDR-0330C434,CASE-0027,+910134604279,+910815920959,2023-09-22T11:30:00,2319,Connaught Place,TOWER-953
CDR-F930A435,CASE-0023,+912848587043,+911921578973,2023-02-02T19:28:00,2569,Karol Bagh,TOWER-364
CDR-692F62EC,CASE-0436,+913891472247,+914555456670,2023-02-19T04:38:00,3209,Vasant Kunj,TOWER-912
CDR-4F37A5C4,CASE-0328,+913056162509,+917786326842,2023-04-09T13:44:00,2159,Jubilee Hills,TOWER-827
CDR-996DDA11,CASE-0421,+915282585416,+913873758641,2023-09-21T09:28:00,2306,New Town,TOWER-623
CDR-99E86136,CASE-0275,+915603663433,+911885956157,2023-08-30T19:33:00,3597,Connaught Place,TOWER-135
CDR-C6141943,CASE-0044,+914647811633,+914315363736,2023-08-16T12:06:00,868,Vasant Kunj,TOWER-762
CDR-3DDDB105,CASE-0255,+912990680246,+912797251694,2023-02-04T17:11:00,20,Secunderabad Railway Station,TOWER-275
CDR-466649ED,CASE-0330,+911782032348,+915527465681,2023-03-02T13:02:00,891,Andheri West,TOWER-195
CDR-6262E8AE,CASE-0345,+913676586202,+913671257311,2023-08-31T08:10:00,1024,Secunderabad Railway Station,TOWER-270
CDR-81AF4720,CASE-0264,+914359315208,+914359315208,2023-09-21T18:57:00,1275,Anna Nagar,TOWER-966
CDR-20563FA9,CASE-0206,+915498979564,+914279621204,2023-05-15T16:45:00,2866,Secunderabad Railway Station,TOWER-186
CDR-40AC059E,CASE-0006,+915527465681,+917290393874,2023-06-23T01:45:00,2341,Koramangala,TOWER-809
CDR-00FDC539,CASE-0453,+910047578748,+918036238856,2023-03-13T11:00:00,2328,Indiranagar,TOWER-596
CDR-A3126D5E,CASE-0245,+913975433895,+911581617654,2023-06-22T19:35:00,3326,Andheri West,TOWER-329
CDR-6E9499D1,CASE-0123,+912911010547,+915947406071,2023-02-25T07:38:00,3272,Hinjewadi,TOWER-116
CDR-7895C841,CASE-0406,+919032394980,+910749943109,2023-07-01T23:21:00,3133,Bandra Kurla Complex,TOWER-942
CDR-603B2C09,CASE-0059,+911182887465,+916836823883,2023-05-27T09:35:00,1651,Viman Nagar,TOWER-101
CDR-48FB3709,CASE-0377,+919538090596,+917949127005,2023-08-01T21:44:00,3129,Bandra Kurla Complex,TOWER-370
CDR-BEE89EFD,CASE-0295,+916775955382,+918590017199,2023-10-22T03:45:00,1285,Bandra Kurla Complex,TOWER-824
CDR-EDE61047,CASE-0348,+918383524785,+918323926862,2023-09-03T14:37:00,153,Karol Bagh,TOWER-346
CDR-C8F74215,CASE-0009,+912218400509,+915121802960,2023-09-24T21:13:00,3190,Vasant Kunj,TOWER-996
CDR-195E0C8D,CASE-0073,+910753540823,+916660427761,2023-03-25T16:16:00,819,New Town,TOWER-483
CDR-1D1B5697,CASE-0345,+913676586202,+910348550032,2023-06-05T14:11:00,2112,Anna Nagar,TOWER-659
CDR-3A3E1681,CASE-0097,+910539363533,+914235432636,2023-03-23T12:46:00,884,Anna Nagar,TOWER-108
CDR-5252086F,CASE-0245,+914490892450,+919941693473,2023-03-04T07:46:00,1171,Indiranagar,TOWER-748
CDR-B523FF18,CASE-0322,+911151048469,+911375490847,2023-01-05T08:40:00,1137,Koramangala,TOWER-842
CDR-55B64204,CASE-0046,+918888401933,+918363953394,2023-08-04T19:47:00,2658,Secunderabad Railway Station,TOWER-366
CDR-950145DC,CASE-0300,+910137514126,+912095842695,2023-07-12T18:15:00,2499,Jubilee Hills,TOWER-187
CDR-4AF69E84,CASE-0365,+919458484561,+919890255544,2023-03-13T03:44:00,1005,Gurgaon Sector 29,TOWER-663
CDR-37D967A0,CASE-0165,+918342340649,+915148982381,2023-07-18T22:04:00,597,New Town,TOWER-776
CDR-8F628AC1,CASE-0140,+916676121882,+918805740709,2023-06-19T01:27:00,3043,Gurgaon Sector 29,TOWER-501
CDR-882CDAD1,CASE-0142,+917836800221,+916808112999,2023-01-29T01:12:00,2436,Gurgaon Sector 29,TOWER-405
CDR-90656A32,CASE-0195,+914813120521,+917148447709,2023-01-24T19:31:00,1246,Secunderabad Railway Station,TOWER-328
CDR-64FD3E31,CASE-0314,+913303142083,+913534641221,2023-07-08T00:27:00,1851,Andheri West,TOWER-678
CDR-8FCA9A99,CASE-0474,+911685532300,+911230793597,2023-07-14T00:01:00,1192,Gurgaon Sector 29,TOWER-170
CDR-F3BECB29,CASE-0402,+918742614667,+918245260553,2023-07-31T23:56:00,1980,Connaught Place,TOWER-226
CDR-94E6EA15,CASE-0258,+912891254249,+911001092010,2023-03-27T01:28:00,683,Hinjewadi,TOWER-116
CDR-714352CB,CASE-0382,+910753540823,+915024878084,2023-05-02T18:13:00,1600,Noida Sector 18,TOWER-586
CDR-4DB2EF52,CASE-0301,+912670185291,+917919846251,2023-05-24T06:51:00,1858,Hinjewadi,TOWER-563
CDR-86BFD767,CASE-0283,+913426117548,+913723268321,2023-03-09T19:41:00,2251,Salt Lake City,TOWER-319
CDR-AEF5FF01,CASE-0350,+913872565367,+911713251862,2023-06-11T10:47:00,446,Andheri West,TOWER-574
CDR-0E621850,CASE-0138,+918390351790,+918238640645,2023-08-11T11:39:00,184,Hinjewadi,TOWER-858
CDR-F7A24FC8,CASE-0165,+917290393874,+917538650782,2023-06-26T06:45:00,1352,Koramangala,TOWER-325
CDR-34226E79,CASE-0192,+913975433895,+910851286490,2023-05-11T12:50:00,3151,T Nagar,TOWER-165
CDR-9BF92085,CASE-0356,+912496471378,+919039435519,2023-03-07T10:40:00,822,Jubilee Hills,TOWER-592
CDR-45FA65FC,CASE-0043,+918950540682,+911139984583,2023-07-31T18:20:00,1002,Koramangala,TOWER-589
CDR-7539A63C,CASE-0088,+912373435861,+916513159659,2023-05-19T14:41:00,3201,Indiranagar,TOWER-771
CDR-AEDBD8EF,CASE-0307,+919018962040,+913030259432,2023-09-24T05:08:00,2985,Gachibowli,TOWER-632
CDR-03B97450,CASE-0134,+919898889852,+915974959423,2023-03-30T18:54:00,1051,Jubilee Hills,TOWER-479
CDR-93F2F061,CASE-0332,+918234243443,+910740883181,2023-05-17T19:09:00,1838,Jubilee Hills,TOWER-121
CDR-CD9746EC,CASE-0037,+912848587043,+912848587043,2023-05-06T10:46:00,3109,Karol Bagh,TOWER-727
CDR-CB68DC4F,CASE-0299,+910122351319,+914012789499,2023-08-24T02:46:00,814,Gachibowli,TOWER-779
CDR-003C8AF1,CASE-0435,+916209181900,+913425810937,2023-03-16T16:53:00,3560,Secunderabad Railway Station,TOWER-141
CDR-04B0755D,CASE-0192,+914271636761,+911885956157,2023-06-05T10:02:00,3492,Bandra Kurla Complex,TOWER-492
CDR-D58D0EE2,CASE-0413,+912652392093,+912176092780,2023-09-01T11:01:00,2220,Anna Nagar,TOWER-718
CDR-C9983996,CASE-0058,+915613009105,+914901519409,2023-01-06T02:45:00,2229,Koramangala,TOWER-929
CDR-E937655E,CASE-0093,+914347980169,+913547280012,2023-03-06T04:23:00,406,New Town,TOWER-938
CDR-8EFCEBFA,CASE-0077,+918183753978,+911536427112,2023-01-27T16:08:00,442,Salt Lake City,TOWER-499
CDR-C20EBCAD,CASE-0222,+916587076956,+916397214615,2023-05-13T09:33:00,993,Hinjewadi,TOWER-175
CDR-4153DB03,CASE-0080,+915939612987,+912017877847,2023-03-05T12:30:00,180,Bandra Kurla Complex,TOWER-836
CDR-15AFA0F5,CASE-0239,+918343190114,+912221601151,2023-06-03T21:25:00,2974,Connaught Place,TOWER-963
CDR-AB96772E,CASE-0366,+918903055822,+917795124045,2023-05-06T09:55:00,510,Indiranagar,TOWER-504
CDR-F8527BD0,CASE-0360,+911673133216,+912495019546,2023-03-30T14:25:00,888,T Nagar,TOWER-725
CDR-B3EB618F,CASE-0480,+910932627488,+911757273076,2023-09-08T02:41:00,157,Noida Sector 18,TOWER-995
CDR-311A62B8,CASE-0375,+915022057031,+913490134714,2023-07-28T20:33:00,925,Hinjewadi,TOWER-401
CDR-D748FA6E,CASE-0123,+912911010547,+912575953435,2023-09-16T19:09:00,2736,Viman Nagar,TOWER-581
CDR-9D13499C,CASE-0339,+917605240482,+919096195913,2023-06-23T19:36:00,1072,T Nagar,TOWER-346
CDR-77410782,CASE-0478,+916270113749,+914082101894,2023-01-21T02:55:00,3533,Noida Sector 18,TOWER-517
CDR-22EE3E2D,CASE-0282,+910753540823,+910753540823,2023-05-29T20:39:00,3214,Vasant Kunj,TOWER-188
CDR-78552CD7,CASE-0474,+911685532300,+911886987038,2023-08-05T20:02:00,3456,Bandra Kurla Complex,TOWER-240
CDR-68FE094C,CASE-0398,+917293207657,+912684009728,2023-08-12T07:24:00,2949,Gachibowli,TOWER-950
CDR-5E89D004,CASE-0117,+914239058338,+914813120521,2023-01-13T06:12:00,2567,T Nagar,TOWER-598
CDR-4E157356,CASE-0251,+918545155824,+915446883254,2023-02-14T01:41:00,558,Connaught Place,TOWER-679
CDR-FC4C77CC,CASE-0258,+910984554432,+910031960761,2023-07-02T04:31:00,2557,Anna Nagar,TOWER-377
CDR-A6957009,CASE-0423,+915555730802,+912062619351,2023-04-23T23:35:00,2979,Jubilee Hills,TOWER-914
CDR-B5BC2CCA,CASE-0417,+919458484561,+910932627488,2023-06-26T01:56:00,2396,Vasant Kunj,TOWER-668
CDR-73C34E77,CASE-0094,+912848587043,+913975433895,2023-07-21T16:42:00,1639,T Nagar,TOWER-206
CDR-2C743A55,CASE-0313,+912848587043,+913268667427,2023-07-09T12:13:00,279,Indiranagar,TOWER-904
CDR-BBD39641,CASE-0466,+912062619351,+918245260553,2023-05-05T16:49:00,1588,Koramangala,TOWER-956
CDR-7876D16D,CASE-0323,+910588112862,+913058782572,2023-08-20T03:21:00,724,Hinjewadi,TOWER-370
CDR-A7DC3BA0,CASE-0227,+915808646467,+917402573755,2023-06-12T15:59:00,514,Gurgaon Sector 29,TOWER-663
CDR-231630C1,CASE-0398,+917459717441,+917790498466,2023-07-26T00:22:00,3327,Noida Sector 18,TOWER-953
CDR-3557D193,CASE-0015,+918037233392,+911436768435,2023-09-20T08:50:00,377,Salt Lake City,TOWER-390
CDR-98C47B27,CASE-0177,+916014644107,+917847350742,2023-07-12T03:33:00,408,Secunderabad Railway Station,TOWER-269
CDR-D0AB9886,CASE-0045,+918340539942,+912356312063,2023-03-17T05:52:00,2568,Jubilee Hills,TOWER-827
CDR-13D985BE,CASE-0377,+919200598796,+910968834118,2023-02-14T10:17:00,2538,Andheri West,TOWER-476
CDR-D19C76F6,CASE-0177,+911043729127,+915140721957,2023-07-28T09:25:00,3152,Viman Nagar,TOWER-378
CDR-597796C9,CASE-0201,+915950179837,+911677091645,2023-05-03T15:58:00,1908,Karol Bagh,TOWER-408
CDR-E7D9E026,CASE-0245,+913975433895,+913155041690,2023-10-10T09:06:00,3020,Indiranagar,TOWER-440
CDR-8312F910,CASE-0154,+914239058338,+910778581270,2023-05-02T22:20:00,1509,Koramangala,TOWER-986
CDR-BF3D9A41,CASE-0116,+912012248176,+918595860098,2023-03-29T13:13:00,792,Jubilee Hills,TOWER-995
CDR-2294E802,CASE-0104,+915024878084,+915024878084,2023-05-11T11:18:00,2476,Gachibowli,TOWER-880
CDR-5E5F5C9C,CASE-0174,+914271636761,+912848587043,2023-03-27T06:06:00,1668,Noida Sector 18,TOWER-789
CDR-A30B65FB,CASE-0433,+917673634045,+915920116378,2023-10-19T16:11:00,81,Gurgaon Sector 29,TOWER-518
CDR-8F72D038,CASE-0276,+910568502149,+917103361557,2023-07-09T03:12:00,1100,Indiranagar,TOWER-626
CDR-24F1DD54,CASE-0020,+914755393235,+912062619351,2023-04-14T11:08:00,710,Noida Sector 18,TOWER-124
CDR-202533F3,CASE-0074,+914271636761,+916209181900,2023-10-02T07:11:00,3067,Hinjewadi,TOWER-258
CDR-38C89A7B,CASE-0327,+910351193387,+916351246753,2023-04-18T19:52:00,998,Gurgaon Sector 29,TOWER-589
CDR-00589B24,CASE-0257,+911885956157,+915209507273,2023-10-23T11:34:00,617,New Town,TOWER-515
CDR-5BE0FA46,CASE-0286,+913547280012,+918991106290,2023-06-02T15:54:00,2685,Bandra Kurla Complex,TOWER-361
CDR-35F66CA6,CASE-0427,+910512672054,+910577043895,2023-01-15T04:52:00,2174,Connaught Place,TOWER-532
CDR-D71FA3CD,CASE-0288,+917886880785,+911524228370,2023-07-27T12:01:00,2128,Gurgaon Sector 29,TOWER-150
CDR-38B2C50F,CASE-0441,+918797573856,+910024745231,2023-10-05T12:30:00,801,Hinjewadi,TOWER-373
CDR-0165318F,CASE-0141,+911426320242,+916045329477,2023-02-14T22:13:00,650,Hinjewadi,TOWER-164
CDR-0C90E68F,CASE-0299,+911333449934,+919757544683,2023-07-31T03:10:00,1009,Hinjewadi,TOWER-508
CDR-DDF38F19,CASE-0462,+914635031611,+919230720886,2023-06-03T15:24:00,3506,Karol Bagh,TOWER-584
CDR-2C2184A4,CASE-0242,+915354377108,+913694594876,2023-05-12T11:38:00,1983,Vasant Kunj,TOWER-875
CDR-4BCBCFC1,CASE-0057,+913547280012,+918004587500,2023-07-09T14:56:00,1760,Viman Nagar,TOWER-292
CDR-4E4C1EFC,CASE-0461,+918878054870,+919311749984,2023-10-04T18:05:00,3366,Indiranagar,TOWER-715
CDR-063F57CB,CASE-0350,+915908788628,+919253842161,2023-02-16T05:55:00,3012,Karol Bagh,TOWER-210
CDR-C5A917EE,CASE-0402,+917881157409,+913734461973,2023-05-24T18:02:00,521,Salt Lake City,TOWER-770
CDR-8EF3CBFF,CASE-0309,+918624564306,+917432122776,2023-02-08T02:07:00,795,T Nagar,TOWER-843
CDR-85DBC4AD,CASE-0376,+912100882132,+917956856391,2023-07-13T09:35:00,2078,New Town,TOWER-371
CDR-8AE7D759,CASE-0094,+917615144742,+917278592425,2023-03-23T13:24:00,2949,Viman Nagar,TOWER-674
CDR-41D5AF66,CASE-0402,+918742614667,+910790880424,2023-05-26T08:21:00,1172,Vasant Kunj,TOWER-475
CDR-0CC7218A,CASE-0227,+912390601520,+913663093414,2023-02-12T17:44:00,729,Bandra Kurla Complex,TOWER-942
CDR-69874742,CASE-0411,+917052444364,+918698550717,2023-03-12T19:51:00,1549,Anna Nagar,TOWER-712
CDR-3F058C1E,CASE-0171,+919766705777,+912062619351,2023-06-27T12:05:00,1170,T Nagar,TOWER-746
CDR-51305DCB,CASE-0221,+916328336327,+915622434994,2023-08-11T23:58:00,1377,Noida Sector 18,TOWER-902
CDR-00BF5A78,CASE-0471,+917060340842,+918952038332,2023-08-27T21:28:00,3220,Bandra Kurla Complex,TOWER-524
CDR-D3BA0B58,CASE-0306,+914271636761,+913705079892,2023-04-22T16:47:00,193,Jubilee Hills,TOWER-320
CDR-A86FDD3C,CASE-0308,+915562133475,+915025204207,2023-09-28T03:09:00,334,Gachibowli,TOWER-826
CDR-B0AD5797,CASE-0248,+919075667984,+914637859622,2023-08-08T21:29:00,2718,Andheri West,TOWER-650
CDR-1630E1E8,CASE-0212,+918010384476,+918384031891,2023-02-17T13:31:00,2366,Indiranagar,TOWER-320
CDR-6350289A,CASE-0046,+915197958306,+916945308903,2023-08-16T03:05:00,791,Andheri West,TOWER-650
CDR-875F2DA5,CASE-0242,+915750870070,+917685190765,2023-04-26T04:11:00,1278,Gurgaon Sector 29,TOWER-910
CDR-CFB275D4,CASE-0032,+912440682429,+915119474670,2023-02-18T18:02:00,1940,Hinjewadi,TOWER-978
CDR-AAFDABAE,CASE-0438,+917290393874,+915337742661,2023-05-07T22:07:00,1827,Salt Lake City,TOWER-294
CDR-C7DF2154,CASE-0295,+910753540823,+915724106173,2023-07-16T12:32:00,493,T Nagar,TOWER-127
CDR-672A4E0B,CASE-0257,+911496820515,+917290393874,2023-08-06T09:37:00,1797,Noida Sector 18,TOWER-751
CDR-A3B9640E,CASE-0410,+910753540823,+914714913015,2023-06-10T14:33:00,1317,Salt Lake City,TOWER-616
CDR-629CF798,CASE-0025,+913564744836,+914305503961,2023-06-19T08:44:00,2434,Connaught Place,TOWER-930
CDR-B4A69FD0,CASE-0192,+914606166965,+919641996044,2023-06-12T14:34:00,2708,Gachibowli,TOWER-541
CDR-7F12A93C,CASE-0156,+911140184254,+917090936598,2023-06-13T16:07:00,1560,Connaught Place,TOWER-901
CDR-E83D36D7,CASE-0358,+918981658734,+911795131668,2023-02-11T09:39:00,2600,Indiranagar,TOWER-242
CDR-EA429289,CASE-0246,+918843545700,+910539363533,2023-07-12T07:47:00,145,Viman Nagar,TOWER-860
CDR-58B2D216,CASE-0272,+912628777758,+912848587043,2023-04-25T04:32:00,1999,Connaught Place,TOWER-798
CDR-5F46AABE,CASE-0137,+911885956157,+911885956157,2023-04-13T00:01:00,1937,Koramangala,TOWER-134
CDR-2D663773,CASE-0136,+914000347048,+918181680156,2023-06-13T19:46:00,1692,Connaught Place,TOWER-182
CDR-608FDE0F,CASE-0136,+910093439981,+913814175928,2023-07-18T21:15:00,881,Karol Bagh,TOWER-175
CDR-5E29213F,CASE-0388,+918646745808,+915996002734,2023-05-15T05:49:00,1779,Secunderabad Railway Station,TOWER-434
CDR-84F67A6C,CASE-0194,+915242342923,+919259401778,2023-04-03T11:42:00,2162,Noida Sector 18,TOWER-872
CDR-045D46D8,CASE-0205,+910539363533,+911885956157,2023-01-04T00:57:00,2389,Salt Lake City,TOWER-391
CDR-E7D25A96,CASE-0238,+917559680968,+913769337652,2023-02-16T11:57:00,2979,Salt Lake City,TOWER-500
CDR-C9A49834,CASE-0181,+914271636761,+912848587043,2023-09-12T08:07:00,2515,Anna Nagar,TOWER-128
CDR-890F5B55,CASE-0092,+917493489727,+915867724943,2023-04-02T07:16:00,1428,T Nagar,TOWER-409
CDR-0FE7F011,CASE-0046,+918888401933,+912118505720,2023-08-22T17:25:00,954,Salt Lake City,TOWER-428
CDR-45786655,CASE-0120,+919468912214,+916299937131,2023-02-18T21:50:00,2327,Koramangala,TOWER-831
CDR-AB3C868D,CASE-0180,+914714771847,+910101173267,2023-07-06T10:55:00,567,Jubilee Hills,TOWER-147
CDR-DEEDAEF8,CASE-0024,+913057237398,+912756478036,2023-10-01T21:06:00,1934,Gurgaon Sector 29,TOWER-465
CDR-7EBF134E,CASE-0490,+919458484561,+915818898111,2023-03-31T15:46:00,2203,Indiranagar,TOWER-880
CDR-379737FB,CASE-0077,+918624564306,+912517988615,2023-10-07T18:11:00,2921,Gurgaon Sector 29,TOWER-384
CDR-C5D05779,CASE-0438,+917290393874,+912939219119,2023-05-09T16:31:00,3529,Anna Nagar,TOWER-901
CDR-A2551626,CASE-0066,+912848587043,+912848587043,2023-02-09T08:22:00,3020,Noida Sector 18,TOWER-886
CDR-8B4B8BFC,CASE-0426,+910753540823,+916922167575,2023-02-12T09:26:00,2870,Jubilee Hills,TOWER-745
CDR-7E9615BA,CASE-0036,+918840960841,+917240896926,2023-08-28T14:48:00,3297,Gachibowli,TOWER-384
CDR-6E68A021,CASE-0287,+917290393874,+911732216103,2023-08-09T13:15:00,3513,Viman Nagar,TOWER-179
CDR-7E567C61,CASE-0465,+917458978757,+912907786084,2023-06-13T19:32:00,1376,Gurgaon Sector 29,TOWER-671
CDR-97CFF355,CASE-0117,+914813120521,+915920116378,2023-01-01T08:05:00,612,T Nagar,TOWER-353
CDR-398DB0AD,CASE-0344,+910043323366,+910932627488,2023-10-05T07:04:00,2191,Vasant Kunj,TOWER-761
CDR-7CF31CE8,CASE-0143,+912935565536,+911364404391,2023-06-14T08:03:00,2428,Karol Bagh,TOWER-396
CDR-3E645ED6,CASE-0161,+912062619351,+919458484561,2023-02-08T03:14:00,3080,New Town,TOWER-523
CDR-A9B91412,CASE-0131,+910956977119,+919618547415,2023-05-22T01:05:00,1511,New Town,TOWER-767
CDR-181A8ABA,CASE-0041,+913390442003,+911532558601,2023-02-15T14:08:00,2137,Indiranagar,TOWER-826
CDR-9C9047A3,CASE-0187,+918769410728,+912121118125,2023-10-26T12:32:00,1522,T Nagar,TOWER-971
CDR-762C065A,CASE-0420,+914339547445,+915140721957,2023-09-01T14:34:00,1233,Koramangala,TOWER-239
CDR-6794471E,CASE-0271,+917290393874,+911380103764,2023-10-09T02:41:00,1530,Anna Nagar,TOWER-450
CDR-8F48F7D0,CASE-0471,+913158293722,+914813120521,2023-07-05T11:15:00,2284,Indiranagar,TOWER-880
CDR-CB1DC77F,CASE-0292,+915041435052,+915922788875,2023-10-25T11:07:00,2449,Secunderabad Railway Station,TOWER-950
CDR-9BF3B977,CASE-0128,+917875927829,+919514627962,2023-06-25T05:49:00,169,Andheri West,TOWER-551
CDR-3CECF9D0,CASE-0268,+910629220881,+917951297298,2023-10-02T11:47:00,2778,Bandra Kurla Complex,TOWER-441
CDR-D3C4659D,CASE-0032,+912440682429,+919676835951,2023-05-20T11:10:00,3556,Hinjewadi,TOWER-225
CDR-14309B68,CASE-0021,+915999606810,+916796267831,2023-07-08T08:51:00,722,New Town,TOWER-390
CDR-1442CB92,CASE-0147,+912848587043,+910539363533,2023-09-12T16:24:00,2776,Salt Lake City,TOWER-103
CDR-CA5DC8E3,CASE-0161,+912062619351,+911567300866,2023-01-09T10:00:00,1258,Vasant Kunj,TOWER-189
CDR-F4017EBB,CASE-0041,+915041435052,+913119328811,2023-08-10T00:20:00,1818,Indiranagar,TOWER-556
CDR-EC6104E0,CASE-0267,+917290393874,+911782032348,2023-09-27T04:20:00,298,Secunderabad Railway Station,TOWER-319
CDR-244FC8AA,CASE-0239,+914439171763,+913184660667,2023-05-06T22:59:00,2812,Noida Sector 18,TOWER-465
CDR-98161F2A,CASE-0450,+911983879998,+912206155129,2023-01-30T19:21:00,425,Gachibowli,TOWER-153
CDR-FFCF47BF,CASE-0114,+914271636761,+919362219649,2023-07-18T06:39:00,1467,Vasant Kunj,TOWER-949
CDR-94A51523,CASE-0095,+912848587043,+919383211826,2023-03-22T11:09:00,2492,Salt Lake City,TOWER-934
CDR-6E738A44,CASE-0120,+919468912214,+918394282082,2023-01-24T18:03:00,237,Secunderabad Railway Station,TOWER-631
CDR-7151F76F,CASE-0162,+915527465681,+918545155824,2023-08-20T12:47:00,2590,Noida Sector 18,TOWER-723
CDR-4EAFA58A,CASE-0043,+911972082252,+916946944152,2023-06-28T09:01:00,1613,Salt Lake City,TOWER-601
CDR-AABC52B7,CASE-0268,+916632032160,+915934030422,2023-05-23T23:07:00,173,Salt Lake City,TOWER-891
CDR-B1912C57,CASE-0299,+910122351319,+916200596852,2023-09-27T18:47:00,1792,Jubilee Hills,TOWER-129
CDR-E6CD421A,CASE-0269,+917290393874,+917290393874,2023-02-17T15:24:00,1101,Jubilee Hills,TOWER-636
CDR-3604C1C4,CASE-0156,+916177866980,+916684025093,2023-08-27T21:52:00,3206,Secunderabad Railway Station,TOWER-526
CDR-8B9D4C4D,CASE-0310,+918402970019,+912850923323,2023-04-12T13:11:00,2387,New Town,TOWER-133
CDR-6097504B,CASE-0233,+918252999393,+918716559860,2023-06-14T15:37:00,2256,Gurgaon Sector 29,TOWER-654
CDR-804A101D,CASE-0201,+917156393214,+911778673994,2023-08-12T12:43:00,772,Andheri West,TOWER-353
CDR-90051289,CASE-0225,+918646745808,+916699579576,2023-09-22T17:53:00,2389,Connaught Place,TOWER-208
CDR-90508198,CASE-0387,+915401475726,+917131948775,2023-09-23T10:01:00,2336,Karol Bagh,TOWER-540
CDR-DA4C1A52,CASE-0227,+911735671637,+911350363515,2023-07-10T08:48:00,846,Karol Bagh,TOWER-853
CDR-4D6520F1,CASE-0463,+915024878084,+913032224404,2023-09-26T22:37:00,3415,Noida Sector 18,TOWER-876
CDR-13BEDBDC,CASE-0088,+916082178842,+911019081869,2023-03-21T04:51:00,3386,Salt Lake City,TOWER-935
CDR-1C300482,CASE-0084,+913976188626,+916803084530,2023-03-15T17:33:00,1561,Viman Nagar,TOWER-784
CDR-B03D31E0,CASE-0464,+919744029431,+917174957734,2023-06-13T01:13:00,2959,Indiranagar,TOWER-100
CDR-627BF1E8,CASE-0308,+911534996195,+914271636761,2023-09-17T06:02:00,2027,Vasant Kunj,TOWER-366
CDR-5F9FA18D,CASE-0008,+915550038438,+915982168095,2023-09-06T03:11:00,728,Jubilee Hills,TOWER-826
CDR-48FFAC8C,CASE-0456,+910351193387,+917724795735,2023-10-24T14:16:00,2996,Gurgaon Sector 29,TOWER-477
CDR-E4806441,CASE-0311,+915920116378,+912347592057,2023-10-18T01:07:00,2844,Anna Nagar,TOWER-372
CDR-2CECD155,CASE-0478,+910753540823,+914271636761,2023-01-21T12:09:00,1355,Vasant Kunj,TOWER-453
CDR-4FAF29F2,CASE-0353,+917290393874,+913131968090,2023-09-01T17:57:00,1393,Jubilee Hills,TOWER-506
CDR-741C87A6,CASE-0182,+919161140906,+910389112854,2023-10-20T13:49:00,3089,Indiranagar,TOWER-437
CDR-A4141DCB,CASE-0201,+912848587043,+918245260553,2023-08-24T00:31:00,2269,Indiranagar,TOWER-965
CDR-FECA11C6,CASE-0298,+919209629821,+918395467815,2023-08-29T10:19:00,2430,Viman Nagar,TOWER-480
CDR-71CA5AB2,CASE-0235,+916423939462,+917635377129,2023-06-09T01:58:00,3020,Karol Bagh,TOWER-253
CDR-32667F33,CASE-0297,+917320376235,+919494381504,2023-10-20T05:51:00,3212,Secunderabad Railway Station,TOWER-710
CDR-6086D3B4,CASE-0190,+912447382803,+915270361953,2023-01-18T06:56:00,2297,Bandra Kurla Complex,TOWER-246
CDR-BE403C45,CASE-0378,+914608284182,+917160569980,2023-07-06T18:09:00,639,Secunderabad Railway Station,TOWER-801
CDR-84539FCD,CASE-0335,+912648433890,+914175868877,2023-04-23T12:52:00,3188,Connaught Place,TOWER-105
CDR-9BCDB922,CASE-0035,+910748214788,+919458484561,2023-10-06T09:54:00,802,Jubilee Hills,TOWER-945
CDR-B5466864,CASE-0147,+911889748671,+915888691887,2023-08-05T04:00:00,2152,Anna Nagar,TOWER-476
CDR-34AA4115,CASE-0093,+913626380693,+915382731077,2023-10-10T00:07:00,27,New Town,TOWER-588
CDR-C4015A1E,CASE-0286,+913547280012,+919955027653,2023-06-07T05:31:00,509,Jubilee Hills,TOWER-999
CDR-47AB12F4,CASE-0089,+912809364277,+919551592658,2023-02-28T07:19:00,1442,Salt Lake City,TOWER-611
CDR-84426882,CASE-0236,+913067876211,+912341583148,2023-08-05T05:39:00,1782,Hinjewadi,TOWER-954
CDR-274FC217,CASE-0330,+915527465681,+912722924002,2023-01-28T05:54:00,2126,Anna Nagar,TOWER-688
CDR-4C8AE680,CASE-0084,+913976188626,+912062619351,2023-08-18T17:43:00,2458,Noida Sector 18,TOWER-938
CDR-B5EBBCD0,CASE-0424,+912062619351,+919458484561,2023-05-31T22:36:00,1036,T Nagar,TOWER-803
CDR-6A2C457A,CASE-0303,+915183757959,+918637509829,2023-01-11T08:31:00,3326,Noida Sector 18,TOWER-897
CDR-2905FDB5,CASE-0440,+917592189442,+916948654215,2023-09-29T22:29:00,1208,Secunderabad Railway Station,TOWER-776
CDR-CFB6B7E4,CASE-0059,+919274027562,+911644847682,2023-07-04T02:35:00,1821,Bandra Kurla Complex,TOWER-432
CDR-B10BCA79,CASE-0364,+914575175709,+912577711347,2023-05-11T14:06:00,1526,Secunderabad Railway Station,TOWER-276
CDR-8A17CEE8,CASE-0255,+913414780711,+914058210896,2023-07-21T05:56:00,143,Secunderabad Railway Station,TOWER-208
CDR-8266EB2A,CASE-0117,+914239058338,+913787032452,2023-07-08T11:22:00,2217,Andheri West,TOWER-152
CDR-2A3CD467,CASE-0383,+914157335119,+912374009741,2023-05-14T21:08:00,2465,T Nagar,TOWER-538
CDR-D31A55B7,CASE-0468,+919982240615,+914271636761,2023-08-08T21:14:00,56,Salt Lake City,TOWER-740
CDR-D0CD3B04,CASE-0155,+913130713069,+910125573580,2023-01-19T21:10:00,1520,Bandra Kurla Complex,TOWER-217
CDR-08DF24E7,CASE-0359,+912062619351,+912062619351,2023-07-21T17:31:00,188,Karol Bagh,TOWER-746
CDR-A687D09A,CASE-0221,+912135016998,+917914797903,2023-03-31T02:05:00,2464,Connaught Place,TOWER-853
CDR-E81E81BB,CASE-0494,+911332806117,+916998577762,2023-06-09T05:32:00,692,Indiranagar,TOWER-740
CDR-C8F1ABA0,CASE-0367,+910898130994,+913962906345,2023-01-26T01:47:00,2019,Anna Nagar,TOWER-712
CDR-26A44DEB,CASE-0334,+911782032348,+915527465681,2023-08-28T13:40:00,3134,Connaught Place,TOWER-281
CDR-9E6F323F,CASE-0441,+910891539638,+910976714672,2023-02-25T06:40:00,2146,T Nagar,TOWER-528
CDR-828D0357,CASE-0070,+913608715525,+918274014977,2023-06-24T04:24:00,3018,Indiranagar,TOWER-980
CDR-12FB50A8,CASE-0434,+914239058338,+914239058338,2023-07-21T13:17:00,194,Gurgaon Sector 29,TOWER-740
CDR-C647602B,CASE-0179,+910289967819,+918843545700,2023-03-07T16:48:00,2427,Hinjewadi,TOWER-227
CDR-B17739E0,CASE-0442,+912440682429,+915920116378,2023-02-26T04:45:00,483,Anna Nagar,TOWER-921
CDR-CEDD2B43,CASE-0100,+915633420879,+917756913303,2023-01-31T23:21:00,1441,Vasant Kunj,TOWER-478
CDR-EC398223,CASE-0086,+913494425741,+919056553239,2023-05-19T05:00:00,1836,Koramangala,TOWER-855
CDR-ADE70EEE,CASE-0379,+910176045239,+914117978396,2023-03-11T22:49:00,2154,Koramangala,TOWER-904
CDR-FD78B553,CASE-0097,+912954343529,+914025067453,2023-06-04T20:58:00,1062,Hinjewadi,TOWER-462
CDR-4E9A368F,CASE-0003,+913291506542,+916259133605,2023-02-27T09:31:00,1253,Connaught Place,TOWER-324
CDR-8F494825,CASE-0446,+914032404397,+910449286970,2023-02-23T19:02:00,1019,Gachibowli,TOWER-933
CDR-C890780B,CASE-0408,+915505041337,+913608715525,2023-10-07T00:54:00,694,Anna Nagar,TOWER-223
CDR-0CECF809,CASE-0308,+912047292195,+914825081059,2023-07-05T12:14:00,1362,Viman Nagar,TOWER-366
CDR-CD2E8180,CASE-0238,+913782327021,+917903806009,2023-06-18T12:00:00,21,Hinjewadi,TOWER-960
CDR-F27A3CD5,CASE-0455,+910753540823,+918376211966,2023-01-31T14:11:00,1549,Gurgaon Sector 29,TOWER-255
CDR-9501B973,CASE-0426,+910753540823,+918309527373,2023-01-07T01:22:00,1252,Secunderabad Railway Station,TOWER-559
CDR-C23B3EA6,CASE-0408,+914615375309,+911885956157,2023-04-18T21:21:00,485,New Town,TOWER-391
CDR-1EA4A0B0,CASE-0340,+912505625337,+911416261754,2023-08-20T22:01:00,2513,Andheri West,TOWER-322
CDR-8AD563B6,CASE-0470,+919983678749,+919066045947,2023-04-25T16:12:00,2367,Viman Nagar,TOWER-635
CDR-D73576B6,CASE-0377,+914577212430,+916997545592,2023-09-16T05:58:00,960,T Nagar,TOWER-822
CDR-AD28B8B8,CASE-0233,+916618416011,+915667437707,2023-01-10T19:19:00,1572,Connaught Place,TOWER-855
CDR-C22BB6E2,CASE-0038,+913961941329,+914856669655,2023-06-16T01:57:00,3368,Gachibowli,TOWER-858
CDR-4B0A5BC1,CASE-0400,+911239687906,+910398834181,2023-08-03T13:37:00,798,Andheri West,TOWER-872
CDR-794325F6,CASE-0312,+911912217450,+917290393874,2023-05-05T01:16:00,3438,Vasant Kunj,TOWER-304
CDR-B1C6DE85,CASE-0293,+918912538319,+914108584689,2023-05-18T17:34:00,1170,Gachibowli,TOWER-269
CDR-4D778BAC,CASE-0042,+918870201280,+913927012092,2023-03-08T06:01:00,771,Indiranagar,TOWER-672
CDR-3C8F8BA2,CASE-0359,+912062619351,+910538980625,2023-07-05T19:12:00,816,Gachibowli,TOWER-664
CDR-0650596C,CASE-0128,+917875927829,+918109901178,2023-01-16T16:35:00,3243,New Town,TOWER-148
CDR-450FF410,CASE-0120,+919468912214,+916647202563,2023-07-19T12:41:00,1101,Anna Nagar,TOWER-303
CDR-3DE086CD,CASE-0362,+917290393874,+913208787825,2023-02-20T03:26:00,3276,Connaught Place,TOWER-227
CDR-31432F5C,CASE-0453,+910047578748,+913647959221,2023-02-13T22:29:00,2990,Noida Sector 18,TOWER-942
CDR-D48F37B8,CASE-0012,+915024878084,+910297118304,2023-06-04T12:26:00,3565,Bandra Kurla Complex,TOWER-834
CDR-F668E7EE,CASE-0168,+913335064912,+910932627488,2023-08-15T04:06:00,1689,Noida Sector 18,TOWER-119
CDR-E5CBE384,CASE-0115,+917220495428,+918017770388,2023-10-07T02:19:00,1241,Viman Nagar,TOWER-451
CDR-E07CC05F,CASE-0233,+916307331452,+911917377872,2023-10-16T14:17:00,1086,Karol Bagh,TOWER-673
CDR-F22E6A6B,CASE-0156,+916177866980,+915003858489,2023-01-17T12:15:00,1829,New Town,TOWER-920
CDR-1E09FA71,CASE-0242,+916193243213,+913669895134,2023-04-02T22:16:00,922,Indiranagar,TOWER-172
CDR-69FE3FE2,CASE-0116,+912012248176,+914188475361,2023-10-26T06:40:00,1344,Noida Sector 18,TOWER-742
CDR-A848FCB5,CASE-0365,+919458484561,+917923335325,2023-03-17T06:00:00,2547,Viman Nagar,TOWER-774
CDR-323C0087,CASE-0360,+917290393874,+919814257718,2023-03-13T04:07:00,2372,Andheri West,TOWER-499
CDR-FB948062,CASE-0122,+912848587043,+914271636761,2023-05-21T07:03:00,2476,Anna Nagar,TOWER-812
CDR-AF8EBE07,CASE-0161,+912062619351,+918624564306,2023-01-25T10:31:00,2656,Hinjewadi,TOWER-283
CDR-6B3E6FB5,CASE-0424,+912062619351,+916605430537,2023-09-18T19:24:00,3352,Gachibowli,TOWER-823
CDR-4B3C8B2B,CASE-0041,+910257807600,+913657768616,2023-07-29T19:04:00,2717,Koramangala,TOWER-952
CDR-125B16F2,CASE-0253,+910213409540,+910539363533,2023-06-17T13:30:00,1852,Karol Bagh,TOWER-277
CDR-78609288,CASE-0412,+917092126831,+910112971074,2023-06-18T14:15:00,1182,Noida Sector 18,TOWER-165
CDR-B18A21A9,CASE-0200,+917290393874,+912062619351,2023-08-05T22:23:00,1748,Anna Nagar,TOWER-160
CDR-F88ACB17,CASE-0222,+918843545700,+913200290679,2023-06-11T10:18:00,2678,Secunderabad Railway Station,TOWER-516
CDR-CD7C7F10,CASE-0380,+916410588760,+910057943985,2023-06-27T02:24:00,429,New Town,TOWER-502
CDR-8EB9173A,CASE-0420,+912688732077,+914001635675,2023-01-12T17:28:00,1412,Viman Nagar,TOWER-758
CDR-F35BBA91,CASE-0370,+918388825721,+913024695927,2023-06-10T12:41:00,3353,Hinjewadi,TOWER-523
CDR-20C11F02,CASE-0126,+912655514057,+910160625768,2023-07-10T05:01:00,909,Secunderabad Railway Station,TOWER-774
CDR-1BB0A3C2,CASE-0141,+912148739181,+913521818131,2023-09-06T15:51:00,586,Noida Sector 18,TOWER-913
CDR-6FC0179A,CASE-0072,+915041435052,+914027495368,2023-01-31T20:50:00,42,T Nagar,TOWER-484
CDR-5F3BA162,CASE-0488,+911152867997,+915551752953,2023-03-12T07:29:00,1605,Vasant Kunj,TOWER-531
CDR-E1626700,CASE-0293,+919201521606,+912693660264,2023-05-13T06:25:00,3553,T Nagar,TOWER-785
CDR-726A4A07,CASE-0259,+910331145240,+915342183250,2023-04-14T16:29:00,1827,Connaught Place,TOWER-823
CDR-97A93CE4,CASE-0113,+913639042193,+910134604279,2023-05-10T10:22:00,1651,Gachibowli,TOWER-384
CDR-E54E8464,CASE-0098,+916209181900,+913121201754,2023-06-26T16:56:00,3317,Bandra Kurla Complex,TOWER-264
CDR-BF300F2D,CASE-0318,+915333219201,+911179542461,2023-10-19T01:32:00,584,T Nagar,TOWER-830
CDR-4DDEFC83,CASE-0355,+917006373142,+916252413181,2023-08-27T18:33:00,1244,Noida Sector 18,TOWER-721
CDR-7B5CD2CC,CASE-0149,+919766839910,+917062558890,2023-09-26T06:44:00,882,Bandra Kurla Complex,TOWER-561
CDR-E04B357C,CASE-0355,+912430910618,+919592767223,2023-04-21T22:25:00,930,Jubilee Hills,TOWER-123
CDR-B54C5A12,CASE-0310,+913975433895,+916551808352,2023-07-29T15:49:00,1626,Bandra Kurla Complex,TOWER-504
CDR-10926BA0,CASE-0404,+915850796909,+917690893122,2023-07-25T13:57:00,3460,Gachibowli,TOWER-767
CDR-6540CDBC,CASE-0311,+914239058338,+915920116378,2023-06-28T20:56:00,1256,Jubilee Hills,TOWER-707
CDR-73AD409D,CASE-0238,+917559680968,+918107966593,2023-03-17T11:09:00,1811,Hinjewadi,TOWER-534
CDR-B7B9CA62,CASE-0059,+911182887465,+914359315208,2023-01-07T00:49:00,2714,Jubilee Hills,TOWER-330
CDR-1C6B02BD,CASE-0187,+918843545700,+916595978886,2023-07-26T15:08:00,166,Bandra Kurla Complex,TOWER-498
CDR-66F71D3F,CASE-0242,+915354377108,+913274112388,2023-03-13T14:38:00,3283,Karol Bagh,TOWER-243
CDR-36B46B27,CASE-0064,+918545155824,+911782032348,2023-10-08T02:44:00,589,Viman Nagar,TOWER-741
CDR-EE7B21A6,CASE-0191,+915148982381,+910238288409,2023-08-31T20:24:00,2324,Jubilee Hills,TOWER-623
CDR-FA51D715,CASE-0198,+912199962840,+914616655655,2023-01-05T20:08:00,3054,Karol Bagh,TOWER-520
CDR-302C61F1,CASE-0472,+910753540823,+915962925943,2023-02-17T11:04:00,2601,T Nagar,TOWER-306
CDR-6B620BC5,CASE-0006,+915527465681,+917290393874,2023-04-26T10:50:00,285,Karol Bagh,TOWER-334
CDR-E93A850E,CASE-0080,+917607880395,+916610884746,2023-02-10T12:40:00,3247,Anna Nagar,TOWER-784
CDR-B6779993,CASE-0157,+912333899624,+915337051338,2023-03-18T06:24:00,1787,Bandra Kurla Complex,TOWER-422
CDR-999EEA5F,CASE-0224,+916209181900,+915024878084,2023-09-14T17:45:00,1901,Koramangala,TOWER-107
CDR-84576FD3,CASE-0494,+911332806117,+917445688381,2023-01-02T02:02:00,1621,Karol Bagh,TOWER-806
CDR-D8385D4F,CASE-0039,+916992627603,+910695924542,2023-04-09T01:25:00,339,Koramangala,TOWER-888
CDR-C277E76E,CASE-0320,+916716078468,+918920422066,2023-01-15T06:44:00,3378,Salt Lake City,TOWER-414
CDR-BF428406,CASE-0172,+912390045150,+919400733993,2023-01-30T23:55:00,1654,Jubilee Hills,TOWER-269
CDR-612B17B9,CASE-0303,+912209263659,+919880604948,2023-01-21T11:43:00,204,Andheri West,TOWER-652
CDR-0DB7D7C2,CASE-0242,+915750870070,+915778970388,2023-06-12T08:15:00,3516,Secunderabad Railway Station,TOWER-681
CDR-1291D3A0,CASE-0418,+919345912958,+912835718238,2023-06-06T23:51:00,1908,Karol Bagh,TOWER-597
CDR-EF488062,CASE-0109,+915613029727,+914138151635,2023-07-05T02:28:00,16,Andheri West,TOWER-531
CDR-6EC54685,CASE-0327,+910351193387,+915888691887,2023-05-06T15:38:00,1498,Bandra Kurla Complex,TOWER-772
CDR-BB1894BE,CASE-0413,+912652392093,+913983985011,2023-05-21T00:24:00,3351,New Town,TOWER-781
CDR-F3B3B8B0,CASE-0092,+917493489727,+913645540430,2023-07-05T08:54:00,1365,Gurgaon Sector 29,TOWER-803
CDR-A3F7863D,CASE-0031,+915515729662,+917190075387,2023-05-31T20:54:00,233,Connaught Place,TOWER-695
CDR-A193D5CC,CASE-0248,+918646745808,+910101173267,2023-02-23T22:55:00,1988,Connaught Place,TOWER-746
CDR-DCB40BCE,CASE-0303,+912209263659,+913967092791,2023-05-13T17:52:00,2218,T Nagar,TOWER-989
CDR-ED6BEF2F,CASE-0410,+910753540823,+918843545700,2023-10-17T23:17:00,2784,Connaught Place,TOWER-502
CDR-4D6C5FEA,CASE-0296,+913547280012,+914422174661,2023-10-25T22:48:00,2787,Jubilee Hills,TOWER-691
CDR-D19D7772,CASE-0008,+917498717859,+917380212643,2023-02-28T01:01:00,3544,Karol Bagh,TOWER-637
CDR-573A58C4,CASE-0012,+916209181900,+919618547415,2023-02-13T12:10:00,3198,Bandra Kurla Complex,TOWER-464
CDR-0D8F0432,CASE-0271,+917290393874,+912875280113,2023-06-08T01:07:00,3168,Connaught Place,TOWER-993
CDR-0B92714B,CASE-0465,+914678612658,+918206165739,2023-03-30T01:22:00,295,Gachibowli,TOWER-632
CDR-6419D162,CASE-0474,+911685532300,+912711397333,2023-06-08T21:58:00,1588,Gachibowli,TOWER-341
CDR-1EEF45D2,CASE-0481,+911917950043,+914719175824,2023-03-07T07:27:00,2392,Secunderabad Railway Station,TOWER-584
CDR-2690ADFF,CASE-0085,+915024878084,+915024878084,2023-01-05T12:03:00,629,Bandra Kurla Complex,TOWER-577
CDR-D278E8B9,CASE-0207,+915191308126,+911440064413,2023-03-30T08:55:00,2907,Gurgaon Sector 29,TOWER-757
CDR-C85314CF,CASE-0008,+914776832078,+917076894936,2023-02-24T01:32:00,3191,Vasant Kunj,TOWER-492
CDR-9A05D2C9,CASE-0092,+917493489727,+914940703245,2023-10-27T13:30:00,915,Koramangala,TOWER-271
CDR-5B0B1A49,CASE-0426,+910753540823,+911703694146,2023-03-29T04:00:00,544,Andheri West,TOWER-245
CDR-30BEC27A,CASE-0217,+918994187632,+912199113916,2023-06-20T21:54:00,850,Koramangala,TOWER-636
CDR-8B0FDB66,CASE-0219,+912780496936,+917085426872,2023-01-09T05:40:00,2288,Salt Lake City,TOWER-173
CDR-76A6EF0A,CASE-0156,+916177866980,+913974323214,2023-05-01T00:37:00,1512,Vasant Kunj,TOWER-210
CDR-F36E7635,CASE-0161,+915148982381,+918843545700,2023-06-25T03:18:00,3145,T Nagar,TOWER-610
CDR-7A972BC3,CASE-0206,+913547280012,+912476498072,2023-08-10T02:22:00,783,T Nagar,TOWER-773
CDR-4DEB777C,CASE-0187,+912858219643,+918417333612,2023-10-25T00:48:00,2786,New Town,TOWER-351
CDR-B875EB39,CASE-0235,+914813120521,+912848587043,2023-08-29T13:01:00,258,Gachibowli,TOWER-305
CDR-EF4D6059,CASE-0381,+917970357325,+911401306578,2023-04-14T15:07:00,2112,New Town,TOWER-894
CDR-C4728251,CASE-0059,+919274027562,+918933518241,2023-06-24T22:53:00,1438,Koramangala,TOWER-732
CDR-F4A9AA88,CASE-0372,+915931502223,+912760520962,2023-02-22T06:16:00,3065,T Nagar,TOWER-970
CDR-FC9F9A80,CASE-0270,+919390758835,+916337069454,2023-03-14T14:09:00,1808,Connaught Place,TOWER-655
CDR-258E7902,CASE-0028,+915024878084,+912909109253,2023-07-13T09:25:00,2092,Gachibowli,TOWER-430
CDR-7384CA95,CASE-0277,+915437501020,+918322322473,2023-03-25T04:53:00,488,New Town,TOWER-177
CDR-09BEF50D,CASE-0075,+914478758223,+910111488837,2023-04-08T17:47:00,1568,Karol Bagh,TOWER-598
CDR-CED77899,CASE-0404,+915850796909,+910060174840,2023-08-08T04:11:00,866,Jubilee Hills,TOWER-153
CDR-44E35C65,CASE-0278,+916209181900,+916468192007,2023-06-13T01:56:00,2099,New Town,TOWER-247
CDR-02A05F61,CASE-0260,+917349048307,+912322628104,2023-09-30T10:26:00,1611,Hinjewadi,TOWER-809
CDR-69DD4BB2,CASE-0030,+912955985838,+918286353811,2023-02-05T03:59:00,1055,Connaught Place,TOWER-345
CDR-9236DEE3,CASE-0305,+919067002025,+910036231186,2023-05-31T07:36:00,663,Anna Nagar,TOWER-654
CDR-1F53670E,CASE-0049,+914571178167,+914376786643,2023-10-18T01:15:00,542,Karol Bagh,TOWER-361
CDR-E5542F98,CASE-0412,+918078440947,+915886801850,2023-06-06T17:59:00,1555,Secunderabad Railway Station,TOWER-798
CDR-BC07076F,CASE-0011,+910134604279,+913208626878,2023-04-13T15:47:00,1438,Vasant Kunj,TOWER-959
CDR-71E5289B,CASE-0366,+917378067955,+916129267370,2023-10-11T09:44:00,3098,Indiranagar,TOWER-996
CDR-E9D8C925,CASE-0247,+917252437823,+917888876433,2023-09-16T20:16:00,727,Gurgaon Sector 29,TOWER-248
CDR-C8687BE6,CASE-0387,+915401475726,+912062619351,2023-07-31T23:01:00,1228,Gurgaon Sector 29,TOWER-746
CDR-6C105BB6,CASE-0067,+914074236407,+912355232700,2023-09-07T18:01:00,297,Secunderabad Railway Station,TOWER-284
CDR-2E4A5A55,CASE-0490,+918703992838,+917290393874,2023-10-16T05:42:00,2342,Gurgaon Sector 29,TOWER-802
CDR-264BACB0,CASE-0458,+913547280012,+910246925502,2023-03-15T11:18:00,1945,Noida Sector 18,TOWER-514
CDR-AF75A3ED,CASE-0053,+915148982381,+912261600820,2023-07-05T10:34:00,3050,Koramangala,TOWER-291
CDR-319B9944,CASE-0071,+911614562294,+917077608428,2023-03-07T06:54:00,1701,Vasant Kunj,TOWER-917
CDR-7C617F20,CASE-0203,+918843545700,+918574784337,2023-08-21T10:59:00,1694,Andheri West,TOWER-711
CDR-E885E22B,CASE-0489,+913986950305,+914014251294,2023-02-06T19:04:00,65,Koramangala,TOWER-710
CDR-966920FD,CASE-0245,+912327235892,+911239719911,2023-04-21T03:33:00,3573,New Town,TOWER-298
CDR-75A37BF9,CASE-0337,+911647690824,+910546289698,2023-07-13T20:24:00,1250,Andheri West,TOWER-443
CDR-F5DAA1D9,CASE-0322,+911151048469,+912077560710,2023-05-05T19:45:00,1424,Noida Sector 18,TOWER-615
CDR-8529E3D4,CASE-0370,+914361920200,+919107430261,2023-02-22T18:23:00,2050,Vasant Kunj,TOWER-920
CDR-E74AB6CD,CASE-0020,+916509438819,+917429491793,2023-06-26T05:48:00,2903,New Town,TOWER-323
CDR-1EBE0F42,CASE-0417,+915148982381,+919458484561,2023-05-20T06:29:00,2286,Koramangala,TOWER-104
CDR-3FCD6849,CASE-0113,+913433388771,+915024878084,2023-08-03T22:17:00,2556,Bandra Kurla Complex,TOWER-612
CDR-38E3A682,CASE-0078,+910539363533,+910932627488,2023-03-07T20:09:00,2382,Anna Nagar,TOWER-882
CDR-F2B9BBCA,CASE-0008,+913223377845,+915041435052,2023-06-20T18:28:00,3079,New Town,TOWER-871
CDR-67999A39,CASE-0274,+914897219099,+916813732427,2023-07-26T16:34:00,785,Koramangala,TOWER-426
CDR-391A6602,CASE-0045,+918340539942,+918323381458,2023-04-03T20:49:00,1706,Salt Lake City,TOWER-394
CDR-72B1F1B4,CASE-0409,+917541620441,+916710756238,2023-07-11T16:21:00,1966,Gurgaon Sector 29,TOWER-273
CDR-3215BC5D,CASE-0461,+919816710603,+911985891715,2023-04-23T20:22:00,2741,Secunderabad Railway Station,TOWER-930
CDR-9E9E5AC0,CASE-0077,+913065756476,+918524420738,2023-01-06T06:08:00,3160,Gachibowli,TOWER-355
CDR-E31E3B2A,CASE-0405,+919504574367,+913774862493,2023-08-10T08:49:00,2268,Indiranagar,TOWER-604
CDR-75A23DBE,CASE-0243,+911402256863,+915248515613,2023-08-11T03:31:00,51,Salt Lake City,TOWER-160
CDR-77F6E069,CASE-0025,+912219274262,+918420397373,2023-08-01T06:15:00,2972,Indiranagar,TOWER-885
CDR-C550E72C,CASE-0490,+919458484561,+919458484561,2023-07-30T07:13:00,526,Karol Bagh,TOWER-844
CDR-3EB70D44,CASE-0498,+914359315208,+914359315208,2023-03-23T23:25:00,1155,Anna Nagar,TOWER-276
CDR-F7F161FF,CASE-0037,+918943734204,+914146873695,2023-02-15T06:35:00,2441,T Nagar,TOWER-266
CDR-B1188865,CASE-0354,+917104875947,+918231269023,2023-01-06T00:08:00,2793,Connaught Place,TOWER-405
CDR-F1904E0F,CASE-0453,+910716092394,+911993335939,2023-01-04T07:02:00,1311,Connaught Place,TOWER-110
CDR-98E8D4F0,CASE-0453,+918496154759,+917324515055,2023-03-27T07:47:00,2652,Andheri West,TOWER-183
CDR-68CA051C,CASE-0286,+913547280012,+912285903106,2023-07-05T02:03:00,580,New Town,TOWER-604
CDR-83F567DC,CASE-0482,+918202813708,+918545155824,2023-03-19T10:26:00,2475,T Nagar,TOWER-443
CDR-0701FBF3,CASE-0163,+913084772999,+910921634328,2023-10-07T06:54:00,3283,Anna Nagar,TOWER-439
CDR-3A5B1283,CASE-0001,+917161184225,+915803237247,2023-02-04T15:38:00,2318,Salt Lake City,TOWER-245
CDR-E1413E58,CASE-0027,+917209157503,+918470443290,2023-03-21T10:20:00,1264,Karol Bagh,TOWER-282
CDR-8DE60712,CASE-0005,+916378163815,+914007436831,2023-10-07T00:46:00,258,New Town,TOWER-144
CDR-AEBB95E7,CASE-0161,+913714075005,+917290393874,2023-01-15T15:37:00,1066,Karol Bagh,TOWER-582
CDR-46CBB858,CASE-0246,+918843545700,+910786557477,2023-09-23T09:45:00,3046,Secunderabad Railway Station,TOWER-884
CDR-072280FB,CASE-0372,+918373992937,+914676580496,2023-01-04T02:48:00,1565,Gachibowli,TOWER-990
CDR-C392C852,CASE-0379,+912164373011,+910969723180,2023-08-16T23:52:00,685,Anna Nagar,TOWER-771
CDR-BEE80D0B,CASE-0467,+918843545700,+915013512934,2023-05-29T06:30:00,2005,T Nagar,TOWER-823
CDR-52F454BE,CASE-0317,+915765697117,+914680545980,2023-02-25T07:48:00,1343,New Town,TOWER-846
CDR-816AE484,CASE-0304,+911782032348,+912848587043,2023-09-25T20:30:00,3480,Indiranagar,TOWER-685
CDR-20374F45,CASE-0486,+916280832789,+912736676379,2023-06-24T07:58:00,1785,T Nagar,TOWER-141
CDR-77F49DD1,CASE-0029,+910753540823,+916209181900,2023-01-10T05:58:00,563,Secunderabad Railway Station,TOWER-549
CDR-3300F45A,CASE-0114,+914271636761,+910753540823,2023-10-25T13:10:00,1532,Gurgaon Sector 29,TOWER-199
CDR-11457705,CASE-0401,+917713892863,+914271636761,2023-06-24T04:38:00,2903,Karol Bagh,TOWER-543
CDR-95529452,CASE-0078,+916380288663,+914271636761,2023-04-16T06:14:00,2315,Noida Sector 18,TOWER-112
CDR-EBD96210,CASE-0009,+919743316415,+914875418836,2023-09-30T23:22:00,316,Anna Nagar,TOWER-138
CDR-0EF9E1BB,CASE-0137,+911782032348,+911885956157,2023-05-31T12:28:00,921,Karol Bagh,TOWER-783
CDR-520B3E5E,CASE-0377,+914577212430,+911031308601,2023-02-13T09:35:00,823,Salt Lake City,TOWER-244
CDR-7CB9FBC0,CASE-0287,+910250756002,+910932627488,2023-09-03T01:10:00,1579,T Nagar,TOWER-777
CDR-11D9BE14,CASE-0068,+912850576285,+913382737956,2023-01-16T10:59:00,1962,Vasant Kunj,TOWER-766
CDR-0C1C02F7,CASE-0420,+911428433906,+913927932101,2023-04-19T22:37:00,2697,Anna Nagar,TOWER-944
CDR-716EEF39,CASE-0378,+915623712290,+913975433895,2023-03-08T01:42:00,2350,Salt Lake City,TOWER-128
CDR-AF2630FC,CASE-0086,+919822409885,+912726440804,2023-04-08T05:42:00,2146,Connaught Place,TOWER-184
CDR-C93103D5,CASE-0175,+915215091504,+915995585366,2023-05-03T09:33:00,2523,Andheri West,TOWER-206
CDR-55EFAC43,CASE-0025,+912219274262,+917529006215,2023-05-25T02:03:00,2331,Bandra Kurla Complex,TOWER-842
CDR-AB381A47,CASE-0498,+914359315208,+915270895238,2023-09-17T00:28:00,1320,Salt Lake City,TOWER-871
CDR-CDC7DBFA,CASE-0437,+911400672608,+915139758077,2023-09-02T08:52:00,1430,Gachibowli,TOWER-336
CDR-DD1F5EA6,CASE-0469,+916467269393,+911781818380,2023-09-21T21:05:00,2472,New Town,TOWER-505
CDR-62DCF170,CASE-0223,+917437514483,+913656467891,2023-08-05T12:26:00,1497,New Town,TOWER-546
CDR-C1F4CD35,CASE-0201,+912848587043,+911230169272,2023-01-28T09:28:00,1023,Gachibowli,TOWER-441
CDR-7662FC84,CASE-0428,+917449361043,+917419825288,2023-03-27T16:28:00,2333,Indiranagar,TOWER-324
CDR-BC8F7643,CASE-0292,+915041435052,+912458301463,2023-07-30T23:03:00,2460,Connaught Place,TOWER-815
CDR-0F8C2A28,CASE-0201,+915950179837,+913434591728,2023-09-08T02:45:00,2127,Secunderabad Railway Station,TOWER-678
CDR-DA79D032,CASE-0187,+918843545700,+918304843240,2023-10-02T23:17:00,1287,New Town,TOWER-772
CDR-0737E37D,CASE-0271,+915363769282,+919468963249,2023-05-01T13:49:00,283,Jubilee Hills,TOWER-896
CDR-A261F00D,CASE-0417,+915148982381,+912062619351,2023-06-25T18:46:00,312,Salt Lake City,TOWER-296
CDR-BA525E5A,CASE-0095,+914340817086,+912749552647,2023-04-21T19:47:00,222,Secunderabad Railway Station,TOWER-148
CDR-F85F469D,CASE-0022,+914864867942,+917876663030,2023-06-14T06:58:00,1989,Viman Nagar,TOWER-580
CDR-45D2D93F,CASE-0488,+911340095113,+912460920384,2023-09-08T09:49:00,3226,Salt Lake City,TOWER-250
CDR-20D09F70,CASE-0192,+914271636761,+916561821216,2023-02-24T09:53:00,1852,Salt Lake City,TOWER-607
CDR-1D57717F,CASE-0078,+911616048520,+918843545700,2023-05-29T19:06:00,1583,Gachibowli,TOWER-207
CDR-A1417DCE,CASE-0235,+915539625171,+915920116378,2023-03-28T21:46:00,2561,Gachibowli,TOWER-491
CDR-277047C6,CASE-0101,+910582788962,+919690454439,2023-05-26T08:20:00,3330,Vasant Kunj,TOWER-234
CDR-E752846C,CASE-0475,+914399993108,+915542602664,2023-03-07T17:58:00,1224,Gachibowli,TOWER-508
CDR-CDDB5D5D,CASE-0085,+915024878084,+913613986188,2023-01-08T15:06:00,758,Andheri West,TOWER-188
CDR-9AE64D20,CASE-0238,+919351509422,+919225794725,2023-05-24T23:28:00,1887,New Town,TOWER-413
CDR-B3E8BEB0,CASE-0100,+916010922190,+919141494201,2023-07-19T20:47:00,3170,Anna Nagar,TOWER-876
CDR-E4675FE3,CASE-0280,+918932983493,+915726657657,2023-05-10T09:11:00,840,Karol Bagh,TOWER-461
CDR-2D6B5904,CASE-0050,+910326513902,+919345912958,2023-06-26T18:28:00,1125,Salt Lake City,TOWER-357
CDR-706D4A4E,CASE-0052,+916866149630,+911588659755,2023-05-27T09:15:00,3550,Vasant Kunj,TOWER-171
CDR-131EEF69,CASE-0202,+913687090213,+918600689988,2023-09-29T20:21:00,378,Andheri West,TOWER-255
CDR-7948A43A,CASE-0117,+914239058338,+912440682429,2023-10-20T04:35:00,455,Salt Lake City,TOWER-199
CDR-2E9B3A73,CASE-0150,+915622633400,+914271636761,2023-06-24T16:11:00,290,Salt Lake City,TOWER-271
CDR-FB2D243A,CASE-0358,+919872870214,+919345912958,2023-09-02T02:27:00,1326,Noida Sector 18,TOWER-683
CDR-ED3BDF58,CASE-0164,+915527465681,+911996853266,2023-03-09T09:26:00,916,Hinjewadi,TOWER-159
CDR-4293AF97,CASE-0419,+919458484561,+913280661324,2023-09-06T20:20:00,2747,Viman Nagar,TOWER-843
CDR-08FAE08E,CASE-0184,+910932627488,+910932627488,2023-05-07T01:14:00,1840,Gurgaon Sector 29,TOWER-836
CDR-985C736F,CASE-0485,+910998756500,+918824310138,2023-08-29T05:36:00,3073,Bandra Kurla Complex,TOWER-788
CDR-AAE1CFFD,CASE-0427,+911749668311,+919399425902,2023-06-11T02:38:00,3399,Hinjewadi,TOWER-901
CDR-11760439,CASE-0061,+911341083704,+917340012688,2023-06-01T23:58:00,2672,Noida Sector 18,TOWER-312
CDR-96C7C96E,CASE-0028,+915024878084,+913623127087,2023-10-10T08:59:00,2042,Salt Lake City,TOWER-841
CDR-8B69E3C7,CASE-0170,+917720003517,+915029695979,2023-02-06T16:37:00,644,Anna Nagar,TOWER-537
CDR-FAD72485,CASE-0122,+912848587043,+911449686453,2023-07-23T21:34:00,1097,Bandra Kurla Complex,TOWER-668
CDR-2EEABD90,CASE-0198,+915649045340,+918355520583,2023-10-08T08:52:00,2208,Koramangala,TOWER-539
CDR-29C23F4F,CASE-0333,+917879811619,+919699796402,2023-09-29T13:30:00,2832,New Town,TOWER-938
CDR-0B38E80E,CASE-0082,+913426718097,+916369627535,2023-03-18T01:15:00,2495,Noida Sector 18,TOWER-492
CDR-08B0BBEF,CASE-0419,+910757313756,+910776430343,2023-03-29T18:42:00,1648,New Town,TOWER-271
CDR-89A56052,CASE-0241,+913121201754,+918646745808,2023-02-10T05:04:00,669,Noida Sector 18,TOWER-741
CDR-36DAA841,CASE-0336,+912616913585,+911527540124,2023-09-20T11:03:00,1081,Karol Bagh,TOWER-922
CDR-C6BCB89C,CASE-0294,+919603039836,+911180611201,2023-03-20T18:00:00,2042,Gachibowli,TOWER-352
CDR-70F50318,CASE-0309,+918624564306,+919100166893,2023-04-07T21:15:00,2467,Connaught Place,TOWER-316
CDR-C8D604F8,CASE-0206,+915024878084,+910753540823,2023-06-29T15:54:00,1580,Anna Nagar,TOWER-512
CDR-7384B4E1,CASE-0240,+916786288566,+918209718728,2023-08-20T20:44:00,2123,Secunderabad Railway Station,TOWER-823
CDR-0D81AF7B,CASE-0067,+914074236407,+914179201106,2023-07-21T09:39:00,2391,Salt Lake City,TOWER-122
CDR-F9F8EF55,CASE-0321,+911885956157,+916939342758,2023-08-22T23:41:00,1534,New Town,TOWER-334
CDR-0F8CF61D,CASE-0347,+915527465681,+911779209691,2023-05-25T02:13:00,1973,Jubilee Hills,TOWER-721
CDR-DD4952D0,CASE-0039,+916992627603,+918216074663,2023-07-11T12:58:00,2990,New Town,TOWER-474
CDR-EA81B968,CASE-0390,+912596986383,+914541577284,2023-02-26T07:49:00,44,Indiranagar,TOWER-345
CDR-21E6C016,CASE-0008,+917498717859,+913838168426,2023-06-19T09:35:00,2111,Noida Sector 18,TOWER-266
CDR-C5AEECFA,CASE-0218,+914597657801,+915008957856,2023-03-30T12:21:00,2474,Gachibowli,TOWER-598
CDR-CDEB71B7,CASE-0079,+913384557273,+914800948137,2023-05-28T19:25:00,3315,Indiranagar,TOWER-989
CDR-65CF01FE,CASE-0241,+918907249637,+912424935200,2023-07-10T01:31:00,2222,Karol Bagh,TOWER-170
CDR-18E42B19,CASE-0489,+913986950305,+911034710806,2023-08-14T14:05:00,1893,T Nagar,TOWER-627
CDR-3719C6D2,CASE-0469,+914071770604,+915885729314,2023-05-20T10:00:00,2953,Connaught Place,TOWER-463
CDR-3F3D8E23,CASE-0003,+913291506542,+914435997027,2023-05-18T01:43:00,1642,Connaught Place,TOWER-166
CDR-EDD120ED,CASE-0389,+918741001772,+910256576242,2023-01-15T19:22:00,20,Viman Nagar,TOWER-251
CDR-FA1DD90B,CASE-0277,+917861013561,+914829429512,2023-04-03T05:17:00,2476,T Nagar,TOWER-776
CDR-2284A718,CASE-0050,+910326513902,+915931315048,2023-08-19T06:35:00,769,Connaught Place,TOWER-903
CDR-08000827,CASE-0359,+919458484561,+915148982381,2023-04-26T19:07:00,2688,Vasant Kunj,TOWER-121
CDR-78525695,CASE-0224,+916209181900,+914271636761,2023-05-02T02:07:00,609,Jubilee Hills,TOWER-592
CDR-637C696C,CASE-0022,+911967835346,+914172285887,2023-07-02T17:29:00,802,Andheri West,TOWER-925
CDR-684B4922,CASE-0146,+910932627488,+918065067120,2023-06-26T22:11:00,68,Karol Bagh,TOWER-532
CDR-ADB5D366,CASE-0008,+917498717859,+912035105419,2023-02-01T00:14:00,3046,Bandra Kurla Complex,TOWER-738
CDR-6B233420,CASE-0497,+919941356537,+911379329602,2023-07-10T21:17:00,1008,Noida Sector 18,TOWER-992
CDR-403E6B41,CASE-0086,+913494425741,+912366983677,2023-04-27T16:32:00,1512,Gurgaon Sector 29,TOWER-727
CDR-D2554CF7,CASE-0031,+917990474468,+910502802765,2023-05-02T20:32:00,2488,Secunderabad Railway Station,TOWER-765
CDR-EE4E024B,CASE-0400,+912541217249,+910337879023,2023-02-28T13:35:00,110,Karol Bagh,TOWER-238
CDR-9246FB5F,CASE-0398,+913602376187,+914359315208,2023-10-07T01:45:00,2403,T Nagar,TOWER-333
CDR-0BD90CA6,CASE-0178,+915041435052,+910009952194,2023-02-23T07:01:00,2549,Anna Nagar,TOWER-956
CDR-70887AE2,CASE-0174,+910539363533,+918843545700,2023-03-11T02:42:00,353,T Nagar,TOWER-495
CDR-A0F5F723,CASE-0297,+910695597307,+917939673716,2023-03-30T08:30:00,2597,Gurgaon Sector 29,TOWER-526
CDR-EB384090,CASE-0221,+912135016998,+910227905607,2023-06-12T10:06:00,671,Koramangala,TOWER-172
CDR-1F384757,CASE-0325,+917769768255,+919189184932,2023-09-18T03:09:00,2220,Jubilee Hills,TOWER-311
CDR-67B55006,CASE-0014,+919458484561,+912875280113,2023-02-18T10:52:00,1985,Viman Nagar,TOWER-992
CDR-4C0FBAEF,CASE-0002,+918913096158,+911287444825,2023-03-15T00:24:00,2246,Karol Bagh,TOWER-118
CDR-7920D078,CASE-0266,+911782032348,+916921785238,2023-06-06T20:12:00,3585,Jubilee Hills,TOWER-520
CDR-45749702,CASE-0283,+917395072730,+918064250738,2023-02-25T05:58:00,3065,Noida Sector 18,TOWER-377
CDR-0C4BDB17,CASE-0211,+914102908538,+913339394806,2023-08-19T00:54:00,228,Noida Sector 18,TOWER-406
CDR-95BD420F,CASE-0166,+918843545700,+911182887465,2023-10-27T21:38:00,3567,Jubilee Hills,TOWER-429
CDR-AD8B6C4F,CASE-0054,+917941313161,+910597693272,2023-07-28T04:53:00,3147,Salt Lake City,TOWER-330
CDR-03E12D4C,CASE-0419,+916916724750,+918624564306,2023-04-24T00:38:00,3069,Salt Lake City,TOWER-599
CDR-51AA6E5C,CASE-0176,+913520293182,+912116270683,2023-02-28T07:43:00,864,Gurgaon Sector 29,TOWER-707
CDR-114AC031,CASE-0249,+911885956157,+917234741602,2023-02-01T19:59:00,1449,Secunderabad Railway Station,TOWER-221
CDR-F5174EB0,CASE-0346,+914239058338,+915920116378,2023-05-17T18:37:00,3240,Viman Nagar,TOWER-164
CDR-F91E52AD,CASE-0497,+913573394209,+919518170123,2023-01-01T19:45:00,2760,Viman Nagar,TOWER-237
CDR-24D5E3E2,CASE-0097,+912414259728,+914391696213,2023-03-30T17:11:00,2264,New Town,TOWER-783
CDR-2E6E584D,CASE-0425,+915920116378,+910068690740,2023-07-15T03:55:00,2302,Bandra Kurla Complex,TOWER-181
CDR-B74D3156,CASE-0122,+912848587043,+910267427783,2023-05-11T23:40:00,2171,Gurgaon Sector 29,TOWER-433
CDR-5371F40D,CASE-0116,+912012248176,+914008937746,2023-10-15T08:11:00,3339,Connaught Place,TOWER-245
CDR-3DD8F6FC,CASE-0456,+917706383136,+919838459655,2023-06-16T22:13:00,847,Viman Nagar,TOWER-483
CDR-15389864,CASE-0299,+911333449934,+916340539263,2023-03-18T00:20:00,1821,Gachibowli,TOWER-805
CDR-84E51966,CASE-0080,+917607880395,+915530752372,2023-09-26T04:19:00,2843,Andheri West,TOWER-229
CDR-D4C64879,CASE-0377,+919538090596,+915076062907,2023-02-03T09:31:00,1378,Karol Bagh,TOWER-809
CDR-14082908,CASE-0160,+918684724500,+913608715525,2023-02-07T08:20:00,1959,Jubilee Hills,TOWER-600
CDR-96A62063,CASE-0478,+910753540823,+914271636761,2023-04-18T13:14:00,1496,Karol Bagh,TOWER-375
CDR-6853E6C0,CASE-0477,+917304544082,+915148982381,2023-07-05T08:38:00,2701,New Town,TOWER-270
CDR-0722A9C2,CASE-0427,+911749668311,+916643641917,2023-05-23T02:02:00,271,Indiranagar,TOWER-250
CDR-04DCF234,CASE-0263,+911350676473,+913513395254,2023-07-24T18:51:00,2121,Viman Nagar,TOWER-750
CDR-6EE3B67B,CASE-0164,+913218078421,+919341640462,2023-09-08T10:52:00,2731,Andheri West,TOWER-724
CDR-A93FA41A,CASE-0486,+914919778530,+916593258087,2023-02-24T20:50:00,835,Anna Nagar,TOWER-672
CDR-0F0700E5,CASE-0477,+910932627488,+916167279531,2023-07-09T03:33:00,3217,Salt Lake City,TOWER-724
CDR-4B9B825F,CASE-0393,+910753540823,+913547280012,2023-07-25T04:21:00,3339,Hinjewadi,TOWER-848
CDR-68E0F16B,CASE-0138,+911953201389,+918156686558,2023-10-07T07:00:00,3323,Vasant Kunj,TOWER-703
CDR-FB808F2E,CASE-0414,+910698567496,+919593680219,2023-02-28T10:24:00,1013,Gurgaon Sector 29,TOWER-717
CDR-B4F37FE5,CASE-0321,+912211793716,+915993099721,2023-05-25T14:46:00,994,T Nagar,TOWER-841
CDR-09A7B91A,CASE-0303,+914190657613,+917161339148,2023-07-04T05:15:00,759,Noida Sector 18,TOWER-834
CDR-6B9D13E4,CASE-0055,+916788321450,+917795579074,2023-09-19T02:05:00,569,New Town,TOWER-341
CDR-381CECFF,CASE-0046,+912875280113,+916655723787,2023-05-22T15:07:00,380,Karol Bagh,TOWER-864
CDR-B7CC1DBC,CASE-0170,+918793051759,+913202060244,2023-10-26T17:03:00,642,Viman Nagar,TOWER-750
CDR-461B3C56,CASE-0398,+916783802608,+919776776200,2023-01-28T17:58:00,634,Gurgaon Sector 29,TOWER-984
CDR-0ED99B67,CASE-0130,+913574743100,+911518029746,2023-08-07T16:55:00,2460,Bandra Kurla Complex,TOWER-830
CDR-6FD0F222,CASE-0289,+914573281467,+910989859309,2023-08-20T17:51:00,1595,T Nagar,TOWER-714
CDR-4F6AB446,CASE-0140,+912723460667,+917567099263,2023-03-24T10:40:00,3345,Hinjewadi,TOWER-793
CDR-EE5CE368,CASE-0253,+910213409540,+918278822206,2023-01-24T21:26:00,700,Gachibowli,TOWER-418
CDR-7DAE29AE,CASE-0125,+919675404043,+913608715525,2023-06-23T07:50:00,2598,Gachibowli,TOWER-534
CDR-72B61956,CASE-0045,+918340539942,+912941014351,2023-08-30T02:09:00,1763,Connaught Place,TOWER-991
CDR-F831B9C0,CASE-0102,+915569227532,+914338271144,2023-08-13T14:04:00,1302,Vasant Kunj,TOWER-601
CDR-C0834D4B,CASE-0262,+915799261605,+912751078210,2023-05-30T17:41:00,91,Secunderabad Railway Station,TOWER-412
CDR-D378D9F1,CASE-0392,+916591365609,+917193869536,2023-02-02T17:03:00,870,New Town,TOWER-894
CDR-1F78075C,CASE-0485,+913547280012,+910753540823,2023-04-22T03:59:00,3117,Indiranagar,TOWER-178
CDR-0C6F2F3D,CASE-0021,+915999606810,+910209087390,2023-07-20T19:19:00,523,Salt Lake City,TOWER-285
CDR-60A708E1,CASE-0464,+916987139557,+918762796681,2023-08-26T05:45:00,3499,Hinjewadi,TOWER-331
CDR-E139D8FF,CASE-0080,+917607880395,+917553186482,2023-02-12T06:16:00,1590,Jubilee Hills,TOWER-202
CDR-9CE12B7D,CASE-0269,+917290393874,+915527465681,2023-01-17T13:23:00,3455,Gachibowli,TOWER-975
CDR-D8DA11ED,CASE-0188,+916570643517,+912013619871,2023-06-23T17:58:00,1519,Indiranagar,TOWER-911
CDR-82C163F7,CASE-0231,+916780341720,+910328273457,2023-03-25T19:21:00,1858,Secunderabad Railway Station,TOWER-600
CDR-1462AD7F,CASE-0160,+913542046586,+912062619351,2023-10-08T15:03:00,2916,Bandra Kurla Complex,TOWER-708
CDR-95CE56BA,CASE-0451,+914271636761,+910539363533,2023-10-06T23:07:00,3551,Gachibowli,TOWER-622
CDR-D776C011,CASE-0333,+917879811619,+916586967360,2023-07-31T09:22:00,3374,Jubilee Hills,TOWER-158
CDR-7734C2EA,CASE-0390,+912596986383,+914380510129,2023-07-14T18:30:00,213,Jubilee Hills,TOWER-461
CDR-E11860D5,CASE-0010,+912887085748,+911615787615,2023-03-01T18:31:00,1968,Gurgaon Sector 29,TOWER-906
CDR-BFEC2730,CASE-0117,+914239058338,+915920116378,2023-03-15T10:26:00,1371,Noida Sector 18,TOWER-526
CDR-6A006912,CASE-0309,+910475949187,+918756359675,2023-01-12T14:48:00,2679,Indiranagar,TOWER-753
CDR-FDE39E92,CASE-0407,+910028860015,+915552105955,2023-05-09T20:05:00,1855,Gurgaon Sector 29,TOWER-295
CDR-EBDF1601,CASE-0138,+911953201389,+919256610844,2023-10-20T12:46:00,1649,Gachibowli,TOWER-694
CDR-2AB7CA44,CASE-0091,+916209181900,+917641695279,2023-10-10T11:49:00,1603,Jubilee Hills,TOWER-302
CDR-DE7184A0,CASE-0480,+912062619351,+910932627488,2023-03-02T16:03:00,1820,Secunderabad Railway Station,TOWER-671
CDR-DD499C1A,CASE-0368,+917485241563,+910689444582,2023-09-27T02:24:00,1133,Jubilee Hills,TOWER-392
CDR-CBA72C1B,CASE-0219,+912780496936,+916015224455,2023-07-30T16:56:00,2694,Bandra Kurla Complex,TOWER-949
CDR-A8C941F5,CASE-0341,+914239058338,+914271636761,2023-10-16T11:46:00,2723,New Town,TOWER-985
CDR-BBF2864F,CASE-0190,+910246204966,+917370926965,2023-07-22T11:54:00,2621,T Nagar,TOWER-272
CDR-C51BCFBC,CASE-0055,+915502339464,+912827393184,2023-04-19T21:30:00,3522,Viman Nagar,TOWER-797
CDR-50938DE1,CASE-0278,+910753540823,+915024878084,2023-10-12T02:16:00,823,Indiranagar,TOWER-493
CDR-11F2AC42,CASE-0309,+918624564306,+919718292337,2023-07-28T08:56:00,1154,Koramangala,TOWER-917
CDR-FF017918,CASE-0097,+917804131195,+918749749546,2023-05-01T01:53:00,2724,Anna Nagar,TOWER-528
CDR-E98650A3,CASE-0487,+919982807710,+917887316475,2023-10-18T03:27:00,484,Karol Bagh,TOWER-673
CDR-4B6CEECE,CASE-0396,+917622729598,+918773324992,2023-10-17T10:14:00,1420,Indiranagar,TOWER-783
CDR-6C6E3163,CASE-0431,+915552736312,+917265945338,2023-05-09T19:00:00,1331,Gachibowli,TOWER-226
CDR-AAA4EAE2,CASE-0139,+912998632328,+916763213684,2023-03-15T13:01:00,2569,T Nagar,TOWER-922
CDR-B17EFD8F,CASE-0248,+915719285220,+913414476192,2023-03-26T02:07:00,2718,T Nagar,TOWER-659
CDR-62CAB24E,CASE-0362,+917290393874,+912062619351,2023-05-05T05:52:00,714,Gachibowli,TOWER-452
CDR-07BD6311,CASE-0036,+919767934534,+911830369902,2023-08-24T11:37:00,998,Salt Lake City,TOWER-187
CDR-2A500F54,CASE-0178,+915041435052,+910763990265,2023-04-07T15:20:00,1830,New Town,TOWER-726
CDR-C7041317,CASE-0447,+917942103685,+919947319349,2023-03-19T10:31:00,996,Bandra Kurla Complex,TOWER-647
CDR-4669C2C7,CASE-0016,+911885956157,+911782032348,2023-04-16T19:30:00,2550,T Nagar,TOWER-479
CDR-96E59F62,CASE-0436,+914271636761,+916731799365,2023-02-16T04:44:00,1994,Bandra Kurla Complex,TOWER-512
CDR-E300B7BA,CASE-0295,+915960624562,+914038261849,2023-09-10T21:19:00,1094,Jubilee Hills,TOWER-954
CDR-9B533BC8,CASE-0007,+910290034167,+911715475372,2023-02-21T04:26:00,1072,Bandra Kurla Complex,TOWER-988
CDR-10136522,CASE-0090,+915988872535,+912185110434,2023-04-26T14:32:00,442,Secunderabad Railway Station,TOWER-211
CDR-5F674150,CASE-0050,+910326513902,+917980186282,2023-08-23T01:03:00,1208,Noida Sector 18,TOWER-996
CDR-D2673FCD,CASE-0129,+912062619351,+912062619351,2023-06-18T23:45:00,2738,New Town,TOWER-336
CDR-43AFBCDE,CASE-0407,+910028860015,+913170188471,2023-09-13T03:39:00,1332,Jubilee Hills,TOWER-359
CDR-2D9FC892,CASE-0003,+918066046611,+914881369163,2023-08-13T13:17:00,2749,Vasant Kunj,TOWER-890
CDR-EA554307,CASE-0177,+911043729127,+911822333509,2023-10-18T01:17:00,2240,Connaught Place,TOWER-672
CDR-299C712D,CASE-0415,+911782032348,+918653989735,2023-03-04T12:13:00,2580,Viman Nagar,TOWER-907
CDR-8F2773B2,CASE-0349,+916021101710,+914235432636,2023-09-04T19:08:00,739,Connaught Place,TOWER-392
CDR-561B32AA,CASE-0102,+915913507143,+911118037817,2023-05-09T11:14:00,3552,Indiranagar,TOWER-685
CDR-C76B0872,CASE-0244,+910352762472,+911271187876,2023-04-20T10:32:00,828,New Town,TOWER-471
CDR-7F2B6B25,CASE-0221,+916328336327,+916667400217,2023-01-18T16:22:00,1589,Bandra Kurla Complex,TOWER-410
CDR-DBECBE8C,CASE-0245,+916221719852,+912848587043,2023-09-10T03:01:00,3050,Gachibowli,TOWER-539
CDR-EEDAC187,CASE-0186,+910957341317,+913634953691,2023-04-02T07:31:00,757,Vasant Kunj,TOWER-288
CDR-74AE9698,CASE-0325,+912652774044,+914171184861,2023-10-26T23:15:00,1912,Viman Nagar,TOWER-616
CDR-BB193538,CASE-0333,+917879811619,+914395190219,2023-04-09T13:43:00,2807,Andheri West,TOWER-326
CDR-35F40035,CASE-0250,+915867724943,+914712107510,2023-07-06T01:05:00,1821,Hinjewadi,TOWER-259
CDR-0BF59E05,CASE-0197,+918545155824,+917971701060,2023-10-16T07:16:00,2601,Indiranagar,TOWER-936
CDR-78CA8742,CASE-0258,+912891254249,+918704381884,2023-08-10T22:13:00,230,Anna Nagar,TOWER-491
CDR-C268E4E7,CASE-0406,+919032394980,+910546667856,2023-07-31T08:55:00,2990,Salt Lake City,TOWER-118
CDR-36B55258,CASE-0252,+916804483483,+915807249282,2023-05-28T12:19:00,684,Koramangala,TOWER-636
CDR-3D81F842,CASE-0440,+914990896671,+916030702949,2023-10-11T05:26:00,1856,Karol Bagh,TOWER-312
CDR-7AFCB404,CASE-0393,+913401539955,+910753540823,2023-04-17T21:35:00,1019,Secunderabad Railway Station,TOWER-913
CDR-68B08BAB,CASE-0084,+913976188626,+913969187303,2023-07-09T20:11:00,2267,Hinjewadi,TOWER-814
CDR-B397056F,CASE-0241,+913121201754,+918771123341,2023-09-30T15:13:00,1502,Salt Lake City,TOWER-254
CDR-0656D3D5,CASE-0033,+916066400598,+913585546178,2023-10-22T16:47:00,725,Karol Bagh,TOWER-836
CDR-84A48288,CASE-0452,+912062619351,+915148982381,2023-08-18T01:46:00,600,Salt Lake City,TOWER-645
CDR-8F20E6E6,CASE-0094,+917386690095,+917467171830,2023-03-07T13:02:00,753,T Nagar,TOWER-804
CDR-B0DF2107,CASE-0137,+911782032348,+917290393874,2023-08-26T03:12:00,1767,Anna Nagar,TOWER-824
CDR-CE1CB16F,CASE-0230,+911182887465,+919697210112,2023-01-20T10:38:00,1799,Salt Lake City,TOWER-543
CDR-486A0247,CASE-0462,+919548321296,+910869618434,2023-03-16T00:32:00,3177,Vasant Kunj,TOWER-497
CDR-A90A9B5B,CASE-0437,+918624564306,+919554717218,2023-09-11T07:26:00,2585,Bandra Kurla Complex,TOWER-588
CDR-5A9FDBD3,CASE-0268,+917087687007,+914118705243,2023-05-13T20:15:00,2565,Noida Sector 18,TOWER-443
CDR-9AE24407,CASE-0110,+912848587043,+918843545700,2023-05-15T09:46:00,1439,Vasant Kunj,TOWER-358
CDR-6230CDDD,CASE-0264,+912532089849,+912626241791,2023-03-20T21:17:00,3391,Bandra Kurla Complex,TOWER-282
CDR-1FDDAD2B,CASE-0012,+916209181900,+918245260553,2023-06-15T23:58:00,1222,Karol Bagh,TOWER-147
CDR-1D459FCF,CASE-0224,+915573126637,+910238619425,2023-02-17T04:17:00,2990,Gurgaon Sector 29,TOWER-599
CDR-038E0DC0,CASE-0244,+912926592216,+915424917593,2023-06-21T17:41:00,383,Jubilee Hills,TOWER-586
CDR-4002F4BB,CASE-0350,+914333088728,+914256495361,2023-06-12T22:02:00,1922,New Town,TOWER-721
CDR-04DD69F5,CASE-0218,+916853957256,+914976307050,2023-01-27T03:53:00,348,Connaught Place,TOWER-842
CDR-9DF3D243,CASE-0272,+919108121837,+914271636761,2023-06-06T11:53:00,3386,Secunderabad Railway Station,TOWER-491
CDR-17E3D163,CASE-0348,+918646745808,+918646745808,2023-10-23T00:07:00,2365,Andheri West,TOWER-874
CDR-D9B69AA9,CASE-0010,+919050485077,+914713020495,2023-05-23T20:17:00,2552,Connaught Place,TOWER-826
CDR-70B5C038,CASE-0471,+917162499401,+913564444910,2023-05-05T02:07:00,1472,Bandra Kurla Complex,TOWER-500
CDR-80D65369,CASE-0395,+916207118127,+913547280012,2023-07-27T01:58:00,1541,Karol Bagh,TOWER-265
CDR-0F6A47E3,CASE-0009,+919743316415,+917246553842,2023-05-11T01:01:00,737,Noida Sector 18,TOWER-342
CDR-A6CBCFD1,CASE-0322,+911151048469,+914278594128,2023-10-27T05:52:00,1317,Connaught Place,TOWER-729
CDR-695583DB,CASE-0266,+911782032348,+911782032348,2023-09-01T03:50:00,2637,Connaught Place,TOWER-546
CDR-B4CC8B64,CASE-0290,+910614143420,+917290393874,2023-01-03T04:32:00,2875,Secunderabad Railway Station,TOWER-665
CDR-A9933CAD,CASE-0371,+917421136853,+917742063037,2023-01-26T09:09:00,3052,Indiranagar,TOWER-331
CDR-7EDB1CC5,CASE-0120,+918765697948,+910844224436,2023-02-20T03:31:00,2268,Secunderabad Railway Station,TOWER-881
CDR-2D17B186,CASE-0240,+916786288566,+919741737265,2023-06-01T02:28:00,1491,Indiranagar,TOWER-207
CDR-45B6ACFE,CASE-0471,+919168959268,+919623275885,2023-06-11T18:14:00,1321,Jubilee Hills,TOWER-108
CDR-7E900B1A,CASE-0245,+913976196858,+912848587043,2023-03-03T13:05:00,1466,Connaught Place,TOWER-695
CDR-268087CF,CASE-0225,+918646745808,+918624564306,2023-03-23T17:36:00,2242,Secunderabad Railway Station,TOWER-129
CDR-3D2262B6,CASE-0297,+917862588927,+915549126731,2023-08-12T01:13:00,2654,Connaught Place,TOWER-554
CDR-BFCB8F0E,CASE-0358,+919872870214,+913547280012,2023-09-10T16:13:00,1159,Anna Nagar,TOWER-202
CDR-1BF3A718,CASE-0056,+912848587043,+914271636761,2023-07-01T18:16:00,1448,Bandra Kurla Complex,TOWER-345
CDR-3DBBFE85,CASE-0161,+919769037068,+910932627488,2023-10-24T18:25:00,3252,Hinjewadi,TOWER-314
CDR-45307869,CASE-0054,+917941313161,+917766545300,2023-07-29T10:49:00,596,T Nagar,TOWER-814
CDR-C5ADAACE,CASE-0325,+912652774044,+913764671787,2023-04-09T22:34:00,3464,Andheri West,TOWER-834
CDR-48F5FC59,CASE-0066,+912848587043,+918389533588,2023-02-28T08:14:00,526,Jubilee Hills,TOWER-803
CDR-1D7B861E,CASE-0098,+913490163855,+911704912706,2023-01-02T23:46:00,1305,Koramangala,TOWER-402
CDR-4D6E8236,CASE-0313,+912848587043,+912848587043,2023-09-02T07:48:00,2545,Salt Lake City,TOWER-722
CDR-C3ABAEB1,CASE-0477,+910826230793,+914981931920,2023-02-21T18:03:00,2445,Salt Lake City,TOWER-620
CDR-90E1A39B,CASE-0399,+913470946835,+910171545455,2023-07-16T12:49:00,116,Gurgaon Sector 29,TOWER-393
CDR-AC6575DF,CASE-0310,+913975433895,+911881945476,2023-04-01T08:33:00,805,Secunderabad Railway Station,TOWER-170
CDR-031CC4EA,CASE-0414,+910698567496,+919513456722,2023-10-14T11:07:00,3284,Hinjewadi,TOWER-977
CDR-262A67A1,CASE-0171,+919766705777,+916682283023,2023-07-14T00:03:00,2477,New Town,TOWER-606
CDR-F1C7F45A,CASE-0489,+913986950305,+919921518510,2023-01-15T12:58:00,3508,Noida Sector 18,TOWER-803
CDR-F185C3BB,CASE-0474,+911685532300,+919345912958,2023-09-07T14:28:00,338,Gachibowli,TOWER-602
CDR-65A9D506,CASE-0428,+917449361043,+916785680435,2023-09-07T20:25:00,3083,New Town,TOWER-185
CDR-5CB7F4B9,CASE-0313,+912657806331,+910539363533,2023-03-01T17:29:00,1183,Bandra Kurla Complex,TOWER-868
CDR-CADCFD1B,CASE-0458,+913547280012,+916854016983,2023-01-08T03:30:00,557,Viman Nagar,TOWER-284
CDR-C0FBF80F,CASE-0212,+917783656050,+915517478046,2023-08-01T03:19:00,826,Gurgaon Sector 29,TOWER-444
CDR-F88364B3,CASE-0248,+918646745808,+918646745808,2023-02-24T19:03:00,2241,Indiranagar,TOWER-124
CDR-6EE23484,CASE-0247,+916763791614,+913119762660,2023-02-27T01:33:00,2013,Koramangala,TOWER-281
CDR-83D4CBCE,CASE-0149,+916451627107,+911782032348,2023-03-10T11:12:00,2581,Koramangala,TOWER-895
CDR-682A8750,CASE-0477,+910932627488,+914123423066,2023-04-20T17:26:00,3036,Anna Nagar,TOWER-371
CDR-256631C4,CASE-0415,+911782032348,+915744586767,2023-04-25T21:05:00,1895,Karol Bagh,TOWER-984
CDR-75CD78F1,CASE-0217,+918994187632,+913854965887,2023-09-11T01:40:00,2679,Gurgaon Sector 29,TOWER-850
CDR-CE820C77,CASE-0251,+918545155824,+911782032348,2023-01-19T07:32:00,660,Salt Lake City,TOWER-953
CDR-C13FA5D8,CASE-0195,+914813120521,+915920116378,2023-09-04T03:38:00,2645,New Town,TOWER-601
CDR-A835CB65,CASE-0222,+918843545700,+918843545700,2023-06-01T16:44:00,3585,Salt Lake City,TOWER-248
CDR-2C543608,CASE-0237,+919721673260,+913488870636,2023-08-29T15:21:00,3559,Indiranagar,TOWER-754
CDR-E286103D,CASE-0375,+914538053130,+914579183223,2023-02-18T20:28:00,713,Indiranagar,TOWER-372
CDR-ECB39076,CASE-0190,+911864346550,+916266548466,2023-01-18T08:06:00,1716,Connaught Place,TOWER-660
CDR-0396488E,CASE-0025,+912219274262,+919927910905,2023-10-08T00:56:00,2015,Anna Nagar,TOWER-454
CDR-471E1018,CASE-0208,+910862010900,+918250599323,2023-05-29T16:04:00,220,Koramangala,TOWER-965
CDR-CE05F2A5,CASE-0246,+918843545700,+918843545700,2023-02-08T17:59:00,1831,Gachibowli,TOWER-467
CDR-FEB6F8B8,CASE-0081,+919113662324,+917423317639,2023-02-05T05:37:00,3576,Andheri West,TOWER-753
CDR-172A4154,CASE-0330,+915527465681,+912110288951,2023-08-03T20:10:00,827,Hinjewadi,TOWER-541
CDR-AC5CD98C,CASE-0075,+912848587043,+919326383176,2023-08-19T16:43:00,3467,Gachibowli,TOWER-780
CDR-3D34E96E,CASE-0448,+915413624076,+912374837764,2023-05-12T07:29:00,726,Bandra Kurla Complex,TOWER-383
CDR-8C3ED151,CASE-0168,+913335064912,+915024878084,2023-06-12T03:15:00,2681,Noida Sector 18,TOWER-699
CDR-5D53C1BE,CASE-0264,+914359315208,+919793883728,2023-05-08T22:27:00,177,Gurgaon Sector 29,TOWER-215
CDR-FB66CC2A,CASE-0414,+913958454431,+913947607165,2023-10-08T15:37:00,260,Jubilee Hills,TOWER-435
CDR-7FABA1F4,CASE-0146,+912062619351,+913631611673,2023-07-11T12:02:00,1856,Viman Nagar,TOWER-474
CDR-69AD1045,CASE-0475,+914399993108,+910986269032,2023-06-24T09:39:00,2111,Gachibowli,TOWER-266
CDR-CC7DB689,CASE-0423,+915148982381,+912062619351,2023-05-30T19:52:00,537,New Town,TOWER-660
CDR-8015C69B,CASE-0092,+915025692620,+919458484561,2023-08-12T17:55:00,2071,Jubilee Hills,TOWER-462
CDR-F5685935,CASE-0420,+912688732077,+917785969245,2023-05-29T20:23:00,1679,Gurgaon Sector 29,TOWER-848
CDR-92033138,CASE-0393,+910753540823,+910735606957,2023-08-25T21:44:00,3486,Andheri West,TOWER-847
CDR-433FC6FF,CASE-0022,+914864867942,+918958853369,2023-08-31T23:47:00,2313,Salt Lake City,TOWER-238
CDR-456681C0,CASE-0421,+918843545700,+917339188185,2023-06-13T18:37:00,831,T Nagar,TOWER-936
CDR-1737C9D2,CASE-0058,+919937171392,+910773729814,2023-04-13T00:59:00,2053,Connaught Place,TOWER-508
CDR-E04A818C,CASE-0401,+910641808621,+910967750964,2023-07-02T12:02:00,1545,Noida Sector 18,TOWER-152
CDR-9FB9B4B0,CASE-0193,+912616150370,+912863505407,2023-06-11T10:05:00,644,Koramangala,TOWER-804
CDR-53A8BB31,CASE-0437,+911541386116,+916097332231,2023-02-01T23:34:00,609,Karol Bagh,TOWER-881
CDR-AC2F853B,CASE-0035,+912062619351,+910932627488,2023-09-29T03:31:00,124,Anna Nagar,TOWER-572
CDR-FB064867,CASE-0320,+916716078468,+914651428246,2023-07-19T10:24:00,2279,Gachibowli,TOWER-246
CDR-90F254CF,CASE-0235,+914239058338,+914239058338,2023-02-10T02:54:00,753,Connaught Place,TOWER-885
CDR-5828ABA7,CASE-0297,+917862588927,+915602840003,2023-05-23T22:46:00,1131,Jubilee Hills,TOWER-241
CDR-4AF46275,CASE-0131,+910956977119,+914905995220,2023-08-19T08:36:00,2414,T Nagar,TOWER-733
CDR-2A3D18A8,CASE-0263,+914311031992,+912339444559,2023-08-25T20:33:00,1824,Andheri West,TOWER-629
CDR-E1F5853E,CASE-0287,+917290393874,+917290393874,2023-04-25T02:44:00,3369,Jubilee Hills,TOWER-795
CDR-D5CA7A90,CASE-0064,+917324811510,+917290393874,2023-07-18T19:00:00,3215,Andheri West,TOWER-464
CDR-F2634969,CASE-0101,+917721012897,+910674346654,2023-07-23T17:07:00,2927,Viman Nagar,TOWER-143
CDR-4E4E6FE9,CASE-0335,+912648433890,+916427265745,2023-06-11T22:24:00,976,T Nagar,TOWER-807
CDR-62497125,CASE-0321,+911885956157,+914271636761,2023-03-12T16:40:00,218,Salt Lake City,TOWER-220
CDR-2C8BEF9B,CASE-0321,+911885956157,+914365055963,2023-03-11T03:28:00,1195,Bandra Kurla Complex,TOWER-791
CDR-FEC32206,CASE-0417,+919458484561,+915281931497,2023-03-14T06:01:00,671,Vasant Kunj,TOWER-327
CDR-7B27DA6F,CASE-0266,+911782032348,+913930094963,2023-10-02T15:56:00,1745,Secunderabad Railway Station,TOWER-229
CDR-9CB5A277,CASE-0232,+918801669563,+913261595143,2023-02-28T01:52:00,2439,Vasant Kunj,TOWER-397
CDR-6A3B6BDD,CASE-0053,+911216761300,+913652390206,2023-03-26T10:06:00,2830,Indiranagar,TOWER-657
CDR-4179A4FF,CASE-0183,+917514951472,+914359315208,2023-02-12T03:09:00,1172,Gachibowli,TOWER-720
CDR-4F5F8CFE,CASE-0057,+915024878084,+910401648670,2023-06-28T11:25:00,525,Salt Lake City,TOWER-990
CDR-C2946FC8,CASE-0280,+918932983493,+914440104998,2023-04-07T19:11:00,484,Gurgaon Sector 29,TOWER-138
CDR-A933C3AB,CASE-0143,+912935565536,+916545366980,2023-06-26T14:40:00,1164,Gurgaon Sector 29,TOWER-279
CDR-BA8D2085,CASE-0179,+915452706760,+911253426786,2023-09-10T14:33:00,3120,Koramangala,TOWER-842
CDR-C3450151,CASE-0117,+918131465699,+914813120521,2023-04-22T00:14:00,2678,Gurgaon Sector 29,TOWER-128
CDR-90D9D79D,CASE-0059,+919274027562,+916271494210,2023-02-14T17:54:00,2305,Andheri West,TOWER-243
CDR-FF1281C3,CASE-0440,+910860574459,+915770657417,2023-05-26T22:28:00,1758,Salt Lake City,TOWER-217
CDR-6D34E66B,CASE-0047,+918843545700,+914226322146,2023-05-18T06:21:00,34,T Nagar,TOWER-936
CDR-5E1D4E0D,CASE-0053,+915148982381,+912840443504,2023-04-06T03:53:00,2677,Anna Nagar,TOWER-331
CDR-7838FD18,CASE-0132,+913975433895,+914548095266,2023-10-07T05:27:00,2942,Connaught Place,TOWER-700
CDR-4D7FA268,CASE-0180,+916323846790,+915148982381,2023-01-07T11:11:00,679,Koramangala,TOWER-966
CDR-F88682AB,CASE-0179,+913975433895,+914271636761,2023-05-24T12:18:00,3437,Anna Nagar,TOWER-214
CDR-8F32B9B1,CASE-0385,+910134604279,+917839587789,2023-02-14T23:59:00,1366,Viman Nagar,TOWER-902
CDR-FAADC483,CASE-0192,+915687451916,+911289962970,2023-06-11T19:10:00,2056,Connaught Place,TOWER-971
CDR-711CA0AF,CASE-0142,+911802412871,+912863498513,2023-07-10T18:02:00,2490,Andheri West,TOWER-653
CDR-6859E9CB,CASE-0111,+915920116378,+918083664659,2023-01-16T10:31:00,218,Noida Sector 18,TOWER-938
CDR-3611878C,CASE-0495,+916836823883,+913038441079,2023-03-26T09:48:00,937,Jubilee Hills,TOWER-653
CDR-0CBE560A,CASE-0048,+915148982381,+911185089033,2023-03-18T13:27:00,3004,Karol Bagh,TOWER-167
CDR-9B896508,CASE-0003,+913291506542,+911565238304,2023-06-24T06:25:00,695,Jubilee Hills,TOWER-914
CDR-D957F462,CASE-0325,+910375354773,+918117506183,2023-06-07T21:41:00,785,New Town,TOWER-465
CDR-B9136A36,CASE-0264,+913572682421,+918646745808,2023-08-18T17:27:00,235,Noida Sector 18,TOWER-609
CDR-10EFA39C,CASE-0311,+914239058338,+914733728146,2023-01-30T10:33:00,893,Indiranagar,TOWER-629
CDR-720A1CAB,CASE-0062,+914271636761,+915544248525,2023-03-30T18:07:00,1953,Noida Sector 18,TOWER-568
CDR-4B9337D1,CASE-0472,+910753540823,+918829871429,2023-08-17T13:49:00,2522,Gachibowli,TOWER-986
CDR-1C06B305,CASE-0176,+913520293182,+918955811724,2023-07-01T15:02:00,2244,Indiranagar,TOWER-340
CDR-20EA560C,CASE-0311,+919778842661,+917523843369,2023-04-30T14:24:00,3086,Anna Nagar,TOWER-221
CDR-54EC71EA,CASE-0498,+914359315208,+912875280113,2023-01-30T09:51:00,1926,Gurgaon Sector 29,TOWER-197
CDR-0A9E908C,CASE-0489,+913803339719,+916701002208,2023-01-09T02:30:00,744,Bandra Kurla Complex,TOWER-173
CDR-4B258A94,CASE-0416,+919400321251,+911438381132,2023-01-18T12:50:00,2306,Viman Nagar,TOWER-166
CDR-61DA7144,CASE-0496,+914239058338,+911290597851,2023-02-28T10:21:00,3244,New Town,TOWER-636
CDR-F10723E8,CASE-0328,+913724514992,+917430013533,2023-05-28T13:12:00,3145,Vasant Kunj,TOWER-562
CDR-433737B6,CASE-0084,+910762302069,+918297481694,2023-10-18T17:25:00,3449,Andheri West,TOWER-639
CDR-038209D2,CASE-0135,+913524689592,+913710214020,2023-03-31T20:59:00,3550,Salt Lake City,TOWER-566
CDR-06E55057,CASE-0396,+916239336735,+910314949726,2023-06-17T04:26:00,762,Hinjewadi,TOWER-658
CDR-A5311AF8,CASE-0152,+915472697341,+919887101802,2023-03-24T11:21:00,2231,New Town,TOWER-547
CDR-494B85D5,CASE-0228,+914464583306,+917746265659,2023-10-10T12:39:00,2422,Andheri West,TOWER-643
CDR-2664507D,CASE-0122,+912848587043,+914206370446,2023-05-07T01:37:00,3327,Koramangala,TOWER-568
CDR-520C32A2,CASE-0393,+910753540823,+913547280012,2023-10-04T23:26:00,2813,Secunderabad Railway Station,TOWER-832
CDR-A49D7FF1,CASE-0026,+918843545700,+915966917864,2023-05-30T13:03:00,3281,Gachibowli,TOWER-533
CDR-97A58D67,CASE-0141,+912148739181,+918881257624,2023-05-26T18:27:00,1936,Anna Nagar,TOWER-281
CDR-BC29DE33,CASE-0004,+918545155824,+912440682429,2023-09-25T13:12:00,2996,Jubilee Hills,TOWER-538
CDR-AAD9DE56,CASE-0495,+912507756534,+919083018015,2023-06-18T16:42:00,3469,Viman Nagar,TOWER-717
CDR-CDAE17A3,CASE-0334,+917290393874,+919311749984,2023-10-02T11:16:00,690,Indiranagar,TOWER-577
CDR-1DBD0268,CASE-0023,+912848587043,+914271636761,2023-07-21T00:44:00,790,Connaught Place,TOWER-849
CDR-38CC8007,CASE-0441,+918797573856,+918775977617,2023-07-10T20:53:00,2133,Noida Sector 18,TOWER-757
CDR-4AEC58BD,CASE-0460,+910907184766,+913032378335,2023-02-11T19:31:00,2983,Andheri West,TOWER-543
CDR-AB0FB5A7,CASE-0242,+915354377108,+915753684993,2023-02-24T06:51:00,136,Connaught Place,TOWER-928
CDR-97F5C74B,CASE-0008,+917498717859,+911954202454,2023-02-21T02:03:00,2999,Jubilee Hills,TOWER-863
CDR-86732667,CASE-0092,+917493489727,+916183146453,2023-04-20T03:18:00,2008,Salt Lake City,TOWER-209
CDR-03383C2A,CASE-0284,+910932627488,+914325800382,2023-03-04T07:18:00,137,Salt Lake City,TOWER-263
CDR-BF466D19,CASE-0046,+912875280113,+916407203644,2023-04-30T07:54:00,2590,Vasant Kunj,TOWER-494
CDR-5A9D018E,CASE-0477,+910932627488,+910932627488,2023-09-29T10:46:00,1261,Anna Nagar,TOWER-748
CDR-0204E924,CASE-0313,+912848587043,+914271636761,2023-02-21T01:39:00,3300,New Town,TOWER-158
CDR-2239512A,CASE-0261,+912440682429,+915920116378,2023-02-06T04:13:00,568,Viman Nagar,TOWER-853
CDR-E82678DB,CASE-0231,+918710480729,+917473793822,2023-10-23T00:04:00,888,Vasant Kunj,TOWER-432
CDR-90799874,CASE-0399,+913470946835,+913100625590,2023-03-11T04:55:00,2830,Vasant Kunj,TOWER-161
CDR-9B13E754,CASE-0329,+914359315208,+914496911192,2023-02-09T18:39:00,1778,Koramangala,TOWER-924
CDR-5AF6F0A6,CASE-0029,+910753540823,+914271636761,2023-07-21T18:47:00,2590,Andheri West,TOWER-474
CDR-8873461E,CASE-0138,+918390351790,+913757446847,2023-04-10T19:12:00,3205,Karol Bagh,TOWER-315
CDR-1ED9217F,CASE-0188,+913278950134,+910129172679,2023-03-03T04:03:00,167,Secunderabad Railway Station,TOWER-724
CDR-181D4C88,CASE-0137,+915911955643,+913075049028,2023-09-14T22:01:00,895,Andheri West,TOWER-583
CDR-37C59387,CASE-0085,+915024878084,+915514317442,2023-01-21T16:28:00,1995,Vasant Kunj,TOWER-499
CDR-0F5BFDBB,CASE-0369,+913718122167,+910832677379,2023-06-20T16:51:00,17,Andheri West,TOWER-174
CDR-369ADCCD,CASE-0412,+915601218884,+910039472355,2023-05-29T22:14:00,173,Connaught Place,TOWER-837
CDR-4900B100,CASE-0081,+911322995558,+913412216191,2023-07-31T01:20:00,2190,Gurgaon Sector 29,TOWER-680
CDR-1D135A0A,CASE-0141,+912148739181,+911673712092,2023-04-29T21:52:00,1550,Koramangala,TOWER-500
CDR-21571AB5,CASE-0088,+915667693365,+910159766840,2023-02-10T10:04:00,2864,Jubilee Hills,TOWER-743
CDR-87915B44,CASE-0265,+917174127261,+917773329961,2023-06-10T11:44:00,3398,Karol Bagh,TOWER-381
CDR-4F43407C,CASE-0091,+916209181900,+914175868877,2023-09-02T07:21:00,77,Hinjewadi,TOWER-567
CDR-F24D40F8,CASE-0050,+910326513902,+911931984480,2023-02-03T00:47:00,153,T Nagar,TOWER-358
CDR-A8EE1DCA,CASE-0047,+918843545700,+916680517586,2023-10-21T23:40:00,2668,Salt Lake City,TOWER-478
CDR-515A01D4,CASE-0295,+911557591737,+914604320957,2023-03-12T01:59:00,109,Viman Nagar,TOWER-569
CDR-B2604717,CASE-0401,+910830738806,+912110288951,2023-03-25T02:57:00,3572,Jubilee Hills,TOWER-449
CDR-9A8B8415,CASE-0491,+918235993460,+916846522907,2023-01-13T09:21:00,1113,Anna Nagar,TOWER-533
CDR-EA0592D5,CASE-0330,+915527465681,+918545155824,2023-05-13T20:04:00,1986,Vasant Kunj,TOWER-445
CDR-B2283B35,CASE-0370,+918388825721,+919683234980,2023-03-12T14:47:00,2000,Viman Nagar,TOWER-473
CDR-B5C8847A,CASE-0309,+918624564306,+910134604279,2023-05-08T23:46:00,744,Karol Bagh,TOWER-128
CDR-5E34178F,CASE-0337,+910805511874,+910593173203,2023-05-30T12:02:00,592,Salt Lake City,TOWER-566
CDR-61654253,CASE-0038,+913961941329,+919983275239,2023-04-29T07:21:00,275,Connaught Place,TOWER-505
CDR-962FFBC4,CASE-0318,+915333219201,+915595752181,2023-06-10T18:36:00,658,Secunderabad Railway Station,TOWER-722
CDR-A5061A42,CASE-0462,+914635031611,+913957806512,2023-04-05T13:23:00,1622,Karol Bagh,TOWER-203
CDR-BF0425C3,CASE-0148,+913152383180,+916781714505,2023-10-09T04:53:00,3579,Secunderabad Railway Station,TOWER-600
CDR-ED6B1F7C,CASE-0439,+914359315208,+914813120521,2023-08-27T11:47:00,3400,Viman Nagar,TOWER-537
CDR-FFA34C40,CASE-0410,+919362373841,+916209181900,2023-03-16T08:51:00,3437,Indiranagar,TOWER-527
CDR-7681456E,CASE-0329,+911240826269,+916790965293,2023-03-12T21:19:00,1691,New Town,TOWER-322
CDR-05D3DD77,CASE-0302,+918341046989,+910750271843,2023-10-06T11:54:00,1180,Salt Lake City,TOWER-547
CDR-B973A8E3,CASE-0493,+914359315208,+913608715525,2023-02-13T07:13:00,2779,Bandra Kurla Complex,TOWER-583
CDR-92D48C97,CASE-0374,+916649810365,+918165320188,2023-10-18T09:55:00,2375,Secunderabad Railway Station,TOWER-223
CDR-5528DBFF,CASE-0209,+914359315208,+915920116378,2023-02-07T04:20:00,3420,Salt Lake City,TOWER-566
CDR-0C0B5303,CASE-0216,+914271636761,+914183391681,2023-09-19T16:52:00,2018,Hinjewadi,TOWER-841
CDR-F6E3B921,CASE-0093,+913626380693,+915491609018,2023-07-07T00:58:00,2652,Salt Lake City,TOWER-285
CDR-0B7ACAF1,CASE-0274,+912305680826,+911552534938,2023-05-09T13:06:00,2208,T Nagar,TOWER-607
CDR-A637B618,CASE-0147,+912848587043,+918212363867,2023-03-29T01:52:00,1805,Anna Nagar,TOWER-648
CDR-FF84CE83,CASE-0468,+913975433895,+914271636761,2023-07-03T18:51:00,3474,New Town,TOWER-975
CDR-5D8A0195,CASE-0315,+910770357861,+919426120197,2023-02-06T09:28:00,2727,Salt Lake City,TOWER-435
CDR-38EFF08D,CASE-0134,+919386662193,+916911095923,2023-07-07T08:13:00,512,New Town,TOWER-812
CDR-B8DBE010,CASE-0280,+912623951496,+913832041292,2023-06-17T19:36:00,2980,Connaught Place,TOWER-985
CDR-93868E17,CASE-0455,+918703732070,+917654441593,2023-06-08T21:53:00,2622,New Town,TOWER-309
CDR-B479BBC1,CASE-0136,+910093439981,+910089729165,2023-08-30T00:34:00,1533,New Town,TOWER-593
CDR-6A418AA4,CASE-0399,+918594698339,+914239058338,2023-06-27T16:44:00,3460,New Town,TOWER-483
CDR-3A823102,CASE-0403,+915307531576,+915330004220,2023-10-24T02:57:00,3538,Connaught Place,TOWER-258
CDR-B1E97088,CASE-0266,+914484822330,+918545155824,2023-06-09T23:13:00,1688,Salt Lake City,TOWER-990
CDR-C9616461,CASE-0389,+918741001772,+917919777409,2023-02-23T15:32:00,3121,Viman Nagar,TOWER-947
CDR-FB7BF9BA,CASE-0233,+916307331452,+919248568225,2023-03-15T23:08:00,2502,New Town,TOWER-569
CDR-8F2F7579,CASE-0144,+915024878084,+918843545700,2023-06-19T13:54:00,976,Anna Nagar,TOWER-753
CDR-753984D6,CASE-0297,+913526203544,+912910404547,2023-04-21T01:41:00,1731,Jubilee Hills,TOWER-647
CDR-A3ED69A6,CASE-0021,+915999606810,+919256988180,2023-07-19T19:09:00,835,Bandra Kurla Complex,TOWER-299
CDR-18264845,CASE-0399,+913470946835,+914277544581,2023-09-06T06:55:00,743,Gurgaon Sector 29,TOWER-143
CDR-F8BBD971,CASE-0259,+912062619351,+910237864911,2023-05-15T22:12:00,530,Gurgaon Sector 29,TOWER-446
CDR-1357096E,CASE-0326,+910983488716,+916931839121,2023-04-06T22:37:00,1265,Secunderabad Railway Station,TOWER-793
CDR-0E67E6CE,CASE-0172,+912390045150,+911984138884,2023-02-23T07:46:00,715,Secunderabad Railway Station,TOWER-919
CDR-474D0D6A,CASE-0235,+913716624034,+914813120521,2023-07-09T09:59:00,83,Secunderabad Railway Station,TOWER-220
CDR-C12E048E,CASE-0384,+912465017878,+918545155824,2023-10-26T23:29:00,2531,New Town,TOWER-353
CDR-6F48FCB0,CASE-0030,+914952982398,+914816643026,2023-10-08T06:40:00,2409,Hinjewadi,TOWER-553
CDR-8024130A,CASE-0077,+911267389813,+919498094469,2023-04-05T08:23:00,2031,Connaught Place,TOWER-285
CDR-9E71CA57,CASE-0030,+919725620405,+917926264802,2023-08-24T21:59:00,1885,Koramangala,TOWER-899
CDR-491811A1,CASE-0104,+915024878084,+910753540823,2023-06-07T05:45:00,325,Hinjewadi,TOWER-616
CDR-EBDC4BD1,CASE-0339,+910988404019,+918500326923,2023-08-17T11:48:00,2612,Viman Nagar,TOWER-446
CDR-4F2A8691,CASE-0314,+913303142083,+913459073517,2023-06-30T11:04:00,611,Jubilee Hills,TOWER-411
CDR-75C042C6,CASE-0217,+918994187632,+913709468556,2023-09-07T13:30:00,202,Vasant Kunj,TOWER-122
CDR-7BE0ACC7,CASE-0194,+916573622474,+914359315208,2023-04-02T08:48:00,1374,Gurgaon Sector 29,TOWER-519
CDR-1B39BE92,CASE-0327,+919256328579,+914156614678,2023-01-18T17:46:00,2960,Karol Bagh,TOWER-850
CDR-AB4394E8,CASE-0434,+914239058338,+914239058338,2023-07-01T04:37:00,1491,Hinjewadi,TOWER-213
CDR-C9E7F780,CASE-0293,+917845081570,+911427914458,2023-10-06T08:53:00,3331,Koramangala,TOWER-219
CDR-F86EF3A9,CASE-0170,+912140051171,+911125617008,2023-08-14T19:00:00,2172,Vasant Kunj,TOWER-347
CDR-BBCF622B,CASE-0136,+910093439981,+916969544503,2023-08-02T19:14:00,1603,Hinjewadi,TOWER-386
CDR-6C824349,CASE-0032,+914052351744,+914813120521,2023-01-02T20:49:00,740,Gurgaon Sector 29,TOWER-473
CDR-7DBACBD4,CASE-0477,+910932627488,+910801909341,2023-07-01T01:53:00,3541,Viman Nagar,TOWER-946
CDR-53384486,CASE-0297,+917392804498,+914206370446,2023-05-21T02:08:00,2685,Hinjewadi,TOWER-492
CDR-704ED58A,CASE-0157,+913965686271,+917181127737,2023-05-19T00:51:00,1362,Andheri West,TOWER-524
CDR-4A4131A3,CASE-0104,+915024878084,+915140721957,2023-02-12T23:35:00,422,Koramangala,TOWER-301
CDR-7BCD9092,CASE-0173,+912301663207,+913121201754,2023-10-21T08:00:00,2455,Connaught Place,TOWER-834
CDR-ACE7B545,CASE-0186,+912338517863,+915819186005,2023-05-21T07:42:00,1183,Vasant Kunj,TOWER-870
CDR-4C252FF3,CASE-0350,+915671035181,+919065106884,2023-04-17T04:00:00,658,T Nagar,TOWER-160
CDR-E24F9289,CASE-0368,+917485241563,+913792062902,2023-06-06T23:42:00,1932,Andheri West,TOWER-360
CDR-F256AB04,CASE-0438,+917290393874,+910665202608,2023-01-29T20:56:00,2559,Anna Nagar,TOWER-307
CDR-CC62BB1A,CASE-0399,+913470946835,+918958331112,2023-03-18T15:49:00,1522,Indiranagar,TOWER-113
CDR-4703386C,CASE-0255,+912601964881,+917704666581,2023-06-19T07:56:00,2118,Jubilee Hills,TOWER-992
CDR-6EDC04AF,CASE-0018,+912061004590,+914444694643,2023-10-24T07:34:00,2181,Bandra Kurla Complex,TOWER-942
CDR-E155E549,CASE-0139,+912998632328,+917654441593,2023-06-13T01:20:00,2656,T Nagar,TOWER-797
CDR-FD2693EA,CASE-0448,+918616736041,+917431273439,2023-08-20T06:23:00,2320,Bandra Kurla Complex,TOWER-717
CDR-D561F967,CASE-0212,+916957872622,+910264205617,2023-04-14T12:03:00,1293,Gachibowli,TOWER-225
CDR-1DB422C6,CASE-0180,+910932627488,+912062619351,2023-02-16T21:35:00,577,Karol Bagh,TOWER-676
CDR-E9E1622E,CASE-0235,+911571792850,+912942743820,2023-04-16T19:21:00,822,Anna Nagar,TOWER-659
CDR-8F92BDFF,CASE-0380,+916964228136,+914085683115,2023-07-24T12:32:00,3131,Karol Bagh,TOWER-490
CDR-1518660B,CASE-0315,+910770357861,+919145257872,2023-01-29T19:07:00,1137,Secunderabad Railway Station,TOWER-294
CDR-8345CEEF,CASE-0107,+913333232457,+911966087119,2023-06-16T10:40:00,2538,Noida Sector 18,TOWER-976
CDR-C3304A63,CASE-0047,+918843545700,+919295037832,2023-01-16T01:22:00,3326,Karol Bagh,TOWER-701
CDR-60C7D8A2,CASE-0173,+918033191865,+911718154085,2023-02-17T14:18:00,3447,Gachibowli,TOWER-758
CDR-820D4238,CASE-0186,+915247497583,+916613019550,2023-05-21T02:03:00,864,Salt Lake City,TOWER-788
CDR-7B22E443,CASE-0267,+917290393874,+917290393874,2023-06-29T20:45:00,654,Viman Nagar,TOWER-100
CDR-F4078D34,CASE-0306,+914271636761,+910101173267,2023-01-14T19:34:00,1261,New Town,TOWER-671
CDR-83A03F2D,CASE-0150,+918843545700,+912197230591,2023-10-07T10:42:00,1605,Secunderabad Railway Station,TOWER-156
CDR-A1790C68,CASE-0393,+910753540823,+911885956157,2023-07-11T02:00:00,293,Anna Nagar,TOWER-935
CDR-7634A0AA,CASE-0368,+914562053928,+915043463819,2023-08-05T10:28:00,796,Jubilee Hills,TOWER-994
CDR-4D415718,CASE-0399,+913470946835,+918511300277,2023-04-16T14:59:00,2117,Secunderabad Railway Station,TOWER-968
CDR-FAA2A086,CASE-0060,+916056945064,+915318892451,2023-03-25T10:07:00,2950,Andheri West,TOWER-782
CDR-DBD3A706,CASE-0297,+917862588927,+918867870770,2023-04-25T11:31:00,332,Hinjewadi,TOWER-843
CDR-7A87F0E0,CASE-0197,+911018708665,+911885956157,2023-04-23T00:42:00,2524,Gurgaon Sector 29,TOWER-807
CDR-1CD82393,CASE-0310,+918108328650,+914271636761,2023-04-28T20:53:00,1199,Anna Nagar,TOWER-132
CDR-72298BED,CASE-0462,+914635031611,+919608676930,2023-09-30T04:36:00,2244,T Nagar,TOWER-303
CDR-5CA05939,CASE-0260,+917349048307,+918292255294,2023-08-18T08:32:00,2641,Bandra Kurla Complex,TOWER-546
CDR-7436484A,CASE-0425,+910760034534,+911332090360,2023-02-07T07:44:00,2504,Jubilee Hills,TOWER-546
CDR-F4A35872,CASE-0432,+915148982381,+912184715063,2023-06-18T11:36:00,962,Gurgaon Sector 29,TOWER-145
CDR-4DBE106D,CASE-0093,+913626380693,+915800454626,2023-03-28T04:14:00,2267,Noida Sector 18,TOWER-260
CDR-0F888DFD,CASE-0020,+915148982381,+910932627488,2023-10-22T06:03:00,172,Indiranagar,TOWER-108
CDR-46A7FC39,CASE-0008,+917498717859,+914905672851,2023-09-22T16:02:00,2180,Vasant Kunj,TOWER-184
CDR-BF39CE98,CASE-0232,+910276666490,+919132409817,2023-01-10T11:49:00,3495,Anna Nagar,TOWER-996
CDR-552CA9A8,CASE-0454,+914885245557,+913768639462,2023-01-08T07:19:00,2507,New Town,TOWER-105
CDR-FA92E068,CASE-0481,+913721473075,+913835800807,2023-09-18T12:02:00,1378,Jubilee Hills,TOWER-987
CDR-86578D8D,CASE-0447,+917942103685,+913020354186,2023-06-16T01:50:00,3092,Noida Sector 18,TOWER-209
CDR-C08E0637,CASE-0189,+914271636761,+916209181900,2023-10-21T20:51:00,1655,Koramangala,TOWER-779
CDR-40369ACF,CASE-0486,+910868338542,+919224154894,2023-08-24T21:50:00,1099,New Town,TOWER-291
CDR-E04B6BBD,CASE-0051,+913121201754,+917723232974,2023-08-03T01:45:00,3056,T Nagar,TOWER-259
CDR-CD6B6747,CASE-0224,+916209181900,+915981422291,2023-02-06T06:43:00,730,Vasant Kunj,TOWER-636
CDR-EC6E7DFC,CASE-0286,+913547280012,+919908581537,2023-01-05T17:58:00,1943,Secunderabad Railway Station,TOWER-576
CDR-55CC4563,CASE-0478,+914271636761,+911885956157,2023-07-01T04:55:00,1206,Jubilee Hills,TOWER-646
CDR-DDED968D,CASE-0302,+918341046989,+918341786117,2023-02-26T04:29:00,461,Salt Lake City,TOWER-644
CDR-E7161DED,CASE-0430,+912779166231,+915469186088,2023-04-05T03:17:00,194,Gachibowli,TOWER-820
CDR-7D310DCD,CASE-0160,+918684724500,+910084669314,2023-09-02T07:40:00,2731,Connaught Place,TOWER-784
CDR-D9B3A050,CASE-0062,+914271636761,+910753540823,2023-07-21T15:21:00,3120,Karol Bagh,TOWER-483
CDR-407894C6,CASE-0483,+918624564306,+911933225015,2023-09-21T12:34:00,1998,Secunderabad Railway Station,TOWER-110
CDR-9CF70809,CASE-0339,+911655903639,+916672860978,2023-04-03T18:34:00,2241,New Town,TOWER-898
CDR-A628630B,CASE-0210,+911858788539,+917179719426,2023-04-19T21:45:00,2200,Andheri West,TOWER-207
CDR-77188420,CASE-0109,+915613029727,+910753540823,2023-01-19T09:28:00,2723,Secunderabad Railway Station,TOWER-702
CDR-0C9E050B,CASE-0411,+918119588252,+912911683372,2023-02-13T16:29:00,143,Andheri West,TOWER-910
CDR-E9652ED7,CASE-0246,+918843545700,+911199968581,2023-01-22T07:00:00,963,Bandra Kurla Complex,TOWER-522
CDR-C7781EBA,CASE-0068,+914813120521,+914813120521,2023-07-28T15:14:00,1001,Connaught Place,TOWER-424
CDR-6C072B08,CASE-0410,+910753540823,+912159441878,2023-10-03T23:11:00,265,Andheri West,TOWER-596
CDR-92F39C3C,CASE-0477,+910932627488,+912927297289,2023-01-01T13:55:00,3306,Bandra Kurla Complex,TOWER-813
CDR-3CED5396,CASE-0038,+913961941329,+910859317181,2023-02-20T16:34:00,1527,T Nagar,TOWER-153
CDR-603CA7AF,CASE-0084,+913976188626,+913123950127,2023-10-15T08:28:00,1411,Vasant Kunj,TOWER-620
CDR-0D065AF6,CASE-0260,+917349048307,+914503360521,2023-07-12T10:37:00,2440,Gurgaon Sector 29,TOWER-594
CDR-73BEA0B2,CASE-0021,+915999606810,+915879846213,2023-08-14T15:40:00,2610,T Nagar,TOWER-427
CDR-00CD740C,CASE-0209,+919754832523,+914239058338,2023-09-20T07:21:00,2132,T Nagar,TOWER-343
CDR-A452A688,CASE-0307,+914239058338,+913301921137,2023-10-02T06:28:00,712,Noida Sector 18,TOWER-332
CDR-B50FA21A,CASE-0072,+915041435052,+912894413553,2023-09-21T09:49:00,1445,Vasant Kunj,TOWER-491
CDR-56550A2A,CASE-0074,+915024878084,+911616936491,2023-03-15T06:53:00,2204,Connaught Place,TOWER-331
CDR-5BB6744D,CASE-0040,+910249635097,+910870402349,2023-03-08T17:04:00,1630,Connaught Place,TOWER-299
CDR-3DDE5BAB,CASE-0483,+914458095947,+914872869303,2023-06-29T23:00:00,2916,New Town,TOWER-600
CDR-0E46D44E,CASE-0384,+915222093094,+910346864084,2023-09-08T02:59:00,2255,Karol Bagh,TOWER-723
CDR-447F87CE,CASE-0419,+915148982381,+913066706382,2023-02-09T05:17:00,2950,Andheri West,TOWER-428
CDR-782F0C11,CASE-0250,+915867724943,+919906514362,2023-06-23T11:55:00,2309,Salt Lake City,TOWER-336
CDR-AC5CD681,CASE-0396,+916239336735,+916574949378,2023-06-19T21:51:00,44,Connaught Place,TOWER-927
CDR-3C3BE2AB,CASE-0322,+911151048469,+913177447551,2023-07-08T07:08:00,1283,Karol Bagh,TOWER-157
CDR-4AA517F8,CASE-0489,+913986950305,+915540266036,2023-02-15T09:59:00,3364,Noida Sector 18,TOWER-725
CDR-4F715764,CASE-0082,+914449595368,+913547280012,2023-04-21T17:11:00,3240,Indiranagar,TOWER-321
CDR-4C6C6041,CASE-0121,+910945335815,+913528074149,2023-06-29T05:48:00,2579,Karol Bagh,TOWER-705
CDR-09E59D54,CASE-0063,+910251247351,+919311749984,2023-05-11T22:08:00,922,Hinjewadi,TOWER-214
CDR-0348827E,CASE-0274,+914897219099,+910991808211,2023-09-08T21:13:00,2749,Hinjewadi,TOWER-754
CDR-4629E900,CASE-0475,+914399993108,+912641947306,2023-08-02T23:34:00,3440,Salt Lake City,TOWER-150
CDR-15BDE682,CASE-0222,+918843545700,+915578204317,2023-09-13T20:53:00,3588,Gurgaon Sector 29,TOWER-528
CDR-46BEF3A3,CASE-0459,+910905902783,+919700031955,2023-06-13T20:24:00,2427,Indiranagar,TOWER-660
CDR-FCEF72AB,CASE-0392,+916591365609,+919376735744,2023-07-07T09:42:00,1547,Indiranagar,TOWER-708
CDR-762A1A3F,CASE-0351,+915867724943,+913698041126,2023-05-11T20:47:00,3584,Indiranagar,TOWER-599
CDR-1B13D653,CASE-0395,+913547280012,+915148982381,2023-05-04T17:45:00,3414,Gachibowli,TOWER-836
CDR-8E6BA421,CASE-0405,+913096963247,+919885224050,2023-03-03T18:48:00,2604,Noida Sector 18,TOWER-524
CDR-52F1DC91,CASE-0483,+917973374298,+917522715167,2023-09-09T13:42:00,82,Viman Nagar,TOWER-781
CDR-754070DC,CASE-0069,+910753540823,+911971944453,2023-05-10T07:52:00,2098,Andheri West,TOWER-654
CDR-5862ED55,CASE-0109,+914239058338,+912875280113,2023-05-13T14:57:00,1322,Karol Bagh,TOWER-312
CDR-604FBDAB,CASE-0341,+914239058338,+914359315208,2023-07-23T08:37:00,2999,Connaught Place,TOWER-819
CDR-7DBE37C7,CASE-0384,+912465017878,+917654441593,2023-01-06T03:21:00,1204,Vasant Kunj,TOWER-744
CDR-FF48B430,CASE-0375,+914931637046,+910436724427,2023-04-14T21:17:00,2188,Anna Nagar,TOWER-696
CDR-FFE03B3A,CASE-0474,+919672123628,+919618547415,2023-02-28T15:59:00,2028,T Nagar,TOWER-527
CDR-C00821FD,CASE-0046,+918888401933,+911113065782,2023-07-20T18:35:00,1863,Jubilee Hills,TOWER-426
CDR-42DC594F,CASE-0338,+914609507226,+917928501164,2023-03-03T18:39:00,2730,Karol Bagh,TOWER-506
CDR-E343F429,CASE-0306,+914271636761,+919188757237,2023-06-09T05:24:00,554,New Town,TOWER-275
CDR-672AFB0F,CASE-0129,+919194573754,+919458484561,2023-05-29T16:33:00,649,Gurgaon Sector 29,TOWER-106
CDR-513AF815,CASE-0224,+916209181900,+910862949202,2023-10-25T15:43:00,2389,Salt Lake City,TOWER-338
CDR-6C764D8F,CASE-0429,+917043408035,+910018752439,2023-08-18T20:26:00,2742,Gurgaon Sector 29,TOWER-816
CDR-939696C2,CASE-0036,+919767934534,+918995703270,2023-04-10T21:12:00,836,Anna Nagar,TOWER-926
CDR-D78AD95D,CASE-0480,+912062619351,+915148982381,2023-09-09T22:16:00,1231,Koramangala,TOWER-464
CDR-FDC39761,CASE-0063,+913967092791,+919345912958,2023-08-06T09:59:00,3412,Secunderabad Railway Station,TOWER-784
CDR-902B86AE,CASE-0483,+918624564306,+910787017796,2023-08-23T04:14:00,569,Connaught Place,TOWER-674
CDR-8BB501DA,CASE-0235,+914239058338,+917672598782,2023-06-30T03:34:00,2266,T Nagar,TOWER-263
CDR-E72A4AEA,CASE-0087,+915835366118,+918059261836,2023-07-31T22:50:00,1686,T Nagar,TOWER-272
CDR-660DB4AB,CASE-0365,+918271524327,+919746476667,2023-08-03T11:54:00,2349,Indiranagar,TOWER-135
CDR-D5ACDCBC,CASE-0132,+918843545700,+918843545700,2023-10-03T16:06:00,568,Indiranagar,TOWER-117
CDR-D5A6EFBD,CASE-0063,+919534347004,+910666423755,2023-02-10T21:29:00,3255,Gurgaon Sector 29,TOWER-200
CDR-754D6550,CASE-0087,+915835366118,+913623665105,2023-04-17T14:05:00,2737,T Nagar,TOWER-871
CDR-D86D3774,CASE-0262,+914774348960,+916686994546,2023-07-27T17:01:00,1625,Secunderabad Railway Station,TOWER-912
CDR-07E95FE4,CASE-0346,+912440682429,+916836823883,2023-02-08T10:50:00,1463,Karol Bagh,TOWER-817
CDR-B9E46564,CASE-0028,+915024878084,+913547280012,2023-08-18T14:25:00,2663,Viman Nagar,TOWER-926
CDR-5AECB421,CASE-0221,+916328336327,+910346935109,2023-10-08T16:39:00,2217,Karol Bagh,TOWER-190
CDR-EE37C7BD,CASE-0101,+911351070775,+912769272143,2023-02-21T18:02:00,2007,Indiranagar,TOWER-512
CDR-EA051702,CASE-0101,+919892199616,+918681576718,2023-03-19T21:09:00,252,Hinjewadi,TOWER-338
CDR-6A2E1CB3,CASE-0257,+911885956157,+912440682429,2023-01-12T03:22:00,673,Gurgaon Sector 29,TOWER-472
CDR-66B69CC1,CASE-0053,+915148982381,+913472416007,2023-09-29T10:45:00,836,Anna Nagar,TOWER-510
CDR-2F6A0B6E,CASE-0185,+912062619351,+917290393874,2023-10-27T03:12:00,772,Connaught Place,TOWER-895
CDR-6397C037,CASE-0256,+912871668936,+917459225626,2023-03-12T09:33:00,2425,Salt Lake City,TOWER-131
CDR-178E99CA,CASE-0064,+918545155824,+917290393874,2023-03-19T22:45:00,246,Anna Nagar,TOWER-890
CDR-E908E6F2,CASE-0445,+916209181900,+910753540823,2023-07-25T08:45:00,167,Gachibowli,TOWER-380
CDR-1CDC486C,CASE-0195,+914813120521,+911797830342,2023-07-02T22:10:00,3292,Vasant Kunj,TOWER-946
CDR-B604D295,CASE-0462,+915854340144,+912426031016,2023-04-07T14:24:00,3319,Anna Nagar,TOWER-106
CDR-EE1756A7,CASE-0296,+913547280012,+915024878084,2023-08-31T05:09:00,2200,Gurgaon Sector 29,TOWER-701
CDR-3CCA233D,CASE-0464,+913144040812,+910906196006,2023-03-28T22:53:00,1656,Andheri West,TOWER-471
CDR-CA91027E,CASE-0209,+912440682429,+914813120521,2023-05-11T12:36:00,1624,Connaught Place,TOWER-525
CDR-5BBD7D76,CASE-0217,+918826229523,+913121201754,2023-10-28T10:48:00,2165,Jubilee Hills,TOWER-357
CDR-6D24A30A,CASE-0380,+913253118456,+916760510115,2023-10-18T05:32:00,2097,Salt Lake City,TOWER-291
CDR-F608FA7C,CASE-0263,+911350676473,+914945876593,2023-06-10T15:10:00,1703,Gurgaon Sector 29,TOWER-897
CDR-DE913186,CASE-0330,+911782032348,+916891474365,2023-01-06T07:02:00,2953,Noida Sector 18,TOWER-470
CDR-D51900D2,CASE-0303,+914503294908,+912134275551,2023-09-07T10:55:00,156,Noida Sector 18,TOWER-691
CDR-6A002628,CASE-0016,+911885956157,+919385551625,2023-07-23T12:23:00,1302,Secunderabad Railway Station,TOWER-162
CDR-81AC3B4E,CASE-0470,+913245991775,+916852364826,2023-05-12T23:50:00,1927,Noida Sector 18,TOWER-662
CDR-721F54E5,CASE-0251,+918545155824,+917290393874,2023-07-28T08:25:00,2108,Secunderabad Railway Station,TOWER-824
CDR-F1640F4B,CASE-0338,+910559605105,+913426458287,2023-03-04T20:30:00,3041,Indiranagar,TOWER-279
CDR-D7627F59,CASE-0408,+913975433895,+917736574352,2023-07-09T14:09:00,3409,Koramangala,TOWER-507
CDR-CD0B2C9B,CASE-0207,+914054578165,+914098434404,2023-07-02T16:59:00,543,T Nagar,TOWER-529
CDR-E4855787,CASE-0376,+914675877093,+919685716545,2023-03-25T03:27:00,314,Anna Nagar,TOWER-820
CDR-7313A921,CASE-0270,+915041435052,+919599081900,2023-04-11T16:11:00,1407,Secunderabad Railway Station,TOWER-798
CDR-81C0B98B,CASE-0353,+917290393874,+915527465681,2023-10-20T21:53:00,2708,Bandra Kurla Complex,TOWER-510
CDR-756350B1,CASE-0421,+913008791344,+917191878205,2023-03-23T06:08:00,218,Gachibowli,TOWER-473
CDR-523C2F2B,CASE-0119,+914511061339,+910785821394,2023-08-06T14:39:00,979,Viman Nagar,TOWER-697
CDR-189DAA8E,CASE-0049,+915024878084,+912580030430,2023-10-16T04:21:00,2256,Anna Nagar,TOWER-715
CDR-00B3B6EE,CASE-0191,+917871157058,+913615776561,2023-05-01T23:59:00,3362,Bandra Kurla Complex,TOWER-725
CDR-7C4D8D80,CASE-0308,+912788231114,+911427003228,2023-09-06T12:43:00,1410,Noida Sector 18,TOWER-492
CDR-700A2B7F,CASE-0136,+910093439981,+918136066613,2023-04-12T17:25:00,1825,Noida Sector 18,TOWER-681
CDR-8DD17AF0,CASE-0368,+911854325023,+919443348698,2023-04-27T03:02:00,2219,Salt Lake City,TOWER-826
CDR-2F25B27C,CASE-0065,+917156318635,+911506678298,2023-08-13T22:37:00,246,Noida Sector 18,TOWER-325
CDR-B7E65BE9,CASE-0166,+914271636761,+914271636761,2023-06-26T06:02:00,2161,T Nagar,TOWER-540
CDR-8B836F76,CASE-0496,+914239058338,+914813120521,2023-06-27T17:56:00,1617,Secunderabad Railway Station,TOWER-542
CDR-F3B9D3D2,CASE-0064,+913474786230,+917290393874,2023-09-23T18:15:00,1318,New Town,TOWER-792
CDR-2F333152,CASE-0009,+919743316415,+910778551483,2023-05-16T08:05:00,1331,Viman Nagar,TOWER-962
CDR-F1949D58,CASE-0424,+917337732094,+915148982381,2023-05-09T02:13:00,59,Anna Nagar,TOWER-267
CDR-AEC581E4,CASE-0318,+915333219201,+911482428986,2023-04-06T16:05:00,1203,Bandra Kurla Complex,TOWER-757
CDR-3EEF3599,CASE-0419,+910181469628,+915041435052,2023-04-25T12:15:00,2309,Connaught Place,TOWER-754
CDR-D96A8D06,CASE-0057,+915024878084,+910906518515,2023-04-10T12:27:00,2742,Andheri West,TOWER-383
CDR-BF5629B9,CASE-0184,+910932627488,+919163604771,2023-08-28T05:08:00,3075,Vasant Kunj,TOWER-356
CDR-BA27CFFF,CASE-0310,+913975433895,+918380340958,2023-08-24T07:56:00,634,Karol Bagh,TOWER-238
CDR-B1F05F73,CASE-0161,+915148982381,+918646745808,2023-10-27T20:52:00,2110,Anna Nagar,TOWER-796
CDR-0318C74E,CASE-0017,+910225280442,+914857270572,2023-09-19T12:59:00,2844,Indiranagar,TOWER-843
CDR-6BE6AE45,CASE-0270,+910915983333,+915587334724,2023-07-21T16:57:00,3585,Secunderabad Railway Station,TOWER-174
CDR-0399678A,CASE-0342,+919668738453,+911202179161,2023-05-01T16:00:00,630,Noida Sector 18,TOWER-334
CDR-9749BEB5,CASE-0226,+919301892874,+911088596346,2023-01-04T12:53:00,3049,Salt Lake City,TOWER-750
CDR-E9A337EE,CASE-0414,+914308644537,+914755555299,2023-03-13T13:27:00,3431,Indiranagar,TOWER-284
CDR-2C5441FB,CASE-0201,+915950179837,+915724230311,2023-09-22T17:55:00,535,T Nagar,TOWER-891
CDR-67923E06,CASE-0181,+914271636761,+914467998973,2023-04-11T12:50:00,1761,Vasant Kunj,TOWER-331
CDR-F60BFB61,CASE-0229,+918385884490,+918843545700,2023-07-24T01:26:00,1007,Vasant Kunj,TOWER-640
CDR-30B547DB,CASE-0111,+915920116378,+912381003011,2023-02-05T11:18:00,806,Viman Nagar,TOWER-143
CDR-656BDD36,CASE-0096,+918886382303,+913547280012,2023-02-07T22:20:00,2404,Connaught Place,TOWER-597
CDR-E90E03F1,CASE-0395,+913547280012,+913702788376,2023-06-01T15:54:00,3286,Anna Nagar,TOWER-868
CDR-B835E0FB,CASE-0133,+916839035317,+915024878084,2023-06-27T20:48:00,3190,Gachibowli,TOWER-828
CDR-6FB4B413,CASE-0447,+912510268947,+919855924136,2023-07-30T14:14:00,652,Bandra Kurla Complex,TOWER-154
CDR-056A9284,CASE-0432,+919165606881,+919862982420,2023-10-14T03:56:00,2328,Viman Nagar,TOWER-126
CDR-959AC3B7,CASE-0003,+913291506542,+914235432636,2023-08-09T23:28:00,1190,Connaught Place,TOWER-174
CDR-A3C07CA6,CASE-0081,+911322995558,+915691100384,2023-01-30T14:30:00,3580,Andheri West,TOWER-300
CDR-7B7C2947,CASE-0166,+914271636761,+913765841561,2023-06-30T23:38:00,228,Koramangala,TOWER-865
CDR-6DECBBDC,CASE-0041,+915041435052,+910288788394,2023-07-24T09:17:00,1312,Vasant Kunj,TOWER-330
CDR-6BAECEB9,CASE-0163,+918981538088,+915140721957,2023-03-21T20:28:00,836,Vasant Kunj,TOWER-433
CDR-9AEBC65A,CASE-0422,+910803445647,+917290393874,2023-04-25T08:50:00,1662,T Nagar,TOWER-998
CDR-617B81E7,CASE-0412,+917092126831,+911219899876,2023-10-28T23:11:00,388,Karol Bagh,TOWER-322
CDR-0A9A0D7A,CASE-0288,+917055900798,+918894495175,2023-10-04T14:09:00,301,Koramangala,TOWER-867
CDR-F42A6ACE,CASE-0168,+918399205079,+916495833128,2023-03-22T06:22:00,3202,Gachibowli,TOWER-986
CDR-653F6B75,CASE-0441,+918797573856,+910135827877,2023-05-25T00:59:00,2165,T Nagar,TOWER-302
CDR-185FD6ED,CASE-0295,+910753540823,+917262204505,2023-10-04T10:53:00,1473,Secunderabad Railway Station,TOWER-195
CDR-C493ED1A,CASE-0082,+910971815033,+916487906174,2023-03-11T16:39:00,688,Anna Nagar,TOWER-492
CDR-D9274DAC,CASE-0132,+918843545700,+911482805135,2023-04-08T20:45:00,1558,Anna Nagar,TOWER-580
CDR-D974AADD,CASE-0134,+919386662193,+913608715525,2023-10-17T05:18:00,2462,Indiranagar,TOWER-206
CDR-7A57D2B0,CASE-0461,+911253607545,+913270308812,2023-08-05T09:03:00,1769,Koramangala,TOWER-830
CDR-232706E8,CASE-0435,+916209181900,+913038607216,2023-10-10T02:11:00,3365,New Town,TOWER-439
CDR-46371BF8,CASE-0331,+914378066013,+912321804528,2023-09-04T05:15:00,3195,T Nagar,TOWER-256
CDR-31628EBE,CASE-0320,+916716078468,+917465626808,2023-10-06T11:30:00,1624,T Nagar,TOWER-602
CDR-72F7E580,CASE-0235,+913490938033,+913338428369,2023-05-20T13:40:00,3358,Noida Sector 18,TOWER-430
CDR-9F1D3295,CASE-0341,+912440682429,+919812092869,2023-04-20T17:45:00,33,Bandra Kurla Complex,TOWER-443
CDR-DA13E85F,CASE-0046,+918888401933,+919324317894,2023-10-02T05:47:00,963,Indiranagar,TOWER-401
CDR-DE1970A7,CASE-0440,+910860574459,+916231625332,2023-08-08T13:19:00,133,Salt Lake City,TOWER-772
CDR-55D134E6,CASE-0333,+917879811619,+910228622631,2023-06-05T17:52:00,3538,Secunderabad Railway Station,TOWER-943
CDR-27F0A38B,CASE-0491,+918235993460,+912254954109,2023-06-15T23:04:00,2969,Viman Nagar,TOWER-144
CDR-514F1BEA,CASE-0067,+914074236407,+915949495568,2023-08-29T06:23:00,1180,Gurgaon Sector 29,TOWER-391
CDR-FBB719D6,CASE-0406,+915921513753,+918676836246,2023-06-12T21:13:00,315,Secunderabad Railway Station,TOWER-683
CDR-59452AE8,CASE-0374,+914206370446,+913722075981,2023-07-17T11:05:00,625,Indiranagar,TOWER-761
CDR-A38FBEBC,CASE-0220,+915920116378,+919134170379,2023-02-13T15:09:00,206,Karol Bagh,TOWER-770
CDR-B7BDC69D,CASE-0254,+913967092791,+911745303060,2023-03-20T02:15:00,2447,Connaught Place,TOWER-476
CDR-3EE5557F,CASE-0282,+914271636761,+914271636761,2023-01-27T21:45:00,813,Hinjewadi,TOWER-570
CDR-235BEF21,CASE-0358,+919872870214,+912813199467,2023-05-20T16:32:00,2511,Gurgaon Sector 29,TOWER-603
CDR-72842B8B,CASE-0417,+919458484561,+919458484561,2023-06-04T12:09:00,3402,Vasant Kunj,TOWER-802
CDR-8AC1E430,CASE-0092,+915025692620,+916428285890,2023-01-02T01:30:00,2658,Salt Lake City,TOWER-819
CDR-7912ACC4,CASE-0165,+917290393874,+914201466623,2023-08-13T16:43:00,535,Salt Lake City,TOWER-791
CDR-D97D0BF2,CASE-0295,+913017684763,+918487016111,2023-08-04T17:06:00,3522,Indiranagar,TOWER-817
CDR-1ACC29B4,CASE-0450,+911983879998,+917173872616,2023-04-17T09:28:00,1768,Salt Lake City,TOWER-172
CDR-266874C6,CASE-0158,+914577803160,+911959821453,2023-03-02T12:22:00,3053,Secunderabad Railway Station,TOWER-562
CDR-06CB1A75,CASE-0411,+917052444364,+913690131510,2023-04-29T00:46:00,3560,Viman Nagar,TOWER-699
CDR-16D448A9,CASE-0153,+919285165934,+912011781365,2023-06-14T00:02:00,3276,Gurgaon Sector 29,TOWER-165
CDR-2582C11E,CASE-0258,+912891254249,+912629969490,2023-07-04T16:55:00,561,Gurgaon Sector 29,TOWER-489
CDR-EE1A0CDB,CASE-0007,+910290034167,+914239058338,2023-01-28T08:27:00,697,Indiranagar,TOWER-337
CDR-3C4C1F7C,CASE-0202,+913687090213,+910180105334,2023-04-12T14:26:00,1659,New Town,TOWER-447
CDR-D505A350,CASE-0258,+912891254249,+919048475869,2023-09-22T06:23:00,669,Karol Bagh,TOWER-954
CDR-AC6A3E33,CASE-0249,+911885956157,+917290393874,2023-02-24T04:58:00,2959,Noida Sector 18,TOWER-960
CDR-6286F91C,CASE-0240,+919699372396,+915087512146,2023-06-26T02:53:00,550,Viman Nagar,TOWER-365
CDR-1A32A7C9,CASE-0394,+919038510114,+915733967394,2023-09-16T23:56:00,1777,Gachibowli,TOWER-412
CDR-0B65C3B7,CASE-0347,+915527465681,+918214547297,2023-01-15T04:02:00,2119,Viman Nagar,TOWER-889
CDR-8FB57433,CASE-0448,+918616736041,+914655180944,2023-07-10T08:55:00,3493,Anna Nagar,TOWER-410
CDR-B3764A76,CASE-0045,+913643737766,+917976185308,2023-03-16T14:31:00,2608,Gurgaon Sector 29,TOWER-158
CDR-456E3B18,CASE-0373,+912885011305,+912571865828,2023-06-12T03:17:00,3500,Noida Sector 18,TOWER-631
CDR-4D27D5B9,CASE-0031,+915515729662,+913644635648,2023-09-03T16:07:00,758,New Town,TOWER-100
CDR-4EF09E05,CASE-0419,+916381066459,+917680009477,2023-08-19T17:24:00,1324,Karol Bagh,TOWER-240
CDR-782A4731,CASE-0140,+916196825483,+914391813403,2023-06-03T12:52:00,977,Indiranagar,TOWER-281
CDR-EBB03A38,CASE-0401,+911535706884,+917313220088,2023-05-20T08:11:00,734,New Town,TOWER-638
CDR-4965A433,CASE-0007,+910290034167,+917669053892,2023-05-06T07:38:00,3382,Indiranagar,TOWER-798
CDR-EB8870ED,CASE-0019,+915031748108,+911885956157,2023-01-07T13:19:00,1587,Andheri West,TOWER-215
CDR-FD214085,CASE-0343,+915616876987,+918902377052,2023-02-06T21:46:00,3428,Gachibowli,TOWER-617
CDR-33FA074E,CASE-0464,+912138937116,+919823450797,2023-09-09T04:50:00,3372,Jubilee Hills,TOWER-797
CDR-35AD92E5,CASE-0319,+910753540823,+910753540823,2023-07-18T15:38:00,540,Karol Bagh,TOWER-942
CDR-CD73B8C2,CASE-0355,+911551644581,+914647693509,2023-07-03T04:32:00,2385,Indiranagar,TOWER-553
CDR-2B427214,CASE-0339,+911655903639,+913398324656,2023-10-15T11:00:00,3244,Hinjewadi,TOWER-693
CDR-791C07EC,CASE-0425,+910760034534,+914043800195,2023-06-08T01:27:00,502,Vasant Kunj,TOWER-803
CDR-2E6EE617,CASE-0094,+913975433895,+910539363533,2023-04-22T23:06:00,3014,New Town,TOWER-246
CDR-3D09C3D1,CASE-0035,+912062619351,+910989022244,2023-02-28T22:07:00,1178,Koramangala,TOWER-715
CDR-ECB1020B,CASE-0184,+910932627488,+914808017689,2023-03-31T08:42:00,2762,Vasant Kunj,TOWER-369
CDR-3118D1CF,CASE-0435,+916209181900,+916209181900,2023-07-19T06:42:00,2950,Viman Nagar,TOWER-571
CDR-D3C964B8,CASE-0377,+914577212430,+910587221963,2023-06-28T12:48:00,93,Andheri West,TOWER-363
CDR-D4DC6B17,CASE-0387,+915401475726,+911187150119,2023-03-18T03:16:00,1765,Connaught Place,TOWER-246
CDR-85E540C9,CASE-0330,+911782032348,+915527465681,2023-01-22T23:41:00,1291,Karol Bagh,TOWER-971
CDR-2C7B306C,CASE-0131,+910956977119,+911218469711,2023-04-06T03:17:00,2311,Salt Lake City,TOWER-905
CDR-7E33703A,CASE-0017,+916691604393,+915041435052,2023-05-17T12:40:00,968,Gurgaon Sector 29,TOWER-417
CDR-ECFC569B,CASE-0299,+911333449934,+919062611499,2023-02-16T00:38:00,240,Andheri West,TOWER-954
CDR-A82E8AB8,CASE-0033,+916066400598,+910437537525,2023-06-24T18:15:00,2025,Koramangala,TOWER-410
CDR-7813FC97,CASE-0078,+915525931210,+914948511996,2023-04-24T21:04:00,1550,Koramangala,TOWER-720
CDR-6A60751C,CASE-0319,+910753540823,+915420657553,2023-03-15T03:38:00,3163,Secunderabad Railway Station,TOWER-902
CDR-6C8EF118,CASE-0294,+918973158719,+919245157763,2023-09-26T18:36:00,2313,Indiranagar,TOWER-699
CDR-686657E3,CASE-0224,+913693447236,+916209181900,2023-06-09T23:35:00,1121,Jubilee Hills,TOWER-745
CDR-B0F14E1E,CASE-0207,+915191308126,+915736533982,2023-06-05T05:33:00,3556,Bandra Kurla Complex,TOWER-794
CDR-34CDFF81,CASE-0292,+915041435052,+916817538404,2023-06-27T23:16:00,3200,T Nagar,TOWER-214
CDR-617DA00A,CASE-0010,+912887085748,+913730011112,2023-10-23T17:18:00,692,Bandra Kurla Complex,TOWER-727
CDR-E0AA0632,CASE-0376,+911744211261,+913895614388,2023-10-14T22:29:00,2342,Connaught Place,TOWER-785
CDR-6170070A,CASE-0037,+910539363533,+912848587043,2023-07-28T13:15:00,666,Viman Nagar,TOWER-604
CDR-CEAAD59A,CASE-0008,+919967936595,+910134604279,2023-09-29T11:21:00,2148,Viman Nagar,TOWER-409
CDR-9611AAEC,CASE-0126,+916218623838,+913590479657,2023-09-08T20:11:00,1779,New Town,TOWER-381
CDR-11406612,CASE-0380,+917863804088,+914913519544,2023-04-13T18:12:00,3387,Viman Nagar,TOWER-474
CDR-B590BC53,CASE-0391,+915148982381,+910445286844,2023-09-18T09:29:00,1719,Gurgaon Sector 29,TOWER-915
CDR-12C73764,CASE-0269,+917290393874,+917290393874,2023-04-29T10:29:00,2816,Hinjewadi,TOWER-773
CDR-D99477A6,CASE-0325,+919535360646,+917149347524,2023-08-17T20:11:00,3106,Jubilee Hills,TOWER-540
CDR-0E9EB51F,CASE-0197,+918545155824,+911885956157,2023-01-01T00:51:00,26,Hinjewadi,TOWER-118
CDR-FF6625D3,CASE-0207,+915191308126,+911875522910,2023-07-12T04:20:00,1126,Bandra Kurla Complex,TOWER-853
CDR-CA179226,CASE-0141,+913259888753,+918003022944,2023-07-20T03:07:00,1102,Gachibowli,TOWER-724
CDR-D792D803,CASE-0495,+916836823883,+911420732256,2023-04-10T01:26:00,2246,Secunderabad Railway Station,TOWER-952
CDR-EDE57600,CASE-0362,+918019419172,+910932627488,2023-04-03T20:35:00,1173,Koramangala,TOWER-586
CDR-0F4DCE57,CASE-0264,+919567818449,+912440682429,2023-02-23T13:58:00,1235,Connaught Place,TOWER-326
CDR-3A21262C,CASE-0436,+914271636761,+914271636761,2023-04-29T05:44:00,661,Noida Sector 18,TOWER-846
CDR-C8F286FA,CASE-0206,+916701520915,+914271636761,2023-07-27T09:05:00,260,Gachibowli,TOWER-372
CDR-EE2821EC,CASE-0238,+917559680968,+911885956157,2023-10-28T08:39:00,930,Anna Nagar,TOWER-785
CDR-C8F5523A,CASE-0061,+911341083704,+914861928954,2023-05-06T13:23:00,538,Viman Nagar,TOWER-831
CDR-CD1DDBC6,CASE-0063,+910326586014,+915148982381,2023-06-25T05:50:00,3014,Jubilee Hills,TOWER-868
CDR-F1B0F430,CASE-0451,+915188199263,+914271636761,2023-10-25T01:27:00,764,Secunderabad Railway Station,TOWER-815
CDR-F3D3EFB6,CASE-0044,+913287294594,+913831328825,2023-03-04T00:34:00,1211,T Nagar,TOWER-188
CDR-85766FDA,CASE-0387,+915401475726,+919481304824,2023-10-07T23:48:00,1266,Hinjewadi,TOWER-655
CDR-BC851A21,CASE-0210,+912848587043,+915001668222,2023-08-07T20:18:00,1506,Connaught Place,TOWER-872
CDR-5DCDEEF2,CASE-0052,+916866149630,+919668738453,2023-06-25T04:10:00,195,Andheri West,TOWER-160
CDR-EA4AC0E0,CASE-0274,+914897219099,+919404697471,2023-10-19T15:07:00,2468,Noida Sector 18,TOWER-845
CDR-E29EC9C7,CASE-0157,+913965686271,+913704486234,2023-05-17T14:57:00,2982,Salt Lake City,TOWER-653
CDR-8538A9A4,CASE-0112,+918947227783,+915762446685,2023-03-01T11:29:00,550,Viman Nagar,TOWER-677
CDR-E54D6057,CASE-0320,+916716078468,+919618547415,2023-05-29T18:40:00,1920,Viman Nagar,TOWER-460
CDR-A21D2FD4,CASE-0163,+913084772999,+916443992660,2023-07-31T19:28:00,688,Secunderabad Railway Station,TOWER-963
CDR-E06163B1,CASE-0251,+917290393874,+910930979862,2023-04-16T07:11:00,2489,New Town,TOWER-743
CDR-0E846D5B,CASE-0001,+917161184225,+917290393874,2023-02-25T21:19:00,1081,Bandra Kurla Complex,TOWER-679
CDR-3CFE6848,CASE-0408,+914271636761,+914271636761,2023-08-21T17:23:00,855,Indiranagar,TOWER-867
CDR-C32AEC86,CASE-0471,+914779908909,+912280095674,2023-05-12T23:02:00,1108,Karol Bagh,TOWER-285
CDR-1299D2B3,CASE-0483,+910589651706,+913756541828,2023-04-02T00:32:00,376,Andheri West,TOWER-998
CDR-2D6D2036,CASE-0442,+912440682429,+914472123153,2023-04-15T04:02:00,1560,Jubilee Hills,TOWER-303
CDR-616699F4,CASE-0385,+910134604279,+915582760624,2023-04-16T15:40:00,3270,Noida Sector 18,TOWER-306
CDR-FFF13186,CASE-0398,+917962596184,+913102847876,2023-10-15T22:07:00,568,Jubilee Hills,TOWER-777
CDR-7F8FE4D5,CASE-0255,+912485629252,+919655584503,2023-06-28T06:26:00,3548,Salt Lake City,TOWER-550
CDR-54A64AF3,CASE-0175,+915215091504,+912721134880,2023-04-01T12:29:00,1266,Karol Bagh,TOWER-402
CDR-B4B3A6B1,CASE-0236,+913067876211,+919958001923,2023-09-23T05:43:00,688,Secunderabad Railway Station,TOWER-799
CDR-0F2ABEB9,CASE-0030,+910088746827,+914840155148,2023-05-22T18:50:00,729,Bandra Kurla Complex,TOWER-798
CDR-22531622,CASE-0456,+919296583577,+915836287373,2023-05-21T07:54:00,417,Gachibowli,TOWER-974
CDR-E8D4D482,CASE-0072,+916978494488,+914988053064,2023-08-15T20:17:00,265,Connaught Place,TOWER-761
CDR-50085550,CASE-0117,+914813120521,+914239058338,2023-08-24T08:44:00,873,Anna Nagar,TOWER-874
CDR-511F96DA,CASE-0295,+916775955382,+914505695995,2023-04-06T05:31:00,2320,Gurgaon Sector 29,TOWER-721
CDR-140D3035,CASE-0309,+913274654298,+914409612698,2023-01-20T17:33:00,1083,Koramangala,TOWER-439
CDR-0393F5D7,CASE-0201,+915950179837,+914015176005,2023-03-06T01:18:00,2566,Jubilee Hills,TOWER-459
CDR-45C8DA34,CASE-0477,+910932627488,+914175868877,2023-05-12T20:15:00,697,Secunderabad Railway Station,TOWER-535
CDR-AE4E2D18,CASE-0385,+916570504537,+913975433895,2023-07-23T00:49:00,83,Anna Nagar,TOWER-912
CDR-25005482,CASE-0474,+911685532300,+915113901305,2023-01-01T05:33:00,40,Koramangala,TOWER-804
CDR-5996D66C,CASE-0082,+913583008013,+912290280751,2023-04-30T16:19:00,3078,Noida Sector 18,TOWER-343
CDR-E938152D,CASE-0008,+917498717859,+916880087341,2023-01-11T06:31:00,3577,Bandra Kurla Complex,TOWER-163
CDR-9BD5434A,CASE-0285,+917488044190,+911441968991,2023-01-10T22:43:00,2499,Jubilee Hills,TOWER-837
CDR-43065259,CASE-0038,+910851774721,+913982906665,2023-06-24T10:28:00,3238,Viman Nagar,TOWER-722
CDR-1714257A,CASE-0304,+911782032348,+915867724943,2023-08-04T19:15:00,2105,Gachibowli,TOWER-893
CDR-2C36F5B5,CASE-0117,+910489717590,+912309248855,2023-03-19T12:47:00,336,Connaught Place,TOWER-768
CDR-524ACE17,CASE-0315,+910770357861,+918743989910,2023-07-12T11:25:00,1976,Connaught Place,TOWER-136
CDR-114540A7,CASE-0467,+912905154523,+910539363533,2023-09-20T00:38:00,2443,Vasant Kunj,TOWER-110
CDR-19FB76FD,CASE-0170,+913376652788,+915634640970,2023-05-21T21:27:00,1143,Indiranagar,TOWER-433
CDR-1A51E30C,CASE-0244,+911285003408,+912935565536,2023-01-25T21:17:00,1125,Koramangala,TOWER-151
CDR-B135003A,CASE-0359,+910536596542,+915148982381,2023-07-27T12:16:00,3323,Vasant Kunj,TOWER-372
CDR-2331332B,CASE-0300,+912585675699,+910631561895,2023-08-08T05:28:00,2249,Bandra Kurla Complex,TOWER-859
CDR-85C2C959,CASE-0032,+912440682429,+914239058338,2023-04-02T07:53:00,2925,Jubilee Hills,TOWER-629
CDR-5A80AE03,CASE-0024,+916579948043,+916191104769,2023-02-28T16:35:00,544,Anna Nagar,TOWER-510
CDR-697C878E,CASE-0464,+919744029431,+914500340337,2023-02-06T01:57:00,693,Salt Lake City,TOWER-936
CDR-3C3885AE,CASE-0497,+919941356537,+910969723180,2023-02-12T19:08:00,2703,Bandra Kurla Complex,TOWER-874
CDR-BE370F9C,CASE-0160,+918684724500,+919147543405,2023-01-26T22:45:00,3256,Vasant Kunj,TOWER-482
CDR-9276E2E7,CASE-0148,+917428769944,+917382832885,2023-02-04T16:42:00,3539,Koramangala,TOWER-643
CDR-20CC4B74,CASE-0114,+914271636761,+915024878084,2023-03-06T03:01:00,3009,Gachibowli,TOWER-392
CDR-30B2FD41,CASE-0255,+912990680246,+911401878885,2023-08-16T20:27:00,2669,Gachibowli,TOWER-428
CDR-74A9E2C2,CASE-0398,+914990634007,+915953308597,2023-06-11T14:47:00,1798,Noida Sector 18,TOWER-422
CDR-9E2320AD,CASE-0023,+912848587043,+912848587043,2023-03-20T00:54:00,3193,Vasant Kunj,TOWER-312
CDR-43A49D02,CASE-0485,+913547280012,+910112360628,2023-06-10T14:45:00,3214,Anna Nagar,TOWER-452
CDR-21BE042F,CASE-0232,+918801669563,+919653188362,2023-03-14T15:26:00,3201,Indiranagar,TOWER-740
CDR-7CA57617,CASE-0190,+919523225341,+918900750061,2023-06-14T08:16:00,666,Bandra Kurla Complex,TOWER-770
CDR-924AE8FC,CASE-0305,+914359315208,+914239058338,2023-08-17T13:19:00,2278,Salt Lake City,TOWER-713
CDR-7BD3F3B3,CASE-0435,+910637513076,+915024878084,2023-03-21T10:04:00,2480,Indiranagar,TOWER-953
CDR-9040ABF0,CASE-0403,+915307531576,+919039680930,2023-02-28T16:41:00,834,Hinjewadi,TOWER-144
CDR-C1BDE6E5,CASE-0049,+915024878084,+914629909342,2023-10-09T12:17:00,928,Karol Bagh,TOWER-972
CDR-E099BC65,CASE-0468,+913975433895,+914271636761,2023-05-21T06:14:00,1564,Bandra Kurla Complex,TOWER-344
CDR-7AB254F9,CASE-0203,+918843545700,+910539363533,2023-01-09T00:02:00,2320,Connaught Place,TOWER-537
CDR-3368B5CE,CASE-0038,+913961941329,+914160983107,2023-06-28T08:30:00,937,Connaught Place,TOWER-554
CDR-FEE7597C,CASE-0470,+915920116378,+911621393267,2023-02-17T12:47:00,1836,Karol Bagh,TOWER-545
CDR-442A5B56,CASE-0002,+919588495248,+912949686572,2023-09-30T10:11:00,2962,Andheri West,TOWER-925
CDR-FC71E8D3,CASE-0154,+914359315208,+917325292538,2023-06-11T20:58:00,1681,New Town,TOWER-578
CDR-8AB1635C,CASE-0005,+916378163815,+915803755032,2023-04-14T21:25:00,2601,Anna Nagar,TOWER-446
CDR-B567508B,CASE-0208,+912606066893,+915348740384,2023-02-18T20:03:00,680,Viman Nagar,TOWER-701
CDR-EF7E741E,CASE-0004,+918545155824,+911885956157,2023-01-16T14:31:00,3140,Vasant Kunj,TOWER-547
CDR-1A597EBD,CASE-0075,+912848587043,+918191274990,2023-01-20T03:40:00,961,Salt Lake City,TOWER-862
CDR-A284D6B1,CASE-0384,+912465017878,+913270278816,2023-02-17T19:38:00,2060,Andheri West,TOWER-230
CDR-093E9E3E,CASE-0151,+911669787984,+913466530007,2023-03-30T03:29:00,2985,Connaught Place,TOWER-584
CDR-5BEFB2CB,CASE-0486,+911708193858,+919794681016,2023-02-20T09:17:00,838,Karol Bagh,TOWER-973
CDR-81C92F5A,CASE-0217,+918994187632,+914235432636,2023-06-13T18:42:00,1863,Vasant Kunj,TOWER-810
CDR-6E85A8C6,CASE-0015,+913339441880,+917827119494,2023-07-01T23:45:00,3522,Koramangala,TOWER-364
CDR-4A992CE6,CASE-0180,+910932627488,+917292336192,2023-04-27T10:15:00,1252,Secunderabad Railway Station,TOWER-512
CDR-C9B23894,CASE-0280,+918932983493,+913531726324,2023-01-31T23:04:00,574,Jubilee Hills,TOWER-518
CDR-F8730B29,CASE-0282,+910753540823,+915024878084,2023-06-26T00:47:00,3168,Indiranagar,TOWER-333
CDR-A6A42F0B,CASE-0478,+916039332945,+913547280012,2023-03-08T20:15:00,1246,Bandra Kurla Complex,TOWER-767
CDR-E7984F63,CASE-0099,+918843545700,+911256074520,2023-05-14T20:43:00,2591,Anna Nagar,TOWER-273
CDR-B329694D,CASE-0133,+915920116378,+911996297492,2023-09-21T14:52:00,2916,Viman Nagar,TOWER-749
CDR-14457E41,CASE-0207,+915191308126,+919345912958,2023-06-08T04:43:00,3203,Bandra Kurla Complex,TOWER-496
CDR-0651FC37,CASE-0392,+916591365609,+913016441825,2023-04-19T21:50:00,3128,Viman Nagar,TOWER-353
CDR-C2E5FD27,CASE-0454,+910753540823,+914999805045,2023-03-02T16:35:00,1388,Andheri West,TOWER-565
CDR-46FDDA48,CASE-0271,+917290393874,+910160964105,2023-04-30T05:55:00,3049,Vasant Kunj,TOWER-427
CDR-DCA6C876,CASE-0028,+915024878084,+915024878084,2023-09-08T02:08:00,1760,Hinjewadi,TOWER-790
CDR-85492ED0,CASE-0367,+910860263703,+917078484137,2023-02-07T01:58:00,1364,Anna Nagar,TOWER-997
CDR-FED5573A,CASE-0253,+910905741958,+919745055539,2023-06-05T13:04:00,1991,Gachibowli,TOWER-929
CDR-C6D52845,CASE-0359,+912062619351,+913155489894,2023-03-11T10:39:00,2573,Indiranagar,TOWER-482
CDR-D7E4CB3B,CASE-0465,+914678612658,+918381121063,2023-04-01T00:50:00,2786,Vasant Kunj,TOWER-755
CDR-9A088506,CASE-0185,+914575504053,+915041435052,2023-04-04T09:34:00,1535,Koramangala,TOWER-523
CDR-FC81CACB,CASE-0323,+919062778005,+910808230323,2023-01-26T01:25:00,51,Salt Lake City,TOWER-940
CDR-288A11D8,CASE-0313,+912848587043,+913975433895,2023-09-26T03:41:00,2666,Vasant Kunj,TOWER-531
CDR-562138C7,CASE-0300,+912905983086,+916142299336,2023-06-23T05:25:00,1067,Anna Nagar,TOWER-424
CDR-944E061D,CASE-0279,+910932627488,+911016376313,2023-01-25T16:14:00,2568,Indiranagar,TOWER-796
CDR-73FAFFAE,CASE-0427,+911749668311,+913660554897,2023-06-08T17:14:00,2034,Viman Nagar,TOWER-860
CDR-33018D96,CASE-0252,+916804483483,+911523555676,2023-02-09T12:45:00,1704,Koramangala,TOWER-481
CDR-86CF074C,CASE-0203,+912848587043,+910619339190,2023-07-29T02:18:00,1235,Anna Nagar,TOWER-712
CDR-F203CA39,CASE-0425,+910760034534,+912165238113,2023-04-12T19:55:00,245,Gachibowli,TOWER-599
CDR-8AE61A2F,CASE-0488,+913479765413,+910588838413,2023-07-02T21:44:00,2365,Connaught Place,TOWER-296
CDR-D0019211,CASE-0296,+913547280012,+918843545700,2023-07-18T08:39:00,221,Bandra Kurla Complex,TOWER-985
CDR-992FC0C2,CASE-0417,+915148982381,+912062619351,2023-10-11T23:57:00,1559,Connaught Place,TOWER-541
CDR-A9CF43A6,CASE-0069,+910753540823,+915024878084,2023-05-12T03:09:00,270,Gurgaon Sector 29,TOWER-968
CDR-59E6D9CD,CASE-0269,+919022971107,+916457962699,2023-05-16T11:01:00,2110,Bandra Kurla Complex,TOWER-675
CDR-EEC7FCB5,CASE-0075,+910539363533,+913975433895,2023-09-16T22:07:00,963,Indiranagar,TOWER-112
CDR-F0698775,CASE-0463,+916676171373,+911257811388,2023-06-07T13:15:00,974,Andheri West,TOWER-530
CDR-4F9643BB,CASE-0245,+913975433895,+910356173716,2023-09-06T06:45:00,997,Hinjewadi,TOWER-141
CDR-597FC469,CASE-0194,+910436613505,+911454434641,2023-05-16T16:47:00,2588,Koramangala,TOWER-993
CDR-327C7FA7,CASE-0254,+913967092791,+919668738453,2023-10-07T19:35:00,2930,Salt Lake City,TOWER-288
CDR-DB0D0ADD,CASE-0006,+917168065356,+917986296562,2023-03-06T04:23:00,2813,Indiranagar,TOWER-140
CDR-8C9C237E,CASE-0197,+918545155824,+913213606817,2023-03-07T16:57:00,686,Hinjewadi,TOWER-751
CDR-F9B077CD,CASE-0398,+917459717441,+917166636614,2023-10-28T19:18:00,2456,Gurgaon Sector 29,TOWER-475
CDR-C783DBB1,CASE-0390,+912596986383,+915539948295,2023-01-10T09:23:00,2583,Karol Bagh,TOWER-856
CDR-AA15F8C0,CASE-0064,+918545155824,+914454006912,2023-06-25T07:26:00,1690,Vasant Kunj,TOWER-931
CDR-765420A1,CASE-0264,+914359315208,+914813120521,2023-08-22T19:06:00,852,Anna Nagar,TOWER-106
CDR-EDE2458F,CASE-0299,+910122351319,+918692387166,2023-04-27T21:19:00,2054,Koramangala,TOWER-979
CDR-2DB08D0E,CASE-0358,+919872870214,+918148281356,2023-03-19T04:25:00,1572,T Nagar,TOWER-530
CDR-BA89F04B,CASE-0200,+917290393874,+915148982381,2023-09-27T11:54:00,3390,T Nagar,TOWER-453
CDR-1C790D24,CASE-0417,+915148982381,+915148982381,2023-06-18T15:59:00,905,Secunderabad Railway Station,TOWER-162
CDR-CFB34A9A,CASE-0272,+914271636761,+914888994920,2023-04-27T23:40:00,1507,Secunderabad Railway Station,TOWER-611
CDR-E8CAC759,CASE-0162,+915527465681,+911885956157,2023-04-12T01:17:00,768,Noida Sector 18,TOWER-428
CDR-8F113D2C,CASE-0276,+917900138637,+919618547415,2023-10-09T02:18:00,2281,New Town,TOWER-284
CDR-3C3E3420,CASE-0366,+917378067955,+917835703277,2023-10-19T21:57:00,221,Viman Nagar,TOWER-283
CDR-D4FD580F,CASE-0433,+912308290480,+918200621489,2023-06-23T14:57:00,2804,Jubilee Hills,TOWER-920
CDR-5F2DADAF,CASE-0292,+915041435052,+916030012171,2023-06-02T03:00:00,3318,Karol Bagh,TOWER-920
CDR-3A1B29B8,CASE-0024,+915140721957,+919773823504,2023-05-13T07:29:00,1589,Andheri West,TOWER-318
CDR-02CF2AF3,CASE-0174,+914271636761,+912760866057,2023-02-22T07:46:00,1596,Bandra Kurla Complex,TOWER-442
CDR-39D97428,CASE-0191,+915148982381,+910351193387,2023-09-26T05:36:00,416,T Nagar,TOWER-167
CDR-156A51EF,CASE-0485,+918232230627,+913547280012,2023-08-01T02:52:00,1709,Andheri West,TOWER-393
CDR-24C91312,CASE-0388,+917477361774,+916698955842,2023-01-10T22:35:00,2635,Secunderabad Railway Station,TOWER-971
CDR-A7B7ED1A,CASE-0091,+916209181900,+914832142024,2023-02-16T14:39:00,2280,Viman Nagar,TOWER-529
CDR-8CA6B0D5,CASE-0344,+918068430416,+919458484561,2023-03-13T13:32:00,3510,Koramangala,TOWER-474
CDR-D67D8915,CASE-0414,+910698567496,+919218304353,2023-06-23T04:06:00,2693,Viman Nagar,TOWER-822
CDR-2BE28669,CASE-0368,+917485241563,+911182887465,2023-02-15T13:11:00,2509,Noida Sector 18,TOWER-761
CDR-98735E29,CASE-0373,+914331414522,+915888691887,2023-07-21T03:27:00,507,Secunderabad Railway Station,TOWER-697
CDR-DE27E970,CASE-0166,+911289705783,+917641208080,2023-05-06T04:19:00,700,Vasant Kunj,TOWER-716
CDR-5B37B62C,CASE-0210,+918146254575,+910466912753,2023-07-22T02:04:00,2038,Koramangala,TOWER-116
CDR-CFA5FA04,CASE-0003,+913291506542,+911133142082,2023-05-20T05:01:00,2955,Noida Sector 18,TOWER-681
CDR-D68F1B46,CASE-0399,+913470946835,+912179995818,2023-01-19T18:10:00,3495,Bandra Kurla Complex,TOWER-888
CDR-4FDB169D,CASE-0174,+914271636761,+913975433895,2023-02-28T03:47:00,419,Salt Lake City,TOWER-165
CDR-D15D2B5E,CASE-0328,+913624031144,+917835807058,2023-10-19T17:25:00,766,Salt Lake City,TOWER-864
CDR-3E920DF5,CASE-0141,+915407067912,+915160386581,2023-01-29T07:41:00,2310,Viman Nagar,TOWER-308
CDR-2FBF20F5,CASE-0346,+912440682429,+915920116378,2023-05-18T16:27:00,628,Anna Nagar,TOWER-793
CDR-7326CD7E,CASE-0261,+918380303084,+914359315208,2023-08-21T14:12:00,1458,Karol Bagh,TOWER-529
CDR-E4625ADE,CASE-0207,+919438531917,+918062372599,2023-03-30T04:54:00,1704,Jubilee Hills,TOWER-382
CDR-E8E0FE16,CASE-0171,+915118838751,+918383818307,2023-07-17T07:58:00,2517,Connaught Place,TOWER-139
CDR-EDEC5BE9,CASE-0100,+916010922190,+913243444741,2023-01-15T06:33:00,2204,Connaught Place,TOWER-586
CDR-5C0CEEDC,CASE-0346,+917178546629,+915920116378,2023-08-18T15:21:00,3251,T Nagar,TOWER-211
CDR-4FCE55C4,CASE-0027,+919007884888,+916428495177,2023-04-24T00:50:00,1245,Anna Nagar,TOWER-376
CDR-3C89BC5C,CASE-0259,+915905538553,+914065242271,2023-02-28T03:34:00,111,T Nagar,TOWER-643
CDR-7388CECA,CASE-0187,+914299978655,+913964142600,2023-01-12T05:08:00,1545,Jubilee Hills,TOWER-644
CDR-E9FCCC95,CASE-0490,+919458484561,+919458484561,2023-08-23T16:23:00,1186,Connaught Place,TOWER-992
CDR-59CBD2E5,CASE-0218,+916853957256,+915480433235,2023-09-14T02:26:00,3246,Vasant Kunj,TOWER-887
CDR-DDA198C6,CASE-0376,+911744211261,+918852932690,2023-07-12T13:09:00,2685,Viman Nagar,TOWER-711
CDR-DADCA3EF,CASE-0329,+914359315208,+915422313679,2023-10-11T06:49:00,929,New Town,TOWER-618
CDR-7E9D88DD,CASE-0461,+917007752067,+913047651352,2023-04-23T08:34:00,3354,Karol Bagh,TOWER-832
CDR-AE1BB461,CASE-0373,+914331414522,+917815392946,2023-03-19T05:28:00,2294,Salt Lake City,TOWER-417
CDR-F0C147A8,CASE-0121,+915499398335,+912935565536,2023-01-02T10:25:00,2203,Vasant Kunj,TOWER-944
CDR-A483D1E4,CASE-0348,+918646745808,+911797597470,2023-09-09T05:40:00,3028,Anna Nagar,TOWER-962
CDR-F5EEC8EA,CASE-0208,+914241153916,+910103607563,2023-04-28T08:43:00,1797,Gurgaon Sector 29,TOWER-102
CDR-0B621B33,CASE-0263,+912789947990,+913672540875,2023-07-04T23:50:00,1024,Andheri West,TOWER-169
CDR-709F9B0D,CASE-0092,+915025692620,+918728594879,2023-08-25T12:17:00,1087,Andheri West,TOWER-384
CDR-0AE48E7D,CASE-0497,+919941356537,+914841862546,2023-07-07T18:53:00,608,Karol Bagh,TOWER-298
CDR-9AEEE8BE,CASE-0443,+915364959154,+910159368064,2023-08-29T15:00:00,2799,Indiranagar,TOWER-348
CDR-B0B1BA69,CASE-0355,+915240512444,+913808635057,2023-07-11T18:08:00,3515,Hinjewadi,TOWER-945
CDR-4D7D72FD,CASE-0149,+918041381517,+911802724062,2023-02-28T03:30:00,2261,Karol Bagh,TOWER-614
CDR-F7BCC944,CASE-0331,+910753540823,+915151859959,2023-08-11T00:21:00,715,Secunderabad Railway Station,TOWER-111
CDR-F29A2F2B,CASE-0163,+913084772999,+919990790317,2023-07-30T03:21:00,2517,Andheri West,TOWER-416
CDR-5B7CB011,CASE-0114,+914271636761,+915024878084,2023-05-28T23:49:00,823,Gachibowli,TOWER-243
CDR-24488062,CASE-0330,+915527465681,+918545155824,2023-03-19T09:17:00,143,Karol Bagh,TOWER-591
CDR-F26B726D,CASE-0219,+912780496936,+917805824108,2023-01-25T10:37:00,3332,Bandra Kurla Complex,TOWER-725
CDR-4B95E326,CASE-0134,+919386662193,+917468774854,2023-03-04T21:31:00,3354,Koramangala,TOWER-525
CDR-AE26337C,CASE-0156,+914135973796,+915888691887,2023-09-02T10:13:00,476,Andheri West,TOWER-676
CDR-F7D67DE5,CASE-0466,+912062619351,+918201805619,2023-09-24T09:48:00,2246,Secunderabad Railway Station,TOWER-384
CDR-32DEBBA0,CASE-0116,+911263773023,+916798683499,2023-08-31T01:01:00,1970,Indiranagar,TOWER-987
CDR-7F4CD946,CASE-0431,+910286887063,+912401351306,2023-03-06T00:22:00,1732,Viman Nagar,TOWER-284
CDR-037FF326,CASE-0399,+913470946835,+917488637035,2023-07-25T05:34:00,2544,New Town,TOWER-270
CDR-B14DBBC7,CASE-0030,+919097599492,+910904096412,2023-02-04T14:15:00,297,Karol Bagh,TOWER-767
CDR-5372C78C,CASE-0233,+915300721667,+911332020018,2023-07-15T23:11:00,2264,Gurgaon Sector 29,TOWER-385
CDR-005BA76F,CASE-0351,+915867724943,+916138806742,2023-09-29T10:21:00,2979,Anna Nagar,TOWER-128
CDR-CFBB7C52,CASE-0414,+910698567496,+917583490369,2023-03-30T19:16:00,842,Karol Bagh,TOWER-527
CDR-FC13FE38,CASE-0361,+914359315208,+918633246694,2023-07-27T15:13:00,2791,Salt Lake City,TOWER-935
CDR-D72DC3D6,CASE-0022,+911967835346,+911861425757,2023-01-22T16:20:00,1345,Indiranagar,TOWER-226
CDR-7BC2619A,CASE-0105,+919668738453,+914154830690,2023-08-17T09:29:00,2681,Noida Sector 18,TOWER-904
CDR-77852E9A,CASE-0023,+912848587043,+912558580170,2023-01-01T08:53:00,158,Noida Sector 18,TOWER-409
CDR-91405D78,CASE-0195,+918966022237,+914239058338,2023-09-04T15:16:00,2197,Koramangala,TOWER-238
CDR-AB4FBA5B,CASE-0319,+910753540823,+913547280012,2023-09-22T11:46:00,2144,Koramangala,TOWER-521
CDR-46160BB6,CASE-0200,+913605680119,+918245260553,2023-03-22T18:22:00,796,Salt Lake City,TOWER-792
CDR-42A9967A,CASE-0440,+913991804109,+911469285478,2023-06-20T21:07:00,980,Vasant Kunj,TOWER-987
CDR-3CAE7C05,CASE-0048,+914408465964,+917620806525,2023-07-28T02:57:00,1559,Salt Lake City,TOWER-198
CDR-191F5EF1,CASE-0488,+913479765413,+914271636761,2023-10-01T01:21:00,2479,Hinjewadi,TOWER-884
CDR-638C1DAB,CASE-0032,+912121461162,+917549150654,2023-07-01T13:06:00,3167,Bandra Kurla Complex,TOWER-424
CDR-C4CD2BC5,CASE-0108,+913547280012,+914271636761,2023-10-05T19:50:00,246,New Town,TOWER-795
CDR-7A2FD372,CASE-0019,+913033331428,+918646745808,2023-08-25T13:50:00,1813,Vasant Kunj,TOWER-906
CDR-73D30AE3,CASE-0006,+915527465681,+918545155824,2023-02-05T09:10:00,3474,Karol Bagh,TOWER-800
CDR-2A7E6505,CASE-0437,+910140843219,+917493291523,2023-04-19T20:45:00,2711,Connaught Place,TOWER-876
CDR-571270F6,CASE-0372,+918373992937,+911258549816,2023-10-21T11:04:00,3193,Connaught Place,TOWER-991
CDR-CA157B25,CASE-0469,+916467269393,+910004798679,2023-10-27T15:01:00,127,New Town,TOWER-666
CDR-00360E20,CASE-0106,+915241522476,+911061809780,2023-03-02T21:28:00,1809,Hinjewadi,TOWER-875
CDR-8B955144,CASE-0245,+913975433895,+914359315208,2023-03-09T20:26:00,456,Viman Nagar,TOWER-799
CDR-1E56A75E,CASE-0411,+917915834898,+919450234870,2023-01-20T04:31:00,3413,Anna Nagar,TOWER-794
CDR-5DC3E970,CASE-0215,+918210553678,+918774302628,2023-02-20T22:31:00,3557,Anna Nagar,TOWER-913
CDR-DDA6E22C,CASE-0495,+916836823883,+919083908400,2023-09-30T23:46:00,3327,Viman Nagar,TOWER-965
CDR-627FCB8C,CASE-0157,+913250501632,+919870359417,2023-04-21T07:22:00,3516,Gachibowli,TOWER-939
CDR-DDF6CA64,CASE-0440,+910860574459,+911007217390,2023-04-22T04:21:00,277,Indiranagar,TOWER-984
CDR-516C7290,CASE-0164,+911885956157,+917027651569,2023-01-22T03:27:00,757,Hinjewadi,TOWER-961
CDR-09241928,CASE-0049,+919030336121,+912440682429,2023-06-26T12:07:00,3085,Jubilee Hills,TOWER-304
CDR-1D24FDEA,CASE-0087,+919279810648,+914160846805,2023-07-16T16:23:00,881,Gurgaon Sector 29,TOWER-570
CDR-71597F70,CASE-0066,+912848587043,+914271636761,2023-01-22T04:46:00,2036,Secunderabad Railway Station,TOWER-951
CDR-1D303E49,CASE-0304,+911782032348,+917290393874,2023-07-02T02:24:00,2147,Andheri West,TOWER-626
CDR-9EB7716D,CASE-0497,+919941356537,+919475646318,2023-07-15T09:41:00,3141,Gachibowli,TOWER-926
CDR-2B45B128,CASE-0073,+911207857345,+915024878084,2023-09-10T10:47:00,2523,Gachibowli,TOWER-421
CDR-D8425948,CASE-0476,+917026562369,+910753540823,2023-05-03T08:08:00,3110,Viman Nagar,TOWER-675
CDR-D6FFAB49,CASE-0124,+919382751873,+912777309828,2023-04-15T18:02:00,2860,Indiranagar,TOWER-863
CDR-7E8CA360,CASE-0104,+915024878084,+915024878084,2023-10-19T22:25:00,2580,Secunderabad Railway Station,TOWER-159
CDR-7D691DE1,CASE-0123,+912911010547,+917102231107,2023-03-02T16:19:00,1072,Karol Bagh,TOWER-294
CDR-2D6EB373,CASE-0447,+912812426203,+911493329857,2023-08-15T05:49:00,1205,Bandra Kurla Complex,TOWER-543
CDR-A00CFE7A,CASE-0337,+916953741440,+916913349333,2023-09-10T02:09:00,1070,Gachibowli,TOWER-143
CDR-3D0F3D62,CASE-0273,+914359315208,+911596961008,2023-06-29T12:37:00,2326,Anna Nagar,TOWER-934
CDR-A4A24807,CASE-0265,+917174127261,+918606034527,2023-03-02T04:55:00,2446,Hinjewadi,TOWER-714
CDR-23F9BA78,CASE-0108,+914271636761,+915024878084,2023-07-29T23:09:00,2171,Indiranagar,TOWER-403
CDR-7445A66E,CASE-0491,+918235993460,+912643366019,2023-04-20T10:20:00,1697,Jubilee Hills,TOWER-145
CDR-A22749BF,CASE-0281,+919868700701,+917230110852,2023-10-08T08:16:00,2939,Koramangala,TOWER-750
CDR-8A64F96E,CASE-0306,+914271636761,+912071381230,2023-03-08T16:39:00,1031,Hinjewadi,TOWER-729
CDR-7D32CE0B,CASE-0478,+915239692884,+919116048481,2023-10-27T05:18:00,2579,Gurgaon Sector 29,TOWER-673
CDR-EECAA651,CASE-0174,+914071413808,+914404838158,2023-07-22T00:24:00,2409,Koramangala,TOWER-131
CDR-BCA8D17C,CASE-0409,+919780086645,+916440072569,2023-01-26T10:23:00,1091,Hinjewadi,TOWER-844
CDR-D5D24BE3,CASE-0237,+915351175971,+913858614250,2023-05-23T15:07:00,19,Jubilee Hills,TOWER-550
CDR-06E9707D,CASE-0418,+919618547415,+910416236547,2023-03-14T15:54:00,1814,Connaught Place,TOWER-872
CDR-0EB8FA2B,CASE-0333,+910854726603,+912686539782,2023-10-17T17:32:00,673,Anna Nagar,TOWER-535
CDR-888B7278,CASE-0194,+913975433895,+916969538500,2023-09-17T07:59:00,1696,Bandra Kurla Complex,TOWER-636
CDR-D417C3BF,CASE-0009,+914139227389,+913270052424,2023-02-15T11:31:00,1989,Vasant Kunj,TOWER-231
CDR-88E85610,CASE-0236,+913067876211,+913552432481,2023-02-09T23:43:00,2518,Salt Lake City,TOWER-307
CDR-D5606433,CASE-0465,+917458978757,+911047046218,2023-03-24T16:13:00,2858,Vasant Kunj,TOWER-306
CDR-97BFDE6C,CASE-0422,+915527465681,+911023492756,2023-10-07T12:10:00,1253,Andheri West,TOWER-818
CDR-5DA8B705,CASE-0045,+915246977904,+911404525691,2023-06-05T04:03:00,2589,Anna Nagar,TOWER-362
CDR-76D6F884,CASE-0045,+913761897091,+916374774728,2023-08-12T04:10:00,1563,Vasant Kunj,TOWER-825
CDR-C5B6238D,CASE-0220,+917271546593,+910758580035,2023-03-08T06:39:00,896,Andheri West,TOWER-912
CDR-F4B6BC04,CASE-0391,+915148982381,+910255536566,2023-05-05T01:26:00,3220,Salt Lake City,TOWER-524
CDR-9831E523,CASE-0136,+910093439981,+917570255051,2023-02-21T22:01:00,815,Hinjewadi,TOWER-657
CDR-7057A256,CASE-0114,+914271636761,+913547280012,2023-07-12T18:50:00,1963,Gachibowli,TOWER-798
CDR-3CE1B6D7,CASE-0169,+910539363533,+910539363533,2023-08-26T22:05:00,3160,Salt Lake City,TOWER-113
CDR-6D6F65FE,CASE-0200,+917290393874,+918619703605,2023-07-11T20:27:00,612,Gurgaon Sector 29,TOWER-367
CDR-AD23BC60,CASE-0030,+914199127390,+919102800185,2023-10-28T22:53:00,600,Indiranagar,TOWER-282
CDR-5C83E675,CASE-0038,+913961941329,+918325325626,2023-01-31T12:22:00,2050,Salt Lake City,TOWER-708
CDR-072AEFC8,CASE-0371,+911325618021,+915719043466,2023-07-31T04:37:00,1233,Hinjewadi,TOWER-356
CDR-5D504527,CASE-0395,+913547280012,+919458484561,2023-08-28T09:37:00,1812,Gachibowli,TOWER-412
CDR-EBB06DC0,CASE-0182,+919161140906,+912906071822,2023-01-24T17:44:00,278,Karol Bagh,TOWER-340
CDR-9B6608E0,CASE-0283,+913033750127,+916965264950,2023-03-22T15:24:00,1789,T Nagar,TOWER-431
CDR-2BB26094,CASE-0418,+919345912958,+914235432636,2023-07-20T17:53:00,989,Salt Lake City,TOWER-714
CDR-92E86A3C,CASE-0010,+912887085748,+916121425835,2023-02-13T08:25:00,2090,Connaught Place,TOWER-138
CDR-7B1F496C,CASE-0084,+913976188626,+919668738453,2023-03-17T10:26:00,1207,Andheri West,TOWER-720
CDR-0D8120A5,CASE-0016,+911885956157,+917290393874,2023-03-11T00:52:00,2275,Noida Sector 18,TOWER-366
CDR-AFD5BC96,CASE-0215,+915592154088,+912100942344,2023-06-07T03:49:00,2080,Bandra Kurla Complex,TOWER-871
CDR-58A254F9,CASE-0204,+919629244313,+918875136628,2023-10-01T18:08:00,2762,Anna Nagar,TOWER-167
CDR-14A1802D,CASE-0236,+919627364935,+910286609698,2023-01-14T09:55:00,2825,Koramangala,TOWER-423
CDR-B620608E,CASE-0096,+919209133168,+915886108102,2023-10-03T13:10:00,1244,T Nagar,TOWER-159
CDR-3B031EB0,CASE-0109,+914644785112,+910341043674,2023-04-26T06:54:00,2846,Gurgaon Sector 29,TOWER-846
CDR-8611AC25,CASE-0486,+910868338542,+919560472046,2023-09-04T23:01:00,598,New Town,TOWER-314
CDR-3B351AB2,CASE-0123,+912911010547,+916266315887,2023-05-30T03:49:00,154,New Town,TOWER-398
CDR-A3FC589E,CASE-0491,+918235993460,+910921408000,2023-07-20T04:00:00,2240,New Town,TOWER-566
CDR-42236623,CASE-0335,+916369149441,+912267665576,2023-02-17T17:19:00,3013,Karol Bagh,TOWER-846
CDR-A5A980A6,CASE-0071,+911614562294,+911822156849,2023-07-08T20:27:00,601,Bandra Kurla Complex,TOWER-249
CDR-C6004353,CASE-0189,+919501230002,+915150394378,2023-08-29T05:26:00,93,Secunderabad Railway Station,TOWER-651
CDR-2C413112,CASE-0422,+918545155824,+915527465681,2023-03-28T04:15:00,301,Gachibowli,TOWER-301
CDR-53FF4690,CASE-0472,+910101173267,+911419690803,2023-08-18T13:55:00,125,Salt Lake City,TOWER-419
CDR-0746FE33,CASE-0478,+910753540823,+913547280012,2023-08-29T08:29:00,2119,Vasant Kunj,TOWER-550
CDR-31D0125E,CASE-0166,+914271636761,+912848587043,2023-05-01T00:34:00,1576,Secunderabad Railway Station,TOWER-634
CDR-31A242ED,CASE-0491,+915600049059,+913715196703,2023-01-08T23:28:00,1783,New Town,TOWER-497
CDR-7394F65A,CASE-0044,+913287294594,+912774788948,2023-08-10T08:20:00,3295,Hinjewadi,TOWER-381
CDR-8DE9A05E,CASE-0455,+919158710598,+911471046145,2023-07-13T06:58:00,518,Connaught Place,TOWER-724
CDR-383225CA,CASE-0008,+917205685602,+913306869873,2023-08-20T09:07:00,3040,Connaught Place,TOWER-181
CDR-CABCF7D1,CASE-0485,+913547280012,+910753540823,2023-04-18T01:37:00,1395,Vasant Kunj,TOWER-125
CDR-E39BB4B3,CASE-0498,+912433881449,+918433618731,2023-02-06T13:54:00,3450,Noida Sector 18,TOWER-680
CDR-E5FE2417,CASE-0252,+915217016633,+917036664059,2023-04-08T14:28:00,2458,Gachibowli,TOWER-546
CDR-C34AD311,CASE-0267,+917290393874,+918260552910,2023-04-28T07:59:00,2936,Indiranagar,TOWER-511
CDR-AA884024,CASE-0424,+912062619351,+919458484561,2023-02-15T03:17:00,900,Noida Sector 18,TOWER-128
CDR-0ABD9932,CASE-0202,+910534435001,+916831624974,2023-03-26T22:46:00,1233,Noida Sector 18,TOWER-918
CDR-CD17E664,CASE-0333,+917879811619,+914719529647,2023-07-01T10:29:00,2249,Anna Nagar,TOWER-415
CDR-EA29A8C7,CASE-0402,+918742614667,+917512202342,2023-07-02T19:41:00,2454,Secunderabad Railway Station,TOWER-632
CDR-969CE228,CASE-0116,+912012248176,+914975921263,2023-02-11T01:37:00,2294,Indiranagar,TOWER-508
CDR-6A082E85,CASE-0206,+913547280012,+915990712444,2023-02-25T23:56:00,292,Jubilee Hills,TOWER-253
CDR-B7F7F6A0,CASE-0253,+910843643785,+915740371915,2023-02-05T12:45:00,642,Salt Lake City,TOWER-858
CDR-1FF75813,CASE-0383,+915867724943,+919449204668,2023-08-15T05:25:00,387,Viman Nagar,TOWER-347
CDR-91DF4D61,CASE-0252,+916804483483,+910031920517,2023-02-01T11:20:00,2871,Jubilee Hills,TOWER-705
CDR-55CE600F,CASE-0133,+913654797806,+911276453145,2023-05-05T22:13:00,1995,Andheri West,TOWER-913
CDR-2173491C,CASE-0255,+912990680246,+917047964976,2023-05-27T11:05:00,3096,Bandra Kurla Complex,TOWER-406
CDR-8B7EBD2F,CASE-0230,+911182887465,+913106705940,2023-03-29T11:49:00,755,New Town,TOWER-216
CDR-83DB85D6,CASE-0039,+913611832522,+912018896042,2023-07-22T05:59:00,3094,Andheri West,TOWER-695
CDR-7A426A8C,CASE-0165,+917290393874,+910089479367,2023-04-29T15:48:00,2007,New Town,TOWER-475
CDR-67FDE940,CASE-0042,+913662656409,+919870875402,2023-06-03T11:03:00,2108,Anna Nagar,TOWER-561
CDR-9318A5BF,CASE-0309,+918624564306,+914359315208,2023-09-06T18:47:00,3440,Anna Nagar,TOWER-669
CDR-26F9F30B,CASE-0086,+913494425741,+916310403016,2023-09-22T06:41:00,2149,Connaught Place,TOWER-614
CDR-3C9EB830,CASE-0097,+914576907473,+919352972911,2023-01-31T03:14:00,1511,Hinjewadi,TOWER-982
CDR-F680DFB8,CASE-0329,+915166125165,+919644801778,2023-09-08T14:12:00,162,Salt Lake City,TOWER-298
CDR-9D5432A9,CASE-0366,+917483714244,+919274003302,2023-04-22T22:10:00,511,Indiranagar,TOWER-503
CDR-801EA096,CASE-0498,+911213293657,+915920116378,2023-10-19T04:04:00,2777,Noida Sector 18,TOWER-128
CDR-4100090E,CASE-0441,+916406783471,+911621310842,2023-10-27T14:01:00,2325,Salt Lake City,TOWER-577
CDR-9D7CA3C9,CASE-0139,+914799934090,+919679261179,2023-07-05T21:23:00,1924,Noida Sector 18,TOWER-345
CDR-1BDFA377,CASE-0035,+912062619351,+914672689804,2023-10-14T02:25:00,2335,Indiranagar,TOWER-200
CDR-595BC9F3,CASE-0217,+916826690745,+910932627488,2023-06-07T14:27:00,2665,Koramangala,TOWER-384
CDR-4CD27938,CASE-0072,+915041435052,+910679735459,2023-05-23T08:46:00,1482,T Nagar,TOWER-777
CDR-664947E8,CASE-0172,+912390045150,+917770589871,2023-02-13T20:59:00,1533,Hinjewadi,TOWER-779
CDR-CECABB1A,CASE-0216,+916607948271,+911371298465,2023-06-06T16:33:00,2517,Andheri West,TOWER-183
CDR-077D6821,CASE-0207,+913086640596,+918161954522,2023-06-07T07:55:00,836,Salt Lake City,TOWER-577
CDR-67F19321,CASE-0243,+911402256863,+919888005998,2023-09-03T02:46:00,2979,Vasant Kunj,TOWER-893
CDR-8FB2180C,CASE-0017,+919788257535,+912188745512,2023-01-16T13:29:00,704,Bandra Kurla Complex,TOWER-456
CDR-EC89D7E3,CASE-0193,+912616150370,+916836823883,2023-06-25T05:47:00,2096,Viman Nagar,TOWER-211
CDR-3BCBEA4F,CASE-0022,+912367184435,+913750850074,2023-10-01T07:27:00,2350,T Nagar,TOWER-940
CDR-06043672,CASE-0293,+915726661994,+917477768447,2023-09-24T09:30:00,1315,Andheri West,TOWER-578
CDR-2399D406,CASE-0406,+910899196657,+911306743885,2023-02-19T18:16:00,1003,Secunderabad Railway Station,TOWER-106
CDR-248135EC,CASE-0243,+912758105228,+916603725749,2023-06-30T06:46:00,1164,Anna Nagar,TOWER-566
CDR-CD0499AB,CASE-0302,+917841106013,+917627263233,2023-01-23T15:00:00,70,Gachibowli,TOWER-738
CDR-7C12B435,CASE-0348,+918646745808,+917418386052,2023-06-11T11:30:00,2447,Noida Sector 18,TOWER-468
CDR-76D84691,CASE-0441,+911131145411,+919366223821,2023-03-02T19:53:00,51,Hinjewadi,TOWER-357
CDR-EAF1D6C8,CASE-0329,+914359315208,+913922298817,2023-09-15T00:46:00,3412,Salt Lake City,TOWER-753
CDR-0E3DD9DE,CASE-0185,+912062619351,+910932627488,2023-03-15T20:51:00,2643,Karol Bagh,TOWER-916
CDR-B1B3A72E,CASE-0437,+913192375187,+917506017981,2023-04-16T14:50:00,1771,Jubilee Hills,TOWER-120
CDR-18493E76,CASE-0285,+918510186717,+912688585467,2023-06-06T22:44:00,1347,Jubilee Hills,TOWER-445
CDR-9FA22225,CASE-0289,+914573281467,+910351193387,2023-09-30T18:45:00,596,Anna Nagar,TOWER-361
CDR-3194804F,CASE-0341,+914239058338,+912440682429,2023-08-25T17:13:00,2277,New Town,TOWER-214
CDR-11DACF37,CASE-0148,+919801620723,+916711875519,2023-01-12T15:52:00,506,Bandra Kurla Complex,TOWER-364
CDR-39D90436,CASE-0391,+915148982381,+913285021788,2023-02-12T22:39:00,3250,New Town,TOWER-676
CDR-A16B2DA1,CASE-0487,+919982807710,+911102688029,2023-03-19T16:10:00,2500,Jubilee Hills,TOWER-291
CDR-56AB8DAA,CASE-0229,+911397134141,+912848587043,2023-07-15T22:12:00,756,T Nagar,TOWER-868
CDR-A459B8EE,CASE-0236,+913067876211,+918650848557,2023-03-26T11:39:00,323,Anna Nagar,TOWER-970
CDR-D9DC089F,CASE-0486,+919771542175,+919913118775,2023-01-09T04:59:00,2983,Anna Nagar,TOWER-355
CDR-D095DD89,CASE-0152,+915472697341,+911627033148,2023-04-23T08:15:00,1829,Salt Lake City,TOWER-135
CDR-3AA5281D,CASE-0144,+915024878084,+917322755036,2023-03-23T15:06:00,1173,Salt Lake City,TOWER-370
CDR-B9D6E110,CASE-0272,+915586547271,+916332723698,2023-05-20T15:21:00,1304,Secunderabad Railway Station,TOWER-715
CDR-E0E2AC0B,CASE-0013,+914544613284,+917763175182,2023-03-04T09:02:00,588,Bandra Kurla Complex,TOWER-900
CDR-3B4D662C,CASE-0010,+913426042830,+916704777310,2023-01-28T04:36:00,826,Connaught Place,TOWER-756
CDR-E5DC44D8,CASE-0236,+911598872684,+919443714728,2023-01-05T22:55:00,117,Salt Lake City,TOWER-888
CDR-A7599EBE,CASE-0115,+910615519392,+919129445998,2023-10-11T12:47:00,2372,Anna Nagar,TOWER-917
CDR-B50EDE96,CASE-0149,+918041381517,+918686967303,2023-03-03T06:38:00,3294,Karol Bagh,TOWER-999
CDR-210A3C9F,CASE-0273,+915920116378,+918443652912,2023-08-29T07:28:00,2071,Secunderabad Railway Station,TOWER-898
CDR-A8CA63E1,CASE-0106,+915241522476,+912004401441,2023-01-28T20:17:00,1076,Connaught Place,TOWER-374
CDR-934003CB,CASE-0054,+915638558978,+914135046060,2023-05-03T21:44:00,2602,Bandra Kurla Complex,TOWER-603
CDR-5401D563,CASE-0212,+916957872622,+914532177960,2023-08-01T18:08:00,2466,Bandra Kurla Complex,TOWER-335
CDR-B9BB4492,CASE-0227,+911210916951,+918134438556,2023-07-29T08:52:00,1228,Andheri West,TOWER-988
CDR-60CB301A,CASE-0207,+919438531917,+915888691887,2023-05-16T21:40:00,3566,Andheri West,TOWER-572
CDR-00873D32,CASE-0415,+910436342708,+911539192145,2023-08-27T02:18:00,3169,T Nagar,TOWER-215
CDR-35F21EEA,CASE-0071,+911614562294,+913953987545,2023-08-22T15:44:00,1042,Anna Nagar,TOWER-432
CDR-3D289899,CASE-0334,+917290393874,+915027826750,2023-08-20T03:46:00,720,Secunderabad Railway Station,TOWER-219
CDR-10CEA755,CASE-0380,+916410588760,+915883910059,2023-02-28T11:18:00,540,Bandra Kurla Complex,TOWER-973
CDR-9B02B719,CASE-0259,+915728220749,+917502977185,2023-05-23T16:21:00,1374,Gurgaon Sector 29,TOWER-409
CDR-0BCBAD2A,CASE-0046,+918888401933,+911198207417,2023-01-17T13:24:00,2104,Noida Sector 18,TOWER-551
CDR-65F27E12,CASE-0013,+919036732973,+914877844107,2023-08-21T02:52:00,3531,T Nagar,TOWER-938
CDR-37231A49,CASE-0023,+912848587043,+910598981111,2023-03-30T08:54:00,2839,Bandra Kurla Complex,TOWER-253
CDR-AED15B5B,CASE-0198,+914426678305,+913862830918,2023-07-16T03:24:00,664,Salt Lake City,TOWER-326
CDR-C0CE3851,CASE-0088,+916082178842,+917042444970,2023-08-25T18:38:00,1666,Andheri West,TOWER-760
CDR-FE091961,CASE-0129,+912235393605,+914997009159,2023-03-13T13:41:00,1389,Vasant Kunj,TOWER-425
CDR-3AF44AE8,CASE-0091,+916209181900,+913967092791,2023-01-30T14:50:00,3596,Karol Bagh,TOWER-109
CDR-8E2FB554,CASE-0027,+917209157503,+912848587043,2023-07-17T09:36:00,2802,Gurgaon Sector 29,TOWER-638
CDR-02199716,CASE-0015,+918646745808,+913929459010,2023-02-19T18:26:00,3037,Gachibowli,TOWER-839
CDR-6099DA93,CASE-0313,+912848587043,+911782032348,2023-08-05T12:02:00,785,Koramangala,TOWER-986
CDR-F74A4396,CASE-0345,+913676586202,+911182887465,2023-06-08T01:05:00,2052,Vasant Kunj,TOWER-127
CDR-3D625363,CASE-0474,+910415319797,+914027056104,2023-03-05T03:01:00,1369,Koramangala,TOWER-784
CDR-9875DAE4,CASE-0027,+917209157503,+918700519779,2023-10-08T15:22:00,1121,Gurgaon Sector 29,TOWER-732
CDR-643566F0,CASE-0375,+914931637046,+915285492101,2023-06-04T19:15:00,3136,Bandra Kurla Complex,TOWER-144
CDR-4C88C996,CASE-0387,+915401475726,+911635639749,2023-07-04T03:52:00,350,Karol Bagh,TOWER-271
CDR-0EACF5B3,CASE-0336,+912152317300,+915997490437,2023-04-06T07:45:00,3159,Gurgaon Sector 29,TOWER-800
CDR-8898E7FE,CASE-0340,+912505625337,+910351193387,2023-08-11T23:17:00,283,Noida Sector 18,TOWER-163
CDR-936E32D4,CASE-0338,+918884723758,+918958050991,2023-09-26T04:21:00,1510,Jubilee Hills,TOWER-720
CDR-AF6DC807,CASE-0001,+917654441593,+919540720819,2023-05-30T18:05:00,2640,Jubilee Hills,TOWER-482
CDR-C05C8B1F,CASE-0328,+912527005009,+910147163789,2023-01-31T05:40:00,1799,T Nagar,TOWER-853
CDR-C3EB7295,CASE-0169,+918843545700,+913975433895,2023-10-23T23:06:00,1967,Gachibowli,TOWER-672
CDR-F4F9410B,CASE-0238,+917559680968,+915688810997,2023-09-29T19:26:00,1652,Connaught Place,TOWER-104
CDR-9B503F82,CASE-0342,+919668738453,+914642852752,2023-04-15T09:24:00,1379,Gachibowli,TOWER-158
CDR-973C1843,CASE-0232,+910276666490,+912349184950,2023-02-24T20:30:00,3132,Gurgaon Sector 29,TOWER-814
CDR-38C50341,CASE-0391,+915148982381,+917290393874,2023-05-15T19:32:00,2503,Secunderabad Railway Station,TOWER-984
CDR-15F4AE15,CASE-0424,+912062619351,+917290393874,2023-08-04T15:14:00,3135,Vasant Kunj,TOWER-640
CDR-79014DE0,CASE-0057,+913547280012,+918145948051,2023-04-15T11:02:00,292,Indiranagar,TOWER-977
CDR-2062FEC2,CASE-0138,+911953201389,+912002739994,2023-08-18T05:18:00,2496,Salt Lake City,TOWER-631
CDR-24BDB6E9,CASE-0053,+917517069111,+915310065401,2023-01-14T12:30:00,2361,Andheri West,TOWER-918
CDR-877BCFC3,CASE-0385,+910134604279,+911111958234,2023-05-19T21:24:00,2265,Indiranagar,TOWER-380
CDR-3CAD5ACB,CASE-0053,+915148982381,+915616773145,2023-10-03T23:34:00,109,New Town,TOWER-215
CDR-F58FFF6C,CASE-0265,+912307487231,+913801058488,2023-03-05T13:22:00,1815,Salt Lake City,TOWER-754
CDR-B9129D44,CASE-0177,+914958014852,+915633000236,2023-08-02T12:08:00,1472,T Nagar,TOWER-253
CDR-CCB6FBA0,CASE-0315,+910770357861,+919529119048,2023-08-11T00:28:00,1012,Vasant Kunj,TOWER-146
CDR-4E810D46,CASE-0357,+914078836069,+915377577442,2023-01-10T09:22:00,1329,Noida Sector 18,TOWER-323
CDR-63BEDB58,CASE-0253,+914220266394,+911885956157,2023-06-30T02:39:00,3511,Gachibowli,TOWER-868
CDR-A87318DE,CASE-0282,+910753540823,+914271636761,2023-10-01T13:37:00,1874,Hinjewadi,TOWER-677
CDR-6A69BA0C,CASE-0444,+915927613461,+917429388550,2023-06-19T04:00:00,2689,Andheri West,TOWER-624
CDR-1217FD74,CASE-0191,+915148982381,+911782794621,2023-08-22T20:18:00,2359,Vasant Kunj,TOWER-400
CDR-9D39A462,CASE-0171,+910667020659,+916755198468,2023-03-03T06:11:00,3191,Anna Nagar,TOWER-858
CDR-79632CBC,CASE-0350,+919564593648,+912027167095,2023-02-10T14:53:00,1635,Gachibowli,TOWER-472
CDR-21FF239A,CASE-0458,+910628434054,+915024878084,2023-07-22T06:55:00,3323,Koramangala,TOWER-229
CDR-AB772606,CASE-0174,+910539363533,+917083763302,2023-07-21T02:26:00,3550,Salt Lake City,TOWER-852
CDR-3B12F105,CASE-0357,+919790439534,+914359315208,2023-03-04T22:49:00,3090,Anna Nagar,TOWER-310
CDR-F89D3955,CASE-0042,+919691238826,+919558139604,2023-01-06T15:10:00,2881,Karol Bagh,TOWER-944
CDR-61387C16,CASE-0177,+916125888421,+913028376316,2023-01-27T02:19:00,2958,Bandra Kurla Complex,TOWER-608
CDR-2ED8A162,CASE-0097,+918845538680,+910012410681,2023-07-28T14:59:00,438,Koramangala,TOWER-718
CDR-B94EDBA6,CASE-0388,+912875280113,+911350159110,2023-06-09T17:36:00,2321,T Nagar,TOWER-175
CDR-0816C0BB,CASE-0124,+910697544216,+911491459068,2023-04-30T15:00:00,1910,Secunderabad Railway Station,TOWER-502
CDR-B25668D9,CASE-0130,+918529666232,+917022201923,2023-01-12T08:54:00,388,Gurgaon Sector 29,TOWER-885
CDR-6A051BBF,CASE-0417,+917696445839,+919177070209,2023-07-09T13:55:00,3546,Andheri West,TOWER-174
CDR-29788602,CASE-0355,+915240512444,+912665386108,2023-07-03T17:40:00,2462,Gurgaon Sector 29,TOWER-790
CDR-26ACC1F3,CASE-0301,+912670185291,+918138030616,2023-09-14T18:20:00,63,Vasant Kunj,TOWER-950
CDR-9F428962,CASE-0200,+917290393874,+919458484561,2023-03-11T03:56:00,1574,Koramangala,TOWER-360
CDR-243699A9,CASE-0339,+919603748080,+911720112053,2023-02-15T08:00:00,2129,New Town,TOWER-198
CDR-7F3EFE04,CASE-0212,+916957872622,+914239058338,2023-01-31T15:01:00,571,Karol Bagh,TOWER-549
CDR-B3958282,CASE-0009,+919743316415,+915862117553,2023-09-20T22:05:00,1789,Koramangala,TOWER-189
CDR-6976DDE9,CASE-0282,+914271636761,+915161922406,2023-10-01T10:33:00,133,Bandra Kurla Complex,TOWER-225
CDR-75D38F39,CASE-0133,+910909543434,+919844629838,2023-07-21T15:11:00,1230,Salt Lake City,TOWER-194
CDR-501C5E1E,CASE-0093,+913626380693,+914087469378,2023-10-02T03:40:00,38,Indiranagar,TOWER-532
CDR-D8881E96,CASE-0013,+915348091778,+914404134401,2023-03-06T09:14:00,172,New Town,TOWER-468
CDR-DD780CA1,CASE-0181,+914271636761,+912483056767,2023-07-31T04:08:00,534,Secunderabad Railway Station,TOWER-389
CDR-A5855F01,CASE-0150,+914664532035,+919400415433,2023-04-06T17:30:00,943,Salt Lake City,TOWER-443
CDR-33CF8197,CASE-0121,+917204501915,+918531248607,2023-09-07T23:35:00,536,Gachibowli,TOWER-372
CDR-EDA15932,CASE-0392,+916591365609,+919422005401,2023-04-27T14:50:00,918,Jubilee Hills,TOWER-472
CDR-3E8B0D5B,CASE-0376,+914675877093,+915389326307,2023-03-22T17:37:00,1232,Jubilee Hills,TOWER-107
CDR-4856DBEE,CASE-0262,+916029960185,+911065012223,2023-10-16T07:05:00,1539,New Town,TOWER-851
CDR-CA585EF6,CASE-0108,+911028358898,+914073113218,2023-09-26T18:26:00,1099,New Town,TOWER-534
CDR-B797C71E,CASE-0198,+915856039644,+913596903547,2023-02-18T01:36:00,1670,Viman Nagar,TOWER-660
CDR-1F894B7F,CASE-0048,+915148982381,+917463291017,2023-02-20T03:29:00,2706,Salt Lake City,TOWER-504
CDR-878BA157,CASE-0258,+912891254249,+913826697523,2023-05-04T10:48:00,2134,T Nagar,TOWER-410
CDR-360A1861,CASE-0124,+919382751873,+913822817191,2023-07-05T12:26:00,2697,Anna Nagar,TOWER-652
CDR-86F90242,CASE-0419,+919458484561,+912062619351,2023-06-17T12:54:00,566,Viman Nagar,TOWER-262
CDR-34502ADC,CASE-0192,+914271636761,+912517141047,2023-02-06T07:17:00,445,Gachibowli,TOWER-883
CDR-3E5D2A1C,CASE-0327,+910351193387,+910969723180,2023-01-06T03:18:00,456,Secunderabad Railway Station,TOWER-532
CDR-9783982E,CASE-0015,+918646745808,+916312006528,2023-05-04T09:53:00,1838,Viman Nagar,TOWER-255
CDR-80EFDB2D,CASE-0061,+911341083704,+915926194270,2023-02-14T19:44:00,1442,Jubilee Hills,TOWER-125
CDR-A411005E,CASE-0306,+914271636761,+915189062883,2023-05-07T12:10:00,3123,Gurgaon Sector 29,TOWER-831
CDR-C2CBEA2E,CASE-0154,+917974026486,+913239565321,2023-10-19T21:27:00,2280,Karol Bagh,TOWER-273
CDR-5BFE1CBE,CASE-0417,+919458484561,+916173280867,2023-03-24T02:13:00,1799,Indiranagar,TOWER-544
CDR-9128D90F,CASE-0481,+910683601456,+913217017157,2023-06-05T14:56:00,1354,Noida Sector 18,TOWER-745
CDR-4E9605DD,CASE-0229,+912848587043,+919638961188,2023-07-23T14:32:00,1545,New Town,TOWER-112
CDR-F3FF0153,CASE-0357,+914078836069,+913480761476,2023-04-21T20:34:00,3473,Noida Sector 18,TOWER-635
CDR-FDFA23E9,CASE-0463,+915024878084,+917836282355,2023-09-15T12:25:00,2319,Hinjewadi,TOWER-973
CDR-93C347E1,CASE-0203,+912848587043,+918843545700,2023-05-30T11:33:00,3527,T Nagar,TOWER-150
CDR-CD9F1549,CASE-0294,+918973158719,+919117510644,2023-05-10T13:44:00,646,Viman Nagar,TOWER-346
CDR-1DE903B7,CASE-0161,+915148982381,+919458484561,2023-06-11T16:49:00,1972,T Nagar,TOWER-823
CDR-69AB019E,CASE-0326,+910938543884,+915678174136,2023-01-18T00:50:00,231,Gurgaon Sector 29,TOWER-826
CDR-FD1F5032,CASE-0158,+914711794792,+913606215035,2023-03-09T02:07:00,3497,Gachibowli,TOWER-698
CDR-1169431D,CASE-0017,+915405474112,+918670719531,2023-02-18T15:37:00,1988,Gachibowli,TOWER-478
CDR-246B0ABB,CASE-0165,+914736999926,+917290393874,2023-01-19T02:37:00,1188,Indiranagar,TOWER-891
CDR-AFC81A7F,CASE-0226,+913244142014,+917176976657,2023-06-29T17:52:00,1621,Andheri West,TOWER-793
CDR-9C61E54E,CASE-0250,+915867724943,+912119170550,2023-04-14T16:40:00,2856,Viman Nagar,TOWER-609
CDR-E93E6ACF,CASE-0422,+915527465681,+911782032348,2023-10-08T04:09:00,345,Anna Nagar,TOWER-528
CDR-9073F12C,CASE-0167,+919458484561,+917290393874,2023-02-16T09:15:00,2270,Gurgaon Sector 29,TOWER-171
CDR-668F65BA,CASE-0323,+919062778005,+916956053971,2023-02-13T21:30:00,1004,Koramangala,TOWER-654
CDR-7699E87A,CASE-0177,+911043729127,+917654441593,2023-06-13T01:23:00,2563,Koramangala,TOWER-238
CDR-5AEF0BE6,CASE-0176,+913520293182,+914239058338,2023-02-22T00:55:00,2764,Salt Lake City,TOWER-858
CDR-8712321F,CASE-0489,+911977312341,+916078999744,2023-06-04T16:04:00,2328,Indiranagar,TOWER-653
CDR-06E3F830,CASE-0434,+914239058338,+918245260553,2023-04-14T03:28:00,1367,Viman Nagar,TOWER-666
CDR-1C86D55A,CASE-0383,+915867724943,+918545155824,2023-07-21T02:43:00,1577,Noida Sector 18,TOWER-151
CDR-DE9E66ED,CASE-0032,+912440682429,+911541980261,2023-06-30T20:29:00,3573,Noida Sector 18,TOWER-387
CDR-E83EC577,CASE-0190,+911864346550,+918924879776,2023-07-28T17:47:00,2248,Koramangala,TOWER-505
CDR-0BD9480A,CASE-0247,+916763791614,+919345912958,2023-04-28T23:55:00,2605,Vasant Kunj,TOWER-231
CDR-ACF1BEA3,CASE-0095,+912848587043,+910753540823,2023-08-04T04:11:00,3520,Gurgaon Sector 29,TOWER-778
CDR-B1A6F935,CASE-0049,+915024878084,+913601418551,2023-06-15T07:51:00,860,Hinjewadi,TOWER-353
CDR-D2E3FB77,CASE-0252,+916804483483,+919668738453,2023-10-07T23:21:00,1709,New Town,TOWER-876
CDR-BE854AB5,CASE-0184,+910932627488,+913121201754,2023-02-11T18:54:00,1570,Andheri West,TOWER-985
CDR-306E1E05,CASE-0077,+918624564306,+919761141698,2023-07-06T17:14:00,3005,Salt Lake City,TOWER-544
CDR-DB834C30,CASE-0478,+914271636761,+911782032348,2023-03-12T23:56:00,1924,Hinjewadi,TOWER-881
CDR-6CD18A0E,CASE-0404,+915850796909,+917443631777,2023-05-09T09:32:00,398,Gachibowli,TOWER-664
CDR-E3FFC2D6,CASE-0328,+910351193387,+912273270252,2023-03-27T12:53:00,863,Salt Lake City,TOWER-861
CDR-925B27FF,CASE-0025,+912219274262,+915294504289,2023-09-26T18:14:00,1953,Bandra Kurla Complex,TOWER-228
CDR-DBB35ACF,CASE-0020,+915148982381,+919249514275,2023-06-24T22:46:00,1578,New Town,TOWER-787
CDR-E301B5D7,CASE-0474,+911685532300,+916712509115,2023-10-03T16:56:00,450,T Nagar,TOWER-547
CDR-94FBABDC,CASE-0074,+914271636761,+911344524953,2023-07-29T09:52:00,2339,Koramangala,TOWER-886
CDR-5D80BA01,CASE-0064,+918545155824,+917598556051,2023-04-02T04:24:00,1819,Secunderabad Railway Station,TOWER-833
CDR-53A7A5A1,CASE-0211,+911251754409,+915164961379,2023-03-29T19:05:00,383,Noida Sector 18,TOWER-433
CDR-BFD02BD5,CASE-0420,+912688732077,+911782032348,2023-09-25T10:12:00,2601,Viman Nagar,TOWER-564
CDR-CC2CC06D,CASE-0074,+918823375336,+913547280012,2023-03-06T18:17:00,520,Hinjewadi,TOWER-128
CDR-325BE724,CASE-0168,+913335064912,+913338765880,2023-08-13T05:17:00,2519,New Town,TOWER-144
CDR-B230F5A8,CASE-0146,+912062619351,+917290393874,2023-10-16T17:33:00,1841,Andheri West,TOWER-679
CDR-D58BEF86,CASE-0374,+916746357176,+913794676042,2023-09-29T20:55:00,288,Jubilee Hills,TOWER-629
CDR-7E601019,CASE-0499,+918957419516,+918565566868,2023-10-05T11:16:00,2021,Indiranagar,TOWER-249
CDR-664259A5,CASE-0377,+919538090596,+917564228783,2023-06-04T09:48:00,3497,Viman Nagar,TOWER-470
CDR-DA270E92,CASE-0196,+918825586433,+919869318603,2023-03-17T22:31:00,207,Gachibowli,TOWER-932
CDR-F1570774,CASE-0262,+915799261605,+910205507302,2023-04-03T06:59:00,291,Salt Lake City,TOWER-171
CDR-17D31CF2,CASE-0308,+918262270900,+917284619233,2023-04-26T15:26:00,732,Hinjewadi,TOWER-730
CDR-A9B062ED,CASE-0351,+915867724943,+911092014037,2023-06-10T03:46:00,245,Gachibowli,TOWER-848
CDR-3D605E1F,CASE-0349,+913290847271,+919157544615,2023-04-24T17:43:00,1088,Connaught Place,TOWER-827
CDR-FFA40206,CASE-0411,+917915834898,+918783550416,2023-06-05T02:12:00,3166,Viman Nagar,TOWER-592
CDR-517182F6,CASE-0102,+918793232992,+910199628423,2023-04-16T08:09:00,1676,Karol Bagh,TOWER-943
CDR-AED1E68B,CASE-0011,+911168345357,+911672809833,2023-09-20T16:44:00,2629,Salt Lake City,TOWER-933
CDR-5C6F3D66,CASE-0232,+910276666490,+919345912958,2023-09-03T09:41:00,2296,Andheri West,TOWER-896
CDR-FEED206A,CASE-0119,+910727548734,+914550723826,2023-01-17T10:59:00,3222,Secunderabad Railway Station,TOWER-458
CDR-FF6F2E7C,CASE-0311,+914558914722,+914359315208,2023-02-07T14:09:00,1667,New Town,TOWER-998
CDR-64254AFB,CASE-0203,+912848587043,+916960559838,2023-08-01T09:01:00,1260,Noida Sector 18,TOWER-102
CDR-531D44B8,CASE-0467,+915440438092,+911104536512,2023-08-27T21:34:00,3397,Noida Sector 18,TOWER-254
CDR-BD8CF167,CASE-0381,+918236906110,+919603341024,2023-03-03T19:41:00,2062,Indiranagar,TOWER-311
CDR-92792A3A,CASE-0439,+914359315208,+914813120521,2023-06-06T04:42:00,2424,Koramangala,TOWER-315
CDR-5A1774AB,CASE-0276,+917900138637,+913828213813,2023-03-10T23:33:00,729,Vasant Kunj,TOWER-194
CDR-55BE85D6,CASE-0409,+917541620441,+916381639500,2023-03-18T07:52:00,1880,Andheri West,TOWER-906
CDR-2DA17388,CASE-0254,+912509096938,+911265453659,2023-10-20T00:29:00,1597,Jubilee Hills,TOWER-368
CDR-96DC6917,CASE-0186,+914634378664,+911591744214,2023-02-18T09:36:00,3461,T Nagar,TOWER-471
CDR-8E574E80,CASE-0121,+910945335815,+913149135153,2023-10-22T18:49:00,959,Anna Nagar,TOWER-260
CDR-A569001F,CASE-0172,+912390045150,+916153060444,2023-04-06T22:52:00,3571,Anna Nagar,TOWER-825
CDR-36DFBF9A,CASE-0202,+913687090213,+917270908409,2023-03-18T16:09:00,2092,Anna Nagar,TOWER-994
CDR-76CEDB35,CASE-0407,+913547280012,+917601891577,2023-02-28T09:27:00,691,Viman Nagar,TOWER-505
CDR-D2448DB5,CASE-0309,+918624564306,+910460297897,2023-01-03T04:42:00,2177,Gachibowli,TOWER-329
CDR-82B70307,CASE-0322,+914735635125,+911210854886,2023-04-01T15:32:00,2810,Indiranagar,TOWER-435
CDR-1E17DF53,CASE-0450,+919666116013,+912089261273,2023-10-08T00:21:00,1346,Salt Lake City,TOWER-654
CDR-CA808EEE,CASE-0334,+917290393874,+913330367274,2023-04-19T11:30:00,2472,Gachibowli,TOWER-770
CDR-6F894295,CASE-0105,+912921721815,+911879381518,2023-07-31T04:36:00,2519,Connaught Place,TOWER-160
CDR-75C0DEAE,CASE-0353,+915527465681,+911885956157,2023-03-09T05:47:00,2341,Indiranagar,TOWER-731
CDR-110B554A,CASE-0091,+916209181900,+915330266167,2023-07-09T13:42:00,772,Bandra Kurla Complex,TOWER-260
CDR-7734F008,CASE-0299,+910122351319,+916577961755,2023-02-03T12:45:00,2351,Bandra Kurla Complex,TOWER-754
CDR-69531888,CASE-0409,+917541620441,+913615448515,2023-06-08T06:59:00,3431,Koramangala,TOWER-666
CDR-DA01C9FE,CASE-0213,+914271636761,+914271636761,2023-05-25T14:43:00,3008,Vasant Kunj,TOWER-111
CDR-2C7FD8EC,CASE-0322,+911151048469,+911852795966,2023-10-22T21:05:00,218,Andheri West,TOWER-289
CDR-C8D79978,CASE-0268,+910629220881,+911117726791,2023-06-25T23:29:00,2944,Anna Nagar,TOWER-642
CDR-174F59CB,CASE-0038,+911026087636,+918723615481,2023-07-22T11:04:00,2752,Secunderabad Railway Station,TOWER-347
CDR-396D98F9,CASE-0351,+915867724943,+913713552935,2023-02-28T02:43:00,2424,Gurgaon Sector 29,TOWER-780
CDR-B874F989,CASE-0457,+912307915163,+911831679304,2023-09-29T11:26:00,2368,Anna Nagar,TOWER-816
CDR-881FC79D,CASE-0172,+912390045150,+913737464396,2023-02-18T09:54:00,2310,Indiranagar,TOWER-563
CDR-399CC70E,CASE-0209,+914359315208,+911814070612,2023-07-22T20:07:00,493,Andheri West,TOWER-160
CDR-4A9B4D3C,CASE-0352,+910941491188,+919325554808,2023-02-05T07:13:00,1111,Andheri West,TOWER-473
CDR-5D0B9DE2,CASE-0022,+914864867942,+918632897972,2023-09-18T16:42:00,3436,Indiranagar,TOWER-159
CDR-C0543788,CASE-0336,+919277875228,+919929147016,2023-10-25T08:40:00,3114,Hinjewadi,TOWER-644
CDR-7CDF9DA5,CASE-0166,+914271636761,+915189046946,2023-10-02T23:47:00,2937,Anna Nagar,TOWER-307
CDR-90EE6C7E,CASE-0325,+912652774044,+915635477585,2023-08-28T03:16:00,2817,Connaught Place,TOWER-617
CDR-5A12AAD3,CASE-0287,+917290393874,+919458484561,2023-02-09T11:52:00,3129,Viman Nagar,TOWER-813
CDR-B3C36A77,CASE-0439,+916061502289,+914359315208,2023-06-22T10:01:00,3523,Andheri West,TOWER-729
CDR-D890B328,CASE-0110,+914296300776,+914271636761,2023-03-25T20:10:00,3496,Gachibowli,TOWER-580
CDR-669A352D,CASE-0392,+910888946958,+916836823883,2023-04-24T08:26:00,997,Noida Sector 18,TOWER-239
CDR-9B1CA78E,CASE-0076,+911885956157,+911532826472,2023-06-17T08:45:00,2854,Gurgaon Sector 29,TOWER-310
CDR-4C554C16,CASE-0094,+916610955318,+918843545700,2023-07-15T19:27:00,1696,Karol Bagh,TOWER-965
CDR-75FAF37B,CASE-0483,+918624564306,+914271636761,2023-04-29T08:18:00,986,Vasant Kunj,TOWER-211
CDR-693B74E5,CASE-0326,+910938543884,+919624816008,2023-03-03T10:00:00,3036,Anna Nagar,TOWER-405
CDR-29D4E5C3,CASE-0392,+916591365609,+914931836016,2023-04-09T20:18:00,1607,Indiranagar,TOWER-173
CDR-F36EAE33,CASE-0001,+915182943508,+910811458792,2023-07-18T18:33:00,1048,Gurgaon Sector 29,TOWER-590
CDR-9B074AAE,CASE-0490,+919458484561,+919436272660,2023-05-20T07:04:00,1292,Noida Sector 18,TOWER-204
CDR-F35F3FF4,CASE-0391,+915148982381,+916407046318,2023-10-17T08:39:00,2997,Noida Sector 18,TOWER-892
CDR-FD78AE86,CASE-0468,+913975433895,+919815511598,2023-05-27T21:07:00,3215,Bandra Kurla Complex,TOWER-654
CDR-115432BA,CASE-0231,+916780341720,+911984579837,2023-03-23T00:44:00,3134,Jubilee Hills,TOWER-720
CDR-BDBC1FCE,CASE-0415,+910436342708,+914799521130,2023-06-02T17:52:00,3233,Bandra Kurla Complex,TOWER-575
CDR-92B23C42,CASE-0328,+910351193387,+915096519371,2023-07-18T17:05:00,2252,Noida Sector 18,TOWER-348
CDR-77E04646,CASE-0090,+914733818239,+919112112043,2023-05-23T06:18:00,2157,Hinjewadi,TOWER-555
CDR-9A06ACAE,CASE-0202,+913687090213,+919280897890,2023-05-22T07:56:00,2477,Indiranagar,TOWER-894
CDR-2D18CD5F,CASE-0280,+918932983493,+911612839939,2023-09-03T04:38:00,3441,T Nagar,TOWER-744
CDR-87555F43,CASE-0312,+919171570014,+918545155824,2023-02-06T15:33:00,654,New Town,TOWER-758
CDR-CEFE2A00,CASE-0164,+911885956157,+918405307503,2023-03-29T21:56:00,3539,Andheri West,TOWER-798
CDR-DAFC9764,CASE-0377,+911298287591,+918083991451,2023-03-07T23:54:00,366,Jubilee Hills,TOWER-171
CDR-DC5A9EFF,CASE-0326,+910938543884,+914722834367,2023-05-27T07:30:00,616,Indiranagar,TOWER-157
CDR-F70B2462,CASE-0410,+910753540823,+918866615532,2023-03-23T02:47:00,252,Indiranagar,TOWER-860
CDR-C6009654,CASE-0264,+914359315208,+911290588464,2023-02-13T11:33:00,2344,Salt Lake City,TOWER-882
CDR-3A6D72D5,CASE-0246,+915359107731,+918843545700,2023-06-27T14:28:00,1270,Gachibowli,TOWER-105
CDR-F4FB5A22,CASE-0293,+915726661994,+912031663319,2023-07-06T11:38:00,2010,Gurgaon Sector 29,TOWER-161
CDR-F1F5AB29,CASE-0331,+919137341844,+910817034756,2023-05-25T01:41:00,2458,Gurgaon Sector 29,TOWER-451
CDR-D7637F7A,CASE-0159,+910753540823,+914271636761,2023-02-12T15:23:00,964,Noida Sector 18,TOWER-581
CDR-022B6045,CASE-0338,+914609507226,+915929148465,2023-07-04T10:43:00,790,Karol Bagh,TOWER-733
CDR-7C72D30E,CASE-0057,+910784711809,+914271636761,2023-04-20T20:27:00,3065,Karol Bagh,TOWER-551
CDR-C244A1E4,CASE-0312,+917290393874,+918646745808,2023-03-29T06:14:00,87,Noida Sector 18,TOWER-277
CDR-40A96ADE,CASE-0377,+919538090596,+915449537201,2023-08-02T03:51:00,1995,T Nagar,TOWER-719
CDR-01531DDF,CASE-0288,+918745527424,+914556159403,2023-03-06T23:29:00,2226,T Nagar,TOWER-732
CDR-F7B451DD,CASE-0017,+916856241119,+910458035484,2023-10-01T23:03:00,2223,Viman Nagar,TOWER-495
CDR-30824184,CASE-0227,+918057344766,+919149786126,2023-03-21T14:29:00,2811,Bandra Kurla Complex,TOWER-392
CDR-17BC6D10,CASE-0435,+916209181900,+918245260553,2023-06-10T15:11:00,732,New Town,TOWER-448
CDR-E48CD2FE,CASE-0018,+917715081575,+916210665413,2023-09-01T09:18:00,3498,Anna Nagar,TOWER-219
CDR-F784828B,CASE-0381,+918236906110,+918011926752,2023-08-28T22:14:00,1017,Salt Lake City,TOWER-769
CDR-C9A54010,CASE-0378,+917695264401,+916539758385,2023-02-05T11:22:00,2214,New Town,TOWER-370
CDR-F67BBDCA,CASE-0032,+912440682429,+914500255380,2023-04-11T03:58:00,670,Gurgaon Sector 29,TOWER-278
CDR-C8C77FE1,CASE-0002,+913601309591,+910679417150,2023-09-07T12:29:00,3596,Secunderabad Railway Station,TOWER-223
CDR-FDAB0392,CASE-0479,+911944555315,+912190733675,2023-01-26T00:23:00,1879,Koramangala,TOWER-987
CDR-F9D5C9DE,CASE-0426,+910753540823,+912440682429,2023-09-24T18:26:00,3181,Salt Lake City,TOWER-335
CDR-8037EDAD,CASE-0462,+919127561078,+917673005766,2023-06-22T05:39:00,237,Salt Lake City,TOWER-528
CDR-1F0A24D4,CASE-0253,+911414127695,+913096481690,2023-09-29T10:19:00,1562,Karol Bagh,TOWER-694
CDR-E15741F2,CASE-0106,+915241522476,+913902635049,2023-10-03T01:56:00,3540,Gurgaon Sector 29,TOWER-409
CDR-75F9A186,CASE-0102,+915913507143,+910487368445,2023-04-25T07:59:00,3411,Viman Nagar,TOWER-582
CDR-1AD1234B,CASE-0160,+918684724500,+913167813503,2023-01-09T10:49:00,845,Andheri West,TOWER-444
CDR-8C0C93BF,CASE-0497,+918748097671,+917453176808,2023-04-01T08:22:00,655,Bandra Kurla Complex,TOWER-687
CDR-C4AA3D16,CASE-0112,+918947227783,+918814688612,2023-06-26T06:48:00,2628,Secunderabad Railway Station,TOWER-967
CDR-74D1051B,CASE-0303,+912209263659,+916319978627,2023-07-09T18:13:00,41,Gachibowli,TOWER-836
CDR-2738F05A,CASE-0421,+918843545700,+912904926283,2023-07-02T20:28:00,817,Vasant Kunj,TOWER-570
CDR-52E769C3,CASE-0310,+913975433895,+917725867063,2023-08-11T13:44:00,738,Gurgaon Sector 29,TOWER-566
CDR-A0C067F5,CASE-0012,+915024878084,+916209181900,2023-07-02T05:45:00,2189,T Nagar,TOWER-330
CDR-D23DBECE,CASE-0086,+913494425741,+918245230028,2023-10-24T11:15:00,65,Hinjewadi,TOWER-729
CDR-F7BC9001,CASE-0388,+918646745808,+916974764875,2023-03-29T11:12:00,2906,Connaught Place,TOWER-259
CDR-3F17BD36,CASE-0350,+910627381593,+919111849659,2023-09-26T04:37:00,497,New Town,TOWER-614
CDR-B568C8B4,CASE-0491,+915600049059,+911724884765,2023-08-15T16:12:00,1548,Secunderabad Railway Station,TOWER-361
CDR-369CA860,CASE-0319,+910753540823,+915140721957,2023-09-01T22:58:00,728,Gurgaon Sector 29,TOWER-367
CDR-E4BF273E,CASE-0205,+918040082121,+917084513426,2023-04-17T10:09:00,2113,Vasant Kunj,TOWER-692
CDR-D04DC30B,CASE-0386,+917823819126,+919618547415,2023-06-11T04:12:00,857,Connaught Place,TOWER-769
CDR-5C2E8433,CASE-0139,+912998632328,+917643000882,2023-01-28T07:39:00,1426,Connaught Place,TOWER-978
CDR-4C388316,CASE-0086,+910163525510,+914813120521,2023-06-15T02:41:00,2248,Andheri West,TOWER-548
CDR-2C2760DF,CASE-0116,+910776192216,+917388480417,2023-05-19T22:55:00,1748,Jubilee Hills,TOWER-952
CDR-7C3B8CB4,CASE-0438,+917290393874,+915527465681,2023-06-25T14:08:00,703,Gurgaon Sector 29,TOWER-432
CDR-52113B77,CASE-0179,+916791685306,+913975433895,2023-07-09T22:17:00,3335,Noida Sector 18,TOWER-821
CDR-1D9306B8,CASE-0071,+911614562294,+914359315208,2023-09-01T17:17:00,3120,Andheri West,TOWER-943
CDR-424591BB,CASE-0363,+910246456368,+918433824409,2023-06-30T10:35:00,485,Connaught Place,TOWER-819
CDR-311194FD,CASE-0131,+912102750089,+913773024445,2023-07-06T07:25:00,3007,Noida Sector 18,TOWER-533
CDR-BDFAC39F,CASE-0066,+918088765344,+910539363533,2023-06-05T22:54:00,1283,Salt Lake City,TOWER-968
CDR-D0A46E22,CASE-0189,+914271636761,+914065226790,2023-09-11T10:41:00,3583,Viman Nagar,TOWER-123
CDR-6AB3C4F6,CASE-0257,+911885956157,+910785277447,2023-10-06T05:39:00,1939,Andheri West,TOWER-652
CDR-6FFC6CD5,CASE-0468,+911841431562,+911705659492,2023-02-09T18:38:00,1742,Koramangala,TOWER-148
CDR-54DC5165,CASE-0264,+914359315208,+918966851754,2023-05-04T00:56:00,717,Andheri West,TOWER-809
CDR-5CB48CC7,CASE-0227,+912390601520,+914894976283,2023-01-07T11:14:00,2340,Koramangala,TOWER-604
CDR-16655B74,CASE-0482,+917290393874,+911182887465,2023-04-15T08:27:00,1750,Connaught Place,TOWER-286
CDR-73482286,CASE-0109,+917202560593,+911665552913,2023-10-25T12:16:00,2919,Vasant Kunj,TOWER-589
CDR-EB2E5D5F,CASE-0110,+912848587043,+914531093213,2023-06-23T13:31:00,2767,Hinjewadi,TOWER-428
CDR-5EEE34B5,CASE-0208,+917151077837,+911793307075,2023-01-30T16:59:00,1494,Salt Lake City,TOWER-945
CDR-6CEA750D,CASE-0042,+914219080298,+919540382333,2023-03-30T01:17:00,1049,Vasant Kunj,TOWER-831
CDR-2667EAB8,CASE-0263,+915103648072,+918243537951,2023-07-10T05:51:00,3079,Connaught Place,TOWER-402
CDR-747608DB,CASE-0131,+910956977119,+919453639088,2023-10-27T20:33:00,525,Andheri West,TOWER-763
CDR-3CA36AA0,CASE-0092,+919628391662,+910064379063,2023-10-04T11:09:00,1953,Bandra Kurla Complex,TOWER-823
CDR-5144A174,CASE-0056,+912848587043,+917385538429,2023-10-10T10:42:00,954,Andheri West,TOWER-525
CDR-C74F976D,CASE-0391,+915148982381,+915148982381,2023-08-19T10:33:00,2676,Koramangala,TOWER-715
CDR-6BE2A726,CASE-0305,+914359315208,+910819361454,2023-05-31T09:48:00,1658,Bandra Kurla Complex,TOWER-744
CDR-E4AA8CA8,CASE-0474,+914115853817,+915166935534,2023-05-31T02:30:00,3407,Secunderabad Railway Station,TOWER-171
CDR-2371D927,CASE-0202,+913687090213,+910351193387,2023-10-05T11:44:00,341,Secunderabad Railway Station,TOWER-374
CDR-1FDDE787,CASE-0363,+919680878462,+914567192344,2023-06-11T00:11:00,1602,Anna Nagar,TOWER-143
CDR-D6104E2E,CASE-0101,+911293063582,+911681176108,2023-02-23T22:41:00,3292,Connaught Place,TOWER-729
CDR-363AC0EE,CASE-0414,+914086621076,+910307225646,2023-08-03T02:15:00,3473,Jubilee Hills,TOWER-628
CDR-721DE6BC,CASE-0348,+918646745808,+914724868646,2023-08-19T01:07:00,1386,Salt Lake City,TOWER-570
CDR-79EC2437,CASE-0461,+910076730603,+915629683171,2023-06-19T04:59:00,241,Bandra Kurla Complex,TOWER-168
CDR-45549CD5,CASE-0193,+917235101992,+910967734022,2023-07-14T15:28:00,513,New Town,TOWER-692
CDR-177CA7A0,CASE-0404,+918156738368,+912354051136,2023-06-01T15:41:00,2742,Viman Nagar,TOWER-903
CDR-4CE98F01,CASE-0207,+915191308126,+911579530940,2023-09-04T12:18:00,2388,Vasant Kunj,TOWER-327
CDR-FF5A8BC5,CASE-0300,+912905983086,+910134604279,2023-03-29T18:37:00,544,Salt Lake City,TOWER-111
CDR-F779FE29,CASE-0410,+919539593406,+915140721957,2023-07-01T03:11:00,1138,Indiranagar,TOWER-332
CDR-5841F127,CASE-0420,+912002776176,+919485043040,2023-05-17T12:36:00,496,Gachibowli,TOWER-533
CDR-8B5F9248,CASE-0020,+915148982381,+917290393874,2023-08-21T21:58:00,3034,Gurgaon Sector 29,TOWER-690
CDR-66E046F3,CASE-0196,+914271636761,+914860762924,2023-02-03T01:18:00,1224,Vasant Kunj,TOWER-404
CDR-F89E2A34,CASE-0213,+914528104433,+913975433895,2023-04-26T05:11:00,963,Andheri West,TOWER-131
CDR-9C96E983,CASE-0440,+915293060745,+919433781680,2023-04-18T17:57:00,952,Noida Sector 18,TOWER-738
CDR-1937362D,CASE-0230,+911182887465,+917633875730,2023-05-10T13:09:00,3406,Viman Nagar,TOWER-552
CDR-355AE15F,CASE-0061,+911341083704,+914359315208,2023-06-19T14:03:00,2113,Jubilee Hills,TOWER-247
CDR-C4371926,CASE-0012,+915024878084,+913547280012,2023-01-10T18:04:00,712,Jubilee Hills,TOWER-658
CDR-87E89A48,CASE-0392,+918006670074,+915140721957,2023-04-07T11:17:00,991,Bandra Kurla Complex,TOWER-816
CDR-C2CCD674,CASE-0441,+918797573856,+916018336762,2023-05-30T03:23:00,751,Bandra Kurla Complex,TOWER-721
CDR-7FFA7AFE,CASE-0209,+912440682429,+915033009271,2023-05-19T23:22:00,928,Hinjewadi,TOWER-892
CDR-DEA2B9B0,CASE-0179,+910031267015,+913975433895,2023-02-13T16:59:00,2889,Secunderabad Railway Station,TOWER-691
CDR-FFBF3A1F,CASE-0259,+912062619351,+912838456660,2023-01-07T05:35:00,1819,New Town,TOWER-204
CDR-FD153EAA,CASE-0413,+912652392093,+915050147630,2023-03-19T05:14:00,152,Connaught Place,TOWER-463
CDR-AFE63FEC,CASE-0210,+915947139368,+913147871384,2023-01-17T08:03:00,2342,T Nagar,TOWER-915
CDR-61A78E6A,CASE-0065,+912119598422,+917103611756,2023-04-15T06:54:00,1412,Gachibowli,TOWER-402
CDR-942C4C2B,CASE-0238,+917559680968,+915640806678,2023-03-14T17:31:00,3345,Koramangala,TOWER-552
CDR-1518F8EE,CASE-0358,+919872870214,+916769820030,2023-07-30T17:29:00,733,Andheri West,TOWER-175
CDR-228065F5,CASE-0149,+911929163713,+910124314628,2023-01-25T12:58:00,3355,Noida Sector 18,TOWER-990
CDR-AF3AC2C5,CASE-0136,+917394416079,+911467795900,2023-10-05T09:31:00,662,Bandra Kurla Complex,TOWER-324
CDR-06894446,CASE-0381,+917970357325,+910838788263,2023-05-22T18:19:00,1055,T Nagar,TOWER-212
CDR-C1725466,CASE-0466,+912062619351,+912062619351,2023-04-10T07:52:00,2156,Indiranagar,TOWER-390
CDR-C481B23C,CASE-0135,+914530312529,+918939490022,2023-01-11T00:25:00,1845,Salt Lake City,TOWER-945
CDR-8023EF9F,CASE-0129,+912062619351,+912848587043,2023-10-17T17:44:00,1094,Noida Sector 18,TOWER-581
CDR-1DA8D823,CASE-0437,+911400672608,+912657790814,2023-05-10T19:12:00,3140,Connaught Place,TOWER-860
CDR-E36D617C,CASE-0418,+914537701365,+910151482320,2023-07-12T21:57:00,1697,Hinjewadi,TOWER-733
CDR-D533748D,CASE-0281,+919868700701,+913796787967,2023-08-28T23:11:00,2141,Andheri West,TOWER-726
CDR-35AA13F4,CASE-0343,+915616876987,+910696171775,2023-07-28T17:47:00,2125,Koramangala,TOWER-652
CDR-1BB4A894,CASE-0267,+917290393874,+918820660349,2023-03-31T02:52:00,2514,Bandra Kurla Complex,TOWER-385
CDR-A2F6E98E,CASE-0382,+910753540823,+911276824113,2023-03-27T08:56:00,1597,Bandra Kurla Complex,TOWER-489
CDR-609EEF40,CASE-0485,+913547280012,+916209181900,2023-03-08T01:39:00,1206,Noida Sector 18,TOWER-234
CDR-D278E327,CASE-0201,+912848587043,+913250258055,2023-09-21T13:06:00,1962,Jubilee Hills,TOWER-565
CDR-A3E89780,CASE-0358,+919872870214,+910986826435,2023-01-24T00:36:00,3136,Secunderabad Railway Station,TOWER-122
CDR-AB505FFE,CASE-0485,+910200625423,+915024878084,2023-02-19T13:42:00,3061,Indiranagar,TOWER-695
CDR-21DD1D44,CASE-0008,+917498717859,+919345912958,2023-07-08T10:27:00,2154,Noida Sector 18,TOWER-624
CDR-5007D797,CASE-0181,+910539363533,+917067702563,2023-02-02T13:23:00,14,Anna Nagar,TOWER-495
CDR-1B98325C,CASE-0370,+918388825721,+918811009215,2023-03-11T15:34:00,1563,Gurgaon Sector 29,TOWER-131
CDR-83A715AE,CASE-0472,+910753540823,+910438656488,2023-05-13T05:28:00,1936,Gurgaon Sector 29,TOWER-865
CDR-5946109F,CASE-0111,+915335052886,+914239058338,2023-05-27T06:03:00,690,Vasant Kunj,TOWER-391
CDR-AAE9234E,CASE-0489,+913803339719,+913206207945,2023-02-14T18:54:00,3359,Indiranagar,TOWER-216
CDR-AC5955FC,CASE-0148,+913152383180,+911782032348,2023-03-24T01:36:00,2279,Viman Nagar,TOWER-949
CDR-4FFB7E70,CASE-0362,+916561365871,+914182441838,2023-04-22T15:45:00,2257,Connaught Place,TOWER-960
CDR-591FE026,CASE-0302,+914602303573,+912664619111,2023-09-16T07:57:00,879,Anna Nagar,TOWER-303
CDR-EC805AA8,CASE-0271,+918480091388,+913482097833,2023-03-12T23:51:00,936,Hinjewadi,TOWER-441
CDR-A23F3D3F,CASE-0231,+916780341720,+915973883997,2023-01-22T16:23:00,1921,Connaught Place,TOWER-197
CDR-860DD727,CASE-0128,+917875927829,+910243926718,2023-07-28T14:57:00,291,Bandra Kurla Complex,TOWER-725
CDR-AB0AFBF1,CASE-0113,+910389737508,+915024878084,2023-05-12T12:30:00,1493,Secunderabad Railway Station,TOWER-488
CDR-58344743,CASE-0447,+917067512974,+911472575199,2023-08-12T23:51:00,434,Hinjewadi,TOWER-557
CDR-EB1500D3,CASE-0038,+912988725309,+911547919390,2023-08-24T15:06:00,3359,Anna Nagar,TOWER-795
CDR-D4FBF05C,CASE-0018,+913632681752,+916451842410,2023-07-30T23:54:00,3527,Connaught Place,TOWER-275
CDR-255F1DED,CASE-0156,+916177866980,+911182887465,2023-01-14T21:30:00,3022,Karol Bagh,TOWER-816
CDR-DC2C6F3B,CASE-0231,+910761573166,+919963152278,2023-04-30T10:00:00,585,Connaught Place,TOWER-803
CDR-B8200345,CASE-0374,+914206370446,+918993499724,2023-03-04T01:00:00,1864,Karol Bagh,TOWER-274
CDR-81C78FB5,CASE-0372,+918373992937,+919790255393,2023-03-14T03:58:00,1168,Anna Nagar,TOWER-824
CDR-E96BA279,CASE-0082,+919591287958,+918545155824,2023-02-26T20:05:00,863,Noida Sector 18,TOWER-278
CDR-83926F4C,CASE-0023,+910134501494,+915227724135,2023-07-16T08:27:00,1912,T Nagar,TOWER-938
CDR-11B9F81E,CASE-0031,+915515729662,+912110288951,2023-04-16T02:44:00,3183,Gachibowli,TOWER-589
CDR-76EBD7E6,CASE-0270,+915041435052,+910579863573,2023-01-20T10:35:00,963,Bandra Kurla Complex,TOWER-330
CDR-CA6F7C7E,CASE-0074,+915024878084,+916209181900,2023-09-14T23:32:00,2609,Secunderabad Railway Station,TOWER-639
CDR-F471E21E,CASE-0121,+915499398335,+917650960914,2023-04-20T09:41:00,3097,Andheri West,TOWER-239
CDR-1D82915F,CASE-0480,+916159123960,+917290393874,2023-05-21T00:16:00,3119,Secunderabad Railway Station,TOWER-934
CDR-1A242236,CASE-0476,+919129391313,+914271636761,2023-01-18T02:20:00,1242,Vasant Kunj,TOWER-244
CDR-096B3450,CASE-0044,+913287294594,+914557185866,2023-01-27T10:23:00,3571,Koramangala,TOWER-748
CDR-A80B32EB,CASE-0003,+913291506542,+914604578983,2023-04-05T06:04:00,3019,Koramangala,TOWER-696
CDR-8DF16FBB,CASE-0004,+918545155824,+911885956157,2023-06-19T00:57:00,3225,Hinjewadi,TOWER-209
CDR-AE5DA648,CASE-0241,+913121201754,+911089671292,2023-09-19T20:20:00,2933,Vasant Kunj,TOWER-779
CDR-4D4ACBA9,CASE-0256,+916040358515,+916089422243,2023-05-15T08:59:00,322,New Town,TOWER-106
CDR-57B9B26F,CASE-0382,+910093651268,+916209181900,2023-03-17T01:47:00,3262,Bandra Kurla Complex,TOWER-840
CDR-7B5BDD12,CASE-0445,+910753540823,+916918218916,2023-01-13T17:24:00,2298,Jubilee Hills,TOWER-312
CDR-C8955AE8,CASE-0241,+913121201754,+914580616103,2023-08-16T21:56:00,3096,Salt Lake City,TOWER-204
CDR-5CED799D,CASE-0149,+910466549268,+915688085782,2023-10-13T21:33:00,3139,Karol Bagh,TOWER-259
CDR-56F78ADD,CASE-0328,+918543058950,+910837041901,2023-05-10T17:19:00,118,Vasant Kunj,TOWER-710
CDR-8E568F1C,CASE-0159,+915024878084,+910351068472,2023-02-18T16:02:00,996,Andheri West,TOWER-699
CDR-3E2D3CCE,CASE-0090,+914733818239,+914149278423,2023-02-24T17:56:00,2786,Bandra Kurla Complex,TOWER-634
CDR-5917FFED,CASE-0081,+911322995558,+910351193387,2023-10-03T00:16:00,2198,Hinjewadi,TOWER-792
CDR-A0B0CB0B,CASE-0392,+916591365609,+917097082152,2023-02-06T21:16:00,64,Indiranagar,TOWER-874
CDR-FBF355D3,CASE-0371,+915207466099,+915148982381,2023-10-12T17:46:00,1123,Gachibowli,TOWER-508
CDR-24E9A14B,CASE-0167,+910067773070,+911471265330,2023-09-26T11:11:00,2067,New Town,TOWER-475
CDR-FBDC514B,CASE-0301,+912670185291,+914290430494,2023-10-15T10:00:00,852,New Town,TOWER-906
CDR-35582B44,CASE-0293,+915726661994,+910713220783,2023-06-12T21:40:00,2664,Bandra Kurla Complex,TOWER-634
CDR-858DCC3C,CASE-0435,+911435167825,+915024878084,2023-06-14T20:55:00,2418,Vasant Kunj,TOWER-332
CDR-836DC555,CASE-0004,+917007928496,+917082843155,2023-03-06T15:51:00,722,Jubilee Hills,TOWER-252
CDR-6004C0BB,CASE-0062,+912913411351,+919422686464,2023-10-16T06:49:00,1097,Noida Sector 18,TOWER-536
CDR-21CB64B5,CASE-0322,+911151048469,+919360255571,2023-06-01T01:41:00,988,Anna Nagar,TOWER-352
CDR-257B1F99,CASE-0438,+917290393874,+918152951947,2023-05-06T05:16:00,591,New Town,TOWER-844
CDR-B3FCCFA2,CASE-0034,+913792548322,+913992088215,2023-10-23T18:37:00,512,Jubilee Hills,TOWER-102
CDR-857F94D5,CASE-0073,+910753540823,+914841855795,2023-03-10T12:50:00,853,Connaught Place,TOWER-885
CDR-659D7667,CASE-0235,+914239058338,+919311749984,2023-06-09T00:44:00,2047,Indiranagar,TOWER-628
CDR-E5EE9736,CASE-0270,+915041435052,+913808430620,2023-07-10T19:44:00,1331,Hinjewadi,TOWER-390
CDR-DE15D16D,CASE-0499,+910134604279,+918920613849,2023-07-06T08:32:00,2988,Karol Bagh,TOWER-906
CDR-0F55C44E,CASE-0053,+910344747960,+910446748178,2023-02-23T06:12:00,1449,Noida Sector 18,TOWER-990
CDR-F2B1F1F4,CASE-0392,+916591365609,+916404556554,2023-01-18T21:05:00,3032,Vasant Kunj,TOWER-595
CDR-857DE680,CASE-0481,+910683601456,+915892207295,2023-01-17T00:00:00,2808,Noida Sector 18,TOWER-833
CDR-7CBCEA8E,CASE-0039,+913611832522,+914239058338,2023-08-03T02:09:00,3080,Secunderabad Railway Station,TOWER-759
CDR-87856221,CASE-0455,+918703732070,+919950665449,2023-08-31T18:20:00,1192,New Town,TOWER-655
CDR-05DAE7BA,CASE-0239,+916544991155,+913239416146,2023-09-25T16:53:00,2716,T Nagar,TOWER-540
CDR-775BEFC5,CASE-0253,+910213409540,+917173333021,2023-04-20T13:28:00,763,T Nagar,TOWER-737
CDR-ED7716D1,CASE-0345,+913676586202,+912548157625,2023-01-03T23:50:00,854,Anna Nagar,TOWER-990
CDR-7EE0FE9A,CASE-0440,+919380801747,+918786321439,2023-09-25T20:45:00,2926,Secunderabad Railway Station,TOWER-955
CDR-C8D3C427,CASE-0264,+914359315208,+915979337239,2023-07-25T21:13:00,2258,Indiranagar,TOWER-738
CDR-1E70E047,CASE-0321,+911885956157,+913061984156,2023-05-06T04:51:00,1662,Koramangala,TOWER-304
CDR-B7C2E9DF,CASE-0328,+918543058950,+915844250281,2023-10-04T01:41:00,2007,Andheri West,TOWER-446
CDR-FEAB5779,CASE-0236,+913067876211,+912320107522,2023-10-01T06:05:00,531,Salt Lake City,TOWER-455
CDR-5149E459,CASE-0103,+912749757820,+910393207855,2023-07-06T20:19:00,2715,Jubilee Hills,TOWER-741
CDR-CE85B1CB,CASE-0017,+919788257535,+916165540643,2023-04-05T06:08:00,446,Gurgaon Sector 29,TOWER-360
CDR-3D8BE9EE,CASE-0308,+914102162622,+910612633589,2023-06-06T14:56:00,1636,Andheri West,TOWER-566
CDR-E803A54E,CASE-0416,+914239058338,+914239058338,2023-03-18T18:00:00,2135,Noida Sector 18,TOWER-632
CDR-3ABDF1E0,CASE-0244,+912735138579,+912527415852,2023-02-20T03:04:00,2272,Karol Bagh,TOWER-698
CDR-2070153A,CASE-0167,+917363730515,+912062619351,2023-08-14T14:59:00,2590,Connaught Place,TOWER-758
CDR-59467B5C,CASE-0281,+919868700701,+914928352236,2023-09-12T12:21:00,1847,Secunderabad Railway Station,TOWER-576
CDR-E6A729A6,CASE-0201,+912848587043,+910768486110,2023-05-08T10:51:00,1367,Anna Nagar,TOWER-932
CDR-D9157184,CASE-0420,+916867369785,+918946641298,2023-02-12T00:26:00,103,T Nagar,TOWER-226
CDR-82C4EAA4,CASE-0457,+912307915163,+912675066365,2023-06-10T14:28:00,456,Hinjewadi,TOWER-753
CDR-D2224A12,CASE-0286,+913547280012,+917483043720,2023-05-10T09:12:00,1183,Gurgaon Sector 29,TOWER-129
CDR-6965DD81,CASE-0387,+915401475726,+918970717264,2023-01-28T05:39:00,3162,Bandra Kurla Complex,TOWER-525
CDR-F19D3FEB,CASE-0063,+913967092791,+915030471521,2023-05-19T16:30:00,1211,Secunderabad Railway Station,TOWER-266
CDR-9445A9B3,CASE-0012,+913443984092,+918478101233,2023-06-25T15:26:00,2904,Koramangala,TOWER-306
CDR-046CCABD,CASE-0209,+912440682429,+917290393874,2023-10-03T12:29:00,3187,New Town,TOWER-156
CDR-ECDA22F7,CASE-0345,+913676586202,+910389325421,2023-04-09T22:51:00,201,Jubilee Hills,TOWER-327
CDR-C3DC7042,CASE-0009,+919743316415,+910946690355,2023-07-01T11:30:00,205,T Nagar,TOWER-977
CDR-E31F8FA6,CASE-0296,+913376126415,+915985675637,2023-08-28T09:11:00,739,Noida Sector 18,TOWER-145
CDR-26B4335A,CASE-0063,+913967092791,+913019111977,2023-09-23T14:43:00,868,Vasant Kunj,TOWER-542
CDR-5775E1F0,CASE-0130,+918529666232,+915899556008,2023-01-09T11:06:00,2093,New Town,TOWER-889
CDR-66F4750C,CASE-0345,+913676586202,+914254744986,2023-04-11T05:01:00,2899,Andheri West,TOWER-649
CDR-BE6801FD,CASE-0288,+911510513353,+918459237304,2023-09-25T21:17:00,3044,Connaught Place,TOWER-646
CDR-C759900B,CASE-0354,+917104875947,+910881518156,2023-07-27T07:33:00,1671,Vasant Kunj,TOWER-947
CDR-AE0E9509,CASE-0153,+910753540823,+917166045888,2023-03-15T19:26:00,1378,T Nagar,TOWER-914
CDR-BFFBE8E0,CASE-0381,+918236906110,+915576607863,2023-02-24T04:26:00,2044,New Town,TOWER-811
CDR-612CFD59,CASE-0041,+910257807600,+913364023059,2023-08-25T13:58:00,593,Gurgaon Sector 29,TOWER-454
CDR-A3386872,CASE-0180,+912777207367,+919458484561,2023-08-06T04:40:00,2330,Jubilee Hills,TOWER-558
CDR-22FE082B,CASE-0315,+910770357861,+914439707540,2023-10-18T21:50:00,757,Vasant Kunj,TOWER-841
CDR-AF48D7F4,CASE-0143,+912935565536,+912359655740,2023-05-10T23:41:00,2499,Anna Nagar,TOWER-261
CDR-07B13B17,CASE-0223,+917437514483,+917651253597,2023-03-21T14:21:00,1726,Gurgaon Sector 29,TOWER-407
CDR-ADBCF7A2,CASE-0453,+910047578748,+911447605614,2023-03-01T23:00:00,1106,Viman Nagar,TOWER-302
CDR-6B6231EB,CASE-0427,+913750945066,+919401112061,2023-04-25T09:03:00,3525,Noida Sector 18,TOWER-769
CDR-9553E5D2,CASE-0298,+919209629821,+912067725916,2023-07-28T01:04:00,1247,Andheri West,TOWER-246
CDR-20C7CC55,CASE-0312,+910358997575,+910261357624,2023-05-08T09:39:00,504,Jubilee Hills,TOWER-842
CDR-B63C738B,CASE-0348,+912268488906,+910539363533,2023-04-09T09:53:00,1841,New Town,TOWER-350
CDR-9CCB45AB,CASE-0235,+914239058338,+917667663784,2023-10-28T07:37:00,1132,Secunderabad Railway Station,TOWER-665
CDR-42242C49,CASE-0353,+915527465681,+918208818118,2023-01-20T12:11:00,689,Gurgaon Sector 29,TOWER-172
CDR-8D3EAEB7,CASE-0028,+919604655308,+917796682181,2023-05-24T22:00:00,3001,Indiranagar,TOWER-357
CDR-61F0D052,CASE-0456,+917015744250,+919833959396,2023-08-24T14:06:00,2831,Hinjewadi,TOWER-833
CDR-A0DD4FE8,CASE-0119,+914568504670,+917100104919,2023-03-03T03:30:00,2307,Gachibowli,TOWER-641
CDR-EBA77466,CASE-0301,+914689928547,+919763569312,2023-08-19T08:06:00,2267,Gurgaon Sector 29,TOWER-303
CDR-9AD9BC07,CASE-0126,+912655514057,+914389157792,2023-09-02T15:12:00,40,Salt Lake City,TOWER-368
CDR-C42736B2,CASE-0112,+918947227783,+916699340340,2023-01-09T02:56:00,3324,Gurgaon Sector 29,TOWER-154
CDR-CDE3DE9A,CASE-0128,+917875927829,+917431780747,2023-01-29T20:03:00,118,Salt Lake City,TOWER-405
CDR-322A0FA2,CASE-0208,+911698029350,+916087324302,2023-09-03T14:08:00,3212,Vasant Kunj,TOWER-731
CDR-D6F74D92,CASE-0235,+918723405990,+910134604279,2023-01-29T15:19:00,3154,Koramangala,TOWER-857
CDR-316B21D9,CASE-0381,+917465087651,+914561587085,2023-03-08T02:31:00,3383,Hinjewadi,TOWER-609
CDR-D8953B91,CASE-0004,+918545155824,+918545155824,2023-01-24T04:04:00,1622,Secunderabad Railway Station,TOWER-200
CDR-649776F2,CASE-0275,+912245507493,+918545155824,2023-06-07T06:55:00,98,Noida Sector 18,TOWER-391
CDR-EA482C83,CASE-0324,+917290393874,+919458484561,2023-06-23T09:23:00,3600,Gachibowli,TOWER-115
CDR-D3AA0563,CASE-0267,+917290393874,+915527465681,2023-05-03T13:26:00,2708,Vasant Kunj,TOWER-191
CDR-A98EADC7,CASE-0304,+911304617892,+918176112378,2023-08-21T09:52:00,1630,Indiranagar,TOWER-153
CDR-B38F8099,CASE-0086,+913494425741,+910169630931,2023-04-29T22:32:00,2018,Andheri West,TOWER-676
CDR-D5408899,CASE-0017,+919788257535,+916313733635,2023-01-20T14:43:00,3334,Hinjewadi,TOWER-418
CDR-045A004E,CASE-0012,+915024878084,+916209181900,2023-10-04T02:01:00,86,Bandra Kurla Complex,TOWER-385
CDR-F8B45920,CASE-0085,+914452796138,+918843545700,2023-04-28T04:06:00,1347,Viman Nagar,TOWER-864
CDR-A4D70311,CASE-0253,+916736292357,+914726091433,2023-01-24T04:46:00,2217,Hinjewadi,TOWER-434
CDR-4AEF2A88,CASE-0480,+910932627488,+919908386736,2023-06-12T23:05:00,3331,T Nagar,TOWER-755
CDR-B6CF4FF2,CASE-0354,+917104875947,+915041435052,2023-01-27T19:23:00,3290,Salt Lake City,TOWER-703
CDR-ED6CA656,CASE-0299,+911333449934,+917713582685,2023-05-10T05:40:00,1924,Secunderabad Railway Station,TOWER-291
CDR-CE4D8DFB,CASE-0296,+914179532773,+910753540823,2023-05-12T03:52:00,156,Salt Lake City,TOWER-321
CDR-D8B6EFA5,CASE-0276,+917900138637,+916311652561,2023-10-11T10:35:00,3305,Noida Sector 18,TOWER-719
CDR-A4A4BF9C,CASE-0365,+910932627488,+913968256929,2023-02-23T22:41:00,2051,Hinjewadi,TOWER-992
CDR-470F06A5,CASE-0235,+914813120521,+917206699024,2023-02-10T06:59:00,2596,Andheri West,TOWER-884
CDR-435DC9B2,CASE-0176,+914814155633,+918646745808,2023-06-05T05:45:00,1805,Noida Sector 18,TOWER-193
CDR-17D417A1,CASE-0411,+917915834898,+919803644045,2023-01-30T00:22:00,3074,Jubilee Hills,TOWER-967
CDR-5E16076F,CASE-0257,+911885956157,+919721532287,2023-09-01T15:55:00,1739,Connaught Place,TOWER-583
CDR-7616F696,CASE-0405,+917937569371,+916717535456,2023-08-11T13:14:00,2185,Viman Nagar,TOWER-688
CDR-9EFB83F8,CASE-0215,+912775063067,+910539363533,2023-04-06T03:04:00,2647,New Town,TOWER-303
CDR-D80EDFAE,CASE-0122,+912848587043,+912848587043,2023-01-11T07:46:00,3346,Vasant Kunj,TOWER-517
CDR-89ADE6F6,CASE-0435,+916209181900,+917490404749,2023-03-01T02:00:00,3522,Andheri West,TOWER-789
CDR-FDEC498F,CASE-0494,+910257857736,+914405021980,2023-01-04T00:14:00,1242,Viman Nagar,TOWER-523
CDR-32D41359,CASE-0300,+910513687770,+915489740428,2023-06-03T04:10:00,2674,T Nagar,TOWER-310
CDR-18BACF3E,CASE-0068,+914239058338,+915920116378,2023-03-28T15:58:00,1462,T Nagar,TOWER-459
CDR-63974C31,CASE-0071,+911614562294,+912066268125,2023-05-09T13:36:00,2461,Hinjewadi,TOWER-728
CDR-2C4B8066,CASE-0244,+913828987535,+918481014038,2023-06-20T21:35:00,3065,Noida Sector 18,TOWER-204
CDR-629F2DF3,CASE-0473,+911548559826,+916083329621,2023-05-20T10:31:00,971,Gurgaon Sector 29,TOWER-633
CDR-99A1596D,CASE-0301,+914689928547,+912647120956,2023-01-05T03:54:00,874,T Nagar,TOWER-668
CDR-87CCC68F,CASE-0282,+916751812424,+913975433895,2023-09-24T19:36:00,3150,Noida Sector 18,TOWER-755
CDR-284B8124,CASE-0461,+917007752067,+918908198433,2023-10-24T17:12:00,1861,Koramangala,TOWER-466
CDR-B3539F53,CASE-0166,+917565855504,+913975433895,2023-07-21T09:11:00,2881,Salt Lake City,TOWER-739
CDR-FD7F6E8E,CASE-0139,+912998632328,+911598544256,2023-05-23T02:47:00,2340,Andheri West,TOWER-630
CDR-4A87A4FF,CASE-0357,+914078836069,+918834471003,2023-09-26T11:28:00,2417,Noida Sector 18,TOWER-387
CDR-8C46FF54,CASE-0359,+912062619351,+912034169619,2023-07-19T18:58:00,1575,Secunderabad Railway Station,TOWER-974
CDR-C3D6CDA9,CASE-0095,+910941806061,+918277759991,2023-07-09T01:13:00,2801,Connaught Place,TOWER-932
CDR-F2EFE762,CASE-0342,+919668738453,+916929607147,2023-04-04T07:28:00,1006,Noida Sector 18,TOWER-989
CDR-2FE8E7E1,CASE-0154,+914359315208,+919114456906,2023-02-07T12:47:00,1121,Gurgaon Sector 29,TOWER-764
CDR-1229515B,CASE-0379,+918263049035,+918474409015,2023-08-30T22:08:00,824,Salt Lake City,TOWER-869
CDR-9E3C8C2A,CASE-0298,+917070883274,+910250808152,2023-09-24T02:39:00,3318,Koramangala,TOWER-408
CDR-2A7D6A96,CASE-0238,+917559680968,+918973250252,2023-06-29T23:01:00,3151,Hinjewadi,TOWER-598
CDR-ED9D898E,CASE-0322,+913723924387,+910958859146,2023-04-08T09:56:00,2725,Gachibowli,TOWER-853
CDR-939BE38D,CASE-0174,+910539363533,+913975433895,2023-02-01T15:45:00,2910,Hinjewadi,TOWER-874
CDR-6D1230EC,CASE-0220,+915920116378,+911885956157,2023-01-17T20:23:00,3231,Salt Lake City,TOWER-264
CDR-4DF53D79,CASE-0016,+911885956157,+911782032348,2023-08-08T09:46:00,546,Hinjewadi,TOWER-780
CDR-E1890E75,CASE-0189,+914271636761,+910753540823,2023-09-20T10:49:00,2936,Viman Nagar,TOWER-599
CDR-3CB55708,CASE-0073,+910753540823,+914736853940,2023-05-05T09:17:00,3244,Indiranagar,TOWER-386
CDR-482E44AE,CASE-0011,+911168345357,+913936203932,2023-02-16T15:03:00,1719,New Town,TOWER-172
CDR-BEFF6147,CASE-0351,+915867724943,+916963254558,2023-08-10T02:38:00,2160,Indiranagar,TOWER-238
CDR-AD65F553,CASE-0300,+912905983086,+912491427221,2023-03-05T01:48:00,3352,Andheri West,TOWER-623
CDR-C670925E,CASE-0242,+915354377108,+914460443907,2023-02-28T06:09:00,2387,Vasant Kunj,TOWER-491
CDR-6B8D7D76,CASE-0464,+919744029431,+912421926142,2023-01-28T19:18:00,3514,Connaught Place,TOWER-846
CDR-20985DB2,CASE-0265,+916516001036,+916813689506,2023-08-31T20:17:00,99,T Nagar,TOWER-439
CDR-8B82E5CC,CASE-0197,+913210762931,+915527465681,2023-09-12T02:07:00,1776,Bandra Kurla Complex,TOWER-259
CDR-EBD7A79A,CASE-0461,+917007752067,+915867724943,2023-03-01T20:25:00,3510,Gurgaon Sector 29,TOWER-799
CDR-A5A8D5EB,CASE-0439,+914359315208,+912977620094,2023-04-05T19:19:00,3035,Noida Sector 18,TOWER-961
CDR-4C1792D8,CASE-0480,+911961449965,+912062619351,2023-02-10T17:38:00,3447,T Nagar,TOWER-250
CDR-C6725F42,CASE-0423,+913440772828,+917290393874,2023-05-26T15:38:00,2687,Noida Sector 18,TOWER-898
CDR-FE69DE46,CASE-0464,+919744029431,+917375147526,2023-07-16T04:19:00,203,Gurgaon Sector 29,TOWER-608
CDR-06430598,CASE-0106,+915241522476,+910831784230,2023-08-26T17:05:00,492,Hinjewadi,TOWER-258
CDR-C1BD9602,CASE-0337,+916953741440,+914378326573,2023-05-04T20:15:00,2051,T Nagar,TOWER-364
CDR-D239523E,CASE-0431,+915973347773,+913121201754,2023-01-18T18:45:00,155,Gurgaon Sector 29,TOWER-472
CDR-ABC9CA8A,CASE-0074,+915024878084,+910753540823,2023-04-25T13:00:00,2527,Viman Nagar,TOWER-709
CDR-8F33F2CD,CASE-0077,+918624564306,+916595409624,2023-04-16T00:38:00,3031,Viman Nagar,TOWER-974
CDR-5D2F5A29,CASE-0122,+912848587043,+913272515743,2023-03-25T16:08:00,1303,Connaught Place,TOWER-746
CDR-55AFA3FD,CASE-0488,+913479765413,+919929011353,2023-09-27T04:30:00,1329,Anna Nagar,TOWER-833
CDR-DC2F85AE,CASE-0283,+914030400199,+910333776857,2023-09-07T17:25:00,1494,Connaught Place,TOWER-995
CDR-BD270B56,CASE-0249,+911885956157,+918175666898,2023-06-03T09:59:00,938,Connaught Place,TOWER-565
CDR-C2A799C4,CASE-0022,+914864867942,+916202848665,2023-09-21T13:00:00,2967,New Town,TOWER-397
CDR-84781053,CASE-0147,+914271636761,+912848587043,2023-09-06T04:04:00,3566,Salt Lake City,TOWER-731
CDR-E6D39EB5,CASE-0457,+917081760242,+910351193387,2023-06-14T15:03:00,2754,Andheri West,TOWER-297
CDR-86596B3E,CASE-0253,+910213409540,+919525836880,2023-03-12T12:44:00,242,T Nagar,TOWER-886
CDR-5EA31E71,CASE-0284,+910932627488,+917290393874,2023-01-07T14:12:00,1165,Karol Bagh,TOWER-578
CDR-5450FE0E,CASE-0022,+914864867942,+912570328408,2023-10-04T02:06:00,3250,Hinjewadi,TOWER-179
CDR-48E707C6,CASE-0211,+912397616282,+919239664624,2023-05-25T20:50:00,227,Koramangala,TOWER-839
CDR-3DC3C242,CASE-0145,+916378723766,+911754726213,2023-07-12T14:57:00,2107,Anna Nagar,TOWER-120
CDR-3A4A8C61,CASE-0066,+912848587043,+914271636761,2023-06-08T23:55:00,1480,T Nagar,TOWER-278
CDR-A5AF84B7,CASE-0233,+916307331452,+913311177344,2023-05-08T05:23:00,2032,Indiranagar,TOWER-846
CDR-8655F3DF,CASE-0434,+914239058338,+915920116378,2023-07-01T21:59:00,1538,Secunderabad Railway Station,TOWER-129
CDR-7764EBDD,CASE-0390,+912445282724,+918832079695,2023-08-22T10:12:00,2664,Viman Nagar,TOWER-406
CDR-D151C422,CASE-0177,+911043729127,+910453992480,2023-07-14T16:15:00,1555,Andheri West,TOWER-715
CDR-75F2B733,CASE-0026,+918843545700,+918647981919,2023-01-29T08:57:00,3058,Jubilee Hills,TOWER-340
CDR-E41CEBA4,CASE-0415,+910436342708,+911149055697,2023-07-08T03:12:00,2735,Vasant Kunj,TOWER-196
CDR-C0C6AB62,CASE-0436,+914271636761,+914271636761,2023-04-23T03:45:00,2511,Koramangala,TOWER-571
CDR-AC026006,CASE-0099,+918843545700,+911749386079,2023-07-05T09:01:00,1367,Anna Nagar,TOWER-836
CDR-458C41C1,CASE-0199,+910854897643,+914602598348,2023-07-29T02:01:00,1430,Gurgaon Sector 29,TOWER-292
CDR-A1589F88,CASE-0404,+915850796909,+915068293932,2023-06-21T17:23:00,1636,Koramangala,TOWER-269
CDR-7A2E4112,CASE-0100,+916010922190,+918529565455,2023-08-17T07:10:00,2077,Salt Lake City,TOWER-805
CDR-30818ADC,CASE-0120,+919468912214,+918048956985,2023-08-04T05:14:00,750,Hinjewadi,TOWER-774
CDR-A411FAAF,CASE-0306,+914271636761,+918868099391,2023-10-06T04:38:00,3057,Noida Sector 18,TOWER-706
CDR-DE659544,CASE-0403,+916938825736,+913573287748,2023-01-21T21:33:00,2772,Noida Sector 18,TOWER-387
CDR-D0A1F567,CASE-0392,+916591365609,+914275623681,2023-05-11T22:31:00,2942,Indiranagar,TOWER-186
CDR-E0F9E26F,CASE-0236,+913067876211,+918087910179,2023-03-09T19:37:00,2214,Viman Nagar,TOWER-113
CDR-DAA459E5,CASE-0205,+913299891584,+910539363533,2023-06-06T16:05:00,341,Bandra Kurla Complex,TOWER-556
CDR-D1BC823C,CASE-0273,+910809886178,+913735362180,2023-02-23T04:10:00,2989,Connaught Place,TOWER-399
CDR-53D72D97,CASE-0201,+913396283970,+911026841316,2023-08-31T09:18:00,2938,Bandra Kurla Complex,TOWER-108
CDR-666B5B74,CASE-0129,+912062619351,+917358895214,2023-10-01T19:08:00,3578,Bandra Kurla Complex,TOWER-799
CDR-8408BDA0,CASE-0113,+914271636761,+916209181900,2023-10-09T03:25:00,808,Salt Lake City,TOWER-158
CDR-4FE04FD1,CASE-0168,+913335064912,+913716666174,2023-01-26T04:02:00,43,T Nagar,TOWER-341
CDR-2DD21EEA,CASE-0038,+913961941329,+917401884528,2023-04-28T20:02:00,1327,Karol Bagh,TOWER-870
CDR-6DB0A169,CASE-0065,+917290912905,+911258903064,2023-07-04T03:18:00,3480,Karol Bagh,TOWER-244
CDR-2BE62F0F,CASE-0082,+914449595368,+917153135770,2023-01-23T06:21:00,3386,New Town,TOWER-384
CDR-D85F3BAF,CASE-0349,+916021101710,+919807907391,2023-06-04T09:43:00,1203,Indiranagar,TOWER-442
CDR-6ECB7865,CASE-0388,+912875280113,+916522924130,2023-04-08T10:39:00,2789,Andheri West,TOWER-291
CDR-5DF4721C,CASE-0496,+914359315208,+918862457469,2023-10-21T10:45:00,1820,Karol Bagh,TOWER-185
CDR-9C8ABD85,CASE-0448,+918616736041,+916071841331,2023-05-26T21:42:00,3424,Gurgaon Sector 29,TOWER-991
CDR-25FAC8D9,CASE-0127,+915140721957,+918867438530,2023-06-15T15:45:00,836,Andheri West,TOWER-325
CDR-9685C0C7,CASE-0397,+913238975924,+914485119630,2023-09-08T01:09:00,845,Gachibowli,TOWER-977
CDR-A7F4152D,CASE-0221,+912135016998,+919890584796,2023-06-06T13:42:00,3074,Gurgaon Sector 29,TOWER-120
CDR-C4B29F94,CASE-0022,+911967835346,+914890672823,2023-01-07T20:12:00,383,Connaught Place,TOWER-497
CDR-B7BEAB32,CASE-0109,+915724740524,+919697018120,2023-07-14T13:48:00,2989,Secunderabad Railway Station,TOWER-353
CDR-9FE1142E,CASE-0486,+912735417381,+914010682168,2023-05-13T03:13:00,3107,Hinjewadi,TOWER-836
CDR-4573C19B,CASE-0250,+910484693914,+911769406548,2023-01-14T13:29:00,1421,Indiranagar,TOWER-903
CDR-CBC72836,CASE-0306,+914271636761,+916230828042,2023-04-01T09:46:00,2552,Noida Sector 18,TOWER-334
CDR-D490BFE8,CASE-0279,+910932627488,+914977030759,2023-03-05T17:43:00,610,Viman Nagar,TOWER-716
CDR-FD4B4ACD,CASE-0108,+914271636761,+912483576390,2023-07-03T18:07:00,2472,T Nagar,TOWER-318
CDR-2311A45A,CASE-0064,+914973829374,+918554882869,2023-06-01T20:40:00,394,New Town,TOWER-151
CDR-CC90E9B5,CASE-0260,+911444441476,+919188980314,2023-10-17T06:03:00,196,Connaught Place,TOWER-103
CDR-FA397459,CASE-0114,+914271636761,+915024878084,2023-01-28T16:46:00,935,Secunderabad Railway Station,TOWER-536
CDR-DEBD0B08,CASE-0024,+913057237398,+919167037707,2023-10-13T12:35:00,1227,Hinjewadi,TOWER-269
CDR-CC8C9A47,CASE-0035,+912062619351,+915527465681,2023-04-18T19:01:00,2904,T Nagar,TOWER-300
CDR-061640FF,CASE-0290,+911782032348,+917801369795,2023-01-22T10:02:00,1573,New Town,TOWER-631
CDR-AF204838,CASE-0315,+912096658846,+914096155978,2023-08-16T20:21:00,1281,Viman Nagar,TOWER-944
CDR-E407D804,CASE-0463,+915024878084,+917773200326,2023-07-10T07:17:00,3020,Anna Nagar,TOWER-639
CDR-D02A90D3,CASE-0366,+917378067955,+918225627693,2023-08-05T02:23:00,2042,Koramangala,TOWER-129
CDR-A3988519,CASE-0449,+911060940678,+916030861562,2023-10-26T12:41:00,3592,Hinjewadi,TOWER-816
CDR-4EB34F4B,CASE-0427,+911749668311,+915691894396,2023-07-20T01:47:00,218,Connaught Place,TOWER-187
CDR-FC848795,CASE-0229,+911570650322,+918718600168,2023-06-19T07:24:00,470,Secunderabad Railway Station,TOWER-428
CDR-44422986,CASE-0432,+919458484561,+912062619351,2023-01-16T18:43:00,2979,Vasant Kunj,TOWER-871
CDR-17A6D998,CASE-0358,+914045702755,+914833655550,2023-01-02T12:20:00,1146,Salt Lake City,TOWER-588
CDR-F3BC85D2,CASE-0316,+910235727388,+918212589621,2023-05-03T20:38:00,626,Indiranagar,TOWER-867
CDR-90091B9C,CASE-0231,+916780341720,+915246282701,2023-06-28T19:58:00,2752,Koramangala,TOWER-509
CDR-AE47807D,CASE-0188,+916459405371,+914559859255,2023-04-20T17:47:00,3328,Andheri West,TOWER-715
CDR-7D8BD97F,CASE-0267,+917290393874,+912813223134,2023-06-08T23:56:00,3111,Vasant Kunj,TOWER-347
CDR-AAFBC5E1,CASE-0358,+919872870214,+916733856537,2023-09-29T02:42:00,2772,Jubilee Hills,TOWER-331
CDR-7346225A,CASE-0366,+911109103307,+916208754316,2023-07-06T07:42:00,1373,Gurgaon Sector 29,TOWER-742
CDR-477914E2,CASE-0392,+915939840156,+913211319340,2023-07-12T15:22:00,659,T Nagar,TOWER-637
CDR-2C59F59C,CASE-0378,+916503137494,+916779113952,2023-05-13T09:51:00,1766,Gachibowli,TOWER-665
CDR-52CD99F7,CASE-0331,+910753540823,+911781469304,2023-09-13T12:53:00,664,Noida Sector 18,TOWER-596
CDR-5A92BCF0,CASE-0013,+911143514686,+911327679109,2023-01-20T11:33:00,443,Gurgaon Sector 29,TOWER-321
CDR-CD55067D,CASE-0126,+915505798296,+913794085773,2023-03-14T17:37:00,3498,Viman Nagar,TOWER-760
CDR-31140DD4,CASE-0468,+913975433895,+914271636761,2023-09-27T14:06:00,3473,Jubilee Hills,TOWER-802
CDR-92E57394,CASE-0148,+911635041044,+917633672503,2023-10-28T23:22:00,2943,Anna Nagar,TOWER-172
CDR-3C147BB1,CASE-0376,+910319671851,+912533893338,2023-07-19T00:39:00,3302,T Nagar,TOWER-821
CDR-E2B3B95D,CASE-0056,+914271636761,+914271636761,2023-03-30T13:31:00,2356,Karol Bagh,TOWER-958
CDR-749F9029,CASE-0240,+916454824897,+911594999018,2023-09-27T09:27:00,1737,Indiranagar,TOWER-739
CDR-EB81C2A5,CASE-0019,+915596574804,+913800533935,2023-05-15T15:52:00,2242,Anna Nagar,TOWER-772
CDR-E6D5729B,CASE-0109,+911933950354,+916456402377,2023-03-03T16:46:00,2019,T Nagar,TOWER-700
CDR-7D0D3429,CASE-0348,+919701086365,+913618978029,2023-02-19T10:21:00,1197,Anna Nagar,TOWER-676
CDR-DA7010FB,CASE-0029,+910753540823,+915024878084,2023-02-13T07:19:00,1604,Jubilee Hills,TOWER-931
CDR-98B3C20C,CASE-0132,+918843545700,+913975433895,2023-10-12T08:24:00,181,Salt Lake City,TOWER-265
CDR-0CEAA059,CASE-0397,+919826492228,+917505110489,2023-06-25T22:55:00,810,Vasant Kunj,TOWER-429
CDR-87A7A911,CASE-0076,+911782032348,+919042128723,2023-03-02T05:53:00,1221,Koramangala,TOWER-731
CDR-29194BC5,CASE-0136,+914000347048,+913195004057,2023-06-22T02:32:00,3348,Koramangala,TOWER-185
CDR-987439B1,CASE-0331,+914378066013,+915749750512,2023-01-18T21:23:00,2212,Bandra Kurla Complex,TOWER-157
CDR-2271132B,CASE-0343,+910942654387,+915856135252,2023-01-23T06:58:00,1777,New Town,TOWER-782
CDR-94D12151,CASE-0165,+917290393874,+915148982381,2023-03-17T21:16:00,1914,Jubilee Hills,TOWER-159
CDR-D350DF7C,CASE-0260,+911444441476,+917101430071,2023-08-07T00:18:00,2178,Viman Nagar,TOWER-586
CDR-01AFC5FE,CASE-0334,+911782032348,+911782032348,2023-01-17T04:26:00,820,Koramangala,TOWER-296
CDR-D86C0125,CASE-0144,+915024878084,+913547280012,2023-05-18T23:09:00,1301,Andheri West,TOWER-945
CDR-B11B1C70,CASE-0411,+917915834898,+914911963054,2023-10-21T11:49:00,285,Hinjewadi,TOWER-933
CDR-6772F1AA,CASE-0436,+912848587043,+915527465681,2023-05-17T14:52:00,523,Viman Nagar,TOWER-761
CDR-44D20C3B,CASE-0129,+913750345737,+914802172277,2023-06-13T15:17:00,3443,Noida Sector 18,TOWER-538
CDR-D8D824C2,CASE-0354,+917104875947,+916019012050,2023-07-16T07:37:00,891,Indiranagar,TOWER-388
CDR-618E6723,CASE-0137,+911885956157,+915527465681,2023-08-12T19:25:00,3112,Gurgaon Sector 29,TOWER-587
CDR-5A54B19E,CASE-0330,+919529336477,+915292566395,2023-07-28T09:54:00,2755,Karol Bagh,TOWER-941
CDR-897E7798,CASE-0340,+913889112288,+911284964247,2023-08-11T03:34:00,3221,Noida Sector 18,TOWER-698
CDR-4ADD7ADE,CASE-0098,+910753540823,+911885956157,2023-01-01T21:06:00,3085,Vasant Kunj,TOWER-558
CDR-20B3EC5A,CASE-0424,+915925545177,+917887957182,2023-05-29T03:48:00,660,Andheri West,TOWER-570
CDR-A07C3F1D,CASE-0374,+914206370446,+911714926581,2023-10-02T01:59:00,988,Bandra Kurla Complex,TOWER-481
CDR-B01FCE83,CASE-0045,+915246977904,+911263536358,2023-06-08T16:31:00,2409,Indiranagar,TOWER-875
CDR-1E14A9E1,CASE-0076,+918868199129,+911691742276,2023-01-13T02:40:00,2127,Jubilee Hills,TOWER-637
CDR-9F59A981,CASE-0355,+916532130749,+915849221015,2023-03-31T20:11:00,55,Andheri West,TOWER-417
CDR-638AFF49,CASE-0457,+912307915163,+913096975878,2023-09-12T10:30:00,3022,Vasant Kunj,TOWER-534
CDR-AF542CF7,CASE-0124,+919382751873,+918665911463,2023-10-13T05:22:00,1908,Secunderabad Railway Station,TOWER-623
CDR-DDA49051,CASE-0199,+910854897643,+913067347550,2023-04-17T10:36:00,688,Connaught Place,TOWER-168
CDR-6141817F,CASE-0351,+914798758086,+911106597858,2023-04-21T14:16:00,2704,Noida Sector 18,TOWER-903
CDR-3EDC58D3,CASE-0353,+915527465681,+918545155824,2023-06-20T23:14:00,3113,Gachibowli,TOWER-231
CDR-C1C76704,CASE-0479,+911944555315,+912923934180,2023-04-04T10:23:00,808,Vasant Kunj,TOWER-288
CDR-C1ED1DFB,CASE-0052,+916866149630,+915250785313,2023-07-04T19:30:00,37,Jubilee Hills,TOWER-171
CDR-52BC78EC,CASE-0276,+917900138637,+915797864650,2023-02-08T05:53:00,1061,Indiranagar,TOWER-846
CDR-E63FFE8B,CASE-0135,+911428337046,+913661276261,2023-04-21T09:55:00,97,Bandra Kurla Complex,TOWER-333
CDR-C3189916,CASE-0274,+911634369234,+911582377340,2023-03-05T01:45:00,3231,Secunderabad Railway Station,TOWER-490
CDR-8DAFC441,CASE-0461,+919816710603,+910931329223,2023-08-15T19:42:00,2005,New Town,TOWER-497
CDR-A5293F28,CASE-0078,+910539363533,+917115920022,2023-07-29T17:34:00,3233,T Nagar,TOWER-112
CDR-25A5938E,CASE-0468,+913975433895,+914130238863,2023-08-20T14:57:00,2101,Vasant Kunj,TOWER-625
CDR-032BBBE9,CASE-0332,+912320285188,+910053856914,2023-07-01T12:45:00,2066,Karol Bagh,TOWER-653
CDR-D7748D9D,CASE-0264,+914359315208,+915920116378,2023-06-20T10:23:00,303,Viman Nagar,TOWER-583
CDR-240A85D1,CASE-0261,+912440682429,+917591790849,2023-08-07T17:31:00,2905,T Nagar,TOWER-386
CDR-5ACA88E0,CASE-0052,+916866149630,+916953526582,2023-04-18T21:00:00,118,Gachibowli,TOWER-823
CDR-DCD626E3,CASE-0299,+911333449934,+917908037493,2023-06-01T04:02:00,2864,New Town,TOWER-534
CDR-53A4BD39,CASE-0388,+912875280113,+912875280113,2023-10-03T13:46:00,593,Hinjewadi,TOWER-997
CDR-55A4CD0E,CASE-0106,+915241522476,+919769333160,2023-03-03T21:50:00,1877,Koramangala,TOWER-485
CDR-A06A127D,CASE-0133,+915920116378,+911782032348,2023-02-24T18:33:00,711,Indiranagar,TOWER-574
CDR-6DCA056C,CASE-0043,+915275213255,+919006776128,2023-01-13T13:19:00,3408,Gachibowli,TOWER-584
CDR-839E334B,CASE-0134,+914877758705,+917957917063,2023-06-14T22:45:00,1492,Hinjewadi,TOWER-392
CDR-51DB3D08,CASE-0162,+916575327550,+911885956157,2023-04-19T17:27:00,824,Noida Sector 18,TOWER-941
CDR-537D4CED,CASE-0402,+918742614667,+918176786423,2023-10-03T14:30:00,1642,Jubilee Hills,TOWER-198
CDR-6FDADA31,CASE-0348,+911218987189,+911770216341,2023-08-12T13:40:00,1391,Vasant Kunj,TOWER-869
CDR-80892379,CASE-0306,+914271636761,+915559251018,2023-02-04T14:37:00,710,Jubilee Hills,TOWER-908
CDR-66DFA5A7,CASE-0074,+912094545190,+916072905982,2023-03-13T11:28:00,558,Bandra Kurla Complex,TOWER-917
CDR-1599B48D,CASE-0100,+917768792176,+915419860397,2023-03-14T02:16:00,1905,Gurgaon Sector 29,TOWER-564
CDR-B7555966,CASE-0165,+917290393874,+911457180976,2023-06-04T20:52:00,1593,Gurgaon Sector 29,TOWER-734
CDR-F930EAB3,CASE-0367,+910860263703,+912980521450,2023-02-04T16:34:00,1144,Salt Lake City,TOWER-528
CDR-9CDD7453,CASE-0449,+914813120521,+915642929047,2023-05-26T13:27:00,118,Andheri West,TOWER-970
CDR-85B29D5E,CASE-0400,+912541217249,+910800679826,2023-03-14T00:04:00,2471,Noida Sector 18,TOWER-852
CDR-7C128A19,CASE-0339,+911605063231,+915449832490,2023-09-08T07:42:00,2962,Noida Sector 18,TOWER-147
CDR-CA3EDD0D,CASE-0211,+910698096181,+915140721957,2023-03-16T20:24:00,916,Jubilee Hills,TOWER-696
CDR-87BC67DC,CASE-0336,+912616913585,+911478558143,2023-02-13T08:31:00,1449,Viman Nagar,TOWER-188
CDR-AD8D58C3,CASE-0301,+914689928547,+913237887620,2023-06-10T18:19:00,3086,Vasant Kunj,TOWER-721
CDR-17FDAA66,CASE-0191,+915148982381,+911083593127,2023-06-15T02:01:00,2661,Noida Sector 18,TOWER-723
CDR-CF5E7C6F,CASE-0007,+910290034167,+910627472204,2023-08-20T19:30:00,597,Karol Bagh,TOWER-450
CDR-CC7C77EF,CASE-0441,+918797573856,+911099079634,2023-02-03T11:58:00,3317,Gachibowli,TOWER-220
CDR-1A6BA857,CASE-0067,+914074236407,+914421722808,2023-03-14T16:07:00,3197,Connaught Place,TOWER-934
CDR-71EFDDE5,CASE-0479,+911944555315,+918745556820,2023-07-28T11:20:00,2264,Secunderabad Railway Station,TOWER-287
CDR-3A8E3EE8,CASE-0163,+913084772999,+912666331174,2023-10-26T20:48:00,2672,Secunderabad Railway Station,TOWER-546
CDR-EF3C13D8,CASE-0100,+916010922190,+910773991743,2023-10-19T07:16:00,263,Viman Nagar,TOWER-126
CDR-FF06A7B5,CASE-0389,+918741001772,+913477622299,2023-10-13T09:05:00,1348,Koramangala,TOWER-374
CDR-F0D0E602,CASE-0347,+916365865234,+915527465681,2023-01-21T05:29:00,1759,Koramangala,TOWER-789
CDR-A8CD177A,CASE-0474,+914899891594,+917978728392,2023-06-27T15:56:00,142,Karol Bagh,TOWER-496
CDR-4128A819,CASE-0006,+915735742068,+917290393874,2023-10-15T10:23:00,2598,Indiranagar,TOWER-944
CDR-07416AE9,CASE-0388,+916752331425,+919770148805,2023-07-08T00:38:00,690,Koramangala,TOWER-498
CDR-7F6542A9,CASE-0471,+917060340842,+915711763803,2023-04-27T00:26:00,2219,Karol Bagh,TOWER-721
CDR-B1088076,CASE-0067,+914074236407,+918134130492,2023-08-18T03:29:00,317,Anna Nagar,TOWER-483
CDR-AA27BC5B,CASE-0473,+919613352549,+911502910444,2023-02-04T23:21:00,816,Koramangala,TOWER-514
CDR-3E718D75,CASE-0495,+918788688004,+910692670797,2023-05-13T19:37:00,2847,Connaught Place,TOWER-546
CDR-0D6BAFC1,CASE-0392,+916591365609,+910753540823,2023-02-15T15:29:00,963,Indiranagar,TOWER-802
CDR-966D5BDD,CASE-0045,+915246977904,+918709882323,2023-05-19T05:19:00,1132,Bandra Kurla Complex,TOWER-898
CDR-7E6E99D3,CASE-0435,+916209181900,+913547280012,2023-06-21T18:12:00,2133,Hinjewadi,TOWER-177
CDR-AB0073C4,CASE-0002,+918913096158,+919530833042,2023-07-16T03:14:00,1486,Salt Lake City,TOWER-898
CDR-22B8390A,CASE-0009,+919743316415,+914364794970,2023-08-26T06:56:00,3577,Anna Nagar,TOWER-703
CDR-A67E3DF1,CASE-0115,+910194795271,+910134604279,2023-06-29T18:18:00,2221,Indiranagar,TOWER-389
CDR-439B72AD,CASE-0291,+914038690928,+916770724706,2023-09-09T06:07:00,2037,Vasant Kunj,TOWER-353
CDR-84AD39D4,CASE-0114,+914271636761,+910753540823,2023-09-04T10:54:00,2392,Noida Sector 18,TOWER-748
CDR-D127C675,CASE-0164,+915527465681,+915527465681,2023-01-30T00:43:00,116,Secunderabad Railway Station,TOWER-788
CDR-5C10208A,CASE-0412,+917092126831,+919969333974,2023-07-24T11:41:00,2175,Gurgaon Sector 29,TOWER-469
CDR-FC4435A1,CASE-0135,+919040880869,+917066007169,2023-02-22T05:54:00,1092,Viman Nagar,TOWER-597
CDR-EB774836,CASE-0369,+913718122167,+913050374613,2023-01-29T02:06:00,725,Viman Nagar,TOWER-297
CDR-10D083D4,CASE-0103,+912749757820,+918766562854,2023-02-01T04:00:00,1440,Anna Nagar,TOWER-600
CDR-802FD427,CASE-0135,+917562572323,+911473337497,2023-04-26T04:08:00,1481,Gurgaon Sector 29,TOWER-260
CDR-CABC9ECA,CASE-0251,+918545155824,+910434875046,2023-08-05T04:33:00,3317,Salt Lake City,TOWER-464
CDR-D9E502B3,CASE-0413,+916401322001,+911173333320,2023-05-31T19:58:00,2046,Hinjewadi,TOWER-160
CDR-B418CED5,CASE-0345,+913959242609,+914651419724,2023-01-10T06:55:00,309,Hinjewadi,TOWER-845
CDR-E890EEA9,CASE-0345,+919244640782,+918952742240,2023-06-12T23:59:00,251,Secunderabad Railway Station,TOWER-631
CDR-4A455AC6,CASE-0300,+916536647347,+911219423825,2023-06-22T05:11:00,2217,Karol Bagh,TOWER-391
CDR-5B98BAFA,CASE-0100,+917416448940,+918656249506,2023-10-15T14:28:00,2875,Bandra Kurla Complex,TOWER-451
CDR-794AA094,CASE-0080,+912112033180,+918534807940,2023-06-12T22:37:00,1116,Anna Nagar,TOWER-440
CDR-5932E2EB,CASE-0174,+918836267527,+913749761209,2023-06-02T09:40:00,1074,Jubilee Hills,TOWER-219
CDR-66AA20B7,CASE-0327,+912022326971,+913988747436,2023-07-05T18:54:00,510,Bandra Kurla Complex,TOWER-272
CDR-3413A695,CASE-0216,+914271636761,+915737504337,2023-05-09T12:40:00,418,Gachibowli,TOWER-314
CDR-EF0D1D7F,CASE-0106,+915241522476,+916907185823,2023-05-13T17:22:00,3580,Secunderabad Railway Station,TOWER-158
CDR-285DC96E,CASE-0239,+918343190114,+919002471824,2023-04-11T13:06:00,780,Gachibowli,TOWER-116
CDR-004D9AA4,CASE-0469,+918299783310,+913740653033,2023-03-24T17:33:00,1874,Jubilee Hills,TOWER-591
CDR-1DE57605,CASE-0140,+915060892503,+919181695377,2023-09-12T18:42:00,1065,Indiranagar,TOWER-183
CDR-65D2686A,CASE-0486,+910868338542,+916211476552,2023-04-01T04:55:00,1532,Anna Nagar,TOWER-160
CDR-B3A80B77,CASE-0465,+917458978757,+915023309354,2023-03-03T12:24:00,2330,T Nagar,TOWER-616
CDR-17779800,CASE-0133,+915920116378,+918200196286,2023-07-02T21:30:00,1568,Andheri West,TOWER-620
CDR-2D277BA9,CASE-0106,+915241522476,+912702428416,2023-01-21T09:56:00,2513,New Town,TOWER-241
CDR-D9C0D7B4,CASE-0430,+911219788712,+915947199127,2023-06-02T05:49:00,1823,Hinjewadi,TOWER-808
CDR-523EC842,CASE-0286,+912880850423,+916878129600,2023-04-29T04:20:00,498,Secunderabad Railway Station,TOWER-163
CDR-E00ED0D1,CASE-0300,+912905983086,+915276733997,2023-10-18T01:43:00,2635,Noida Sector 18,TOWER-223
CDR-BBFC8E94,CASE-0265,+917174127261,+917654441593,2023-10-01T20:49:00,3280,Gachibowli,TOWER-187
CDR-48F2EFE5,CASE-0024,+913122283233,+918521370274,2023-02-05T04:19:00,3492,Indiranagar,TOWER-690
CDR-9999B653,CASE-0349,+916021101710,+914272398587,2023-03-28T09:06:00,690,Secunderabad Railway Station,TOWER-275
CDR-2E7AD203,CASE-0122,+912848587043,+913885052323,2023-04-26T02:24:00,2933,Viman Nagar,TOWER-140
CDR-848CBAA3,CASE-0437,+911400672608,+910039783838,2023-10-28T20:27:00,895,Bandra Kurla Complex,TOWER-899
CDR-5BA60FF1,CASE-0118,+919311749984,+912118910906,2023-05-19T03:19:00,3500,New Town,TOWER-543
CDR-A7E9F0C0,CASE-0261,+912440682429,+915920116378,2023-04-05T11:26:00,444,Secunderabad Railway Station,TOWER-804
CDR-40CFE56A,CASE-0027,+914060376799,+912801984685,2023-05-29T09:48:00,2606,Salt Lake City,TOWER-121
CDR-40F76378,CASE-0170,+918082527005,+915452348241,2023-04-18T07:31:00,2375,Gurgaon Sector 29,TOWER-965
CDR-FB99182C,CASE-0322,+911151048469,+914833300595,2023-02-21T00:39:00,2770,Andheri West,TOWER-751
CDR-8FF8FD01,CASE-0305,+914359315208,+916706352286,2023-03-16T05:40:00,1108,Secunderabad Railway Station,TOWER-218
CDR-9CE3A09C,CASE-0499,+919488670550,+911785862008,2023-07-12T20:25:00,1536,Gachibowli,TOWER-728
CDR-5AA9A720,CASE-0142,+919606541892,+912041772420,2023-05-15T16:51:00,457,Bandra Kurla Complex,TOWER-587
CDR-0D927A39,CASE-0154,+914359315208,+914813120521,2023-09-13T17:33:00,1538,Connaught Place,TOWER-197
CDR-62E32F50,CASE-0184,+910932627488,+910932627488,2023-03-16T14:02:00,2711,T Nagar,TOWER-427
CDR-898651AB,CASE-0233,+916307331452,+914591177748,2023-06-03T19:58:00,2132,Gurgaon Sector 29,TOWER-589
CDR-F70AC7F9,CASE-0124,+911589361118,+915320007762,2023-09-25T13:28:00,3257,Noida Sector 18,TOWER-836
CDR-083501E5,CASE-0287,+917290393874,+917290393874,2023-07-02T00:45:00,2996,Viman Nagar,TOWER-446
CDR-AA9FFB84,CASE-0050,+910326513902,+912110288951,2023-03-26T05:58:00,2766,T Nagar,TOWER-787
CDR-7B4B3FB2,CASE-0431,+911977332202,+910753136575,2023-10-25T12:43:00,240,Hinjewadi,TOWER-343
CDR-F2D10B50,CASE-0138,+918390351790,+918883185802,2023-07-22T00:39:00,2894,Noida Sector 18,TOWER-495
CDR-A521A5F4,CASE-0158,+914692574092,+914239058338,2023-09-06T15:33:00,1996,Secunderabad Railway Station,TOWER-361
CDR-980AA1DE,CASE-0437,+918624564306,+912440682429,2023-04-14T05:34:00,346,New Town,TOWER-573
CDR-F9922A9F,CASE-0238,+917559680968,+916381683485,2023-09-29T07:10:00,3039,Andheri West,TOWER-612
CDR-C444AA04,CASE-0044,+913287294594,+914648119212,2023-08-12T17:30:00,2969,New Town,TOWER-955
CDR-4FA7292E,CASE-0131,+910956977119,+918191989642,2023-03-31T09:02:00,1010,Indiranagar,TOWER-872
CDR-A9A68BBF,CASE-0330,+915202012138,+915527465681,2023-02-15T17:45:00,379,Connaught Place,TOWER-675
CDR-8833729F,CASE-0092,+917493489727,+915477418931,2023-08-10T14:40:00,2556,Noida Sector 18,TOWER-493
CDR-6BD70F8C,CASE-0272,+913846181077,+912848587043,2023-02-28T05:39:00,352,Viman Nagar,TOWER-303
CDR-C3AF8B4F,CASE-0325,+912652774044,+918142696692,2023-05-08T11:00:00,2378,Bandra Kurla Complex,TOWER-450
CDR-671CE63B,CASE-0256,+912871668936,+914804353183,2023-03-23T06:45:00,3445,Secunderabad Railway Station,TOWER-751
CDR-C8466B7D,CASE-0157,+916521100332,+911782032348,2023-07-21T21:49:00,1145,T Nagar,TOWER-457
CDR-310087F3,CASE-0210,+915947139368,+917723330202,2023-09-07T21:45:00,2144,Koramangala,TOWER-926
CDR-EBA63904,CASE-0154,+914239058338,+912440682429,2023-09-10T16:32:00,550,Bandra Kurla Complex,TOWER-336
CDR-60D87AAC,CASE-0171,+913532682507,+914206370446,2023-04-14T16:17:00,2524,Noida Sector 18,TOWER-330
CDR-E62768CE,CASE-0478,+912581306576,+914271636761,2023-10-13T13:24:00,3023,Karol Bagh,TOWER-457
CDR-456B5457,CASE-0295,+916775955382,+912508329270,2023-10-04T13:31:00,694,Andheri West,TOWER-317
CDR-85488BEA,CASE-0178,+914222238530,+912963098521,2023-08-03T17:02:00,3211,Viman Nagar,TOWER-637
CDR-C6C3377B,CASE-0005,+916378163815,+916602020660,2023-05-09T04:37:00,510,Indiranagar,TOWER-572
CDR-C73B0A6F,CASE-0243,+915723355955,+918938733896,2023-01-28T15:30:00,1579,Salt Lake City,TOWER-249
CDR-1FE87076,CASE-0178,+915041435052,+913932074517,2023-06-11T02:27:00,1013,Bandra Kurla Complex,TOWER-355
CDR-B7C5D1F3,CASE-0349,+916021101710,+911387784962,2023-03-19T18:22:00,2476,Bandra Kurla Complex,TOWER-254
CDR-9675570E,CASE-0425,+912808283954,+917719613824,2023-08-12T21:35:00,961,Koramangala,TOWER-911
CDR-B0B1360E,CASE-0423,+915148982381,+919458484561,2023-05-12T14:42:00,2326,T Nagar,TOWER-802
CDR-6301074C,CASE-0387,+915751377359,+919556726697,2023-09-06T12:43:00,3368,Bandra Kurla Complex,TOWER-337
CDR-84F43542,CASE-0222,+918843545700,+910539363533,2023-03-29T04:05:00,1452,Connaught Place,TOWER-741
CDR-1D4F74BE,CASE-0230,+911182887465,+917406654651,2023-10-06T06:08:00,2088,Secunderabad Railway Station,TOWER-205
CDR-4FE3C576,CASE-0241,+919445273273,+915920116378,2023-07-23T15:55:00,759,Hinjewadi,TOWER-348
CDR-53141809,CASE-0259,+912062619351,+916864020681,2023-03-06T12:00:00,2857,Viman Nagar,TOWER-889
CDR-4FB28DC7,CASE-0240,+916786288566,+913596352435,2023-02-03T12:41:00,3193,Bandra Kurla Complex,TOWER-929
CDR-F2715775,CASE-0374,+914206370446,+910364482926,2023-06-15T09:03:00,1654,Gurgaon Sector 29,TOWER-183
CDR-E4F6E17C,CASE-0016,+911885956157,+915527465681,2023-08-09T17:54:00,631,Indiranagar,TOWER-215
CDR-647901C2,CASE-0365,+910932627488,+919458484561,2023-07-19T11:24:00,571,Anna Nagar,TOWER-273
CDR-5A7E64E5,CASE-0172,+912390045150,+918843545700,2023-10-12T10:23:00,2854,Bandra Kurla Complex,TOWER-935
CDR-9518997D,CASE-0117,+914813120521,+911185831722,2023-06-28T19:01:00,1450,Jubilee Hills,TOWER-666
CDR-F8C63FBF,CASE-0413,+912652392093,+912667950068,2023-04-02T12:43:00,1254,Gachibowli,TOWER-311
CDR-3DBA419C,CASE-0386,+917823819126,+917005385251,2023-07-27T18:19:00,696,Viman Nagar,TOWER-805
CDR-0E208081,CASE-0417,+915148982381,+917290393874,2023-09-17T08:18:00,2029,Jubilee Hills,TOWER-677
CDR-7EC30DEA,CASE-0493,+914239058338,+912440682429,2023-01-14T11:46:00,3006,T Nagar,TOWER-698
CDR-073FF015,CASE-0201,+915950179837,+916275191270,2023-04-29T10:43:00,1461,Indiranagar,TOWER-787
CDR-A95CBD49,CASE-0101,+912679834759,+918493253568,2023-01-11T17:49:00,1824,Viman Nagar,TOWER-138
CDR-98481703,CASE-0251,+913932579972,+914595612143,2023-10-11T20:35:00,788,Gachibowli,TOWER-995
CDR-A033226A,CASE-0326,+912308237242,+917207070537,2023-10-27T21:16:00,2691,Bandra Kurla Complex,TOWER-561
CDR-AEBD4C97,CASE-0343,+915616876987,+918867373834,2023-06-23T01:48:00,1780,Gurgaon Sector 29,TOWER-305
CDR-3E0627C2,CASE-0312,+917290393874,+913121201754,2023-08-27T13:53:00,353,T Nagar,TOWER-414
CDR-C69E7997,CASE-0162,+915527465681,+918182584475,2023-05-28T20:18:00,1671,Viman Nagar,TOWER-561
CDR-BEEC308F,CASE-0078,+910539363533,+910539363533,2023-02-15T23:29:00,1911,Indiranagar,TOWER-995
CDR-7BE75960,CASE-0369,+913718122167,+919914930763,2023-06-05T12:17:00,397,Karol Bagh,TOWER-896
CDR-5CAD565A,CASE-0414,+910257903758,+913528293214,2023-08-29T17:44:00,3499,Vasant Kunj,TOWER-526
CDR-6E0F5554,CASE-0029,+910753540823,+914271636761,2023-03-28T14:50:00,3108,Vasant Kunj,TOWER-117
CDR-80DCE167,CASE-0152,+915472697341,+910914280263,2023-09-29T18:40:00,2816,Koramangala,TOWER-226
CDR-91A74530,CASE-0381,+917970357325,+911024362671,2023-09-09T09:22:00,417,Anna Nagar,TOWER-763
CDR-F463390C,CASE-0422,+918545155824,+915527465681,2023-02-05T01:56:00,2150,New Town,TOWER-102
CDR-289EACD7,CASE-0350,+918051776307,+913245468277,2023-06-19T18:07:00,1525,Gachibowli,TOWER-916
CDR-1AC6A31C,CASE-0333,+916659394965,+917691194594,2023-09-11T19:08:00,1142,Hinjewadi,TOWER-310
CDR-110C8087,CASE-0276,+917900138637,+913840898680,2023-08-22T19:03:00,2399,Koramangala,TOWER-217
CDR-E4676308,CASE-0020,+913473457191,+918598547817,2023-07-12T16:52:00,2635,Hinjewadi,TOWER-778
CDR-F60E2728,CASE-0069,+916209181900,+915024878084,2023-06-23T14:06:00,1057,T Nagar,TOWER-939
CDR-5F083E3A,CASE-0348,+911857101140,+915679738578,2023-03-05T03:14:00,3426,Viman Nagar,TOWER-155
CDR-1A7EA4F9,CASE-0135,+917499454816,+916352386230,2023-05-30T23:36:00,146,New Town,TOWER-414
CDR-01B6BDDB,CASE-0105,+915920116378,+917104437401,2023-02-22T14:36:00,1309,New Town,TOWER-156
CDR-61EDBABF,CASE-0260,+911444441476,+911370183558,2023-10-07T18:38:00,981,Koramangala,TOWER-597
CDR-D344F639,CASE-0257,+911885956157,+916421053103,2023-06-06T18:39:00,118,Viman Nagar,TOWER-183
CDR-B002CAC4,CASE-0152,+915472697341,+916667845302,2023-04-13T07:14:00,749,Koramangala,TOWER-132
CDR-C94611C8,CASE-0359,+919458484561,+910932627488,2023-10-11T16:37:00,1476,Gachibowli,TOWER-642
CDR-0E34C901,CASE-0453,+910047578748,+917626733768,2023-06-25T00:59:00,2855,T Nagar,TOWER-919
CDR-2138A95B,CASE-0368,+910369920045,+918294609436,2023-08-16T22:55:00,1197,Salt Lake City,TOWER-523
CDR-14CD5DFF,CASE-0474,+919089851436,+917688408492,2023-01-28T10:25:00,3503,Karol Bagh,TOWER-691
CDR-401ADFCE,CASE-0385,+910134604279,+917747542185,2023-05-05T11:28:00,1943,Karol Bagh,TOWER-795
CDR-AA55CEA5,CASE-0266,+911782032348,+915527465681,2023-10-28T13:35:00,247,Connaught Place,TOWER-636
CDR-6C0E2C26,CASE-0122,+912848587043,+918843545700,2023-08-01T20:08:00,2570,New Town,TOWER-764
CDR-631DFD2C,CASE-0312,+917290393874,+915527465681,2023-04-14T07:41:00,1737,Hinjewadi,TOWER-974
CDR-A85B8120,CASE-0462,+914635031611,+914056731478,2023-08-31T17:43:00,1059,Salt Lake City,TOWER-345
CDR-DC1A9EE6,CASE-0468,+913975433895,+918690647457,2023-06-18T01:04:00,106,Anna Nagar,TOWER-712
CDR-493AF659,CASE-0092,+917493489727,+911831672560,2023-08-30T05:41:00,1531,Salt Lake City,TOWER-449
CDR-C2DFEEB1,CASE-0363,+916799420672,+918220230843,2023-02-04T01:07:00,1273,New Town,TOWER-310
CDR-A756F773,CASE-0418,+919618547415,+913713567814,2023-10-03T16:54:00,277,Gachibowli,TOWER-474
CDR-4AF1BBAB,CASE-0352,+918516951349,+917130509011,2023-10-23T15:33:00,2142,Gachibowli,TOWER-775
CDR-5DC08095,CASE-0013,+912061791248,+917755911393,2023-01-19T03:22:00,1822,Salt Lake City,TOWER-291
CDR-949771DF,CASE-0144,+918427374279,+913625589538,2023-08-19T20:48:00,214,Salt Lake City,TOWER-754
CDR-C5BF6E43,CASE-0102,+919372165628,+919856480912,2023-08-27T11:09:00,2266,Karol Bagh,TOWER-936
CDR-157759FF,CASE-0481,+910683601456,+916528964047,2023-05-14T21:13:00,366,Salt Lake City,TOWER-802
CDR-4726F9E7,CASE-0066,+914976547779,+911516946933,2023-05-22T23:13:00,2043,Vasant Kunj,TOWER-274
CDR-4DDC4073,CASE-0070,+913608715525,+914817918695,2023-02-22T07:01:00,2435,Noida Sector 18,TOWER-122
CDR-AC99C50E,CASE-0338,+914609507226,+911755299388,2023-04-14T12:02:00,771,Andheri West,TOWER-294
CDR-31547CB7,CASE-0354,+917104875947,+913790909461,2023-01-08T13:33:00,3289,Koramangala,TOWER-455
CDR-4274B25C,CASE-0067,+915804742838,+910142660811,2023-09-26T01:25:00,3145,Salt Lake City,TOWER-630
CDR-A06F0E9A,CASE-0101,+919059882716,+919581007707,2023-01-18T11:10:00,1001,Hinjewadi,TOWER-259
CDR-E832A5AA,CASE-0297,+913526203544,+912884014291,2023-04-04T15:41:00,1696,Gachibowli,TOWER-113
CDR-A8A47606,CASE-0459,+913204249581,+919698175692,2023-10-09T09:21:00,2798,Noida Sector 18,TOWER-503
CDR-A0CDBD16,CASE-0035,+912062619351,+917290393874,2023-05-28T19:47:00,2689,Koramangala,TOWER-482
CDR-EC4F2C87,CASE-0224,+919644787364,+915946278031,2023-10-19T12:34:00,2296,New Town,TOWER-750
CDR-3AD427B4,CASE-0226,+916853038279,+912365135856,2023-10-04T01:48:00,1741,Salt Lake City,TOWER-768
CDR-5ADE6E1D,CASE-0384,+915222093094,+914574318643,2023-10-23T23:00:00,671,Anna Nagar,TOWER-415
CDR-5E78C1AB,CASE-0328,+915487172487,+915363679831,2023-10-19T17:06:00,3220,Salt Lake City,TOWER-131
CDR-D532589B,CASE-0240,+916453121139,+916601793397,2023-10-01T04:22:00,1308,Viman Nagar,TOWER-757
CDR-76583538,CASE-0230,+911182887465,+917004222112,2023-03-10T14:54:00,1096,Noida Sector 18,TOWER-748
CDR-8DB42CD3,CASE-0339,+911655903639,+916337000116,2023-07-01T08:37:00,325,Connaught Place,TOWER-262
CDR-98370718,CASE-0404,+919246433365,+912014789749,2023-04-14T14:30:00,3361,Viman Nagar,TOWER-893
CDR-DE21F14D,CASE-0364,+914575175709,+913608715525,2023-02-16T19:57:00,812,Secunderabad Railway Station,TOWER-671
CDR-C45E9453,CASE-0240,+916454824897,+913388844131,2023-03-27T16:05:00,1919,Andheri West,TOWER-549
CDR-8E4703F2,CASE-0167,+915248245502,+912062619351,2023-02-05T00:19:00,3501,Secunderabad Railway Station,TOWER-764
CDR-9538588D,CASE-0084,+913976188626,+919476065724,2023-03-23T05:25:00,2121,Connaught Place,TOWER-682
CDR-55AE17FF,CASE-0142,+919606541892,+915363853241,2023-04-12T05:14:00,2598,Jubilee Hills,TOWER-375
CDR-0959B079,CASE-0408,+913975433895,+910351193387,2023-08-12T21:07:00,719,Bandra Kurla Complex,TOWER-259
CDR-2DCA8541,CASE-0216,+914271636761,+913329008798,2023-02-05T00:23:00,320,Hinjewadi,TOWER-706
CDR-8486BC56,CASE-0185,+912062619351,+919458484561,2023-03-15T07:13:00,1292,Bandra Kurla Complex,TOWER-305
CDR-382A9783,CASE-0446,+914032404397,+914148060676,2023-06-16T09:28:00,2642,Karol Bagh,TOWER-704
CDR-30F93EFC,CASE-0135,+917499454816,+914175868877,2023-06-29T09:03:00,1253,Gurgaon Sector 29,TOWER-467
CDR-A38D3E5F,CASE-0109,+914239058338,+913837086171,2023-01-09T09:18:00,3340,Secunderabad Railway Station,TOWER-556
CDR-D05CE3C2,CASE-0022,+914864867942,+916385561482,2023-03-20T01:41:00,998,Andheri West,TOWER-763
CDR-5C98B423,CASE-0195,+911873083101,+915888691887,2023-07-07T18:29:00,2752,Indiranagar,TOWER-325
CDR-6DB7D1B0,CASE-0033,+913004677796,+918550498810,2023-09-13T00:30:00,3503,T Nagar,TOWER-102
CDR-9E4ED47F,CASE-0329,+913556095089,+916784356372,2023-03-06T05:41:00,1848,Koramangala,TOWER-326
CDR-5DD38277,CASE-0166,+918690295394,+918096300377,2023-04-26T17:17:00,2572,T Nagar,TOWER-177
CDR-DEBBCCFD,CASE-0428,+911113249945,+916888413933,2023-03-02T23:39:00,265,Noida Sector 18,TOWER-488
CDR-C48AC1B8,CASE-0120,+919468912214,+913323589775,2023-01-20T18:50:00,3130,Bandra Kurla Complex,TOWER-107
CDR-4DFFD7B6,CASE-0176,+913520293182,+914807504568,2023-03-26T17:50:00,2437,Noida Sector 18,TOWER-109
CDR-868612C3,CASE-0235,+911547006274,+918722228296,2023-03-13T05:10:00,3235,Karol Bagh,TOWER-824
CDR-58A18540,CASE-0071,+911614562294,+919962863249,2023-10-28T11:08:00,1398,Viman Nagar,TOWER-675
CDR-0EA4605C,CASE-0258,+912891254249,+913063357525,2023-10-12T01:03:00,763,Viman Nagar,TOWER-667
CDR-95162067,CASE-0201,+916287607520,+915942557616,2023-10-26T21:43:00,77,Jubilee Hills,TOWER-489
CDR-31107A72,CASE-0400,+912541217249,+916937385958,2023-03-12T12:09:00,1450,Viman Nagar,TOWER-986
CDR-AD8F57AE,CASE-0161,+915148982381,+915148982381,2023-04-13T02:10:00,1172,Gurgaon Sector 29,TOWER-506
CDR-14F4BA60,CASE-0187,+918843545700,+914639073631,2023-04-08T05:03:00,2450,Bandra Kurla Complex,TOWER-768
CDR-99C0C35D,CASE-0441,+918797573856,+916611111444,2023-08-27T01:35:00,3454,Connaught Place,TOWER-271
CDR-34A3866D,CASE-0115,+910194795271,+911438581264,2023-10-11T05:10:00,610,Gurgaon Sector 29,TOWER-430
CDR-CD3D334B,CASE-0210,+912848587043,+914911756274,2023-01-10T05:22:00,1298,New Town,TOWER-416
CDR-98B2FBBA,CASE-0245,+913975433895,+912848587043,2023-10-19T23:19:00,2213,Bandra Kurla Complex,TOWER-689
CDR-9D69CCE5,CASE-0038,+913961941329,+919099422078,2023-02-28T07:21:00,2516,Karol Bagh,TOWER-767
CDR-1057CB19,CASE-0099,+918843545700,+918580720017,2023-01-12T01:57:00,725,T Nagar,TOWER-460
CDR-E1C28DF1,CASE-0466,+912062619351,+910932627488,2023-02-09T10:49:00,2048,Gachibowli,TOWER-494
CDR-B93BB5FF,CASE-0245,+913975433895,+913975433895,2023-05-25T10:37:00,359,Andheri West,TOWER-278
CDR-959918E4,CASE-0358,+919872870214,+919268733839,2023-01-25T04:04:00,2717,Viman Nagar,TOWER-186
CDR-808231B9,CASE-0261,+912440682429,+914813120521,2023-02-01T04:07:00,726,Anna Nagar,TOWER-153
CDR-5A966280,CASE-0032,+912440682429,+918210794690,2023-07-13T23:34:00,149,T Nagar,TOWER-769
CDR-5D90D43E,CASE-0213,+914271636761,+913690565218,2023-10-20T01:57:00,1929,Anna Nagar,TOWER-369
CDR-8D65A321,CASE-0260,+916823805570,+916691772507,2023-03-05T21:51:00,2763,Gachibowli,TOWER-764
CDR-0F9DBBAE,CASE-0172,+912390045150,+919668738453,2023-03-05T19:15:00,2566,Jubilee Hills,TOWER-713
CDR-6A60474E,CASE-0479,+911944555315,+914271636761,2023-01-31T12:42:00,2523,Viman Nagar,TOWER-793
CDR-E91EB209,CASE-0428,+916599503486,+917683529026,2023-08-06T15:30:00,2200,Andheri West,TOWER-538
CDR-EB3E0AE2,CASE-0024,+915140721957,+915999774536,2023-06-24T08:31:00,519,New Town,TOWER-577
CDR-EF2DCC75,CASE-0185,+912062619351,+918116121604,2023-04-24T08:06:00,3597,Connaught Place,TOWER-153
CDR-A4BB521B,CASE-0469,+916467269393,+916679269511,2023-08-09T00:00:00,376,Hinjewadi,TOWER-796
CDR-9BACE0AA,CASE-0009,+917903483496,+912772136477,2023-03-07T11:31:00,2692,Viman Nagar,TOWER-504
CDR-54A4D7D1,CASE-0251,+917290393874,+916806185252,2023-05-15T12:03:00,2121,Karol Bagh,TOWER-552
CDR-DA598F83,CASE-0445,+910753540823,+910554252507,2023-10-22T17:48:00,2994,Indiranagar,TOWER-573
CDR-170028D1,CASE-0199,+917290393874,+911407740263,2023-01-29T08:35:00,3345,Gurgaon Sector 29,TOWER-627
CDR-CB4231A8,CASE-0092,+917493489727,+919925912629,2023-04-02T23:52:00,1525,T Nagar,TOWER-272
CDR-313D4033,CASE-0167,+919458484561,+919233290023,2023-05-22T11:41:00,1661,Viman Nagar,TOWER-467
CDR-5DB2D441,CASE-0094,+912848587043,+912848587043,2023-03-24T03:19:00,1965,T Nagar,TOWER-817
CDR-ABF42B06,CASE-0148,+917428769944,+912660028967,2023-02-19T09:25:00,2581,Vasant Kunj,TOWER-849
CDR-8922B182,CASE-0479,+911944555315,+910714008531,2023-05-25T19:47:00,1301,Indiranagar,TOWER-534
CDR-C5B774B4,CASE-0169,+918843545700,+910932627488,2023-06-13T09:55:00,2701,Connaught Place,TOWER-697
CDR-F1B129F6,CASE-0390,+912596986383,+917052529978,2023-02-19T23:59:00,891,Indiranagar,TOWER-704
CDR-FC8E2B6B,CASE-0361,+914359315208,+914235432636,2023-09-14T02:07:00,1089,Hinjewadi,TOWER-904
CDR-5AB97A25,CASE-0235,+914239058338,+914239058338,2023-04-09T05:42:00,3577,Connaught Place,TOWER-154
CDR-91A7525C,CASE-0261,+910086146753,+914607017551,2023-01-18T23:32:00,1463,Salt Lake City,TOWER-281
CDR-16E00AEE,CASE-0500,+912604191298,+911016122411,2023-03-26T18:55:00,3183,Connaught Place,TOWER-280
CDR-833158E2,CASE-0188,+916459405371,+914278367677,2023-06-04T21:24:00,3342,Andheri West,TOWER-410
CDR-2F0702FE,CASE-0337,+910956186739,+916017099002,2023-03-17T20:34:00,3280,Gurgaon Sector 29,TOWER-931
CDR-C8DC7F49,CASE-0154,+914239058338,+912220973232,2023-02-27T13:31:00,2282,Connaught Place,TOWER-207
CDR-E72CB5A4,CASE-0394,+917749462059,+913223189937,2023-04-06T21:27:00,3367,Indiranagar,TOWER-407
CDR-59523235,CASE-0192,+913975433895,+919406883253,2023-08-08T07:45:00,485,T Nagar,TOWER-311
CDR-DE6A5E02,CASE-0329,+914359315208,+916841925983,2023-07-26T19:36:00,2722,Jubilee Hills,TOWER-270
CDR-6BF1CE04,CASE-0026,+910539363533,+917301329597,2023-03-26T05:18:00,2288,Bandra Kurla Complex,TOWER-347
CDR-65C4D6E3,CASE-0088,+916501095163,+917845300678,2023-04-18T16:48:00,2483,Gachibowli,TOWER-419
CDR-DFFCA4BA,CASE-0200,+913802655879,+915148982381,2023-01-27T14:09:00,1693,Gachibowli,TOWER-909
CDR-C960B265,CASE-0298,+917674846884,+918299775112,2023-05-14T22:50:00,2797,Bandra Kurla Complex,TOWER-468
CDR-46154EDD,CASE-0341,+914239058338,+911615596853,2023-07-25T04:27:00,976,Koramangala,TOWER-718
CDR-DC2D7679,CASE-0340,+914206370446,+919248896143,2023-09-01T13:07:00,1782,Koramangala,TOWER-946
CDR-105C0793,CASE-0229,+912848587043,+910539363533,2023-10-20T17:51:00,3407,Hinjewadi,TOWER-377
CDR-6F76E0D9,CASE-0300,+912905983086,+918721616195,2023-10-03T21:54:00,608,New Town,TOWER-759
CDR-A21CF05F,CASE-0442,+915920116378,+912426392394,2023-09-29T21:59:00,1212,Noida Sector 18,TOWER-636
CDR-07D9FFEB,CASE-0267,+917290393874,+915527465681,2023-10-16T20:56:00,3023,Anna Nagar,TOWER-344
CDR-AF3F8528,CASE-0023,+912848587043,+912848587043,2023-10-08T16:16:00,2859,Connaught Place,TOWER-269
CDR-003510CF,CASE-0284,+916198640484,+913640384403,2023-03-16T03:38:00,740,Gachibowli,TOWER-311
CDR-0FF2F8E4,CASE-0065,+917156318635,+912935565536,2023-07-29T12:11:00,685,Indiranagar,TOWER-760
CDR-95CA80B2,CASE-0400,+915374158858,+915137448095,2023-04-24T05:58:00,2793,New Town,TOWER-210
CDR-68D8854A,CASE-0050,+917377262764,+914512639428,2023-03-06T03:50:00,1835,Jubilee Hills,TOWER-710
CDR-88BC9D85,CASE-0404,+915850796909,+913398977307,2023-10-28T03:04:00,1213,Anna Nagar,TOWER-767
CDR-54433402,CASE-0130,+918529666232,+915140721957,2023-06-20T02:52:00,3440,Secunderabad Railway Station,TOWER-305
CDR-F7FF3656,CASE-0167,+915148982381,+916108244459,2023-01-19T18:47:00,2351,Jubilee Hills,TOWER-684
CDR-4D5E46D7,CASE-0479,+911944555315,+910594340793,2023-02-01T21:44:00,1560,Jubilee Hills,TOWER-364
CDR-EE42D30C,CASE-0147,+910883483174,+912848587043,2023-07-24T10:23:00,271,Jubilee Hills,TOWER-649
CDR-E917D898,CASE-0354,+917104875947,+911766061813,2023-02-10T04:35:00,2310,Andheri West,TOWER-605
CDR-49CE37F7,CASE-0355,+915240512444,+919521532031,2023-06-15T19:16:00,2125,Jubilee Hills,TOWER-774
CDR-379C8948,CASE-0285,+918939472482,+911116173569,2023-01-24T11:34:00,1348,Indiranagar,TOWER-986
CDR-7153DCA0,CASE-0354,+916728951737,+911944331813,2023-04-18T22:37:00,1555,Viman Nagar,TOWER-334
CDR-84E68670,CASE-0283,+914030400199,+918032120179,2023-09-05T11:34:00,1089,Gachibowli,TOWER-139
CDR-92401005,CASE-0307,+914359315208,+914359315208,2023-09-19T01:40:00,1209,Connaught Place,TOWER-353
CDR-B133C525,CASE-0060,+918447114303,+912781097704,2023-10-19T13:01:00,2846,Indiranagar,TOWER-846
CDR-9F3AA472,CASE-0162,+917515048472,+917290393874,2023-08-30T20:20:00,2550,Karol Bagh,TOWER-270
CDR-F77D9F1C,CASE-0124,+910053687996,+913608715525,2023-04-01T18:26:00,2233,Salt Lake City,TOWER-612
CDR-D70015AE,CASE-0174,+910539363533,+917684520148,2023-07-21T01:34:00,2438,New Town,TOWER-216
CDR-E908204C,CASE-0499,+915058609786,+912440682429,2023-02-26T17:01:00,355,Bandra Kurla Complex,TOWER-935
CDR-78743292,CASE-0478,+915394963091,+919934768501,2023-06-06T10:38:00,1321,New Town,TOWER-344
CDR-0181747D,CASE-0050,+917569949669,+917247484850,2023-05-28T09:13:00,2383,T Nagar,TOWER-125
CDR-E14577D0,CASE-0287,+917290393874,+918943013538,2023-05-25T11:22:00,1339,Salt Lake City,TOWER-567
CDR-D6B1C335,CASE-0065,+910856746333,+910351193387,2023-01-10T11:28:00,1603,Koramangala,TOWER-370
CDR-97A59186,CASE-0075,+914785692664,+910539363533,2023-05-28T16:38:00,1341,Jubilee Hills,TOWER-205
CDR-7200758C,CASE-0200,+917290393874,+919458484561,2023-03-11T07:19:00,1898,Viman Nagar,TOWER-156
CDR-19184884,CASE-0457,+912307915163,+910496574815,2023-04-22T18:11:00,3230,Noida Sector 18,TOWER-259
CDR-42EC8642,CASE-0363,+916799420672,+913833002097,2023-10-22T10:13:00,1461,T Nagar,TOWER-852
CDR-9ECC4B02,CASE-0370,+918388825721,+910131515265,2023-05-14T21:20:00,12,Anna Nagar,TOWER-955
CDR-CA9A61C4,CASE-0269,+917290393874,+918545155824,2023-03-28T12:32:00,1223,New Town,TOWER-979
CDR-D5CAEC34,CASE-0144,+915024878084,+914271636761,2023-05-27T14:09:00,2659,Koramangala,TOWER-247
CDR-C60D96F7,CASE-0270,+915041435052,+910175260400,2023-06-14T20:41:00,1823,Bandra Kurla Complex,TOWER-716
CDR-D7203A53,CASE-0254,+913967092791,+914651670951,2023-07-25T02:59:00,1108,Anna Nagar,TOWER-941
CDR-F95F8269,CASE-0486,+919575107699,+916905579277,2023-08-04T04:21:00,3347,Andheri West,TOWER-499
CDR-94D23BF2,CASE-0129,+912062619351,+914003465516,2023-05-26T20:26:00,2830,Gachibowli,TOWER-518
CDR-0C771781,CASE-0167,+918851004247,+917290393874,2023-10-28T20:45:00,2948,Salt Lake City,TOWER-373
CDR-A03AA80D,CASE-0432,+915148982381,+918835462404,2023-01-28T15:28:00,510,Noida Sector 18,TOWER-359
CDR-68E7A6C2,CASE-0247,+914847161069,+912126084470,2023-01-20T20:58:00,3129,New Town,TOWER-577
CDR-09F8C44C,CASE-0342,+918816886576,+917019721336,2023-06-17T11:40:00,3377,T Nagar,TOWER-915
CDR-6D58B60F,CASE-0089,+917728512752,+918234560588,2023-04-19T00:55:00,725,Noida Sector 18,TOWER-263
CDR-4CD25D54,CASE-0142,+919606541892,+916697138596,2023-05-20T19:36:00,430,Salt Lake City,TOWER-666
CDR-EDF90E8C,CASE-0191,+915148982381,+910270215443,2023-07-11T06:04:00,1442,Hinjewadi,TOWER-149
CDR-160EBB99,CASE-0008,+917498717859,+914401173057,2023-06-26T22:37:00,1246,Vasant Kunj,TOWER-854
CDR-7FF5C5B5,CASE-0261,+912440682429,+913382291830,2023-05-21T16:56:00,3382,Secunderabad Railway Station,TOWER-427
CDR-C8DEE1DF,CASE-0483,+913292550969,+919614176568,2023-09-07T06:41:00,2575,New Town,TOWER-179
CDR-4BA36706,CASE-0452,+916270441617,+914811341089,2023-03-01T11:48:00,2636,Koramangala,TOWER-764
CDR-AEAABE16,CASE-0498,+914359315208,+910184066930,2023-08-11T21:00:00,2429,Secunderabad Railway Station,TOWER-707
CDR-D687A411,CASE-0473,+919613352549,+917493796521,2023-10-21T02:04:00,2388,Anna Nagar,TOWER-439
CDR-7C6A5586,CASE-0009,+919743316415,+916487649784,2023-10-10T16:35:00,2057,Andheri West,TOWER-508
CDR-80B9A227,CASE-0488,+911340095113,+915758428461,2023-07-06T04:43:00,2798,Secunderabad Railway Station,TOWER-612
CDR-3DE3FCDE,CASE-0053,+915919381030,+919384455456,2023-06-24T06:25:00,2275,Vasant Kunj,TOWER-323
CDR-1A84FAC1,CASE-0041,+910257807600,+918786429218,2023-05-08T15:13:00,2504,Connaught Place,TOWER-614
CDR-2F19C624,CASE-0012,+915024878084,+916209181900,2023-10-02T15:44:00,312,Noida Sector 18,TOWER-265
CDR-9FA33DBC,CASE-0063,+913967092791,+912271913118,2023-02-17T04:06:00,3218,New Town,TOWER-553
CDR-5BB9AFA0,CASE-0353,+915527465681,+914239058338,2023-02-13T17:20:00,882,Hinjewadi,TOWER-862
CDR-CBBD212E,CASE-0298,+919209629821,+912610201782,2023-07-30T09:31:00,2261,Bandra Kurla Complex,TOWER-458
CDR-E651048C,CASE-0257,+911885956157,+919015226643,2023-08-05T03:43:00,366,T Nagar,TOWER-268
CDR-52402A7C,CASE-0267,+917290393874,+916105050817,2023-09-09T04:49:00,2160,Gachibowli,TOWER-812
CDR-8C6C3E35,CASE-0494,+911338380902,+911966728715,2023-03-12T04:56:00,3439,Gurgaon Sector 29,TOWER-684
CDR-6D1923D0,CASE-0010,+912887085748,+915444471018,2023-06-25T12:58:00,590,Hinjewadi,TOWER-680
CDR-FF7DF202,CASE-0019,+911782032348,+915175396031,2023-06-25T23:08:00,899,Noida Sector 18,TOWER-635
CDR-00DB7EA0,CASE-0167,+915148982381,+918989296159,2023-02-02T05:09:00,1041,T Nagar,TOWER-403
CDR-AFFE0C85,CASE-0491,+916994469083,+912327717991,2023-05-13T08:50:00,2946,Connaught Place,TOWER-528
CDR-CAE5B7D8,CASE-0027,+910134604279,+917229082210,2023-07-10T16:05:00,793,Noida Sector 18,TOWER-747
CDR-6A3D26D3,CASE-0470,+912440682429,+910539363533,2023-07-31T21:05:00,1491,Koramangala,TOWER-413
CDR-218AF80D,CASE-0388,+912875280113,+916209181900,2023-05-01T07:23:00,381,Noida Sector 18,TOWER-409
CDR-5B059380,CASE-0111,+917845120099,+914239058338,2023-09-09T14:53:00,1870,Jubilee Hills,TOWER-416
CDR-84F7CCF9,CASE-0028,+915024878084,+915024878084,2023-09-08T22:59:00,993,Hinjewadi,TOWER-403
CDR-32D90A20,CASE-0369,+913718122167,+919594678534,2023-08-02T23:18:00,626,T Nagar,TOWER-156
CDR-84D3D0C6,CASE-0410,+910753540823,+919658647308,2023-09-08T10:35:00,205,Andheri West,TOWER-369
CDR-B3BD19A5,CASE-0179,+913975433895,+914271636761,2023-08-27T04:50:00,2032,Andheri West,TOWER-545
CDR-63FE38F8,CASE-0059,+910012441105,+913106658098,2023-10-07T09:21:00,1270,Salt Lake City,TOWER-898
CDR-2A5E3A8E,CASE-0124,+912572098936,+911572605686,2023-07-16T00:36:00,1944,Connaught Place,TOWER-531
CDR-EF136D18,CASE-0317,+915765697117,+914676350481,2023-08-12T04:23:00,1327,Gurgaon Sector 29,TOWER-633
CDR-29C667D6,CASE-0344,+910932627488,+915885592719,2023-08-10T03:40:00,490,Vasant Kunj,TOWER-449
CDR-B80A2146,CASE-0080,+917607880395,+913284709796,2023-01-08T22:52:00,3564,New Town,TOWER-889
CDR-5FD12FA9,CASE-0177,+911043729127,+916267939316,2023-04-01T17:39:00,2695,Gurgaon Sector 29,TOWER-688
CDR-A2D8808F,CASE-0270,+919259859746,+911676281432,2023-03-23T16:04:00,3210,Anna Nagar,TOWER-322
CDR-620F6226,CASE-0212,+916957872622,+915946181492,2023-07-26T07:59:00,1280,Koramangala,TOWER-252
CDR-BE7D463D,CASE-0315,+910770357861,+910812323045,2023-07-07T06:10:00,1961,Viman Nagar,TOWER-730
CDR-932F5933,CASE-0023,+912848587043,+911797406814,2023-08-08T18:33:00,802,Vasant Kunj,TOWER-819
CDR-AAD402C4,CASE-0082,+914449595368,+916115396894,2023-09-27T07:11:00,1096,Viman Nagar,TOWER-334
CDR-71EF66B7,CASE-0253,+910112294440,+911782032348,2023-07-18T20:48:00,2032,Karol Bagh,TOWER-394
CDR-B086C4DF,CASE-0464,+919744029431,+914961634469,2023-08-12T14:05:00,2927,Noida Sector 18,TOWER-626
CDR-C6B2278C,CASE-0343,+915616876987,+918798267197,2023-06-25T04:48:00,360,Indiranagar,TOWER-517
CDR-67C41097,CASE-0198,+916325484698,+913307454381,2023-09-17T11:02:00,1604,Salt Lake City,TOWER-913
CDR-B67FF28C,CASE-0044,+913287294594,+917253643903,2023-03-03T03:38:00,1147,Secunderabad Railway Station,TOWER-750
CDR-71A1CE77,CASE-0127,+917049772635,+913588506133,2023-04-20T12:03:00,567,Hinjewadi,TOWER-950
CDR-F1718785,CASE-0207,+915204301001,+912484502022,2023-09-11T13:26:00,2254,Anna Nagar,TOWER-939
CDR-9681F9F5,CASE-0462,+914635031611,+915027940200,2023-02-23T23:28:00,1989,Gurgaon Sector 29,TOWER-199
CDR-C5E23C95,CASE-0189,+914271636761,+919637795053,2023-05-12T11:54:00,1730,Secunderabad Railway Station,TOWER-837
CDR-34642A71,CASE-0144,+915024878084,+910753540823,2023-05-10T17:01:00,2679,New Town,TOWER-267
CDR-4760E9AA,CASE-0229,+912848587043,+916674355935,2023-07-02T06:17:00,77,Bandra Kurla Complex,TOWER-259
CDR-A5DB2089,CASE-0226,+916853038279,+916320053532,2023-10-24T19:54:00,194,Hinjewadi,TOWER-748
CDR-8DD9F52E,CASE-0037,+912848587043,+913967092791,2023-05-16T21:57:00,1079,Bandra Kurla Complex,TOWER-925
CDR-7CA38B1A,CASE-0052,+916866149630,+910886108882,2023-06-12T09:13:00,581,Gachibowli,TOWER-137
CDR-EB9E6655,CASE-0361,+914359315208,+914239058338,2023-08-02T17:32:00,3466,Bandra Kurla Complex,TOWER-982
CDR-8A0E4D9E,CASE-0218,+916853957256,+919618547415,2023-05-29T21:12:00,365,Koramangala,TOWER-818
CDR-F314EFD9,CASE-0385,+916615867704,+918327741000,2023-06-30T23:38:00,44,Salt Lake City,TOWER-277
CDR-CB142465,CASE-0298,+913698820164,+918004197569,2023-10-18T17:31:00,359,Bandra Kurla Complex,TOWER-992
CDR-536FF004,CASE-0137,+911782032348,+911885956157,2023-04-03T07:47:00,3008,Vasant Kunj,TOWER-524
CDR-3BA5325B,CASE-0378,+916763530693,+919042955210,2023-09-08T01:02:00,2040,Bandra Kurla Complex,TOWER-502
CDR-B552F4AA,CASE-0059,+919274027562,+913298652085,2023-08-25T20:23:00,394,Bandra Kurla Complex,TOWER-368
CDR-61736532,CASE-0404,+915940411039,+911121282636,2023-07-14T17:39:00,782,New Town,TOWER-915
CDR-22D02360,CASE-0451,+918537162318,+912848587043,2023-07-02T03:12:00,383,Karol Bagh,TOWER-246
CDR-8530DBC5,CASE-0070,+913608715525,+913846571419,2023-06-11T05:49:00,1967,Noida Sector 18,TOWER-167
CDR-93BA6D33,CASE-0337,+916953741440,+912640679071,2023-10-21T22:48:00,3317,Karol Bagh,TOWER-116
CDR-93F33461,CASE-0074,+915024878084,+914271636761,2023-03-18T19:53:00,12,Karol Bagh,TOWER-302
CDR-AA6B7F63,CASE-0122,+912848587043,+910539363533,2023-07-15T16:54:00,795,Koramangala,TOWER-838
CDR-9E987846,CASE-0094,+912848587043,+910340546076,2023-02-19T05:35:00,420,Salt Lake City,TOWER-849
CDR-123048D8,CASE-0275,+911079333923,+917987557258,2023-07-11T06:56:00,2643,Jubilee Hills,TOWER-827
CDR-D953930D,CASE-0275,+915868958300,+918545155824,2023-01-19T03:42:00,2106,Noida Sector 18,TOWER-925
CDR-B075F2AB,CASE-0285,+912477768183,+911590359610,2023-02-11T01:45:00,357,Noida Sector 18,TOWER-427
CDR-AA20B8D4,CASE-0485,+912636184873,+915147619114,2023-01-26T10:08:00,946,Jubilee Hills,TOWER-280
CDR-6CDD80FD,CASE-0418,+915576200250,+916590929819,2023-09-13T09:45:00,3336,Andheri West,TOWER-222
CDR-17712C00,CASE-0434,+914239058338,+914239058338,2023-04-12T19:57:00,665,Anna Nagar,TOWER-399
CDR-F814E6A2,CASE-0365,+919458484561,+918684009368,2023-04-09T09:13:00,3464,Viman Nagar,TOWER-697
CDR-83409571,CASE-0041,+915041435052,+914235432636,2023-04-29T06:38:00,1912,Connaught Place,TOWER-999
CDR-7471C39E,CASE-0100,+918361915972,+917959184082,2023-10-05T00:03:00,3495,Viman Nagar,TOWER-722
CDR-76D8896B,CASE-0105,+912566064131,+914717352726,2023-03-17T01:16:00,1309,T Nagar,TOWER-907
CDR-37FA3BDD,CASE-0335,+917905503414,+911982584521,2023-07-29T09:45:00,1817,Anna Nagar,TOWER-641
CDR-2F635A67,CASE-0280,+918932983493,+916326586230,2023-07-06T20:29:00,1871,Anna Nagar,TOWER-105
CDR-B075376C,CASE-0306,+914271636761,+916663621759,2023-08-11T22:37:00,2348,Hinjewadi,TOWER-565
CDR-703557CE,CASE-0431,+911977332202,+910053206585,2023-02-28T00:06:00,2747,Viman Nagar,TOWER-202
CDR-3AAC6576,CASE-0270,+912121016769,+919245156026,2023-08-01T10:58:00,185,Gachibowli,TOWER-194
CDR-8B8FDDBF,CASE-0234,+910000103705,+914765654349,2023-09-06T22:06:00,1131,Secunderabad Railway Station,TOWER-272
CDR-D8F6815E,CASE-0050,+919001153205,+913923636427,2023-05-09T14:55:00,2723,Salt Lake City,TOWER-758
CDR-13A06D9F,CASE-0420,+912789930564,+914631739218,2023-02-16T07:01:00,1529,Anna Nagar,TOWER-612
CDR-6CECD0E8,CASE-0116,+912012248176,+910181544703,2023-02-09T10:07:00,1783,Bandra Kurla Complex,TOWER-923
CDR-230E9DDC,CASE-0147,+917865646591,+913975433895,2023-06-12T18:09:00,261,T Nagar,TOWER-644
CDR-675784E7,CASE-0314,+913303142083,+918843545700,2023-03-21T22:06:00,1435,Hinjewadi,TOWER-189
CDR-980E9A5F,CASE-0464,+919744029431,+919740047512,2023-02-12T15:10:00,3037,Jubilee Hills,TOWER-708
CDR-B3FD4C5A,CASE-0057,+918067861386,+915990639023,2023-05-19T13:34:00,2913,Gachibowli,TOWER-396
CDR-A401C2D8,CASE-0490,+919458484561,+912062619351,2023-02-01T21:17:00,2200,Viman Nagar,TOWER-437
CDR-9CF5834D,CASE-0023,+912848587043,+911885956157,2023-05-14T05:29:00,2085,Gachibowli,TOWER-594
CDR-77791D62,CASE-0432,+915148982381,+912062619351,2023-02-18T14:39:00,2476,New Town,TOWER-339
CDR-C0ECE33C,CASE-0457,+915430796581,+915757422596,2023-05-10T13:19:00,2860,Gachibowli,TOWER-568
CDR-C28DBD45,CASE-0104,+918297172371,+919868509516,2023-09-19T13:18:00,2052,Secunderabad Railway Station,TOWER-418
CDR-0AB8E2FE,CASE-0467,+918843545700,+914470925651,2023-06-16T01:52:00,2840,Vasant Kunj,TOWER-460
CDR-AEF41B35,CASE-0296,+913547280012,+910753540823,2023-07-28T03:11:00,19,Viman Nagar,TOWER-689
CDR-3DA70F41,CASE-0157,+913965686271,+915623421972,2023-04-29T11:56:00,1318,T Nagar,TOWER-374
CDR-7AF3F835,CASE-0200,+917290393874,+917205373792,2023-08-19T13:15:00,1688,Bandra Kurla Complex,TOWER-424
CDR-37E25737,CASE-0276,+917900138637,+919668738453,2023-01-28T23:54:00,1664,Hinjewadi,TOWER-761
CDR-07DC4661,CASE-0380,+914910470332,+917322796201,2023-07-22T04:05:00,2521,Viman Nagar,TOWER-358
CDR-23C6FB00,CASE-0234,+910000103705,+914500847341,2023-08-15T10:49:00,302,Hinjewadi,TOWER-419
CDR-F79869EC,CASE-0095,+918332316371,+915668372393,2023-09-03T06:29:00,1806,Karol Bagh,TOWER-661
CDR-F09E8211,CASE-0068,+914813120521,+914359315208,2023-04-11T06:11:00,1963,Bandra Kurla Complex,TOWER-198
CDR-CA5E8365,CASE-0443,+916064841186,+911376606035,2023-04-06T07:21:00,706,Hinjewadi,TOWER-389
CDR-0467E602,CASE-0305,+914359315208,+919019182745,2023-04-15T04:04:00,2803,Bandra Kurla Complex,TOWER-915
CDR-09A1E865,CASE-0478,+910402871854,+914271636761,2023-06-23T14:16:00,1870,T Nagar,TOWER-213
CDR-D4D3C935,CASE-0047,+918843545700,+915893521155,2023-08-18T02:50:00,2406,Noida Sector 18,TOWER-274
CDR-4255CA97,CASE-0311,+915920116378,+912005279230,2023-07-05T11:46:00,1326,Andheri West,TOWER-873
CDR-AA57CB28,CASE-0267,+917340459005,+910417078071,2023-01-18T23:14:00,1909,Anna Nagar,TOWER-624
CDR-8AA10E2B,CASE-0223,+917989421287,+911885956157,2023-10-07T05:20:00,573,Hinjewadi,TOWER-763
CDR-BFA1C43D,CASE-0494,+911332806117,+916936489677,2023-03-14T07:41:00,3504,Noida Sector 18,TOWER-379
CDR-997C852D,CASE-0314,+918545155824,+911940031688,2023-07-16T15:14:00,1127,Jubilee Hills,TOWER-794
CDR-AA2C0C8F,CASE-0116,+912012248176,+915758036344,2023-07-09T22:35:00,1114,Salt Lake City,TOWER-262
CDR-7A5FCC35,CASE-0132,+913975433895,+914271636761,2023-09-09T12:07:00,1575,Andheri West,TOWER-195
CDR-9C802A55,CASE-0483,+918624564306,+915269133195,2023-03-01T23:38:00,2980,Salt Lake City,TOWER-863
CDR-9EEC5C32,CASE-0292,+915041435052,+914246424086,2023-03-11T19:13:00,251,Koramangala,TOWER-550
CDR-DDCC5E07,CASE-0209,+914359315208,+918646745808,2023-05-30T21:17:00,2515,Secunderabad Railway Station,TOWER-199
CDR-4FDF6AE5,CASE-0314,+913303142083,+917098561669,2023-01-28T10:07:00,2963,Andheri West,TOWER-134
CDR-394C8A9C,CASE-0301,+914689928547,+911021385949,2023-03-23T09:19:00,1441,Gurgaon Sector 29,TOWER-921
CDR-00E350A9,CASE-0228,+914464583306,+910101173267,2023-07-19T18:44:00,298,Bandra Kurla Complex,TOWER-887
CDR-CF93D103,CASE-0052,+916866149630,+915041435052,2023-02-16T17:57:00,2462,New Town,TOWER-315
CDR-B8B6BC62,CASE-0483,+917648928503,+915188396965,2023-05-04T18:59:00,2797,Vasant Kunj,TOWER-854
CDR-D6173A0B,CASE-0360,+919458484561,+919458484561,2023-03-13T13:49:00,2749,Bandra Kurla Complex,TOWER-168
CDR-4776F4DF,CASE-0172,+912390045150,+919621969496,2023-05-18T00:49:00,2561,Connaught Place,TOWER-120
CDR-29F02B3F,CASE-0174,+914271636761,+913055495410,2023-07-05T14:51:00,3362,Jubilee Hills,TOWER-329
CDR-504097BC,CASE-0289,+914573281467,+910823759998,2023-02-27T22:22:00,119,Hinjewadi,TOWER-918
CDR-939BB9A0,CASE-0068,+914813120521,+914841295383,2023-07-25T09:40:00,476,Andheri West,TOWER-894
CDR-F645D2B7,CASE-0053,+915148982381,+915240888877,2023-07-11T01:40:00,2641,Vasant Kunj,TOWER-529
CDR-65C34747,CASE-0229,+915295613141,+914359128744,2023-10-14T17:16:00,2289,Bandra Kurla Complex,TOWER-526
CDR-B30D806A,CASE-0405,+919504574367,+912368167186,2023-07-09T06:40:00,3553,New Town,TOWER-716
CDR-411B0423,CASE-0319,+910753540823,+913547280012,2023-07-19T19:48:00,3590,Andheri West,TOWER-774
CDR-A5040479,CASE-0371,+912062619351,+912986736964,2023-01-10T23:47:00,2679,Vasant Kunj,TOWER-632
CDR-265D347F,CASE-0221,+912135016998,+913967092791,2023-10-18T18:25:00,1733,Connaught Place,TOWER-564
CDR-378778BA,CASE-0052,+916866149630,+910751462885,2023-06-12T18:20:00,810,Vasant Kunj,TOWER-423
CDR-D7641FFC,CASE-0235,+914239058338,+915142438169,2023-09-15T12:53:00,2529,Noida Sector 18,TOWER-387
CDR-C807A6F6,CASE-0428,+916599503486,+917310488535,2023-06-20T03:31:00,89,Bandra Kurla Complex,TOWER-640
CDR-97802541,CASE-0078,+910539363533,+919292162551,2023-04-25T03:11:00,451,Anna Nagar,TOWER-323
CDR-0D7533A3,CASE-0157,+913965686271,+911439180265,2023-04-21T12:26:00,1634,Hinjewadi,TOWER-488
CDR-CD04496C,CASE-0132,+918843545700,+914151380616,2023-05-19T12:40:00,2447,Koramangala,TOWER-820
CDR-ADF5F941,CASE-0293,+914674937707,+915401206762,2023-01-03T00:46:00,1692,Koramangala,TOWER-163
CDR-50A913B9,CASE-0326,+910983488716,+917067516280,2023-07-31T00:30:00,943,T Nagar,TOWER-987
CDR-D08E7C2B,CASE-0251,+918545155824,+915527465681,2023-06-20T18:46:00,3099,Gachibowli,TOWER-704
CDR-133031FA,CASE-0284,+916175664304,+919458484561,2023-10-27T16:06:00,1729,Secunderabad Railway Station,TOWER-953
CDR-76448B77,CASE-0059,+919274027562,+914553836211,2023-04-15T07:40:00,2616,Koramangala,TOWER-246
CDR-9ECB84CF,CASE-0441,+918797573856,+911065042908,2023-01-19T11:10:00,2049,T Nagar,TOWER-790
CDR-1231487A,CASE-0207,+910909220582,+916623146452,2023-05-18T09:26:00,466,Vasant Kunj,TOWER-845
CDR-CF6A7700,CASE-0362,+917290393874,+919458484561,2023-03-16T00:09:00,485,Vasant Kunj,TOWER-804
CDR-D02EC9C8,CASE-0236,+913067876211,+911681429876,2023-06-13T11:44:00,623,Secunderabad Railway Station,TOWER-356
CDR-4ACC2994,CASE-0274,+911189675747,+910969723180,2023-05-29T17:18:00,68,Jubilee Hills,TOWER-713
CDR-CE9DBEB8,CASE-0445,+910753540823,+910753540823,2023-06-22T07:29:00,188,T Nagar,TOWER-272
CDR-0CFE79EE,CASE-0336,+915515908200,+918569869835,2023-10-20T13:33:00,2788,Secunderabad Railway Station,TOWER-418
CDR-D830F543,CASE-0389,+918741001772,+916362332331,2023-03-15T11:46:00,313,Gurgaon Sector 29,TOWER-145
CDR-E7839896,CASE-0242,+915750870070,+910952737937,2023-06-16T03:29:00,2580,Bandra Kurla Complex,TOWER-375
CDR-DAE5386E,CASE-0436,+914271636761,+914235432636,2023-03-04T04:35:00,1749,T Nagar,TOWER-387
CDR-D5FBF563,CASE-0358,+919872870214,+910539363533,2023-06-19T16:18:00,1739,Andheri West,TOWER-486
CDR-703A0D8E,CASE-0132,+913827132785,+910409361664,2023-04-29T18:02:00,2271,New Town,TOWER-634
CDR-AB72B7FE,CASE-0052,+916866149630,+918689198000,2023-10-27T06:59:00,809,Hinjewadi,TOWER-404
CDR-53DDB585,CASE-0015,+918037233392,+919978368236,2023-05-21T10:49:00,437,Jubilee Hills,TOWER-198
CDR-DDDBC846,CASE-0154,+911981757419,+916143025562,2023-08-07T17:06:00,364,Indiranagar,TOWER-411
CDR-23642F7C,CASE-0021,+917869786762,+915140721957,2023-04-27T09:15:00,2827,Salt Lake City,TOWER-262
CDR-51DAE677,CASE-0182,+919161140906,+916147807536,2023-03-27T06:43:00,2821,Bandra Kurla Complex,TOWER-133
CDR-DE019863,CASE-0110,+912848587043,+912365662219,2023-08-27T18:33:00,1114,Bandra Kurla Complex,TOWER-769
CDR-F4C40982,CASE-0406,+914343109654,+918646745808,2023-06-02T04:42:00,1077,T Nagar,TOWER-105
CDR-9279E8E4,CASE-0139,+912998632328,+918535939018,2023-09-12T13:34:00,72,Bandra Kurla Complex,TOWER-219
CDR-F8196031,CASE-0271,+917290393874,+913563223407,2023-10-22T16:09:00,2859,Koramangala,TOWER-377
CDR-A3FE06CF,CASE-0267,+917290393874,+918915755708,2023-08-22T18:33:00,1120,New Town,TOWER-317
CDR-09E3E315,CASE-0457,+918087440609,+911148854562,2023-05-17T01:44:00,786,Andheri West,TOWER-870
CDR-FC5F05D7,CASE-0164,+911885956157,+910115772716,2023-04-15T20:18:00,653,Bandra Kurla Complex,TOWER-865
CDR-4CE3D687,CASE-0385,+914972000857,+914489990853,2023-06-23T21:10:00,3380,New Town,TOWER-753
CDR-29CBB580,CASE-0272,+914271636761,+912667481083,2023-01-03T11:31:00,2751,Koramangala,TOWER-240
CDR-DA824166,CASE-0328,+918543058950,+915247668901,2023-07-05T01:15:00,2551,Hinjewadi,TOWER-826
CDR-3FC0B9CC,CASE-0409,+917541620441,+913547280012,2023-01-08T07:14:00,2691,Indiranagar,TOWER-545
CDR-35C16AB7,CASE-0332,+912320285188,+919458484561,2023-10-23T12:37:00,2476,Gachibowli,TOWER-856
CDR-497646F8,CASE-0040,+917271173164,+918843615431,2023-05-20T21:21:00,1643,Indiranagar,TOWER-410
CDR-FABC2142,CASE-0265,+917174127261,+912649170748,2023-05-08T15:58:00,2348,Salt Lake City,TOWER-460
CDR-FB4FCD00,CASE-0013,+918633601109,+919867852777,2023-08-27T02:03:00,2080,Noida Sector 18,TOWER-826
CDR-29DFDB4A,CASE-0151,+912273170905,+912569844573,2023-03-15T20:24:00,1028,Noida Sector 18,TOWER-348
CDR-EAAA958B,CASE-0357,+914078836069,+913508760798,2023-02-05T13:16:00,485,Andheri West,TOWER-462
CDR-5CA0B247,CASE-0394,+914811049809,+918314234513,2023-09-21T05:58:00,104,Gachibowli,TOWER-439
CDR-F9C585B0,CASE-0310,+913975433895,+911569019628,2023-02-19T00:00:00,1463,Salt Lake City,TOWER-973
CDR-31A181BA,CASE-0420,+912688732077,+912134791755,2023-02-26T12:58:00,3233,Connaught Place,TOWER-189
CDR-145D7B72,CASE-0398,+917459717441,+911111111017,2023-07-10T00:05:00,1221,Bandra Kurla Complex,TOWER-654
CDR-A7ED00CA,CASE-0179,+913975433895,+910539363533,2023-05-09T05:03:00,500,Gachibowli,TOWER-741
CDR-6122D9BF,CASE-0339,+918811367765,+910182577365,2023-09-09T19:54:00,2246,Salt Lake City,TOWER-622
CDR-721D4A80,CASE-0142,+919606541892,+915121471042,2023-04-05T16:29:00,3089,New Town,TOWER-107
CDR-88BE9E33,CASE-0246,+918843545700,+919485014608,2023-05-20T09:52:00,1102,Koramangala,TOWER-221
CDR-CD8DDA14,CASE-0019,+911885956157,+910533288867,2023-01-04T23:25:00,212,Gurgaon Sector 29,TOWER-976
CDR-BE4738E8,CASE-0464,+919744029431,+913975433895,2023-06-15T13:58:00,2306,Indiranagar,TOWER-199
CDR-75C1CFE1,CASE-0011,+910134604279,+918393249753,2023-06-11T06:39:00,1356,Anna Nagar,TOWER-375
CDR-70BAA65D,CASE-0298,+918702385180,+916266957585,2023-05-01T14:25:00,2053,Andheri West,TOWER-752
CDR-21CE3D6C,CASE-0197,+915947276043,+911782032348,2023-01-28T11:00:00,2836,Salt Lake City,TOWER-793
CDR-27D089A6,CASE-0064,+918545155824,+911885956157,2023-05-09T05:57:00,3402,Connaught Place,TOWER-698
CDR-2FA6CAC9,CASE-0410,+910753540823,+915024878084,2023-05-08T19:29:00,1812,Gurgaon Sector 29,TOWER-343
CDR-929A6A12,CASE-0435,+916209181900,+917467833400,2023-04-19T22:07:00,3442,Anna Nagar,TOWER-601
CDR-5EA8BA28,CASE-0361,+914359315208,+913357525464,2023-09-22T20:28:00,1085,Noida Sector 18,TOWER-208
CDR-F3F1A12D,CASE-0201,+916519886589,+919668738453,2023-06-22T19:21:00,1915,Gachibowli,TOWER-290
CDR-A74ED381,CASE-0287,+917290393874,+915148982381,2023-10-18T02:54:00,1897,Koramangala,TOWER-834
CDR-85281DDB,CASE-0377,+919538090596,+910583186690,2023-05-27T09:39:00,1679,New Town,TOWER-851
CDR-C104EE90,CASE-0405,+911404807559,+913169374571,2023-08-07T22:00:00,1047,Viman Nagar,TOWER-645
CDR-C4DF262B,CASE-0053,+915148982381,+915964738975,2023-04-25T19:24:00,3543,Karol Bagh,TOWER-792
CDR-026ECE12,CASE-0381,+917970357325,+910261401784,2023-06-25T09:21:00,206,Connaught Place,TOWER-777
CDR-5E0432E5,CASE-0050,+910326513902,+915354598407,2023-01-08T08:59:00,1376,Viman Nagar,TOWER-451
CDR-44DFA7D3,CASE-0119,+916161550986,+912838744786,2023-10-24T12:58:00,1036,Karol Bagh,TOWER-531
CDR-FF2DDAD3,CASE-0209,+918536510149,+914239058338,2023-03-01T19:08:00,1604,Jubilee Hills,TOWER-700
CDR-7EEFB8B8,CASE-0197,+912182650001,+919336483422,2023-01-27T09:31:00,3321,Viman Nagar,TOWER-775
CDR-55529841,CASE-0121,+915499398335,+914900646955,2023-07-02T23:12:00,1965,Anna Nagar,TOWER-363
CDR-F67E094B,CASE-0194,+910551730936,+913063627363,2023-07-23T19:29:00,2631,T Nagar,TOWER-740
CDR-D613A592,CASE-0458,+913547280012,+914271636761,2023-05-24T16:04:00,2482,Connaught Place,TOWER-915
CDR-BCED19E6,CASE-0285,+918939472482,+913188240333,2023-06-16T01:42:00,397,Connaught Place,TOWER-954
CDR-F1FEA7A4,CASE-0388,+910157473893,+916760231506,2023-02-07T04:40:00,1845,Koramangala,TOWER-828
CDR-382DAF20,CASE-0141,+911426320242,+918307426546,2023-09-02T05:43:00,428,Indiranagar,TOWER-401
CDR-8BA01488,CASE-0001,+917654441593,+915456763341,2023-08-28T11:14:00,2075,Gachibowli,TOWER-312
CDR-B4ED36A4,CASE-0132,+913975433895,+915083307199,2023-05-04T17:51:00,3500,Indiranagar,TOWER-873
CDR-84335F1A,CASE-0421,+917219254848,+912252037839,2023-02-28T11:26:00,1546,Bandra Kurla Complex,TOWER-471
CDR-4C86C564,CASE-0254,+913967092791,+916479743470,2023-04-15T10:13:00,3120,Indiranagar,TOWER-251
CDR-723B97E1,CASE-0300,+912905983086,+910932627488,2023-01-21T08:28:00,92,Connaught Place,TOWER-482
CDR-D1B28A0D,CASE-0100,+916010922190,+918171378696,2023-08-06T23:00:00,2802,Secunderabad Railway Station,TOWER-342
CDR-C8DA7F26,CASE-0184,+910932627488,+915148982381,2023-07-29T13:09:00,299,Jubilee Hills,TOWER-544
CDR-E4E0157D,CASE-0245,+910162881540,+910539363533,2023-09-09T11:10:00,741,Bandra Kurla Complex,TOWER-124
CDR-400047A5,CASE-0412,+919118280329,+911059991621,2023-01-08T06:43:00,2114,Gachibowli,TOWER-855
CDR-3E2B8C81,CASE-0165,+917290393874,+910932627488,2023-08-14T13:20:00,2208,Vasant Kunj,TOWER-713
CDR-93FFE13C,CASE-0053,+917512294261,+910060952424,2023-02-28T06:39:00,646,Hinjewadi,TOWER-864
CDR-A2E40E97,CASE-0147,+911704083300,+914271636761,2023-01-26T05:45:00,3207,Vasant Kunj,TOWER-300
CDR-0D18F266,CASE-0362,+917290393874,+919352604322,2023-01-23T01:03:00,809,Jubilee Hills,TOWER-332
CDR-572DF2E7,CASE-0382,+916209181900,+910753540823,2023-06-21T05:53:00,2900,Gurgaon Sector 29,TOWER-945
CDR-60318AE5,CASE-0438,+917290393874,+915393599152,2023-04-05T01:21:00,2839,Salt Lake City,TOWER-969
CDR-F85F5CF3,CASE-0448,+915413624076,+918440822339,2023-06-26T13:05:00,531,Gachibowli,TOWER-252
CDR-FBE2C3F2,CASE-0008,+917498717859,+914817186161,2023-03-21T23:49:00,1242,Indiranagar,TOWER-601
CDR-7F461B80,CASE-0029,+910753540823,+916209181900,2023-09-01T07:06:00,1739,Secunderabad Railway Station,TOWER-516
CDR-B798C4FA,CASE-0223,+917437514483,+911344585683,2023-05-19T12:05:00,664,Bandra Kurla Complex,TOWER-442
CDR-595699BA,CASE-0439,+910850840981,+912440682429,2023-06-08T05:32:00,1797,Viman Nagar,TOWER-763
CDR-96B11E5E,CASE-0093,+913066350904,+915325677316,2023-04-25T10:27:00,3340,Bandra Kurla Complex,TOWER-945
CDR-567F4394,CASE-0187,+918843545700,+915848801657,2023-04-20T04:21:00,179,Koramangala,TOWER-376
CDR-7C186603,CASE-0471,+917060340842,+915296975986,2023-09-24T05:50:00,374,Salt Lake City,TOWER-393
CDR-0CE071C9,CASE-0355,+919655993112,+919952098409,2023-06-25T23:03:00,420,Andheri West,TOWER-625
CDR-8D4B3A8A,CASE-0135,+919620755999,+917622888039,2023-04-12T08:38:00,2645,Andheri West,TOWER-228
CDR-10A3421B,CASE-0332,+912320285188,+917887226492,2023-10-10T22:56:00,2231,Karol Bagh,TOWER-948
CDR-21C61DD4,CASE-0022,+914864867942,+915346933410,2023-03-28T01:02:00,1477,Anna Nagar,TOWER-862
CDR-4BD25F5B,CASE-0146,+912062619351,+918843545700,2023-08-04T21:46:00,1040,Viman Nagar,TOWER-455
CDR-36138E05,CASE-0153,+914271636761,+915458577405,2023-01-26T03:59:00,791,Koramangala,TOWER-192
CDR-31880219,CASE-0047,+918843545700,+913854785615,2023-04-23T23:20:00,1886,Gachibowli,TOWER-551
CDR-42F69250,CASE-0255,+915208598622,+911852486220,2023-02-03T23:20:00,3367,Bandra Kurla Complex,TOWER-523
CDR-01FD3423,CASE-0060,+918756276459,+918176157815,2023-08-04T20:38:00,1425,Vasant Kunj,TOWER-207
CDR-BE92CA7E,CASE-0275,+918545155824,+917290393874,2023-07-15T04:41:00,3327,Noida Sector 18,TOWER-943
CDR-E4E04C26,CASE-0293,+914647275886,+912890169654,2023-07-12T17:23:00,3338,Viman Nagar,TOWER-854
CDR-045393FA,CASE-0042,+913666205325,+917131891206,2023-08-30T23:49:00,769,Noida Sector 18,TOWER-401
CDR-E73B8750,CASE-0004,+918545155824,+918545155824,2023-09-13T15:21:00,1345,Noida Sector 18,TOWER-941
CDR-2CBC24B2,CASE-0039,+915028578801,+911070146895,2023-04-18T16:29:00,3443,Bandra Kurla Complex,TOWER-935
CDR-580ED7DD,CASE-0042,+919691238826,+912936857148,2023-01-23T14:15:00,1529,Secunderabad Railway Station,TOWER-572
CDR-4A1AF521,CASE-0439,+914359315208,+912125574885,2023-07-23T05:09:00,1514,Salt Lake City,TOWER-271
CDR-1E835CA1,CASE-0176,+913520293182,+917413530788,2023-07-13T17:15:00,519,Salt Lake City,TOWER-347
CDR-5DCD0941,CASE-0159,+910753540823,+912638353742,2023-07-14T07:50:00,2502,Gachibowli,TOWER-754
CDR-20A78111,CASE-0372,+918373992937,+915867724943,2023-01-21T07:47:00,2703,Gachibowli,TOWER-628
CDR-ED25D3B0,CASE-0010,+912887085748,+915920116378,2023-02-19T11:30:00,3120,Karol Bagh,TOWER-150
CDR-4BB8E242,CASE-0041,+910257807600,+919509660700,2023-07-31T02:38:00,1218,Viman Nagar,TOWER-884
CDR-EF74816E,CASE-0377,+919538090596,+916659672170,2023-10-27T02:46:00,1905,Anna Nagar,TOWER-721
CDR-B7C6BAA5,CASE-0308,+918094245624,+916022711279,2023-07-04T18:09:00,3538,Karol Bagh,TOWER-857
CDR-71419B4E,CASE-0324,+918826323205,+917290393874,2023-02-18T11:40:00,424,Connaught Place,TOWER-634
CDR-A4D1BFB3,CASE-0400,+913760395106,+910857872462,2023-10-20T23:54:00,3574,Vasant Kunj,TOWER-797
CDR-619FAF42,CASE-0389,+918741001772,+917527752257,2023-03-18T06:01:00,410,Indiranagar,TOWER-441
CDR-23BC4DEB,CASE-0445,+916209181900,+913547280012,2023-07-04T01:44:00,1966,Koramangala,TOWER-618
CDR-C045679D,CASE-0226,+919301892874,+910111868559,2023-03-15T21:02:00,544,Gachibowli,TOWER-640
CDR-387CD7DF,CASE-0079,+913384557273,+910532579519,2023-07-08T10:02:00,2761,Andheri West,TOWER-221
CDR-FEEA7A95,CASE-0304,+911885956157,+911782032348,2023-03-16T12:13:00,2717,Karol Bagh,TOWER-612
CDR-BC2E4F9F,CASE-0044,+913287294594,+914415978481,2023-08-04T14:30:00,3564,Koramangala,TOWER-349
CDR-89E9F8F9,CASE-0063,+913967092791,+916524439923,2023-03-26T04:51:00,1637,Noida Sector 18,TOWER-184
CDR-5E3D08A2,CASE-0079,+910382010126,+915096491726,2023-05-22T13:42:00,419,Hinjewadi,TOWER-802
CDR-26283853,CASE-0495,+916836823883,+910736269537,2023-09-02T18:35:00,2982,Gachibowli,TOWER-278
CDR-74943636,CASE-0251,+917290393874,+910484291171,2023-07-20T02:08:00,2529,Noida Sector 18,TOWER-588
CDR-899CF1D4,CASE-0079,+913384557273,+912313424501,2023-05-27T03:27:00,3342,Gurgaon Sector 29,TOWER-923
CDR-0BD57968,CASE-0199,+917290393874,+915194779988,2023-04-24T12:47:00,3158,Connaught Place,TOWER-894
CDR-0AD5C55B,CASE-0292,+915041435052,+918490328441,2023-02-01T13:15:00,915,Gurgaon Sector 29,TOWER-665
CDR-8B9919E4,CASE-0271,+912882836953,+914728368814,2023-02-06T13:58:00,2755,Koramangala,TOWER-537
CDR-F5369012,CASE-0017,+919788257535,+916213916878,2023-04-16T01:36:00,1652,Karol Bagh,TOWER-503
CDR-9A14BBDE,CASE-0390,+917462183447,+915492892380,2023-09-28T16:49:00,150,Gurgaon Sector 29,TOWER-745
CDR-57A3E6BA,CASE-0122,+912848587043,+912848587043,2023-05-15T07:36:00,454,New Town,TOWER-827
CDR-F291F09B,CASE-0281,+919868700701,+912908407728,2023-08-22T00:51:00,3037,Secunderabad Railway Station,TOWER-386
CDR-0ACB47AC,CASE-0498,+911286897194,+912440682429,2023-09-02T06:22:00,2255,Indiranagar,TOWER-156
CDR-10C4AB86,CASE-0151,+914595095122,+913550015548,2023-03-28T04:49:00,56,New Town,TOWER-797
CDR-36CEF5A3,CASE-0323,+910588112862,+917014940033,2023-04-30T01:25:00,1119,Vasant Kunj,TOWER-151
CDR-5029DD19,CASE-0413,+916167573127,+910539363533,2023-01-22T18:02:00,474,Karol Bagh,TOWER-455
CDR-8C7DCBEA,CASE-0053,+910344747960,+913166216823,2023-04-09T04:02:00,1006,Karol Bagh,TOWER-576
CDR-1EAFF2D3,CASE-0054,+917941313161,+917143926400,2023-04-19T19:29:00,782,Andheri West,TOWER-871
CDR-10BDF275,CASE-0206,+911223859381,+910644155503,2023-07-27T09:25:00,37,Indiranagar,TOWER-343
CDR-3D93BAB8,CASE-0238,+917559680968,+912293055731,2023-04-30T15:11:00,80,Salt Lake City,TOWER-765
CDR-CAD11E89,CASE-0466,+913965442150,+918624859726,2023-04-30T17:21:00,408,Karol Bagh,TOWER-559
CDR-81419B29,CASE-0364,+914575175709,+912508478036,2023-01-31T06:32:00,3004,Anna Nagar,TOWER-461
CDR-985C02A7,CASE-0371,+915370946499,+919458484561,2023-10-23T06:52:00,932,Gachibowli,TOWER-530
CDR-FF32FCBE,CASE-0137,+911885956157,+917290393874,2023-10-04T14:01:00,799,Karol Bagh,TOWER-827
CDR-137B78E3,CASE-0009,+919743316415,+912886686547,2023-01-20T04:05:00,462,Indiranagar,TOWER-647
CDR-EB736341,CASE-0230,+911182887465,+917905456989,2023-05-16T10:39:00,2644,Secunderabad Railway Station,TOWER-911
CDR-9A8170E2,CASE-0320,+916716078468,+915263964295,2023-04-09T00:40:00,114,New Town,TOWER-184
CDR-F6494C1B,CASE-0086,+913494425741,+917449783309,2023-05-14T11:18:00,497,T Nagar,TOWER-640
CDR-E5B03C50,CASE-0022,+914864867942,+910698764059,2023-01-28T20:27:00,1598,Hinjewadi,TOWER-867
CDR-CFA245F9,CASE-0305,+918441121983,+915920116378,2023-07-17T06:38:00,183,Koramangala,TOWER-882
CDR-A0D67637,CASE-0135,+914530312529,+913581809582,2023-01-20T18:19:00,1746,Salt Lake City,TOWER-351
CDR-F81D8D67,CASE-0359,+919458484561,+913547280012,2023-09-18T14:18:00,1659,Jubilee Hills,TOWER-774
CDR-E1724930,CASE-0155,+913130713069,+916248069271,2023-05-11T07:27:00,2769,Hinjewadi,TOWER-113
CDR-A7F68BBD,CASE-0318,+915333219201,+914198757110,2023-01-15T22:33:00,2646,Gurgaon Sector 29,TOWER-395
CDR-95ED92B1,CASE-0048,+915148982381,+912840890855,2023-10-27T00:52:00,1498,Indiranagar,TOWER-717
CDR-870D0205,CASE-0425,+915920116378,+910064343389,2023-05-17T01:37:00,558,Gurgaon Sector 29,TOWER-794
CDR-5AC41ECE,CASE-0474,+918486850752,+917079989607,2023-08-08T17:12:00,3381,Indiranagar,TOWER-357
CDR-A4A13ABB,CASE-0364,+914575175709,+910830320918,2023-04-02T10:38:00,3520,Gachibowli,TOWER-178
CDR-95FA0A1B,CASE-0427,+911749668311,+914219042018,2023-01-21T06:05:00,2769,Gurgaon Sector 29,TOWER-167
CDR-7A5AAD05,CASE-0123,+912911010547,+916020393942,2023-01-23T22:05:00,1145,Gachibowli,TOWER-378
CDR-157EC50B,CASE-0319,+910753540823,+910753540823,2023-06-24T14:07:00,3211,Indiranagar,TOWER-312
CDR-944B16FC,CASE-0334,+913645006464,+915527465681,2023-06-28T22:20:00,3462,Hinjewadi,TOWER-124
CDR-C7C956EE,CASE-0176,+911903992791,+919236298722,2023-09-15T01:50:00,2110,Hinjewadi,TOWER-918
CDR-FD2D170A,CASE-0471,+917060340842,+910549258294,2023-09-24T21:54:00,2991,Gurgaon Sector 29,TOWER-783
CDR-899A7912,CASE-0094,+915433608989,+913507873655,2023-04-07T08:55:00,3099,Connaught Place,TOWER-695
CDR-F3F9FB92,CASE-0138,+912676632080,+911275779666,2023-09-13T01:19:00,2219,Noida Sector 18,TOWER-194
CDR-4984158C,CASE-0064,+913823497773,+915527465681,2023-03-06T19:20:00,2097,Bandra Kurla Complex,TOWER-550
CDR-DFDE3CB1,CASE-0363,+913253299537,+913911833387,2023-06-04T04:24:00,966,Karol Bagh,TOWER-961
CDR-8A4AB6D0,CASE-0488,+919987379701,+916299490755,2023-06-07T20:14:00,201,Jubilee Hills,TOWER-113
CDR-E0E00960,CASE-0496,+914239058338,+912013172121,2023-10-16T01:47:00,2769,Hinjewadi,TOWER-674
CDR-522526B4,CASE-0387,+911912787878,+916242553339,2023-07-11T13:39:00,1385,Gachibowli,TOWER-925
CDR-A67F948F,CASE-0321,+911885956157,+916359717749,2023-05-26T13:12:00,626,Noida Sector 18,TOWER-756
CDR-229C2B6A,CASE-0240,+914388261377,+910938430692,2023-04-21T10:59:00,3085,Andheri West,TOWER-839
CDR-66D7A741,CASE-0374,+914095075827,+917030666298,2023-06-24T12:03:00,2220,Indiranagar,TOWER-153
CDR-7A38A9C1,CASE-0072,+915041435052,+916388275098,2023-04-10T17:12:00,2337,Jubilee Hills,TOWER-775
CDR-5189A072,CASE-0445,+910351622302,+918344723490,2023-09-28T06:30:00,35,Salt Lake City,TOWER-333
CDR-7746E887,CASE-0398,+912790928367,+913975433895,2023-08-03T03:56:00,2215,Gachibowli,TOWER-532
CDR-2233704A,CASE-0053,+915148982381,+913899494925,2023-09-21T09:35:00,2872,Koramangala,TOWER-799
CDR-3A193487,CASE-0017,+919788257535,+913480252896,2023-08-13T10:18:00,1358,Connaught Place,TOWER-361
CDR-7B25D3D4,CASE-0442,+912440682429,+914239058338,2023-01-21T11:23:00,665,Jubilee Hills,TOWER-466
CDR-69F6D712,CASE-0313,+912848587043,+913967092791,2023-10-01T06:05:00,1995,Anna Nagar,TOWER-642
CDR-80A27191,CASE-0205,+910539363533,+914271636761,2023-08-10T06:33:00,1985,Hinjewadi,TOWER-664
CDR-6B2AADE2,CASE-0401,+914606673509,+913541000116,2023-02-03T20:42:00,2772,Anna Nagar,TOWER-625
CDR-5102FD2A,CASE-0184,+910932627488,+918545155824,2023-07-26T09:58:00,1091,Bandra Kurla Complex,TOWER-690
CDR-8D0A2158,CASE-0485,+915862482183,+910753540823,2023-04-28T15:01:00,1903,Gurgaon Sector 29,TOWER-658
CDR-B36B8BEF,CASE-0144,+915024878084,+913547280012,2023-02-27T06:41:00,2326,Viman Nagar,TOWER-504
CDR-55BC22E9,CASE-0479,+911944555315,+911109261053,2023-04-29T07:06:00,1839,Connaught Place,TOWER-568
CDR-A90ABCC2,CASE-0016,+911885956157,+910002114178,2023-06-12T01:09:00,540,Karol Bagh,TOWER-799
CDR-E5F10D2B,CASE-0134,+919898889852,+911182887465,2023-05-06T21:47:00,2724,Indiranagar,TOWER-416
CDR-45A86939,CASE-0431,+911977332202,+913967092791,2023-10-18T08:49:00,635,Secunderabad Railway Station,TOWER-389
CDR-1207360C,CASE-0145,+910014228582,+914127790098,2023-05-15T08:36:00,707,Connaught Place,TOWER-157
CDR-59B7A9B2,CASE-0087,+919231438705,+911973379625,2023-02-26T07:06:00,1474,Secunderabad Railway Station,TOWER-615
CDR-86277516,CASE-0148,+917428769944,+919398320115,2023-07-31T16:20:00,3481,T Nagar,TOWER-275
CDR-BAF31F4A,CASE-0114,+914271636761,+916717197893,2023-08-12T04:30:00,411,Jubilee Hills,TOWER-795
CDR-41F5F9BC,CASE-0397,+913238975924,+913913668872,2023-04-12T11:51:00,1961,T Nagar,TOWER-668
CDR-B1F53D64,CASE-0032,+912440682429,+911182887465,2023-05-04T09:18:00,274,Hinjewadi,TOWER-980
CDR-32019FAC,CASE-0321,+911885956157,+918616057206,2023-07-21T05:55:00,3141,Jubilee Hills,TOWER-380
CDR-9952A8B6,CASE-0180,+910932627488,+912062619351,2023-08-27T15:51:00,12,T Nagar,TOWER-289
CDR-ACA6229D,CASE-0326,+910938543884,+915919739259,2023-06-13T00:44:00,754,Vasant Kunj,TOWER-808
CDR-68990AC5,CASE-0367,+910860263703,+919152293023,2023-08-05T07:23:00,2181,Viman Nagar,TOWER-956
CDR-ED11B46D,CASE-0289,+914573281467,+917139351040,2023-08-30T15:58:00,2873,Salt Lake City,TOWER-386
CDR-60737F63,CASE-0342,+919668738453,+911533395229,2023-01-25T04:58:00,788,Salt Lake City,TOWER-690
CDR-80B8D235,CASE-0102,+915913507143,+910969723180,2023-09-06T01:48:00,1789,Karol Bagh,TOWER-719
CDR-FB42CEFD,CASE-0230,+917025297494,+918861181122,2023-06-24T04:05:00,2493,Noida Sector 18,TOWER-252
CDR-CFD7E50D,CASE-0258,+916286842264,+910498890295,2023-08-23T15:19:00,1331,Jubilee Hills,TOWER-684
CDR-65FA4588,CASE-0255,+916148952429,+914568852245,2023-04-16T17:18:00,1473,Hinjewadi,TOWER-578
CDR-4C2B34C3,CASE-0057,+913547280012,+910328110083,2023-08-31T03:29:00,970,Indiranagar,TOWER-715
CDR-CE094EA1,CASE-0242,+915750870070,+916459813489,2023-09-26T06:25:00,1611,Koramangala,TOWER-666
CDR-E84EF59A,CASE-0171,+911782032348,+912194540445,2023-09-11T19:45:00,2577,Connaught Place,TOWER-422
CDR-4456A00E,CASE-0279,+913064459075,+912062619351,2023-03-19T06:11:00,350,Connaught Place,TOWER-482
CDR-AF66A54E,CASE-0139,+912998632328,+912700964225,2023-01-22T07:26:00,2540,Anna Nagar,TOWER-916
CDR-60B5C504,CASE-0176,+913520293182,+912685656507,2023-02-04T03:55:00,177,Vasant Kunj,TOWER-689
CDR-997D95A3,CASE-0212,+916957872622,+913121201754,2023-08-24T18:13:00,1038,Salt Lake City,TOWER-653
CDR-DFA91CFD,CASE-0190,+911864346550,+910333771515,2023-07-02T06:28:00,2503,Koramangala,TOWER-770
CDR-AB45A7A4,CASE-0389,+918741001772,+918545155824,2023-09-11T23:42:00,3212,Jubilee Hills,TOWER-613
CDR-D8C46A75,CASE-0355,+917006373142,+913344740330,2023-08-16T03:23:00,1122,Koramangala,TOWER-674
CDR-5D6584D2,CASE-0382,+916209181900,+916752254055,2023-03-11T07:52:00,478,Viman Nagar,TOWER-791
CDR-C2111438,CASE-0344,+917290393874,+915204506066,2023-06-01T01:01:00,985,New Town,TOWER-287
CDR-C68C654A,CASE-0215,+912627066577,+913067992171,2023-01-17T17:16:00,3535,Jubilee Hills,TOWER-821
CDR-E42EB5EC,CASE-0168,+913335064912,+919345912958,2023-10-03T20:41:00,716,Koramangala,TOWER-457
CDR-61EFC915,CASE-0058,+911685212903,+910020224709,2023-01-30T15:54:00,793,Gachibowli,TOWER-855
CDR-331189DB,CASE-0292,+915041435052,+911954091731,2023-09-13T06:12:00,1123,Vasant Kunj,TOWER-427
CDR-FE6621C2,CASE-0446,+916835699095,+912110288951,2023-08-08T22:58:00,862,Connaught Place,TOWER-417
CDR-228CD38D,CASE-0040,+910249635097,+914909539171,2023-10-06T21:08:00,1921,T Nagar,TOWER-929
CDR-ECEB62E4,CASE-0457,+912307915163,+919754246955,2023-03-06T10:36:00,1587,Secunderabad Railway Station,TOWER-696
CDR-2FDFA7A1,CASE-0193,+919593268003,+916485243140,2023-05-11T14:15:00,2283,Secunderabad Railway Station,TOWER-416
CDR-1358B297,CASE-0170,+912140051171,+910080213833,2023-08-06T23:47:00,2916,Viman Nagar,TOWER-819
CDR-AD986D1D,CASE-0421,+918843545700,+917079293882,2023-04-18T09:13:00,1871,Noida Sector 18,TOWER-823
CDR-883DF5E4,CASE-0134,+917832831921,+912801284004,2023-01-23T06:40:00,2357,Gachibowli,TOWER-577
CDR-3E7CA625,CASE-0403,+915307531576,+916836823883,2023-06-23T18:43:00,1004,Bandra Kurla Complex,TOWER-581
CDR-CA844AC3,CASE-0357,+914078836069,+915320904374,2023-08-20T23:39:00,3493,Koramangala,TOWER-340
CDR-D5B629D1,CASE-0441,+918797573856,+910105797781,2023-04-19T21:25:00,1529,New Town,TOWER-686
CDR-3A1C32E8,CASE-0290,+911782032348,+918545155824,2023-08-13T05:55:00,207,T Nagar,TOWER-736
CDR-BF6F0E03,CASE-0120,+919468912214,+912452356060,2023-10-08T06:43:00,3496,Viman Nagar,TOWER-701
CDR-AB697DA7,CASE-0354,+917104875947,+915486987327,2023-06-04T08:10:00,1876,Jubilee Hills,TOWER-636
CDR-BF4A8F53,CASE-0450,+919702304029,+910992740149,2023-04-22T11:32:00,477,Andheri West,TOWER-630
CDR-F2506581,CASE-0271,+919880562233,+913429049704,2023-03-04T15:06:00,1752,Gurgaon Sector 29,TOWER-130
CDR-46D994B9,CASE-0102,+915913507143,+912087838345,2023-08-08T21:54:00,2130,Jubilee Hills,TOWER-488
CDR-7DDC62BB,CASE-0201,+915950179837,+913353165619,2023-05-31T21:10:00,3170,Vasant Kunj,TOWER-157
CDR-90E2B292,CASE-0171,+911403742579,+914252010799,2023-10-19T02:56:00,2305,Viman Nagar,TOWER-245
CDR-A30B7F53,CASE-0049,+914720676473,+918791632249,2023-08-23T22:38:00,1385,Noida Sector 18,TOWER-174
CDR-ABB94010,CASE-0342,+911101886866,+918245260553,2023-09-29T23:24:00,3048,Vasant Kunj,TOWER-586
CDR-59334A30,CASE-0290,+911782032348,+911182887465,2023-09-14T17:56:00,2332,Anna Nagar,TOWER-919
CDR-1A086EA9,CASE-0325,+912652774044,+911547208945,2023-03-05T17:37:00,2708,Bandra Kurla Complex,TOWER-266
CDR-237D0F4A,CASE-0038,+913961941329,+918457300382,2023-03-08T19:12:00,2375,Secunderabad Railway Station,TOWER-552
CDR-EAD82453,CASE-0029,+910753540823,+915024878084,2023-02-26T06:29:00,165,Jubilee Hills,TOWER-673
CDR-D8D8BD0A,CASE-0141,+911426320242,+912351103697,2023-08-05T21:51:00,1192,Hinjewadi,TOWER-739
CDR-6909199E,CASE-0455,+916223608756,+915565240051,2023-03-09T16:11:00,1800,New Town,TOWER-438
CDR-0490300A,CASE-0179,+910539363533,+918248014048,2023-02-22T00:37:00,1186,Anna Nagar,TOWER-919
CDR-893C8DFA,CASE-0263,+912789947990,+918247924871,2023-07-04T06:36:00,3255,Gachibowli,TOWER-838
CDR-F5CB4C93,CASE-0415,+911782032348,+910424578889,2023-04-28T01:56:00,1032,Hinjewadi,TOWER-193
CDR-B03A0F6F,CASE-0089,+911651228381,+915327471363,2023-09-02T13:59:00,2782,T Nagar,TOWER-507
CDR-7FF01774,CASE-0191,+915148982381,+914125852019,2023-06-27T02:47:00,656,Gurgaon Sector 29,TOWER-579
CDR-45E2D2B2,CASE-0488,+917576489197,+910827052824,2023-03-12T09:59:00,283,Andheri West,TOWER-592
CDR-7C30EF61,CASE-0100,+916010922190,+913266723904,2023-07-24T09:12:00,709,New Town,TOWER-829
CDR-EC9ACA8B,CASE-0310,+913975433895,+914359315208,2023-07-07T20:21:00,1785,Secunderabad Railway Station,TOWER-844
CDR-A1E0DAB3,CASE-0475,+910067825892,+914359315208,2023-03-01T16:31:00,3340,Gurgaon Sector 29,TOWER-979
CDR-BD894BD3,CASE-0402,+918742614667,+913303333058,2023-02-20T09:39:00,1776,Viman Nagar,TOWER-703
CDR-21C35EE4,CASE-0234,+916965067731,+915470982140,2023-07-05T01:47:00,2081,Koramangala,TOWER-742
CDR-6C5442D3,CASE-0376,+911744211261,+915920116378,2023-06-15T14:06:00,2997,Koramangala,TOWER-942
CDR-31516AB9,CASE-0317,+919109708014,+912971902246,2023-05-22T04:09:00,1017,Vasant Kunj,TOWER-196
CDR-1AC7B81C,CASE-0201,+915950179837,+912488766391,2023-10-24T09:44:00,1203,Anna Nagar,TOWER-980
CDR-E15F3CD0,CASE-0422,+915527465681,+911885956157,2023-04-03T16:18:00,906,Andheri West,TOWER-232
CDR-67D6BDE4,CASE-0352,+918516951349,+915957193959,2023-03-21T05:30:00,2908,Jubilee Hills,TOWER-566
CDR-8EAB8E22,CASE-0413,+912652392093,+910744448574,2023-07-06T23:02:00,1426,Jubilee Hills,TOWER-978
CDR-5EEFC0BC,CASE-0360,+911934503630,+917214574092,2023-08-15T23:26:00,2196,Hinjewadi,TOWER-712
CDR-F3A5C22B,CASE-0052,+916866149630,+913279930246,2023-04-24T06:46:00,898,Viman Nagar,TOWER-662
CDR-A98858DA,CASE-0420,+912688732077,+914283604531,2023-07-08T21:16:00,1480,Viman Nagar,TOWER-566
CDR-EB2809B2,CASE-0320,+910444608565,+919445017058,2023-05-09T11:56:00,606,Connaught Place,TOWER-210
CDR-340FD9FE,CASE-0447,+917942103685,+919037865520,2023-01-12T05:04:00,2008,Connaught Place,TOWER-562
CDR-ACEEC35A,CASE-0069,+916209181900,+911085457683,2023-02-20T17:28:00,3473,T Nagar,TOWER-970
CDR-84F021A8,CASE-0105,+919668738453,+911782032348,2023-04-26T19:05:00,987,Viman Nagar,TOWER-720
CDR-37D6D6E3,CASE-0286,+918913963084,+911966977372,2023-08-23T01:46:00,3409,Viman Nagar,TOWER-962
CDR-88763F8F,CASE-0397,+913238975924,+915898094821,2023-03-16T16:37:00,2942,New Town,TOWER-406
CDR-C30F7DE7,CASE-0096,+911380028046,+917092572832,2023-02-11T23:49:00,540,New Town,TOWER-971
CDR-18DA01D7,CASE-0406,+918937142305,+915817703875,2023-02-12T06:52:00,1332,Karol Bagh,TOWER-513
CDR-BF543183,CASE-0358,+919872870214,+913841701218,2023-01-22T06:36:00,1731,Viman Nagar,TOWER-447
CDR-6501C571,CASE-0147,+912848587043,+918730243303,2023-10-19T01:03:00,126,Jubilee Hills,TOWER-921
CDR-4EE4084C,CASE-0252,+916804483483,+917402067305,2023-04-25T06:09:00,3446,Noida Sector 18,TOWER-177
CDR-43B417DC,CASE-0186,+916367870316,+913377098593,2023-03-01T09:23:00,1945,Koramangala,TOWER-191
CDR-0F190B79,CASE-0240,+916786288566,+917998522951,2023-05-16T00:36:00,1874,Indiranagar,TOWER-838
CDR-7A10B836,CASE-0379,+918263049035,+917106305994,2023-02-24T06:09:00,1338,New Town,TOWER-195
CDR-82832B17,CASE-0014,+912062619351,+916402184573,2023-07-04T02:52:00,1353,Connaught Place,TOWER-189
CDR-912339B7,CASE-0402,+918742614667,+912251642766,2023-07-31T13:54:00,488,Karol Bagh,TOWER-187
CDR-0323C448,CASE-0247,+916763791614,+913575564894,2023-05-04T08:41:00,2034,Vasant Kunj,TOWER-275
CDR-1256B061,CASE-0129,+912062619351,+919458484561,2023-09-14T15:45:00,985,T Nagar,TOWER-139
CDR-F5E6C735,CASE-0469,+916467269393,+915333106473,2023-04-06T08:16:00,63,Hinjewadi,TOWER-785
CDR-D214B767,CASE-0374,+914354358694,+917180455263,2023-02-07T08:27:00,403,Jubilee Hills,TOWER-602
CDR-1B0C518B,CASE-0049,+915024878084,+918768482098,2023-08-08T11:35:00,654,Vasant Kunj,TOWER-746
CDR-BF2F029D,CASE-0291,+915720825366,+915931538250,2023-09-20T22:09:00,848,Gachibowli,TOWER-426
CDR-44090A9C,CASE-0132,+913975433895,+912848587043,2023-08-12T08:09:00,570,Bandra Kurla Complex,TOWER-249
CDR-DE9DD8AD,CASE-0329,+914359315208,+917155025409,2023-07-09T12:22:00,2965,Secunderabad Railway Station,TOWER-161
CDR-723300E9,CASE-0431,+915973347773,+914500936621,2023-08-18T21:57:00,686,Gachibowli,TOWER-909
CDR-8D7D9A4D,CASE-0295,+910753540823,+914377501161,2023-03-16T22:20:00,1327,Anna Nagar,TOWER-312
CDR-A18067AA,CASE-0068,+916598213946,+915920116378,2023-06-25T19:29:00,2255,Secunderabad Railway Station,TOWER-983
CDR-8BADDB6F,CASE-0246,+918843545700,+918843545700,2023-05-30T12:38:00,1303,Hinjewadi,TOWER-962
CDR-1B2CBB86,CASE-0188,+916459405371,+916958299325,2023-05-23T08:15:00,1477,Hinjewadi,TOWER-364
CDR-5963EF5F,CASE-0333,+918634681977,+910539363533,2023-02-25T13:36:00,1183,Indiranagar,TOWER-312
CDR-941E7202,CASE-0136,+914000347048,+914191564851,2023-07-29T16:49:00,1147,Anna Nagar,TOWER-180
CDR-7877426F,CASE-0123,+919016056886,+910154940888,2023-02-28T13:36:00,3057,Bandra Kurla Complex,TOWER-992
CDR-0CC8A7B6,CASE-0171,+911782032348,+917234376262,2023-09-22T13:48:00,2651,Bandra Kurla Complex,TOWER-391
CDR-D95813F8,CASE-0457,+912307915163,+919158691745,2023-10-14T09:26:00,1970,Secunderabad Railway Station,TOWER-957
CDR-399C3F5B,CASE-0278,+910753540823,+914271636761,2023-10-13T05:17:00,139,Salt Lake City,TOWER-729
CDR-6C4654C0,CASE-0372,+918373992937,+918387363998,2023-03-13T06:32:00,798,Anna Nagar,TOWER-509
CDR-19A5355C,CASE-0230,+911182887465,+916253493828,2023-07-15T11:36:00,3119,Jubilee Hills,TOWER-605
CDR-6EEA3A49,CASE-0286,+913547280012,+917396424344,2023-05-23T11:49:00,2590,Bandra Kurla Complex,TOWER-601
CDR-152E9381,CASE-0399,+913470946835,+912531980842,2023-09-10T20:40:00,2683,Salt Lake City,TOWER-974
CDR-AB2F09EE,CASE-0017,+919788257535,+918506614092,2023-01-30T20:29:00,1485,Salt Lake City,TOWER-303
CDR-73922345,CASE-0247,+919317316540,+912873375570,2023-10-21T03:39:00,2760,Vasant Kunj,TOWER-819
CDR-5106C8B1,CASE-0450,+911983879998,+910492983508,2023-03-04T10:43:00,2021,Karol Bagh,TOWER-688
CDR-7853E3D7,CASE-0218,+914597657801,+910624121502,2023-07-10T15:42:00,2735,Anna Nagar,TOWER-236
CDR-9A996DE7,CASE-0210,+916854370245,+911288276146,2023-01-18T04:09:00,583,New Town,TOWER-409
CDR-0E2FCA64,CASE-0255,+912485629252,+919299296446,2023-10-17T09:45:00,445,T Nagar,TOWER-228
CDR-E922F3AA,CASE-0089,+911065528823,+910261525489,2023-06-04T12:04:00,1302,Secunderabad Railway Station,TOWER-235
CDR-DE7260FC,CASE-0103,+915476845690,+911264400874,2023-08-24T03:26:00,2368,Gurgaon Sector 29,TOWER-717
CDR-EA2EE40C,CASE-0280,+918932983493,+917027878359,2023-03-30T05:20:00,2177,Viman Nagar,TOWER-436
CDR-D835D7EE,CASE-0211,+919195211846,+916683396709,2023-01-22T17:56:00,1240,Bandra Kurla Complex,TOWER-109
CDR-24C2895A,CASE-0093,+913626380693,+910709082327,2023-09-17T09:02:00,3179,Viman Nagar,TOWER-364
CDR-3C9A737F,CASE-0051,+913121201754,+912045802629,2023-01-07T17:09:00,2824,Indiranagar,TOWER-319
CDR-00D07C2F,CASE-0251,+918545155824,+912983103733,2023-04-08T15:18:00,420,Andheri West,TOWER-529
CDR-6BD34CA8,CASE-0299,+911333449934,+914477749225,2023-05-12T19:49:00,2179,Gachibowli,TOWER-861
CDR-6F1EF451,CASE-0036,+918979646794,+913208386531,2023-05-05T16:20:00,1805,Indiranagar,TOWER-438
CDR-1AAA3AA4,CASE-0129,+912062619351,+913975433895,2023-08-27T02:40:00,1438,New Town,TOWER-338
CDR-55FA92C9,CASE-0315,+910770357861,+917303225067,2023-09-05T10:11:00,1233,Andheri West,TOWER-235
CDR-6B1ED184,CASE-0289,+914573281467,+919633435806,2023-02-03T23:03:00,3344,Koramangala,TOWER-825
CDR-1F605C5B,CASE-0190,+911864346550,+917071825711,2023-07-05T10:04:00,238,Bandra Kurla Complex,TOWER-567
CDR-95ED0B00,CASE-0069,+910753540823,+916209181900,2023-06-28T02:55:00,1920,Gurgaon Sector 29,TOWER-226
CDR-211B2094,CASE-0014,+912062619351,+911388906377,2023-05-06T05:41:00,2475,Viman Nagar,TOWER-789
CDR-2A97D3E3,CASE-0252,+916804483483,+916202877612,2023-10-13T03:49:00,1427,Gurgaon Sector 29,TOWER-524
CDR-9D46326C,CASE-0141,+911426320242,+919241338898,2023-04-11T02:28:00,839,T Nagar,TOWER-321
CDR-7FC8A033,CASE-0140,+917544801132,+915269994530,2023-05-25T06:59:00,3480,Andheri West,TOWER-642
CDR-FA472E3C,CASE-0118,+919311749984,+915900152356,2023-03-20T21:04:00,2016,Noida Sector 18,TOWER-346
CDR-A0680907,CASE-0096,+919209133168,+919589701975,2023-06-25T10:54:00,2360,Andheri West,TOWER-245
CDR-EA9F7613,CASE-0255,+912409178900,+912109714889,2023-09-21T15:37:00,2388,Connaught Place,TOWER-330
CDR-AEF21504,CASE-0202,+917127989267,+912259683748,2023-06-02T20:20:00,1022,Viman Nagar,TOWER-576
CDR-B41A12D3,CASE-0413,+910850339481,+914492100925,2023-07-01T09:05:00,795,Anna Nagar,TOWER-121
CDR-62FB0089,CASE-0192,+914271636761,+913569652555,2023-06-20T21:33:00,2203,T Nagar,TOWER-400
CDR-13BD48DE,CASE-0484,+918454079075,+915627030302,2023-09-03T13:23:00,1679,Anna Nagar,TOWER-602
CDR-471501B4,CASE-0209,+912440682429,+915920116378,2023-01-09T04:20:00,919,Vasant Kunj,TOWER-869
CDR-24409A0D,CASE-0336,+915515908200,+911531514371,2023-10-27T19:48:00,2310,Anna Nagar,TOWER-786
CDR-35C19F32,CASE-0114,+914271636761,+918184016358,2023-03-13T03:17:00,3452,Vasant Kunj,TOWER-957
CDR-5F8C2FCE,CASE-0406,+918937142305,+913547280012,2023-04-02T00:20:00,1880,T Nagar,TOWER-681
CDR-1309E7A8,CASE-0063,+913967092791,+911874341272,2023-10-23T22:33:00,3532,T Nagar,TOWER-204
CDR-6B815A41,CASE-0248,+915015656340,+916525455651,2023-05-10T13:08:00,79,T Nagar,TOWER-413
CDR-0816BCFA,CASE-0364,+914575175709,+917924104654,2023-03-04T12:15:00,3121,Connaught Place,TOWER-189
CDR-596AF2BC,CASE-0144,+915024878084,+910753540823,2023-04-10T03:01:00,3331,Connaught Place,TOWER-833
CDR-ED72928B,CASE-0349,+916021101710,+916856368787,2023-03-14T07:53:00,1435,Anna Nagar,TOWER-543
CDR-D646D965,CASE-0411,+916421964557,+910593439495,2023-05-29T20:49:00,1779,Vasant Kunj,TOWER-470
CDR-2AB23212,CASE-0269,+917290393874,+917290393874,2023-07-22T15:58:00,3006,Viman Nagar,TOWER-907
CDR-B4FA3F6F,CASE-0465,+914678612658,+917437556415,2023-05-08T23:54:00,1624,Secunderabad Railway Station,TOWER-426
CDR-6CFC630C,CASE-0366,+919138064498,+911193120215,2023-03-19T13:58:00,1399,Connaught Place,TOWER-301
CDR-9C7789FA,CASE-0017,+919788257535,+919933039106,2023-03-04T00:34:00,2521,Gachibowli,TOWER-278
CDR-6C7235DB,CASE-0139,+912998632328,+913082805974,2023-01-25T08:45:00,1557,Andheri West,TOWER-182
CDR-97E8530C,CASE-0074,+916607497435,+914271636761,2023-04-05T22:52:00,2300,New Town,TOWER-210
CDR-8D6B49EA,CASE-0405,+918385056318,+918646745808,2023-03-18T13:25:00,1381,Indiranagar,TOWER-376
CDR-FD5F94B3,CASE-0134,+918589582387,+913801149940,2023-06-21T04:04:00,2382,Anna Nagar,TOWER-484
CDR-11D9F8B7,CASE-0149,+910382265218,+914390924143,2023-06-10T03:45:00,2983,Bandra Kurla Complex,TOWER-725
CDR-A09FFE6C,CASE-0467,+918843545700,+913975433895,2023-03-07T14:02:00,1878,T Nagar,TOWER-729
CDR-B748FEF0,CASE-0042,+919691238826,+911517833211,2023-03-10T20:39:00,2546,Andheri West,TOWER-808
CDR-8118D382,CASE-0272,+912622224357,+919766153343,2023-06-28T07:49:00,3153,Jubilee Hills,TOWER-998
CDR-833F21AD,CASE-0222,+918843545700,+911065844699,2023-07-23T02:53:00,1144,Jubilee Hills,TOWER-160
CDR-244C8319,CASE-0443,+916064841186,+911160925130,2023-02-15T20:44:00,1179,Noida Sector 18,TOWER-368
CDR-01FA6FB9,CASE-0228,+912344716822,+915075058759,2023-02-23T18:11:00,630,Anna Nagar,TOWER-251
CDR-B6064533,CASE-0018,+913632681752,+916501255441,2023-01-07T19:43:00,758,Hinjewadi,TOWER-824
CDR-6F9C7AB7,CASE-0042,+919691238826,+913769703107,2023-03-15T03:15:00,2396,Jubilee Hills,TOWER-417
CDR-54613219,CASE-0037,+913975842569,+910539363533,2023-01-15T18:54:00,1169,Andheri West,TOWER-440
CDR-50946CC0,CASE-0006,+915527465681,+911404205033,2023-09-05T18:23:00,1783,Indiranagar,TOWER-101
CDR-802F08E2,CASE-0237,+912250317924,+917885243184,2023-08-29T21:56:00,927,Gachibowli,TOWER-878
CDR-3F7AEE24,CASE-0326,+910983488716,+917621334490,2023-09-17T20:39:00,438,Noida Sector 18,TOWER-938
CDR-A5381350,CASE-0270,+911344878466,+913227085339,2023-08-18T11:38:00,895,New Town,TOWER-991
CDR-EF984CCA,CASE-0416,+914239058338,+912440682429,2023-04-09T23:45:00,3312,Jubilee Hills,TOWER-947
CDR-5CB66195,CASE-0494,+911332806117,+919649734863,2023-05-05T01:03:00,2848,Gachibowli,TOWER-280
CDR-FD202EB0,CASE-0228,+912344716822,+916990336121,2023-09-25T00:52:00,2127,Gachibowli,TOWER-345
CDR-03DB9C77,CASE-0374,+914206370446,+915478913526,2023-01-31T04:43:00,627,Hinjewadi,TOWER-396
CDR-25C3DC36,CASE-0035,+912062619351,+912624843730,2023-07-26T07:44:00,2477,Bandra Kurla Complex,TOWER-558
CDR-954F76D4,CASE-0085,+914057820417,+915024878084,2023-02-03T08:25:00,2473,Noida Sector 18,TOWER-876
CDR-C535E14E,CASE-0191,+915148982381,+918245260553,2023-03-23T14:27:00,1073,Jubilee Hills,TOWER-646
CDR-F67E2290,CASE-0385,+910134604279,+910944585357,2023-02-18T06:29:00,3408,Indiranagar,TOWER-608
CDR-03747FDB,CASE-0482,+915148982381,+911051787179,2023-06-30T09:37:00,3372,Koramangala,TOWER-789
CDR-B79644B4,CASE-0304,+914774388030,+915527465681,2023-02-16T04:51:00,3456,Jubilee Hills,TOWER-867
CDR-0F18031F,CASE-0170,+911253959415,+916539665488,2023-01-25T14:55:00,2524,T Nagar,TOWER-501
CDR-2F1AA287,CASE-0042,+919691238826,+916525864808,2023-04-02T22:07:00,1592,Gachibowli,TOWER-247
CDR-DBF6D0D4,CASE-0438,+917290393874,+915527465681,2023-08-11T08:10:00,1091,Karol Bagh,TOWER-433
CDR-ADFC0042,CASE-0451,+914271636761,+913752351790,2023-06-29T21:43:00,855,Hinjewadi,TOWER-422
CDR-A8C30E27,CASE-0269,+917290393874,+911782032348,2023-05-14T11:52:00,437,Anna Nagar,TOWER-529
CDR-8329DE64,CASE-0298,+918702385180,+919345912958,2023-09-17T05:56:00,997,Secunderabad Railway Station,TOWER-502
CDR-EC03119E,CASE-0170,+912140051171,+912471102796,2023-05-08T14:03:00,1432,Gachibowli,TOWER-425
CDR-179FA156,CASE-0294,+918973158719,+911023458628,2023-07-10T17:20:00,447,Bandra Kurla Complex,TOWER-482
CDR-A2E8DC87,CASE-0456,+910351193387,+911345210520,2023-02-13T08:01:00,442,Andheri West,TOWER-774
CDR-F0A98DDD,CASE-0061,+917130285459,+910849552463,2023-10-11T21:26:00,2675,Viman Nagar,TOWER-995
CDR-8BC60DC1,CASE-0067,+914074236407,+915159850529,2023-03-27T10:41:00,2058,Secunderabad Railway Station,TOWER-370
CDR-61593C76,CASE-0106,+915594294604,+912110288951,2023-03-24T06:48:00,1826,Noida Sector 18,TOWER-972
CDR-7811E233,CASE-0486,+910868338542,+910753540823,2023-08-26T16:56:00,272,Gurgaon Sector 29,TOWER-419
CDR-FC9DC7C1,CASE-0186,+916367870316,+915128215289,2023-03-10T02:19:00,494,Karol Bagh,TOWER-174
CDR-6A5A025A,CASE-0485,+913547280012,+913547280012,2023-02-23T00:07:00,698,Salt Lake City,TOWER-742
CDR-3D01BEDD,CASE-0193,+912616150370,+915700377685,2023-03-05T20:45:00,1295,Vasant Kunj,TOWER-916
CDR-AF1A8C0E,CASE-0316,+910351193387,+913635903187,2023-04-27T04:35:00,3239,Karol Bagh,TOWER-428
CDR-EBC190E2,CASE-0337,+916953741440,+916243844636,2023-07-04T00:09:00,2622,Jubilee Hills,TOWER-664
CDR-863A3D34,CASE-0395,+917055984735,+919427874689,2023-01-07T13:41:00,3599,Vasant Kunj,TOWER-131
CDR-62B5A2CC,CASE-0497,+919941356537,+911622698480,2023-09-26T17:19:00,1976,Gurgaon Sector 29,TOWER-582
CDR-35589272,CASE-0035,+912062619351,+912062619351,2023-09-24T12:13:00,2997,Anna Nagar,TOWER-241
CDR-FFF0DD68,CASE-0459,+914602470802,+911693502283,2023-05-19T02:03:00,496,Vasant Kunj,TOWER-644
CDR-22477B72,CASE-0267,+917290393874,+918545155824,2023-02-25T00:21:00,2758,Jubilee Hills,TOWER-845
CDR-88AB8782,CASE-0313,+912656830222,+913975433895,2023-08-17T13:32:00,3195,Secunderabad Railway Station,TOWER-828
CDR-F3D40CB7,CASE-0158,+912926592322,+917788101267,2023-10-16T14:19:00,1781,Gurgaon Sector 29,TOWER-333
CDR-C603C7C9,CASE-0134,+919386662193,+919860651976,2023-05-09T00:21:00,1713,Bandra Kurla Complex,TOWER-548
CDR-2DDEC6F5,CASE-0429,+917043408035,+914910943893,2023-10-23T07:29:00,603,Secunderabad Railway Station,TOWER-169
CDR-5A0A9765,CASE-0285,+918939472482,+919949910598,2023-09-08T01:21:00,2094,T Nagar,TOWER-107
CDR-D4FB8FCA,CASE-0383,+911522294211,+910505477548,2023-10-27T22:56:00,10,Koramangala,TOWER-795
CDR-E1B1C76F,CASE-0382,+910753540823,+914175868877,2023-01-04T16:35:00,2479,Anna Nagar,TOWER-503
CDR-64CE55AA,CASE-0274,+914897219099,+910753540823,2023-09-08T01:48:00,1453,Hinjewadi,TOWER-833
CDR-AF675BC8,CASE-0098,+916209181900,+915024878084,2023-01-13T12:15:00,2396,Karol Bagh,TOWER-554
CDR-B4303CF5,CASE-0439,+914359315208,+917654441593,2023-05-28T04:21:00,2724,New Town,TOWER-268
CDR-4AD00B35,CASE-0006,+915527465681,+917290393874,2023-03-12T15:49:00,1243,Salt Lake City,TOWER-995
CDR-7B03E387,CASE-0409,+919780086645,+916103624569,2023-09-02T05:15:00,2987,Indiranagar,TOWER-688
CDR-6E5047FC,CASE-0190,+911864346550,+912697492439,2023-01-29T17:04:00,2350,Karol Bagh,TOWER-841
CDR-2E201AF2,CASE-0051,+914851930406,+915110535513,2023-07-19T23:21:00,2553,Secunderabad Railway Station,TOWER-262
CDR-88A2D053,CASE-0105,+919668738453,+911030910058,2023-07-02T23:36:00,3488,Hinjewadi,TOWER-346
CDR-FDC6377F,CASE-0227,+914329992842,+919032243222,2023-09-23T13:12:00,1540,Viman Nagar,TOWER-529
CDR-F73AE2C7,CASE-0258,+912891254249,+914016594183,2023-01-09T12:11:00,3209,Karol Bagh,TOWER-214
CDR-08EE41CB,CASE-0217,+914664669918,+910067878144,2023-08-03T19:31:00,2814,Gachibowli,TOWER-198
CDR-E49347C8,CASE-0217,+916966903438,+911885956157,2023-09-06T23:15:00,444,New Town,TOWER-249
CDR-0E325748,CASE-0338,+914609507226,+911998201409,2023-08-14T06:21:00,2332,Anna Nagar,TOWER-678
CDR-8A0CAD7E,CASE-0364,+914575175709,+914553037576,2023-05-17T11:30:00,3358,Anna Nagar,TOWER-948
CDR-0B990E8D,CASE-0365,+919458484561,+910898018738,2023-01-25T16:37:00,2607,Karol Bagh,TOWER-603
CDR-4518A88B,CASE-0013,+911143514686,+913866695206,2023-03-06T08:28:00,2144,Anna Nagar,TOWER-840
CDR-F5EBA05F,CASE-0351,+917406192979,+913193966689,2023-09-06T22:36:00,3552,Secunderabad Railway Station,TOWER-102
CDR-0DF3F180,CASE-0497,+919941356537,+917276598720,2023-08-28T21:48:00,1368,T Nagar,TOWER-296
CDR-8D10AF50,CASE-0004,+918545155824,+915527465681,2023-06-19T21:56:00,2436,Secunderabad Railway Station,TOWER-501
CDR-34EF2FFF,CASE-0015,+918037233392,+919384114373,2023-03-03T20:46:00,1824,Gurgaon Sector 29,TOWER-819
CDR-C26C2071,CASE-0229,+910539363533,+915084349677,2023-07-15T05:30:00,1983,Viman Nagar,TOWER-397
CDR-ABE4B371,CASE-0215,+917289286553,+917908282084,2023-03-30T21:45:00,3262,Gurgaon Sector 29,TOWER-992
CDR-316D570B,CASE-0418,+919345912958,+918851636040,2023-07-09T21:23:00,670,Noida Sector 18,TOWER-498
CDR-3B42B817,CASE-0102,+912613830102,+919590916120,2023-03-04T08:18:00,3232,Connaught Place,TOWER-915
CDR-6428515C,CASE-0490,+919458484561,+919458484561,2023-01-15T09:39:00,2070,Anna Nagar,TOWER-324
CDR-580C2254,CASE-0075,+910539363533,+913660589270,2023-08-15T15:10:00,1931,Gurgaon Sector 29,TOWER-441
CDR-117D5C0E,CASE-0066,+912848587043,+914271636761,2023-07-26T10:10:00,3429,Connaught Place,TOWER-871
CDR-8FF9E2B2,CASE-0364,+918155597280,+919655447948,2023-05-17T08:17:00,2397,Vasant Kunj,TOWER-358
CDR-BC742FB3,CASE-0117,+914239058338,+915920116378,2023-03-24T18:41:00,436,Andheri West,TOWER-332
CDR-0D73C200,CASE-0412,+918446202508,+910761077363,2023-09-06T19:30:00,3547,Secunderabad Railway Station,TOWER-393
CDR-4CD7CE68,CASE-0113,+914271636761,+915024878084,2023-03-31T04:04:00,3048,Connaught Place,TOWER-337
CDR-56AE366C,CASE-0306,+914271636761,+914759803305,2023-02-24T17:41:00,2094,Viman Nagar,TOWER-780
CDR-1B7162A6,CASE-0063,+910714614478,+910830338316,2023-09-04T02:24:00,371,Karol Bagh,TOWER-455
CDR-B2AC3C92,CASE-0464,+912138937116,+910861556157,2023-10-12T14:57:00,3189,Bandra Kurla Complex,TOWER-525
CDR-165C98D0,CASE-0046,+912875280113,+916471228080,2023-01-02T22:14:00,1894,Salt Lake City,TOWER-774
CDR-974D676B,CASE-0145,+916378723766,+918545155824,2023-10-12T16:37:00,1662,Noida Sector 18,TOWER-744
CDR-AEF4A819,CASE-0359,+919458484561,+915148982381,2023-02-28T06:36:00,3017,Karol Bagh,TOWER-519
CDR-E2345CA7,CASE-0201,+915950179837,+914501438828,2023-07-16T03:35:00,1669,Bandra Kurla Complex,TOWER-302
CDR-14023B38,CASE-0226,+916853038279,+918637358672,2023-04-03T07:14:00,1269,Andheri West,TOWER-558
CDR-CDBA7815,CASE-0419,+915148982381,+910290183671,2023-01-15T22:45:00,2185,Andheri West,TOWER-754
CDR-BDC1DF76,CASE-0069,+916209181900,+919016340560,2023-08-10T08:13:00,3294,Bandra Kurla Complex,TOWER-139
CDR-28B12C30,CASE-0408,+918342054420,+916209181900,2023-10-06T05:39:00,309,Karol Bagh,TOWER-662
CDR-D443AF64,CASE-0286,+917854764211,+912255026761,2023-01-31T02:11:00,3198,Karol Bagh,TOWER-948
CDR-261CC711,CASE-0193,+912616150370,+916330803804,2023-05-21T14:44:00,1769,Gachibowli,TOWER-922
CDR-D1A53F06,CASE-0448,+913094214778,+917907439762,2023-01-12T14:25:00,3471,Secunderabad Railway Station,TOWER-685
CDR-34FEE215,CASE-0301,+914689928547,+918251651064,2023-09-30T19:46:00,1976,Indiranagar,TOWER-672
CDR-C85A7E89,CASE-0436,+912810687533,+917738247592,2023-10-06T15:03:00,1289,Vasant Kunj,TOWER-231
CDR-C7848BFB,CASE-0462,+913852811985,+913608715525,2023-08-24T15:33:00,1129,New Town,TOWER-826
CDR-1F575ECE,CASE-0098,+910753540823,+916209181900,2023-06-06T05:28:00,1005,Secunderabad Railway Station,TOWER-751
CDR-C0ADB3EB,CASE-0490,+919458484561,+910707800490,2023-10-06T08:19:00,756,Connaught Place,TOWER-550
CDR-5B1FA489,CASE-0268,+910629220881,+911186680204,2023-07-23T05:43:00,3225,T Nagar,TOWER-698
CDR-84BEA898,CASE-0468,+913975433895,+918843545700,2023-09-07T02:40:00,2973,New Town,TOWER-423
CDR-6280788E,CASE-0366,+911109103307,+919553646226,2023-10-21T11:48:00,899,Salt Lake City,TOWER-776
CDR-A8DB70D4,CASE-0345,+912705075918,+917290393874,2023-03-15T15:49:00,3066,Gurgaon Sector 29,TOWER-854
CDR-FF47732D,CASE-0497,+911028181187,+912848587043,2023-01-11T02:25:00,1419,Indiranagar,TOWER-493
CDR-4E09EF1B,CASE-0333,+912775890062,+915347731043,2023-10-17T11:34:00,455,Anna Nagar,TOWER-988
CDR-2BF7BB31,CASE-0360,+919458484561,+910165407377,2023-01-26T17:06:00,2675,Viman Nagar,TOWER-566
CDR-71F3F4F0,CASE-0120,+919468912214,+918271498601,2023-04-25T18:52:00,1090,Noida Sector 18,TOWER-442
CDR-9762EB8D,CASE-0399,+913470946835,+912617234160,2023-04-07T04:54:00,1057,Karol Bagh,TOWER-990
CDR-CCDDFC47,CASE-0219,+911114044240,+910486535757,2023-05-21T19:58:00,2913,Anna Nagar,TOWER-303
CDR-9C5B6A1B,CASE-0362,+917290393874,+912062619351,2023-02-15T22:39:00,3163,New Town,TOWER-308
CDR-6A069C9B,CASE-0472,+910753540823,+915926394841,2023-05-12T19:48:00,193,Vasant Kunj,TOWER-637
CDR-C0049C0A,CASE-0282,+914271636761,+914271636761,2023-05-02T20:16:00,2909,Bandra Kurla Complex,TOWER-362
CDR-0B550B1C,CASE-0356,+912496471378,+912062619351,2023-03-09T22:13:00,3046,Karol Bagh,TOWER-707
CDR-FDCAC952,CASE-0496,+914239058338,+915920116378,2023-01-09T23:47:00,2947,Secunderabad Railway Station,TOWER-137
CDR-5C16182A,CASE-0217,+918994187632,+919311896482,2023-05-15T02:34:00,1817,Indiranagar,TOWER-301
CDR-9415203D,CASE-0405,+913021600495,+913255998204,2023-05-23T05:04:00,1689,Jubilee Hills,TOWER-270
CDR-BB5BF055,CASE-0370,+918388825721,+919342633827,2023-08-20T23:07:00,2018,Gurgaon Sector 29,TOWER-574
CDR-A7FA28D9,CASE-0446,+917629219257,+916010052640,2023-02-06T03:08:00,3379,Anna Nagar,TOWER-275
CDR-9E2D32F1,CASE-0114,+914271636761,+910778280711,2023-01-16T10:21:00,2305,Jubilee Hills,TOWER-102
CDR-8059BBDE,CASE-0259,+913685305879,+917987827143,2023-01-26T07:49:00,2523,Gurgaon Sector 29,TOWER-275
CDR-27718EDD,CASE-0213,+911637711449,+911736574382,2023-08-24T13:06:00,95,Gurgaon Sector 29,TOWER-507
CDR-A529C557,CASE-0317,+915765697117,+914411211189,2023-10-02T20:42:00,1910,Noida Sector 18,TOWER-882
CDR-A7221EEB,CASE-0403,+915403528073,+917261285383,2023-07-03T08:48:00,3024,Vasant Kunj,TOWER-766
CDR-BDEA0444,CASE-0047,+911122170111,+915145741996,2023-05-21T19:40:00,1988,Connaught Place,TOWER-584
CDR-0E8547F1,CASE-0419,+919458484561,+919731768535,2023-03-20T17:49:00,1120,Jubilee Hills,TOWER-287
CDR-3B112D58,CASE-0034,+913792548322,+913437827747,2023-01-27T08:48:00,1166,Connaught Place,TOWER-833
CDR-9214C8D4,CASE-0023,+914412745187,+919417720745,2023-03-23T10:43:00,2397,Karol Bagh,TOWER-163
CDR-1B7F0642,CASE-0022,+917924094529,+911844042968,2023-03-10T10:18:00,292,Salt Lake City,TOWER-316
CDR-D57C0EC2,CASE-0214,+914168851834,+913608715525,2023-01-11T14:06:00,2911,Karol Bagh,TOWER-349
CDR-EA6E987A,CASE-0164,+915527465681,+911782032348,2023-04-08T01:10:00,646,Karol Bagh,TOWER-563
CDR-977BC12C,CASE-0386,+917823819126,+915852516625,2023-07-25T13:13:00,1368,Secunderabad Railway Station,TOWER-671
CDR-24A63EA7,CASE-0051,+913121201754,+910899193674,2023-09-25T10:09:00,3041,Connaught Place,TOWER-700
CDR-86E3137C,CASE-0420,+912268767884,+917964252342,2023-10-14T22:53:00,236,Andheri West,TOWER-937
CDR-FE349A95,CASE-0089,+919994465290,+911368654593,2023-06-01T15:25:00,303,New Town,TOWER-872
CDR-E79D0E57,CASE-0193,+912616150370,+911143526007,2023-06-29T07:31:00,1584,Vasant Kunj,TOWER-782
CDR-296B4FA9,CASE-0332,+912320285188,+913909520067,2023-06-20T02:57:00,1567,Bandra Kurla Complex,TOWER-106
CDR-06D1D259,CASE-0481,+914756260844,+916136775292,2023-03-29T00:09:00,2796,Salt Lake City,TOWER-120
CDR-277BD74D,CASE-0483,+918437697245,+916217858271,2023-06-05T03:57:00,2664,Connaught Place,TOWER-222
CDR-2DF71EB7,CASE-0134,+919898889852,+911784238843,2023-03-22T03:46:00,1112,Gachibowli,TOWER-770
CDR-75A996D8,CASE-0468,+913975433895,+912848587043,2023-07-21T05:28:00,3064,New Town,TOWER-442
CDR-C82205F4,CASE-0317,+916233326101,+919251217434,2023-05-21T00:39:00,3459,Viman Nagar,TOWER-680
CDR-6C6D18A2,CASE-0445,+916209181900,+913547280012,2023-08-22T02:48:00,1902,Anna Nagar,TOWER-333
CDR-FA6A5B81,CASE-0471,+917162499401,+912789277942,2023-05-18T07:00:00,2287,Viman Nagar,TOWER-589
CDR-269729A7,CASE-0273,+914359315208,+917718953295,2023-08-07T04:25:00,2997,Karol Bagh,TOWER-965
CDR-3DA0F25F,CASE-0286,+913547280012,+912859670725,2023-04-03T11:51:00,765,Jubilee Hills,TOWER-863
CDR-9A2B5911,CASE-0366,+911533286827,+913334686346,2023-02-12T00:42:00,3189,Koramangala,TOWER-462
CDR-A9E48706,CASE-0128,+917875927829,+918457591520,2023-06-04T19:28:00,1178,T Nagar,TOWER-154
CDR-0336C1F5,CASE-0279,+919742720589,+918827447591,2023-05-13T23:35:00,3563,Gurgaon Sector 29,TOWER-581
CDR-D539B20C,CASE-0115,+910194795271,+917243368257,2023-01-14T06:32:00,561,Bandra Kurla Complex,TOWER-477
CDR-3CE4F97F,CASE-0155,+913130713069,+915965753157,2023-08-20T17:17:00,1494,Indiranagar,TOWER-473
CDR-F5548F63,CASE-0226,+919301892874,+918245260553,2023-01-19T07:50:00,2299,Bandra Kurla Complex,TOWER-502
CDR-8FFB8302,CASE-0363,+914938616598,+919577702791,2023-08-02T01:59:00,2482,Secunderabad Railway Station,TOWER-829
CDR-9F8CE860,CASE-0486,+910868338542,+912602485560,2023-02-24T03:21:00,3299,Andheri West,TOWER-128
CDR-3E3665A4,CASE-0054,+918053418158,+915132424470,2023-04-08T20:38:00,2931,Karol Bagh,TOWER-417
CDR-AE7CA226,CASE-0283,+912878700657,+914577770896,2023-09-25T21:54:00,1522,Gachibowli,TOWER-288
CDR-CA67721A,CASE-0406,+919032394980,+918283606849,2023-10-13T20:03:00,2347,Koramangala,TOWER-213
CDR-C8CB1847,CASE-0220,+915920116378,+917560575856,2023-10-23T16:43:00,2925,Anna Nagar,TOWER-736
CDR-5324925E,CASE-0132,+918191011430,+918122254925,2023-01-11T22:49:00,1721,Gurgaon Sector 29,TOWER-694
CDR-9B5756C6,CASE-0292,+915041435052,+915416550251,2023-08-27T04:16:00,1422,Koramangala,TOWER-350
CDR-4628B4B9,CASE-0494,+912976730218,+913106884845,2023-05-29T17:03:00,89,Salt Lake City,TOWER-215
CDR-2BA9896E,CASE-0373,+918498559757,+915991452159,2023-05-03T15:15:00,3121,Jubilee Hills,TOWER-513
CDR-AC0B1D53,CASE-0251,+917290393874,+918290748724,2023-04-27T01:06:00,281,T Nagar,TOWER-179
CDR-99E7570E,CASE-0390,+912596986383,+910545121225,2023-07-18T09:31:00,2566,T Nagar,TOWER-942
CDR-5BDF49E5,CASE-0331,+914378066013,+914931704965,2023-02-25T18:21:00,354,Gachibowli,TOWER-838
CDR-5A42B5A0,CASE-0124,+919382751873,+912003757161,2023-02-22T04:09:00,601,Koramangala,TOWER-273
CDR-B8838892,CASE-0199,+910854897643,+917353184994,2023-07-21T08:00:00,1409,T Nagar,TOWER-227
CDR-D76FDE82,CASE-0367,+915561083879,+910860795291,2023-08-18T03:01:00,671,T Nagar,TOWER-593
CDR-21B3ECFB,CASE-0148,+917428769944,+911984832034,2023-03-26T21:06:00,3375,Karol Bagh,TOWER-369
CDR-EA69A156,CASE-0132,+918843545700,+918843545700,2023-09-12T09:55:00,3381,Indiranagar,TOWER-711
CDR-DF106021,CASE-0273,+916459303745,+916217990034,2023-10-28T09:20:00,2481,Bandra Kurla Complex,TOWER-882
CDR-29BE19BD,CASE-0332,+919154455813,+918516306613,2023-05-16T22:15:00,2559,New Town,TOWER-663
CDR-AC22FBC4,CASE-0312,+916768430537,+914071065989,2023-09-29T03:30:00,2273,Indiranagar,TOWER-382
CDR-8730A685,CASE-0460,+915170419060,+919637467594,2023-05-09T06:43:00,1511,Secunderabad Railway Station,TOWER-992
CDR-E25482E8,CASE-0100,+916010922190,+913314283988,2023-06-22T05:39:00,2292,Gachibowli,TOWER-744
CDR-6EB011C0,CASE-0234,+913608715525,+916190928734,2023-02-02T04:05:00,612,Connaught Place,TOWER-742
CDR-60F27FE8,CASE-0108,+911221701419,+914239058338,2023-07-12T19:23:00,1908,Andheri West,TOWER-308
CDR-8696E210,CASE-0436,+914271636761,+916194664038,2023-05-22T14:34:00,1779,Salt Lake City,TOWER-194
CDR-71DF5A12,CASE-0064,+918545155824,+919955291457,2023-10-03T11:04:00,1492,Salt Lake City,TOWER-838
CDR-6E8D4ECE,CASE-0225,+918646745808,+913773976760,2023-09-21T09:56:00,517,Gurgaon Sector 29,TOWER-157
CDR-02C03B85,CASE-0088,+914806171658,+914306872187,2023-07-16T18:03:00,653,Gachibowli,TOWER-915
CDR-ED9C1281,CASE-0175,+915215091504,+918086590954,2023-03-01T02:00:00,2138,New Town,TOWER-828
CDR-931CAF35,CASE-0328,+910351193387,+911954995573,2023-08-27T05:17:00,3267,Karol Bagh,TOWER-142
CDR-C5901ED4,CASE-0380,+916410588760,+916452502085,2023-02-21T16:16:00,298,Andheri West,TOWER-922
CDR-5588C4E1,CASE-0052,+916866149630,+912173634795,2023-05-13T02:38:00,2636,Indiranagar,TOWER-658
CDR-D029A7AE,CASE-0276,+917900138637,+915285053525,2023-06-21T11:20:00,604,Hinjewadi,TOWER-774
CDR-DB0D8A6B,CASE-0220,+915920116378,+914813120521,2023-07-19T10:19:00,2436,Noida Sector 18,TOWER-491
CDR-62B1BB28,CASE-0447,+917942103685,+913348955193,2023-01-30T07:04:00,1586,T Nagar,TOWER-945
CDR-DF261496,CASE-0151,+912273170905,+916453587623,2023-07-29T18:50:00,1823,Indiranagar,TOWER-287
CDR-1B102BE8,CASE-0036,+919767934534,+910234979642,2023-02-25T23:03:00,1127,Andheri West,TOWER-907
CDR-075856EF,CASE-0202,+911090616086,+911199052497,2023-03-12T12:44:00,1013,Hinjewadi,TOWER-639
CDR-4B5EE78B,CASE-0275,+915527465681,+911885956157,2023-09-18T19:47:00,387,Secunderabad Railway Station,TOWER-947
CDR-3B68499C,CASE-0390,+912596986383,+914970605607,2023-05-20T10:21:00,2596,Bandra Kurla Complex,TOWER-374
CDR-101FAF07,CASE-0494,+911332806117,+912780507500,2023-03-08T00:01:00,3335,T Nagar,TOWER-850
CDR-5519E6D7,CASE-0077,+919395909178,+919052995924,2023-07-26T12:55:00,620,Koramangala,TOWER-452
CDR-42550437,CASE-0201,+912848587043,+915166570065,2023-08-31T09:10:00,890,Jubilee Hills,TOWER-920
CDR-F4D9C93C,CASE-0170,+912140051171,+911022988153,2023-05-15T16:31:00,1402,Salt Lake City,TOWER-655
CDR-18513527,CASE-0457,+912307915163,+915745882829,2023-04-03T21:42:00,3095,Vasant Kunj,TOWER-697
CDR-9F91DC86,CASE-0350,+913872565367,+919075121917,2023-01-07T17:58:00,1333,Indiranagar,TOWER-454
CDR-B1C092FD,CASE-0281,+916033606283,+914577603239,2023-07-25T14:25:00,2428,T Nagar,TOWER-966
CDR-085FCFB0,CASE-0263,+918681526708,+910095695483,2023-07-03T17:00:00,2904,Hinjewadi,TOWER-946
CDR-3D7A5917,CASE-0394,+917749462059,+919116421039,2023-09-04T04:41:00,559,Bandra Kurla Complex,TOWER-578
CDR-1FC1F4DA,CASE-0094,+912848587043,+915140721957,2023-06-14T18:18:00,596,Gachibowli,TOWER-353
CDR-71E76C6E,CASE-0424,+912062619351,+910932627488,2023-10-26T03:07:00,590,Secunderabad Railway Station,TOWER-591
CDR-66EF2A17,CASE-0268,+910629220881,+913047196754,2023-03-31T17:25:00,1776,Connaught Place,TOWER-291
CDR-A5424E94,CASE-0256,+918599019920,+916609478871,2023-04-05T23:44:00,1637,Anna Nagar,TOWER-299
CDR-910E7943,CASE-0319,+910753540823,+916209181900,2023-03-30T03:41:00,1385,Salt Lake City,TOWER-109
CDR-28DC2758,CASE-0219,+918663068294,+914088406304,2023-07-09T02:53:00,3316,Secunderabad Railway Station,TOWER-238
CDR-07B933FE,CASE-0339,+911655903639,+915148982381,2023-08-21T04:59:00,464,Vasant Kunj,TOWER-565
CDR-96B798F1,CASE-0123,+912911010547,+916744566736,2023-07-05T14:14:00,742,Connaught Place,TOWER-797
CDR-82210AD2,CASE-0175,+915215091504,+912555414933,2023-05-14T18:42:00,1928,Salt Lake City,TOWER-601
CDR-40184D61,CASE-0150,+910281932916,+916533266257,2023-02-23T09:32:00,1346,Vasant Kunj,TOWER-369
CDR-D98A7A52,CASE-0184,+915039172660,+914409918088,2023-09-30T04:26:00,184,T Nagar,TOWER-167
CDR-3012C2A2,CASE-0362,+917290393874,+918893354073,2023-01-12T17:52:00,3452,Karol Bagh,TOWER-191
CDR-5C1C5895,CASE-0210,+917693518299,+915557514769,2023-05-21T10:49:00,1812,Viman Nagar,TOWER-536
CDR-6C57BF8B,CASE-0313,+912848587043,+917335799310,2023-05-05T03:31:00,2195,Connaught Place,TOWER-520
CDR-C15F4A89,CASE-0195,+914359315208,+914813120521,2023-03-31T10:15:00,110,Gachibowli,TOWER-679
CDR-850CA40D,CASE-0341,+914239058338,+910232931672,2023-05-09T14:01:00,3104,Vasant Kunj,TOWER-689
CDR-9225C7ED,CASE-0135,+914530312529,+919568938786,2023-08-29T00:00:00,87,Anna Nagar,TOWER-357
CDR-6C4C7232,CASE-0430,+912779166231,+914239058338,2023-09-05T07:37:00,3393,Secunderabad Railway Station,TOWER-883
CDR-75A1D06D,CASE-0114,+914271636761,+912700405242,2023-07-28T01:06:00,1537,Viman Nagar,TOWER-644
CDR-9AA8B0EE,CASE-0407,+912419312144,+919913888902,2023-01-31T11:11:00,3014,Gachibowli,TOWER-150
CDR-68DEB8BA,CASE-0466,+912062619351,+917654441593,2023-10-06T22:02:00,1593,Gurgaon Sector 29,TOWER-619
CDR-0A441D20,CASE-0432,+915148982381,+912062619351,2023-03-31T01:54:00,2582,Salt Lake City,TOWER-168
CDR-B765F3D8,CASE-0215,+917289286553,+918753676806,2023-10-13T07:32:00,1609,Viman Nagar,TOWER-910
CDR-184039E4,CASE-0422,+910939589938,+917963520874,2023-01-08T10:29:00,1788,T Nagar,TOWER-923
CDR-381996BC,CASE-0057,+915024878084,+912926756713,2023-08-07T10:15:00,2262,Gurgaon Sector 29,TOWER-485
CDR-4D916C1E,CASE-0465,+917458978757,+911026727439,2023-05-15T01:24:00,1848,Karol Bagh,TOWER-437
CDR-8DE7BFDF,CASE-0037,+912848587043,+914271636761,2023-05-03T20:33:00,1662,Anna Nagar,TOWER-722
CDR-1B62B1F3,CASE-0198,+916325484698,+911832453891,2023-09-11T14:27:00,1038,Salt Lake City,TOWER-390
CDR-87A38678,CASE-0049,+915024878084,+917952029344,2023-04-10T18:50:00,1301,Salt Lake City,TOWER-563
CDR-771FB884,CASE-0071,+911614562294,+919437199375,2023-07-03T05:50:00,3013,Secunderabad Railway Station,TOWER-213
CDR-E0DC44A0,CASE-0188,+916459405371,+918894884101,2023-10-13T05:22:00,1865,New Town,TOWER-131
CDR-31BB6882,CASE-0322,+910067235472,+917315265139,2023-02-02T08:41:00,3337,T Nagar,TOWER-770
CDR-7126C49D,CASE-0121,+915185667484,+915131496227,2023-10-05T01:26:00,2031,Andheri West,TOWER-740
CDR-A05E4401,CASE-0448,+913267214660,+915781600531,2023-03-06T12:37:00,2070,Anna Nagar,TOWER-234
CDR-DE6130BE,CASE-0194,+913975433895,+916744533749,2023-05-06T15:45:00,3549,T Nagar,TOWER-928
CDR-7A8367B6,CASE-0105,+915920116378,+911911527629,2023-02-20T22:49:00,2164,Bandra Kurla Complex,TOWER-235
CDR-0C8E3C2D,CASE-0231,+916780341720,+917568958126,2023-03-08T00:56:00,1106,Bandra Kurla Complex,TOWER-663
CDR-799D7485,CASE-0197,+918545155824,+918545155824,2023-01-08T23:57:00,3123,Gachibowli,TOWER-826
CDR-E2340F02,CASE-0008,+917498717859,+911905181999,2023-06-01T05:16:00,3086,Indiranagar,TOWER-965
CDR-F036D068,CASE-0407,+913547280012,+912503628126,2023-02-17T00:03:00,284,Gachibowli,TOWER-667
CDR-F4FBFF09,CASE-0190,+911864346550,+916209181900,2023-01-14T22:58:00,3594,Andheri West,TOWER-115
CDR-B2F292D3,CASE-0349,+916021101710,+918272774927,2023-09-24T18:13:00,1616,Anna Nagar,TOWER-248
CDR-C0D06941,CASE-0203,+918843545700,+912848587043,2023-08-27T19:23:00,2513,Gachibowli,TOWER-773
CDR-00C9B51A,CASE-0337,+916953741440,+917290393874,2023-05-31T02:39:00,843,Viman Nagar,TOWER-221
CDR-A85AE282,CASE-0187,+918843545700,+918636745124,2023-09-26T02:09:00,1879,Gurgaon Sector 29,TOWER-294
CDR-C9DE16C1,CASE-0197,+918545155824,+911782032348,2023-08-14T11:06:00,2695,Koramangala,TOWER-807
CDR-0D3C1BFB,CASE-0114,+914427675118,+913022810203,2023-03-06T22:26:00,1494,Koramangala,TOWER-605
CDR-4B78B71D,CASE-0474,+914692414270,+912142042394,2023-04-26T03:56:00,3344,Gurgaon Sector 29,TOWER-861
CDR-C1E56E08,CASE-0333,+917879811619,+912323481523,2023-01-25T20:16:00,3558,Viman Nagar,TOWER-590
CDR-A442776E,CASE-0145,+912673840666,+911566214754,2023-04-28T04:36:00,1187,Anna Nagar,TOWER-535
CDR-FEC67F2A,CASE-0358,+913156537093,+914905983643,2023-07-02T08:48:00,2820,Koramangala,TOWER-921
CDR-3F7D6D27,CASE-0134,+919386662193,+912057388817,2023-08-12T09:13:00,2694,Connaught Place,TOWER-402
CDR-ABC12934,CASE-0204,+919629244313,+916408662325,2023-02-20T12:13:00,934,Koramangala,TOWER-870
CDR-1D9B40CD,CASE-0446,+914032404397,+913539867848,2023-08-27T23:36:00,2815,Andheri West,TOWER-911
CDR-65517F13,CASE-0147,+912848587043,+916867948266,2023-09-30T19:27:00,2214,Viman Nagar,TOWER-349
CDR-A67E19D9,CASE-0437,+915204801690,+919622388117,2023-10-11T16:24:00,897,Koramangala,TOWER-945
CDR-DF0F99B9,CASE-0067,+918495060390,+911715993255,2023-04-22T22:40:00,905,Noida Sector 18,TOWER-853
CDR-8C7E0BCA,CASE-0306,+914271636761,+916816288009,2023-04-29T14:17:00,406,Viman Nagar,TOWER-529
CDR-C9557D69,CASE-0232,+917497324788,+919761082265,2023-05-08T09:02:00,763,Anna Nagar,TOWER-805
CDR-D0EDEF81,CASE-0042,+919691238826,+915935606657,2023-01-22T05:00:00,3414,Viman Nagar,TOWER-912
CDR-E72216E5,CASE-0467,+911330143556,+918574295444,2023-01-03T06:55:00,2637,Koramangala,TOWER-295
CDR-56A32594,CASE-0034,+913792548322,+912080538281,2023-03-21T07:16:00,845,Andheri West,TOWER-123
CDR-4308C5DA,CASE-0428,+917449361043,+918662192121,2023-05-28T01:48:00,18,Indiranagar,TOWER-675
CDR-B4FB46A6,CASE-0147,+912848587043,+913879632592,2023-03-05T21:27:00,442,Gurgaon Sector 29,TOWER-515
CDR-55D69B3E,CASE-0180,+915771848668,+918550979702,2023-02-21T23:29:00,1600,Gachibowli,TOWER-677
CDR-9C0CED54,CASE-0194,+913975433895,+918343834068,2023-03-26T18:35:00,1172,Indiranagar,TOWER-960
CDR-9490826F,CASE-0192,+914271636761,+913696153113,2023-10-05T17:47:00,1918,New Town,TOWER-435
CDR-9C94AF80,CASE-0225,+911658299659,+916752723583,2023-01-24T16:33:00,1292,Andheri West,TOWER-450
CDR-D466B7D8,CASE-0499,+910134604279,+910753540823,2023-07-23T16:43:00,2450,Bandra Kurla Complex,TOWER-625
CDR-6FAD0125,CASE-0073,+910753540823,+918426048147,2023-07-17T21:28:00,3030,Connaught Place,TOWER-584
CDR-67A322A8,CASE-0390,+917235901987,+910483805872,2023-06-20T22:45:00,1757,T Nagar,TOWER-610
CDR-2BA032BE,CASE-0231,+910557722068,+914235432636,2023-01-30T15:41:00,2293,New Town,TOWER-155
CDR-5541C7AA,CASE-0128,+917875927829,+917305095855,2023-04-23T16:38:00,3226,Connaught Place,TOWER-994
CDR-96A065A0,CASE-0119,+916060484474,+918965921850,2023-01-04T00:30:00,2971,Bandra Kurla Complex,TOWER-785
CDR-63286B3E,CASE-0178,+919771893970,+912110288951,2023-07-04T04:44:00,545,New Town,TOWER-794
CDR-DC546C65,CASE-0418,+910948656908,+913121201754,2023-02-04T21:21:00,1223,Jubilee Hills,TOWER-431
CDR-E2446ABC,CASE-0497,+919941356537,+910273678260,2023-04-23T02:21:00,3149,Gurgaon Sector 29,TOWER-152
CDR-A6D22C0B,CASE-0286,+913547280012,+913594956125,2023-05-30T02:36:00,2971,Jubilee Hills,TOWER-680
CDR-972E91BA,CASE-0069,+916268345943,+916209181900,2023-04-17T02:06:00,3155,Gachibowli,TOWER-829
CDR-07BC0A23,CASE-0162,+915527465681,+917290393874,2023-05-23T04:26:00,56,Viman Nagar,TOWER-531
CDR-5EE5700E,CASE-0229,+913194618437,+918843545700,2023-01-19T20:43:00,855,Koramangala,TOWER-934
CDR-72B2FF00,CASE-0280,+918932983493,+911113439865,2023-01-09T21:04:00,2812,T Nagar,TOWER-550
CDR-19BCBE1E,CASE-0389,+918741001772,+912563457837,2023-06-03T07:57:00,3235,Noida Sector 18,TOWER-224
CDR-E5F0298E,CASE-0351,+910411534109,+915791708592,2023-02-05T12:58:00,1969,Gurgaon Sector 29,TOWER-476
CDR-0D3BC0E1,CASE-0232,+918801669563,+913123728785,2023-05-06T21:46:00,1204,Andheri West,TOWER-992
CDR-CA3C5831,CASE-0211,+919306914377,+918735580572,2023-07-11T23:06:00,1040,Anna Nagar,TOWER-368
CDR-721DD3E1,CASE-0189,+914271636761,+918038025474,2023-02-11T13:30:00,2046,Salt Lake City,TOWER-460
CDR-D2F41EEE,CASE-0232,+913641465742,+916390939068,2023-01-09T09:22:00,492,Gachibowli,TOWER-972
CDR-5F54FBFB,CASE-0439,+914359315208,+915920116378,2023-07-12T03:00:00,1506,Anna Nagar,TOWER-556
CDR-DD9852E1,CASE-0483,+917377676256,+912128649914,2023-04-30T11:41:00,1203,Andheri West,TOWER-340
CDR-FDB13E81,CASE-0028,+915024878084,+915152478788,2023-08-18T17:45:00,520,T Nagar,TOWER-234
CDR-9C8A2E91,CASE-0133,+915920116378,+911751922523,2023-07-31T09:20:00,2372,Jubilee Hills,TOWER-404
CDR-808802A7,CASE-0187,+918843545700,+912742915341,2023-04-22T10:45:00,992,Viman Nagar,TOWER-842
CDR-DF312303,CASE-0190,+919620008163,+919754308856,2023-03-28T13:38:00,2674,Connaught Place,TOWER-184
CDR-C451BAEF,CASE-0069,+916209181900,+912716108635,2023-09-25T23:29:00,408,Bandra Kurla Complex,TOWER-994
CDR-954D0DEE,CASE-0190,+911864346550,+914671411497,2023-01-07T20:50:00,1346,Connaught Place,TOWER-318
CDR-32808A99,CASE-0437,+911400672608,+915534673740,2023-04-08T11:19:00,1659,Anna Nagar,TOWER-382
CDR-B619464A,CASE-0440,+913991804109,+915318682598,2023-10-06T19:33:00,970,Salt Lake City,TOWER-996
CDR-2430C1D9,CASE-0302,+918341046989,+917083495547,2023-05-13T16:32:00,2347,Viman Nagar,TOWER-826
CDR-77482F50,CASE-0257,+911885956157,+918925752364,2023-01-17T03:25:00,2501,Vasant Kunj,TOWER-343
CDR-039B4BB6,CASE-0412,+917256635473,+913138504461,2023-06-21T15:33:00,762,New Town,TOWER-305
CDR-E42633FC,CASE-0052,+916866149630,+912628585066,2023-09-18T16:52:00,719,T Nagar,TOWER-981
CDR-7778365D,CASE-0148,+913152383180,+913975433895,2023-02-10T00:06:00,2213,Vasant Kunj,TOWER-104
CDR-9C83ABB2,CASE-0182,+917289676037,+916209181900,2023-08-07T18:41:00,3369,Andheri West,TOWER-723
CDR-0EF84D24,CASE-0045,+917285667896,+917525125508,2023-09-19T12:58:00,1459,Secunderabad Railway Station,TOWER-911
CDR-86774498,CASE-0087,+915835366118,+916541928081,2023-02-06T10:13:00,1326,Secunderabad Railway Station,TOWER-942
CDR-308387D2,CASE-0495,+913842374484,+913736091788,2023-01-20T10:24:00,2568,Koramangala,TOWER-533
CDR-AAB949F5,CASE-0037,+913020463581,+918843545700,2023-10-23T10:10:00,977,Indiranagar,TOWER-386
CDR-26708153,CASE-0245,+913975433895,+919100866967,2023-08-29T12:44:00,1533,Karol Bagh,TOWER-631
CDR-F3C1E053,CASE-0420,+912586815475,+917033398387,2023-06-26T18:24:00,700,Secunderabad Railway Station,TOWER-327
CDR-9C3802D3,CASE-0443,+915364959154,+915847904678,2023-05-19T11:28:00,87,Vasant Kunj,TOWER-899
CDR-3EC16617,CASE-0263,+915737278656,+915147546663,2023-06-22T15:32:00,1034,Noida Sector 18,TOWER-671
CDR-5EB99ACE,CASE-0278,+910753540823,+910924716490,2023-02-27T21:37:00,259,Gachibowli,TOWER-678
CDR-116BA9C2,CASE-0195,+914359315208,+914239058338,2023-01-13T21:58:00,680,Connaught Place,TOWER-563
CDR-1477ECE2,CASE-0494,+917348753849,+910836784758,2023-06-01T00:16:00,3113,Viman Nagar,TOWER-492
CDR-5D9E2839,CASE-0204,+914588834385,+912290114565,2023-07-04T06:12:00,1417,Karol Bagh,TOWER-234
CDR-8119E723,CASE-0034,+913792548322,+911725428073,2023-09-23T07:07:00,399,Andheri West,TOWER-982
CDR-9742F167,CASE-0310,+915340702487,+914271636761,2023-07-23T13:17:00,2456,Andheri West,TOWER-508
CDR-5C015739,CASE-0241,+913121201754,+913931241446,2023-06-13T22:43:00,3291,Indiranagar,TOWER-150
CDR-55702E1F,CASE-0286,+913547280012,+914082400135,2023-02-28T01:23:00,2694,Indiranagar,TOWER-752
CDR-0C96D875,CASE-0313,+912848587043,+912336768271,2023-05-22T18:33:00,3298,Karol Bagh,TOWER-617
CDR-3C31CD95,CASE-0429,+919012583336,+910932627488,2023-03-03T00:58:00,1591,Viman Nagar,TOWER-991
CDR-5832155E,CASE-0420,+912688732077,+914477100607,2023-08-21T10:27:00,1178,Bandra Kurla Complex,TOWER-410
CDR-512AA6D9,CASE-0351,+912104768609,+916314587869,2023-03-25T21:35:00,2282,Salt Lake City,TOWER-982
CDR-EC8F2DD0,CASE-0013,+917907237642,+911922544272,2023-03-14T11:28:00,2970,T Nagar,TOWER-318
CDR-AAD4A15E,CASE-0342,+918138773365,+916206847843,2023-04-19T09:16:00,3321,Salt Lake City,TOWER-434
CDR-078D4903,CASE-0213,+919030739798,+911130247203,2023-07-24T08:31:00,857,Viman Nagar,TOWER-703
CDR-E89C5164,CASE-0104,+915024878084,+918498544769,2023-06-14T14:00:00,1027,Jubilee Hills,TOWER-658
CDR-02B114A4,CASE-0058,+916248863117,+919053788600,2023-10-22T13:19:00,854,Connaught Place,TOWER-430
CDR-275B4CA6,CASE-0409,+917541620441,+913566399833,2023-03-05T22:45:00,3167,Secunderabad Railway Station,TOWER-232
CDR-6BBD3AA6,CASE-0103,+913689921536,+912008014073,2023-06-21T03:58:00,1422,New Town,TOWER-494
CDR-B0F755DD,CASE-0247,+916763791614,+911147484047,2023-03-08T15:29:00,3222,Jubilee Hills,TOWER-300
CDR-3B4841C2,CASE-0131,+910956977119,+919424223648,2023-10-04T19:38:00,2977,Anna Nagar,TOWER-613
CDR-7255178A,CASE-0005,+916436535294,+914018065021,2023-01-25T17:38:00,1244,Gurgaon Sector 29,TOWER-363
CDR-AE310FC4,CASE-0016,+911885956157,+910396042815,2023-02-06T07:41:00,2615,T Nagar,TOWER-549
CDR-0CDFC55E,CASE-0057,+915024878084,+910383707588,2023-07-14T12:22:00,1520,Noida Sector 18,TOWER-950
CDR-711A3C0D,CASE-0224,+919255569823,+915024878084,2023-02-20T17:04:00,1618,Jubilee Hills,TOWER-960
CDR-10A52968,CASE-0403,+915307531576,+918379515736,2023-08-17T09:41:00,2797,T Nagar,TOWER-512
CDR-2D921BD1,CASE-0259,+912062619351,+912440682429,2023-07-13T18:17:00,3517,Bandra Kurla Complex,TOWER-810
CDR-0E188B1C,CASE-0220,+914359315208,+913667433418,2023-09-03T21:44:00,2346,Gachibowli,TOWER-890
CDR-3683F09F,CASE-0342,+919668738453,+910099195006,2023-08-09T06:32:00,1966,Gachibowli,TOWER-566
CDR-CEFD04B7,CASE-0083,+911563803393,+915123321332,2023-01-09T01:13:00,829,Andheri West,TOWER-177
CDR-CE8386D3,CASE-0446,+916835699095,+917380997093,2023-10-04T21:55:00,2475,Viman Nagar,TOWER-792
CDR-70FBFED4,CASE-0015,+918037233392,+912864138951,2023-08-24T10:14:00,354,T Nagar,TOWER-176
CDR-6D59DE16,CASE-0138,+911953201389,+916110338320,2023-07-27T00:55:00,3141,Secunderabad Railway Station,TOWER-704
CDR-84F57FCA,CASE-0348,+918646745808,+911087423500,2023-09-28T07:09:00,639,Salt Lake City,TOWER-325
CDR-101E7572,CASE-0447,+911819560498,+917414388000,2023-06-21T09:53:00,951,Indiranagar,TOWER-389
CDR-0D361356,CASE-0102,+914603795840,+915411834725,2023-07-08T04:21:00,532,Bandra Kurla Complex,TOWER-349
CDR-BF81E422,CASE-0303,+915183757959,+915148982381,2023-07-25T00:49:00,2846,Jubilee Hills,TOWER-143
CDR-DF156F14,CASE-0311,+914239058338,+917830656354,2023-05-29T05:05:00,3442,T Nagar,TOWER-117
CDR-0543EBB5,CASE-0452,+912062619351,+917290393874,2023-01-03T10:20:00,1674,Gurgaon Sector 29,TOWER-377
CDR-92F93D07,CASE-0040,+914982921143,+912565570054,2023-02-22T10:28:00,2602,T Nagar,TOWER-609
CDR-CD439339,CASE-0282,+914271636761,+911642564341,2023-09-03T08:30:00,3360,T Nagar,TOWER-544
CDR-867CF975,CASE-0383,+915867724943,+913538113968,2023-06-12T17:07:00,2490,Connaught Place,TOWER-562
CDR-77999481,CASE-0489,+910526167607,+917902468755,2023-09-07T04:57:00,1301,Secunderabad Railway Station,TOWER-257
CDR-075B6B28,CASE-0287,+917290393874,+910932627488,2023-07-14T06:57:00,448,Salt Lake City,TOWER-531
CDR-00B1CFC9,CASE-0201,+914925021550,+914206370446,2023-09-07T21:03:00,2138,Noida Sector 18,TOWER-540
CDR-325839FD,CASE-0265,+911303137934,+913823959464,2023-03-18T08:56:00,3340,T Nagar,TOWER-115
CDR-47B3500A,CASE-0061,+911341083704,+915425238242,2023-07-12T07:29:00,1622,Indiranagar,TOWER-793
CDR-4683F65A,CASE-0290,+911782032348,+915700280599,2023-08-20T01:03:00,3035,Connaught Place,TOWER-834
CDR-BE905676,CASE-0172,+912390045150,+917416296649,2023-05-17T01:22:00,3272,Anna Nagar,TOWER-357
CDR-905947E1,CASE-0019,+911782032348,+911782032348,2023-06-11T13:12:00,973,Noida Sector 18,TOWER-577
CDR-30EF5643,CASE-0255,+912990680246,+916518950394,2023-07-19T02:43:00,2542,New Town,TOWER-579
CDR-1E11D8AC,CASE-0207,+919438531917,+917753574635,2023-05-31T07:56:00,469,Andheri West,TOWER-811
CDR-040F384C,CASE-0155,+916536721202,+914206370446,2023-09-21T04:46:00,2207,Gurgaon Sector 29,TOWER-564
CDR-7577E879,CASE-0073,+910753540823,+913547280012,2023-06-24T18:48:00,1226,Viman Nagar,TOWER-859
CDR-CAC2A48E,CASE-0081,+911322995558,+915649583366,2023-04-02T16:38:00,2079,T Nagar,TOWER-886
CDR-62B3FD1B,CASE-0055,+913842157215,+912376126082,2023-09-25T08:47:00,907,Gachibowli,TOWER-692
CDR-45653F68,CASE-0213,+914271636761,+918843545700,2023-09-21T03:16:00,1854,Anna Nagar,TOWER-456
CDR-1A1A0497,CASE-0082,+914294748302,+918059004185,2023-08-24T06:58:00,1825,Anna Nagar,TOWER-284
CDR-234F8065,CASE-0388,+918646745808,+910951771933,2023-10-11T01:19:00,300,New Town,TOWER-305
CDR-EE5D87EE,CASE-0493,+914239058338,+910795803207,2023-10-10T22:55:00,1573,Viman Nagar,TOWER-976
CDR-8BD22992,CASE-0145,+911661966550,+915528047533,2023-02-14T06:52:00,440,Bandra Kurla Complex,TOWER-518
CDR-BF7F6055,CASE-0142,+919606541892,+919579178380,2023-05-10T05:06:00,1210,New Town,TOWER-544
CDR-AE6AF9B0,CASE-0020,+915148982381,+914710503903,2023-03-05T23:43:00,250,Jubilee Hills,TOWER-187
CDR-8094F922,CASE-0232,+910276666490,+916785583546,2023-05-03T18:08:00,3528,Indiranagar,TOWER-495
CDR-A0176D74,CASE-0225,+918646745808,+914304906651,2023-04-12T13:17:00,1080,Anna Nagar,TOWER-630
CDR-59235B5C,CASE-0062,+914271636761,+914239058338,2023-09-14T19:20:00,2832,Gurgaon Sector 29,TOWER-260
CDR-5732646F,CASE-0266,+919130583793,+918545155824,2023-04-22T10:16:00,144,Gachibowli,TOWER-248
CDR-E34DAAAA,CASE-0090,+914733818239,+914246298962,2023-02-03T09:19:00,1576,Karol Bagh,TOWER-593
CDR-CE8E4E8F,CASE-0111,+915920116378,+915920116378,2023-06-30T20:05:00,3397,Bandra Kurla Complex,TOWER-487
CDR-A91701C5,CASE-0160,+918684724500,+913428353519,2023-09-24T23:21:00,3203,Indiranagar,TOWER-988
CDR-019639FE,CASE-0056,+914809512388,+918843545700,2023-03-18T09:02:00,1767,Jubilee Hills,TOWER-976
CDR-34422577,CASE-0184,+910932627488,+913197764957,2023-07-17T22:30:00,1315,Andheri West,TOWER-178
CDR-460645C3,CASE-0237,+918073322302,+911696791105,2023-03-17T16:01:00,1756,Viman Nagar,TOWER-671
CDR-353F2F03,CASE-0185,+912062619351,+918487487900,2023-07-06T16:09:00,2997,Karol Bagh,TOWER-349
CDR-45248515,CASE-0236,+913067876211,+918404915457,2023-04-24T13:11:00,817,Koramangala,TOWER-892
CDR-281747AA,CASE-0366,+916069854232,+913265897057,2023-07-30T02:42:00,3294,Noida Sector 18,TOWER-310
CDR-F19B0FE1,CASE-0195,+914813120521,+918406381751,2023-09-29T22:02:00,2539,Koramangala,TOWER-160
CDR-43BF3F96,CASE-0413,+912652392093,+918865203076,2023-05-17T09:28:00,1767,Hinjewadi,TOWER-159
CDR-88D3B4FC,CASE-0493,+914239058338,+912755144957,2023-06-09T11:20:00,826,Gurgaon Sector 29,TOWER-872
CDR-746C2ABB,CASE-0344,+914518845105,+911885956157,2023-09-14T14:50:00,509,Viman Nagar,TOWER-234
CDR-C9D072F7,CASE-0485,+915010364223,+913608715525,2023-08-17T02:28:00,254,Karol Bagh,TOWER-124
CDR-770EF7EA,CASE-0145,+911661966550,+910153848942,2023-01-05T20:46:00,954,Secunderabad Railway Station,TOWER-602
CDR-15AF4DFD,CASE-0163,+919869850879,+912048132089,2023-05-22T04:01:00,2887,Viman Nagar,TOWER-801
CDR-B130DFDE,CASE-0135,+917499454816,+913440507571,2023-09-19T22:15:00,3494,Karol Bagh,TOWER-273
CDR-F89B79CF,CASE-0352,+910941491188,+915431288071,2023-05-20T07:05:00,2086,Hinjewadi,TOWER-299
CDR-FD041939,CASE-0086,+913494425741,+919490504096,2023-03-10T19:50:00,1003,Vasant Kunj,TOWER-398
CDR-78ED7752,CASE-0376,+914675877093,+915703305007,2023-03-17T21:30:00,1577,New Town,TOWER-755
CDR-54360790,CASE-0333,+917879811619,+915722606942,2023-04-30T10:05:00,754,Noida Sector 18,TOWER-863
CDR-CFCA449F,CASE-0232,+910276666490,+913967092791,2023-05-29T07:02:00,2871,Connaught Place,TOWER-761
CDR-61BEF8B3,CASE-0065,+911232633884,+917628469066,2023-05-17T22:50:00,688,Karol Bagh,TOWER-554
CDR-9BDD139A,CASE-0348,+918646745808,+913211778747,2023-10-05T06:32:00,3313,T Nagar,TOWER-854
CDR-BA8AAC5F,CASE-0477,+913279771831,+915714986434,2023-01-07T01:27:00,1512,Koramangala,TOWER-389
CDR-986D2ECA,CASE-0461,+917007752067,+917795980794,2023-03-30T02:40:00,2341,Karol Bagh,TOWER-461
CDR-341639D0,CASE-0203,+918843545700,+912775500093,2023-07-09T17:26:00,856,Andheri West,TOWER-930
CDR-26B27E0A,CASE-0149,+915216424751,+918163021283,2023-01-22T18:01:00,3598,Jubilee Hills,TOWER-206
CDR-92EBBEDD,CASE-0085,+914271636761,+913547280012,2023-09-13T10:46:00,495,Koramangala,TOWER-433
CDR-7229691A,CASE-0416,+914239058338,+915888691887,2023-06-24T06:16:00,1111,Noida Sector 18,TOWER-412
CDR-FF52C8EB,CASE-0233,+916307331452,+914928444030,2023-05-26T05:46:00,1071,Indiranagar,TOWER-205
CDR-1B7F849C,CASE-0071,+911614562294,+914813120521,2023-09-09T00:38:00,2111,Vasant Kunj,TOWER-583
CDR-E77C5C9F,CASE-0136,+910093439981,+911745689502,2023-09-04T10:24:00,524,Noida Sector 18,TOWER-332
CDR-8A0032A9,CASE-0145,+915149437000,+917523932476,2023-03-01T04:48:00,452,Jubilee Hills,TOWER-803
CDR-0276BE91,CASE-0455,+918703732070,+911310488025,2023-06-30T04:19:00,2006,Bandra Kurla Complex,TOWER-456
CDR-AE32D77D,CASE-0099,+912319163498,+918843545700,2023-04-30T22:55:00,598,Koramangala,TOWER-876
CDR-227CFDEB,CASE-0278,+916209181900,+914271636761,2023-04-12T05:25:00,1828,Noida Sector 18,TOWER-854
CDR-8E521A00,CASE-0404,+915850796909,+913040881604,2023-10-26T12:40:00,1540,Noida Sector 18,TOWER-885
CDR-142A5254,CASE-0405,+919571945536,+915346475660,2023-04-29T07:29:00,861,T Nagar,TOWER-563
CDR-081540C8,CASE-0072,+915041435052,+911734088839,2023-07-22T08:04:00,234,Bandra Kurla Complex,TOWER-796
CDR-4DA9859E,CASE-0486,+911076258096,+910468771395,2023-08-29T01:45:00,1782,Gachibowli,TOWER-154
CDR-A24C29D2,CASE-0153,+910753540823,+913547280012,2023-09-03T14:30:00,2134,New Town,TOWER-547
CDR-A8167F18,CASE-0477,+910932627488,+910932627488,2023-02-09T14:18:00,1058,Bandra Kurla Complex,TOWER-738
CDR-B621CA9F,CASE-0037,+912773247219,+919526539658,2023-09-11T09:11:00,2454,New Town,TOWER-532
CDR-4E21E799,CASE-0381,+917970357325,+915145613741,2023-08-10T05:39:00,1832,Viman Nagar,TOWER-254
CDR-4F5CB6EB,CASE-0108,+911775334011,+919069039311,2023-01-21T16:43:00,268,Viman Nagar,TOWER-744
CDR-8013B39E,CASE-0265,+917174127261,+914958085318,2023-04-30T01:48:00,36,Connaught Place,TOWER-877
CDR-25F17C77,CASE-0215,+918210553678,+915554323099,2023-03-03T16:42:00,1899,Viman Nagar,TOWER-900
CDR-738813D8,CASE-0397,+919566484781,+913990915902,2023-10-12T16:12:00,3225,Hinjewadi,TOWER-262
CDR-523FED61,CASE-0024,+913057237398,+910791611087,2023-04-22T15:52:00,1624,Anna Nagar,TOWER-532
CDR-3095ED7E,CASE-0064,+918545155824,+911885956157,2023-09-18T16:50:00,446,Jubilee Hills,TOWER-406
CDR-519FDB0C,CASE-0369,+914271636761,+918951025377,2023-02-02T21:48:00,1618,Bandra Kurla Complex,TOWER-292
CDR-2568B398,CASE-0146,+910932627488,+912062619351,2023-10-17T10:10:00,874,Andheri West,TOWER-618
CDR-5C852636,CASE-0074,+914271636761,+910969723180,2023-05-13T09:58:00,2433,New Town,TOWER-493
CDR-94236511,CASE-0186,+916367870316,+912145422329,2023-07-22T08:52:00,2394,T Nagar,TOWER-685
CDR-B06EADBB,CASE-0466,+918854425817,+919296132137,2023-06-11T10:36:00,1889,Bandra Kurla Complex,TOWER-936
CDR-C5B24FB4,CASE-0050,+910326513902,+911681550096,2023-09-21T19:45:00,1045,Viman Nagar,TOWER-131
CDR-AA8775DE,CASE-0247,+910587598321,+919303575444,2023-07-12T01:01:00,622,Salt Lake City,TOWER-607
CDR-43315AC9,CASE-0062,+914271636761,+910753540823,2023-04-23T10:39:00,2487,Vasant Kunj,TOWER-611
CDR-B0CB770B,CASE-0349,+913879513989,+915080632396,2023-10-02T08:38:00,2035,Vasant Kunj,TOWER-539
CDR-91C8BC1C,CASE-0430,+912779166231,+918339656003,2023-05-06T20:35:00,958,Gachibowli,TOWER-762
CDR-11FD800F,CASE-0326,+916550706517,+915623700959,2023-08-30T02:46:00,854,Karol Bagh,TOWER-945
CDR-4E538A28,CASE-0194,+914080497923,+910378707281,2023-10-19T04:34:00,198,Jubilee Hills,TOWER-719
CDR-51843F72,CASE-0075,+918744754790,+914990072250,2023-01-14T10:26:00,1624,Connaught Place,TOWER-524
CDR-6CD044D7,CASE-0099,+918184756973,+919470657736,2023-04-20T19:14:00,937,New Town,TOWER-874
CDR-78DAC39C,CASE-0127,+918078847520,+912168724138,2023-03-20T05:06:00,3286,Salt Lake City,TOWER-623
CDR-935D07CC,CASE-0404,+915850796909,+911164100271,2023-08-01T10:05:00,977,Connaught Place,TOWER-662
CDR-2E850333,CASE-0223,+917437514483,+914567162220,2023-02-01T01:33:00,2237,Andheri West,TOWER-164
CDR-2F4715EB,CASE-0341,+912440682429,+914359315208,2023-02-21T11:36:00,1104,Indiranagar,TOWER-742
CDR-754582E2,CASE-0172,+918459203104,+911190615436,2023-02-20T22:45:00,2379,Viman Nagar,TOWER-278
CDR-6ECE47DD,CASE-0153,+910753540823,+916209181900,2023-03-09T16:21:00,1038,Noida Sector 18,TOWER-812
CDR-E9AD888F,CASE-0130,+918529666232,+912340266094,2023-03-04T08:13:00,2547,Gurgaon Sector 29,TOWER-379
CDR-61ADF0F3,CASE-0166,+914792861839,+910539363533,2023-09-20T22:35:00,985,Connaught Place,TOWER-977
CDR-92FD65A4,CASE-0378,+916763530693,+913121201754,2023-02-14T19:32:00,1462,New Town,TOWER-484
CDR-7E13A05B,CASE-0197,+918898979204,+915527465681,2023-05-06T21:39:00,1430,Gachibowli,TOWER-395
CDR-3937C961,CASE-0267,+917290393874,+915780270186,2023-01-05T15:26:00,2878,New Town,TOWER-829
CDR-273EB7B1,CASE-0201,+912848587043,+916906097230,2023-01-23T12:46:00,1067,Koramangala,TOWER-461
CDR-A36CDF6E,CASE-0336,+918310692438,+916694359289,2023-06-19T10:13:00,1897,Gachibowli,TOWER-420
CDR-3815F9D1,CASE-0235,+914813120521,+914427365678,2023-01-27T15:48:00,2467,Vasant Kunj,TOWER-812
CDR-56A07EBF,CASE-0265,+917174127261,+911116286102,2023-09-07T15:08:00,2952,Jubilee Hills,TOWER-573
CDR-1D7F521C,CASE-0283,+913426117548,+915475864389,2023-09-16T03:01:00,630,Salt Lake City,TOWER-777
CDR-BB5B12FB,CASE-0036,+919767934534,+917245897624,2023-10-14T08:35:00,1281,Jubilee Hills,TOWER-748
CDR-7F2A942E,CASE-0222,+918732474458,+911095637869,2023-04-15T07:58:00,2198,Gachibowli,TOWER-964
CDR-66775F39,CASE-0258,+916768075653,+919115103391,2023-01-19T10:58:00,2223,Noida Sector 18,TOWER-591
CDR-23A46276,CASE-0347,+915527465681,+919311749984,2023-08-14T20:38:00,3331,T Nagar,TOWER-416
CDR-D9155E97,CASE-0352,+912234875649,+917104152564,2023-05-10T05:24:00,2770,Jubilee Hills,TOWER-966
CDR-E7C3AF76,CASE-0465,+914678612658,+918906823960,2023-08-15T23:33:00,841,Bandra Kurla Complex,TOWER-938
CDR-A9258910,CASE-0278,+916209181900,+912110288951,2023-07-20T00:03:00,3323,T Nagar,TOWER-902
CDR-168D069E,CASE-0412,+918168434118,+912956572982,2023-10-10T14:01:00,2943,Koramangala,TOWER-274
CDR-35F872EC,CASE-0117,+914239058338,+912440682429,2023-01-10T07:27:00,490,Salt Lake City,TOWER-932
CDR-EF042BE7,CASE-0122,+912848587043,+915979816033,2023-02-02T13:55:00,1234,Connaught Place,TOWER-512
CDR-7152B5AB,CASE-0228,+918061339263,+911544638053,2023-01-31T17:45:00,829,Vasant Kunj,TOWER-622
CDR-F41FB5B9,CASE-0486,+917451386626,+918703836863,2023-09-08T09:19:00,2355,Secunderabad Railway Station,TOWER-117
CDR-FB967B3A,CASE-0314,+918545155824,+917147965449,2023-03-01T22:57:00,1104,Andheri West,TOWER-452
CDR-604166E5,CASE-0484,+910398237497,+915759633561,2023-01-29T07:54:00,3466,Noida Sector 18,TOWER-318
CDR-CCC31D16,CASE-0093,+913626380693,+915638071220,2023-08-23T14:09:00,2775,Viman Nagar,TOWER-779
CDR-0F4C8D28,CASE-0443,+911229676764,+914608609745,2023-02-24T11:15:00,2986,Noida Sector 18,TOWER-692
CDR-DFCD74D0,CASE-0363,+916799420672,+915912381477,2023-08-08T20:06:00,775,Gurgaon Sector 29,TOWER-876
CDR-3CC6BE4A,CASE-0424,+912480120343,+910932627488,2023-04-09T20:13:00,3524,Secunderabad Railway Station,TOWER-261
CDR-291105FD,CASE-0419,+915148982381,+914368942356,2023-03-12T04:14:00,2304,Jubilee Hills,TOWER-498
CDR-A60A7380,CASE-0471,+917060340842,+912585076332,2023-04-05T03:41:00,3302,Hinjewadi,TOWER-884
CDR-D306A296,CASE-0362,+914959056274,+910085892024,2023-02-28T05:57:00,1939,New Town,TOWER-148
CDR-51938187,CASE-0284,+910932627488,+919103454182,2023-02-21T14:08:00,3166,Karol Bagh,TOWER-248
CDR-D4D22F20,CASE-0333,+917879811619,+911537706829,2023-01-15T02:57:00,1562,Vasant Kunj,TOWER-181
CDR-981451FD,CASE-0288,+917055900798,+914265546403,2023-05-19T21:52:00,2571,Anna Nagar,TOWER-681
CDR-0559DEA9,CASE-0370,+918388825721,+911706484552,2023-03-15T07:45:00,2084,T Nagar,TOWER-307
CDR-458762B9,CASE-0226,+915329415405,+916732665148,2023-07-04T19:30:00,3098,Gachibowli,TOWER-106
CDR-59F5F78E,CASE-0486,+910868338542,+913276760775,2023-02-13T10:33:00,1012,Salt Lake City,TOWER-461
CDR-8EF5F97E,CASE-0338,+914609507226,+913440772525,2023-09-15T01:06:00,157,Salt Lake City,TOWER-935
CDR-D8D0B050,CASE-0254,+913967092791,+912875280113,2023-01-02T11:59:00,932,Indiranagar,TOWER-850
CDR-FEF25EDD,CASE-0279,+915148982381,+915148982381,2023-05-20T01:22:00,3295,Connaught Place,TOWER-954
CDR-8FBA7E57,CASE-0318,+916231872239,+917622384804,2023-06-25T15:05:00,244,Gurgaon Sector 29,TOWER-466
CDR-37AA5975,CASE-0285,+918939472482,+915044854338,2023-02-25T01:17:00,2397,Vasant Kunj,TOWER-526
CDR-4FCCF9A0,CASE-0301,+912670185291,+912865222656,2023-07-04T14:39:00,1520,Jubilee Hills,TOWER-730
CDR-935274D9,CASE-0168,+914213756945,+911918265514,2023-07-03T17:07:00,489,Secunderabad Railway Station,TOWER-842
CDR-2FD1F230,CASE-0262,+915799261605,+913969594859,2023-01-10T14:18:00,1915,Secunderabad Railway Station,TOWER-735
CDR-E07B352B,CASE-0316,+917942669134,+912139001711,2023-02-10T21:33:00,2192,Viman Nagar,TOWER-380
CDR-9982C207,CASE-0492,+911069703138,+919590184740,2023-02-15T11:31:00,119,Koramangala,TOWER-930
CDR-A2F42F8A,CASE-0438,+917726141882,+911885956157,2023-09-12T21:02:00,2582,Salt Lake City,TOWER-493
CDR-52ED58BC,CASE-0109,+915952445018,+917758387940,2023-02-27T11:30:00,431,New Town,TOWER-889
CDR-D49148DA,CASE-0051,+910222339243,+918144535242,2023-09-04T19:31:00,1379,Jubilee Hills,TOWER-104
CDR-8A666386,CASE-0094,+912848587043,+911182887465,2023-08-21T19:12:00,1190,Karol Bagh,TOWER-722
CDR-8A7F5078,CASE-0418,+919618547415,+910410378697,2023-09-19T14:09:00,1242,T Nagar,TOWER-100
CDR-392A63BB,CASE-0043,+914139099493,+915950812942,2023-01-20T01:40:00,2425,Anna Nagar,TOWER-526
CDR-F403FF67,CASE-0436,+914271636761,+912848587043,2023-08-08T12:28:00,2029,Salt Lake City,TOWER-650
CDR-2BA02441,CASE-0323,+910588112862,+915749651293,2023-01-13T12:32:00,3098,Karol Bagh,TOWER-588
CDR-A979C75D,CASE-0012,+910988138376,+912062619351,2023-02-03T21:50:00,2356,Hinjewadi,TOWER-878
CDR-19D131D6,CASE-0233,+916307331452,+910421008236,2023-07-23T05:53:00,3226,New Town,TOWER-416
CDR-D0675354,CASE-0447,+917942103685,+917220815283,2023-04-27T02:57:00,454,New Town,TOWER-483
CDR-FA408BFE,CASE-0432,+915148982381,+914535114401,2023-06-22T04:07:00,941,Anna Nagar,TOWER-818
CDR-4913A981,CASE-0070,+913608715525,+915148982381,2023-05-13T11:25:00,3046,Jubilee Hills,TOWER-982
CDR-D1328E82,CASE-0364,+916959991312,+914755413958,2023-01-22T11:58:00,429,Karol Bagh,TOWER-635
CDR-46A6A40B,CASE-0496,+911334150546,+919963563203,2023-10-17T04:53:00,2620,Salt Lake City,TOWER-793
CDR-9DEBB494,CASE-0236,+913067876211,+916211318803,2023-01-03T06:56:00,2392,Secunderabad Railway Station,TOWER-769
CDR-58C2ABF0,CASE-0344,+910932627488,+918320290020,2023-03-29T08:31:00,908,Hinjewadi,TOWER-705
CDR-94D76AC2,CASE-0186,+910421828475,+912492921401,2023-06-26T12:48:00,3199,Jubilee Hills,TOWER-670
CDR-7B59665D,CASE-0476,+916801900263,+914271636761,2023-07-01T19:22:00,358,Koramangala,TOWER-810
CDR-ACE4ADE9,CASE-0002,+918913096158,+915032617870,2023-05-24T12:05:00,1078,Connaught Place,TOWER-574
CDR-D1CA0867,CASE-0163,+913084772999,+917654441593,2023-10-11T12:28:00,1348,Anna Nagar,TOWER-984
CDR-52454ED3,CASE-0277,+918589827445,+911432220440,2023-07-01T13:23:00,3188,Karol Bagh,TOWER-522
CDR-A6CD573E,CASE-0375,+919626126086,+911699123344,2023-09-01T14:49:00,205,Koramangala,TOWER-323
CDR-9C38B5A7,CASE-0322,+918988580279,+917237372439,2023-03-21T17:44:00,71,Gurgaon Sector 29,TOWER-330
CDR-A5C8A2B0,CASE-0064,+918355101690,+913168652754,2023-10-03T11:53:00,894,Hinjewadi,TOWER-959
CDR-11F6858B,CASE-0090,+914733818239,+912603887970,2023-02-15T14:26:00,396,Vasant Kunj,TOWER-599
CDR-152C7171,CASE-0040,+910249635097,+911009144342,2023-03-01T09:09:00,1320,Bandra Kurla Complex,TOWER-131
CDR-67C1D543,CASE-0300,+912905983086,+911284073577,2023-01-23T01:39:00,1366,Noida Sector 18,TOWER-921
CDR-AA5BD838,CASE-0074,+914271636761,+913547280012,2023-04-06T15:08:00,1777,Connaught Place,TOWER-188
CDR-33F7779A,CASE-0237,+915351175971,+915276314757,2023-07-27T19:49:00,1388,Anna Nagar,TOWER-853
CDR-E69D269A,CASE-0181,+910539363533,+913671015023,2023-04-11T07:10:00,3233,Andheri West,TOWER-903
CDR-CF0B7419,CASE-0432,+915148982381,+915148982381,2023-01-09T14:11:00,3377,Andheri West,TOWER-534
CDR-D9D9141E,CASE-0229,+912848587043,+912256630529,2023-06-15T05:55:00,807,Gurgaon Sector 29,TOWER-667
CDR-12E053C6,CASE-0211,+910698096181,+915920116378,2023-01-20T14:04:00,3013,Andheri West,TOWER-949
CDR-E7423A25,CASE-0134,+919898889852,+916075240648,2023-03-12T19:49:00,2403,Jubilee Hills,TOWER-962
CDR-2F303EB2,CASE-0435,+916209181900,+916209181900,2023-02-08T23:53:00,3592,Jubilee Hills,TOWER-123
CDR-FAEBDD02,CASE-0185,+912062619351,+915148982381,2023-06-22T08:35:00,186,Bandra Kurla Complex,TOWER-640
CDR-8DF76F8D,CASE-0207,+915191308126,+911566058012,2023-06-16T22:14:00,2664,Gurgaon Sector 29,TOWER-235
CDR-927213C9,CASE-0317,+915765697117,+918982645145,2023-07-20T17:14:00,867,Hinjewadi,TOWER-871
CDR-F65E1AD1,CASE-0078,+910539363533,+911182887465,2023-01-22T12:33:00,1485,Bandra Kurla Complex,TOWER-908
CDR-8F750D0D,CASE-0312,+917290393874,+911885956157,2023-03-10T16:54:00,493,T Nagar,TOWER-680
CDR-A38BFDCD,CASE-0254,+913967092791,+916603153671,2023-07-18T03:16:00,2151,Secunderabad Railway Station,TOWER-518
CDR-14C28FB3,CASE-0276,+918423003212,+914206370446,2023-01-14T07:55:00,612,Noida Sector 18,TOWER-209
CDR-C38821FF,CASE-0098,+910650645439,+916209181900,2023-04-27T16:00:00,996,Andheri West,TOWER-266
CDR-7D519E88,CASE-0491,+918235993460,+910590409262,2023-02-16T07:50:00,971,Bandra Kurla Complex,TOWER-103
CDR-FE3BB52C,CASE-0099,+918843545700,+918958418942,2023-10-03T04:54:00,3287,Anna Nagar,TOWER-320
CDR-2C548A25,CASE-0063,+913967092791,+915576754980,2023-10-07T18:08:00,352,Jubilee Hills,TOWER-476
CDR-15A6CFD5,CASE-0295,+910753540823,+913476783982,2023-10-21T19:09:00,1774,Noida Sector 18,TOWER-127
CDR-B1E97F85,CASE-0130,+916662030452,+910670709373,2023-04-13T00:27:00,1001,Vasant Kunj,TOWER-472
CDR-3014FF8D,CASE-0350,+919564593648,+916640599794,2023-08-09T00:19:00,70,Hinjewadi,TOWER-428
CDR-75167886,CASE-0139,+911480288437,+917073162465,2023-10-01T10:51:00,686,Anna Nagar,TOWER-944
CDR-51A1EC1B,CASE-0476,+915024878084,+914271636761,2023-09-22T09:05:00,2895,Gachibowli,TOWER-546
CDR-08634C55,CASE-0393,+910753540823,+913984016594,2023-10-15T11:52:00,2376,Bandra Kurla Complex,TOWER-944
CDR-16072D81,CASE-0500,+916124839405,+910539363533,2023-05-05T16:55:00,3505,Vasant Kunj,TOWER-586
CDR-206F7762,CASE-0188,+916459405371,+917765031623,2023-09-02T01:25:00,1183,Connaught Place,TOWER-714
CDR-8131332D,CASE-0337,+919032266819,+913418393295,2023-10-21T03:18:00,1686,Andheri West,TOWER-953
CDR-881E7C7D,CASE-0190,+911864346550,+919415102270,2023-07-13T10:32:00,3146,Gachibowli,TOWER-288
CDR-79241829,CASE-0333,+917879811619,+910748427955,2023-09-18T07:11:00,2480,Connaught Place,TOWER-549
CDR-A29147FF,CASE-0399,+913470946835,+917446657973,2023-10-23T07:49:00,3086,Jubilee Hills,TOWER-561
CDR-842AC62C,CASE-0411,+917915834898,+910035652500,2023-08-01T12:22:00,1753,Hinjewadi,TOWER-399
CDR-CFB028B9,CASE-0476,+915024878084,+915024878084,2023-04-19T01:26:00,1255,Viman Nagar,TOWER-175
CDR-715A5605,CASE-0417,+915148982381,+915182633880,2023-03-19T06:50:00,2671,New Town,TOWER-339
CDR-4CEE2461,CASE-0482,+919910083428,+910623371059,2023-07-23T11:48:00,1062,Koramangala,TOWER-253
CDR-338F42E3,CASE-0155,+913130713069,+917339911751,2023-08-18T02:35:00,750,Anna Nagar,TOWER-314
CDR-32C4FF07,CASE-0075,+913854349748,+910539363533,2023-01-12T10:05:00,2556,Gachibowli,TOWER-821
CDR-BBC8B589,CASE-0390,+912596986383,+917358654239,2023-09-18T22:02:00,3339,New Town,TOWER-583
CDR-3CF6BC67,CASE-0450,+911983879998,+917290393874,2023-10-27T11:07:00,2281,Indiranagar,TOWER-451
CDR-7B2E90CA,CASE-0335,+910757396191,+913080112200,2023-07-14T18:39:00,2371,Gurgaon Sector 29,TOWER-641
CDR-1311AA4A,CASE-0348,+918646745808,+916698650840,2023-05-26T03:39:00,674,Bandra Kurla Complex,TOWER-104
CDR-6C14D478,CASE-0183,+917514951472,+911979463686,2023-04-09T19:25:00,2834,Secunderabad Railway Station,TOWER-901
CDR-E2F1F0CF,CASE-0063,+911865661003,+915461411153,2023-04-23T09:17:00,3434,Koramangala,TOWER-389
CDR-8C5A933D,CASE-0257,+911885956157,+911782032348,2023-02-14T13:45:00,2236,Anna Nagar,TOWER-872
CDR-DA7967E6,CASE-0452,+916265532725,+910932627488,2023-04-12T08:01:00,852,Secunderabad Railway Station,TOWER-530
CDR-00980694,CASE-0370,+918388825721,+919907630481,2023-02-21T09:38:00,1389,T Nagar,TOWER-774
CDR-DE74C029,CASE-0401,+912251903239,+910876508330,2023-07-06T21:59:00,2084,Salt Lake City,TOWER-628
CDR-3D39B126,CASE-0117,+914813120521,+912440682429,2023-08-18T02:20:00,2042,Viman Nagar,TOWER-906
CDR-E698B428,CASE-0189,+914271636761,+910539363533,2023-09-25T17:46:00,3042,New Town,TOWER-403
CDR-FA0B38C3,CASE-0386,+919450568705,+913786036642,2023-04-09T18:51:00,1050,Vasant Kunj,TOWER-187
CDR-021B4559,CASE-0377,+914577212430,+916710947444,2023-02-21T19:33:00,2475,Salt Lake City,TOWER-703
CDR-A47C8C3F,CASE-0449,+914525664208,+914206370446,2023-09-03T11:43:00,651,Salt Lake City,TOWER-824
CDR-038F0601,CASE-0099,+918843545700,+918343190828,2023-01-07T02:19:00,2942,Karol Bagh,TOWER-194
CDR-320D0283,CASE-0441,+914266793496,+913422056058,2023-01-03T11:13:00,3070,T Nagar,TOWER-603
CDR-6B0FBE02,CASE-0284,+910932627488,+912062619351,2023-03-17T09:32:00,2425,Jubilee Hills,TOWER-945
CDR-F84C191A,CASE-0243,+911402256863,+916124245118,2023-06-08T12:20:00,1501,Anna Nagar,TOWER-154
CDR-195EBC6F,CASE-0429,+910401764153,+911754284875,2023-03-14T17:08:00,477,Indiranagar,TOWER-425
CDR-C411F2F3,CASE-0112,+918947227783,+913608715525,2023-06-18T08:05:00,2051,Anna Nagar,TOWER-813
CDR-21D6FF40,CASE-0023,+912848587043,+913506871014,2023-09-01T15:55:00,1047,Connaught Place,TOWER-496
CDR-9220AEA1,CASE-0197,+918545155824,+912618592442,2023-07-11T20:52:00,1817,Karol Bagh,TOWER-195
CDR-E709B806,CASE-0256,+916040358515,+919311749984,2023-05-04T18:11:00,132,Gachibowli,TOWER-849
CDR-C03FA36A,CASE-0413,+912652392093,+910972452857,2023-04-04T20:40:00,676,T Nagar,TOWER-640
CDR-5EA01D37,CASE-0336,+917871120772,+915013325910,2023-03-28T23:03:00,3179,Secunderabad Railway Station,TOWER-308
CDR-D295A7DB,CASE-0489,+916799710099,+918843276044,2023-04-26T11:39:00,339,Hinjewadi,TOWER-331
CDR-702BDA44,CASE-0394,+914811049809,+916266978953,2023-03-28T17:44:00,3516,Karol Bagh,TOWER-159
CDR-A4BE9DF5,CASE-0108,+910521140827,+914271636761,2023-03-07T01:49:00,1888,Indiranagar,TOWER-141
CDR-79FF4FD4,CASE-0274,+911035158465,+913054318723,2023-08-26T16:39:00,1781,Koramangala,TOWER-802
CDR-2CEC96B6,CASE-0220,+916519987160,+910101173267,2023-07-12T19:40:00,1522,Indiranagar,TOWER-352
CDR-909A3F30,CASE-0285,+918660273479,+918212583321,2023-03-21T02:10:00,3465,Koramangala,TOWER-435
CDR-B83E53CD,CASE-0447,+912812426203,+914566611466,2023-09-26T19:24:00,2246,Andheri West,TOWER-634
CDR-35A9FECA,CASE-0302,+918341046989,+918713662375,2023-09-27T17:28:00,958,Connaught Place,TOWER-445
CDR-90D1CD73,CASE-0181,+910539363533,+910539363533,2023-01-08T12:47:00,2360,Koramangala,TOWER-863
CDR-EEECE817,CASE-0432,+915148982381,+913426055621,2023-01-19T04:14:00,1119,Secunderabad Railway Station,TOWER-863
CDR-FB986EC8,CASE-0476,+910674965826,+914271636761,2023-04-20T06:18:00,3325,Secunderabad Railway Station,TOWER-610
CDR-58058BC0,CASE-0186,+913895931671,+916605329391,2023-02-02T14:29:00,20,Bandra Kurla Complex,TOWER-316
CDR-8ABBB02C,CASE-0290,+911782032348,+917290393874,2023-04-02T09:24:00,3099,Karol Bagh,TOWER-601
CDR-7B21077B,CASE-0382,+916209181900,+913547280012,2023-08-08T13:48:00,2615,Anna Nagar,TOWER-419
CDR-CE4FB339,CASE-0259,+912062619351,+919189869302,2023-08-28T09:15:00,2364,Vasant Kunj,TOWER-131
CDR-93079E88,CASE-0137,+913091794956,+917290393874,2023-07-08T16:14:00,527,Andheri West,TOWER-377
CDR-37E14FAD,CASE-0366,+917712329783,+919624906320,2023-04-05T12:37:00,2995,Anna Nagar,TOWER-501
CDR-A14EAB10,CASE-0254,+917170679646,+914939881536,2023-05-11T03:43:00,1299,Salt Lake City,TOWER-764
CDR-4BDEE609,CASE-0186,+912603104370,+916755330576,2023-04-01T16:20:00,2415,Bandra Kurla Complex,TOWER-218
CDR-CAA94A45,CASE-0062,+914271636761,+918888362355,2023-08-08T10:46:00,1641,Bandra Kurla Complex,TOWER-352
CDR-EB31E65C,CASE-0466,+912062619351,+919458484561,2023-05-13T11:01:00,249,Gachibowli,TOWER-571
CDR-9AA36985,CASE-0180,+910932627488,+915148982381,2023-04-09T02:01:00,804,Gachibowli,TOWER-171
CDR-57191C63,CASE-0185,+913012759432,+913781790849,2023-03-26T08:13:00,2327,Viman Nagar,TOWER-823
CDR-E3FA5549,CASE-0336,+915515908200,+919740965207,2023-04-23T16:14:00,914,Jubilee Hills,TOWER-131
CDR-DB5A07A8,CASE-0022,+914864867942,+912604065684,2023-09-18T14:54:00,563,Koramangala,TOWER-631
CDR-41B245F3,CASE-0005,+916436535294,+915161666572,2023-02-10T00:50:00,3094,Koramangala,TOWER-339
CDR-DFF5511F,CASE-0259,+912062619351,+914225313938,2023-02-14T11:19:00,172,T Nagar,TOWER-747
CDR-3B57D219,CASE-0206,+911976748895,+911939028276,2023-04-12T04:21:00,1536,Connaught Place,TOWER-777
CDR-19EBCC48,CASE-0356,+918679050890,+916656355858,2023-02-27T02:54:00,287,Andheri West,TOWER-355
CDR-50F70913,CASE-0221,+916328336327,+911564203925,2023-08-01T13:18:00,3502,Gachibowli,TOWER-472
CDR-8E95A807,CASE-0224,+916209181900,+918240996062,2023-06-14T07:25:00,2994,Anna Nagar,TOWER-297
CDR-D68F3100,CASE-0139,+914946854799,+917600540695,2023-03-02T21:01:00,1561,Viman Nagar,TOWER-932
CDR-1A324077,CASE-0193,+912616150370,+917427080378,2023-10-20T11:26:00,2008,Karol Bagh,TOWER-458
CDR-EAFBFC7E,CASE-0167,+915148982381,+919458484561,2023-06-03T00:46:00,3313,Gurgaon Sector 29,TOWER-974
CDR-FE762FA9,CASE-0407,+910028860015,+918790344697,2023-06-15T07:52:00,1597,Andheri West,TOWER-814
CDR-0627E87F,CASE-0071,+911614562294,+915294096563,2023-04-26T14:01:00,686,Gurgaon Sector 29,TOWER-867
CDR-8C3E3B75,CASE-0355,+917006373142,+916903704737,2023-07-30T07:20:00,1716,Viman Nagar,TOWER-603
CDR-227DDDDA,CASE-0189,+912472535317,+914271636761,2023-01-15T12:56:00,3367,Hinjewadi,TOWER-214
CDR-65E25534,CASE-0476,+916704937774,+912935565536,2023-06-01T22:16:00,2336,Salt Lake City,TOWER-446
CDR-89AF3EDE,CASE-0034,+913792548322,+914765239883,2023-05-10T11:58:00,1140,Salt Lake City,TOWER-632
CDR-5A236E94,CASE-0478,+914271636761,+915024878084,2023-10-28T03:02:00,2925,Anna Nagar,TOWER-753
CDR-19518A6E,CASE-0319,+910753540823,+914271636761,2023-01-09T13:54:00,2635,Noida Sector 18,TOWER-809
CDR-1D597C52,CASE-0184,+910932627488,+911012191286,2023-10-24T23:34:00,109,Vasant Kunj,TOWER-535
CDR-E1978EB4,CASE-0234,+910000103705,+917445250014,2023-03-29T23:43:00,2831,New Town,TOWER-436
CDR-DBC44ECE,CASE-0052,+916866149630,+917527950315,2023-06-05T22:58:00,267,New Town,TOWER-895
CDR-211856A3,CASE-0410,+910753540823,+917583852420,2023-07-03T15:20:00,1894,Anna Nagar,TOWER-229
CDR-B29365CB,CASE-0248,+917504714429,+918410995671,2023-02-16T03:18:00,2613,Andheri West,TOWER-908
CDR-876F5B80,CASE-0325,+912652774044,+912091656798,2023-02-17T00:37:00,2383,Gurgaon Sector 29,TOWER-269
CDR-FF36F35C,CASE-0258,+912891254249,+919311749984,2023-07-26T16:51:00,477,Bandra Kurla Complex,TOWER-340
CDR-3A3121C2,CASE-0121,+915499398335,+916720848004,2023-04-10T14:25:00,891,Hinjewadi,TOWER-514
CDR-5C1B5F88,CASE-0239,+918343190114,+915801872924,2023-08-25T02:20:00,654,Noida Sector 18,TOWER-443
CDR-B7613AA5,CASE-0336,+912616913585,+918545155824,2023-06-28T18:00:00,1386,Salt Lake City,TOWER-582
CDR-8EA795C5,CASE-0120,+919468912214,+915596234919,2023-01-17T07:31:00,2862,Andheri West,TOWER-545
CDR-06EC8EBE,CASE-0472,+910101173267,+917423045234,2023-04-15T21:28:00,304,Gachibowli,TOWER-501
CDR-7FABCF35,CASE-0222,+918843545700,+911206838711,2023-06-12T21:51:00,83,New Town,TOWER-312
CDR-129E1B2C,CASE-0452,+912062619351,+915148982381,2023-02-15T03:43:00,804,Koramangala,TOWER-549
CDR-83B96CE4,CASE-0187,+918843545700,+918241457094,2023-07-18T08:22:00,352,Viman Nagar,TOWER-888
CDR-DD5CEAF8,CASE-0031,+915771557273,+917518114180,2023-04-25T23:40:00,3524,New Town,TOWER-733
CDR-BD5BF565,CASE-0461,+919816710603,+910053551265,2023-04-26T18:21:00,1791,Vasant Kunj,TOWER-147
CDR-ECCEF45A,CASE-0189,+912138410676,+913659905910,2023-04-16T07:03:00,56,Secunderabad Railway Station,TOWER-810
CDR-8ACFC896,CASE-0204,+919629244313,+916516156480,2023-01-25T03:56:00,2835,Secunderabad Railway Station,TOWER-211
CDR-FD699292,CASE-0272,+910350917588,+918843545700,2023-07-30T09:22:00,685,Bandra Kurla Complex,TOWER-374
CDR-8F49D77C,CASE-0222,+918843545700,+913946599371,2023-03-06T09:44:00,88,Indiranagar,TOWER-190
CDR-CB64B3AB,CASE-0253,+912905227010,+919364703928,2023-04-11T05:30:00,176,Vasant Kunj,TOWER-105
CDR-CB2A0A95,CASE-0224,+913397955439,+913547280012,2023-05-05T19:05:00,3153,Connaught Place,TOWER-182
CDR-0588B608,CASE-0089,+912809364277,+915644429383,2023-08-29T02:50:00,1130,Secunderabad Railway Station,TOWER-720
CDR-0CBE136C,CASE-0163,+913084772999,+911406885782,2023-05-31T20:09:00,421,Gachibowli,TOWER-895
CDR-B75C1AE9,CASE-0169,+918843545700,+918155350757,2023-02-24T07:18:00,3417,New Town,TOWER-611
CDR-4DF6EDD5,CASE-0084,+913976188626,+912239454409,2023-10-18T01:23:00,3476,New Town,TOWER-603
CDR-FB74A873,CASE-0322,+911151048469,+913116330159,2023-02-11T19:57:00,1814,Anna Nagar,TOWER-720
CDR-D54596B0,CASE-0445,+910753540823,+912975690624,2023-08-20T02:03:00,2677,Secunderabad Railway Station,TOWER-519
CDR-F902C386,CASE-0311,+915920116378,+916021581247,2023-03-09T07:57:00,3243,Hinjewadi,TOWER-262
CDR-0553286C,CASE-0436,+914271636761,+918843545700,2023-02-11T00:36:00,2587,Secunderabad Railway Station,TOWER-813
CDR-957E954A,CASE-0301,+912670185291,+919163667438,2023-09-23T01:11:00,1848,Noida Sector 18,TOWER-704
CDR-1110541F,CASE-0212,+919986950207,+916516237164,2023-04-13T00:34:00,2856,Gurgaon Sector 29,TOWER-663
CDR-1BE060E0,CASE-0233,+916307331452,+912322750750,2023-08-07T16:29:00,1866,Hinjewadi,TOWER-802
CDR-C7A6D8A2,CASE-0174,+910539363533,+912848587043,2023-09-20T11:37:00,195,Hinjewadi,TOWER-199
CDR-7C5A9126,CASE-0289,+918492023118,+918248085047,2023-05-13T03:58:00,740,Vasant Kunj,TOWER-920
CDR-85B22A30,CASE-0350,+913872565367,+914001389290,2023-07-08T13:14:00,2283,Karol Bagh,TOWER-990
CDR-B72F6725,CASE-0154,+914359315208,+915920116378,2023-08-15T12:42:00,751,Koramangala,TOWER-983
CDR-3B4BE040,CASE-0396,+916239336735,+910556893466,2023-01-05T02:01:00,2150,New Town,TOWER-114
CDR-89F31000,CASE-0500,+912604191298,+915705145506,2023-03-21T01:18:00,3572,Hinjewadi,TOWER-860
CDR-B016A385,CASE-0052,+918913194029,+910935788714,2023-08-19T14:38:00,162,Andheri West,TOWER-213
CDR-C51301AA,CASE-0074,+915024878084,+919494188924,2023-10-06T23:30:00,117,Bandra Kurla Complex,TOWER-704
CDR-6BD82B64,CASE-0328,+918543058950,+911686779023,2023-02-26T07:53:00,1564,Vasant Kunj,TOWER-657
CDR-18410C7A,CASE-0048,+917290393874,+915148982381,2023-05-13T16:01:00,1929,Gurgaon Sector 29,TOWER-593
CDR-8DC08467,CASE-0159,+911122159130,+919793588155,2023-05-29T03:10:00,1055,Vasant Kunj,TOWER-127
CDR-83BDD470,CASE-0399,+913470946835,+917450915992,2023-09-13T12:14:00,2314,Secunderabad Railway Station,TOWER-378
CDR-F8CD1BED,CASE-0340,+912505625337,+913639872436,2023-07-02T06:12:00,1760,Karol Bagh,TOWER-634
CDR-DB8FDB60,CASE-0492,+911069703138,+915490450564,2023-07-20T13:26:00,664,Hinjewadi,TOWER-860
CDR-AC35D34A,CASE-0270,+911344878466,+910016053381,2023-09-24T11:43:00,3586,Hinjewadi,TOWER-833
CDR-8F03A542,CASE-0044,+913287294594,+919311749984,2023-04-19T00:54:00,1553,Secunderabad Railway Station,TOWER-557
CDR-56C66D3F,CASE-0214,+916695406645,+911782032348,2023-01-16T10:10:00,2251,Andheri West,TOWER-682
CDR-CEE706DB,CASE-0216,+914271636761,+917550227341,2023-05-31T11:21:00,2824,Viman Nagar,TOWER-434
CDR-E83A833D,CASE-0421,+910167126600,+919230528982,2023-07-01T18:25:00,1866,Andheri West,TOWER-277
CDR-07F63808,CASE-0477,+910932627488,+912062619351,2023-10-26T14:54:00,1221,Gachibowli,TOWER-888
CDR-3F83B206,CASE-0087,+911675447403,+916217459996,2023-08-11T06:56:00,1134,Koramangala,TOWER-563
CDR-5DDC7CAD,CASE-0354,+917104875947,+912892942778,2023-07-15T18:26:00,1737,Anna Nagar,TOWER-311
CDR-BBE1E970,CASE-0123,+918818803083,+910933087601,2023-08-24T02:17:00,2289,Bandra Kurla Complex,TOWER-298
CDR-769A51EB,CASE-0193,+912616150370,+918402036213,2023-07-28T10:50:00,1733,Gurgaon Sector 29,TOWER-726
CDR-16CAABC6,CASE-0329,+914359315208,+911419362511,2023-09-18T06:21:00,1629,T Nagar,TOWER-272
CDR-4DB961A7,CASE-0382,+916209181900,+914271636761,2023-01-28T02:36:00,785,New Town,TOWER-924
CDR-FAC1E8B2,CASE-0140,+915060892503,+919856346177,2023-10-09T00:12:00,1067,Anna Nagar,TOWER-195
CDR-C6B3DA89,CASE-0342,+919668738453,+919993300729,2023-01-11T19:08:00,523,T Nagar,TOWER-439
CDR-3F51D624,CASE-0194,+913975433895,+915148982381,2023-10-11T12:24:00,854,Hinjewadi,TOWER-585
CDR-ADCC42C5,CASE-0043,+914139099493,+916307436489,2023-03-23T17:16:00,242,Noida Sector 18,TOWER-689
CDR-B7E041E3,CASE-0365,+914980626041,+912508825368,2023-06-02T10:23:00,332,Koramangala,TOWER-312
CDR-84093C7B,CASE-0183,+910238634802,+910225894241,2023-08-29T19:59:00,2401,Bandra Kurla Complex,TOWER-364
CDR-9EA2C239,CASE-0293,+917845081570,+915038402034,2023-02-16T07:10:00,2190,Vasant Kunj,TOWER-523
CDR-C665E413,CASE-0088,+916082178842,+916448882033,2023-09-24T21:16:00,1383,Anna Nagar,TOWER-324
CDR-4B5C10FC,CASE-0141,+912148739181,+918974481420,2023-07-17T15:57:00,1391,Anna Nagar,TOWER-814
CDR-0A01A9FC,CASE-0290,+911782032348,+916486880794,2023-04-26T21:46:00,1432,Hinjewadi,TOWER-624
CDR-3C824D12,CASE-0038,+913961941329,+913547280012,2023-04-13T21:15:00,1199,T Nagar,TOWER-880
CDR-2F008B54,CASE-0211,+914403630633,+914175868877,2023-04-25T16:34:00,1610,Andheri West,TOWER-199
CDR-76B634B3,CASE-0319,+910753540823,+915024878084,2023-08-28T18:03:00,2390,Connaught Place,TOWER-560
CDR-EF319A80,CASE-0256,+916040358515,+915719400993,2023-10-14T08:21:00,1870,Connaught Place,TOWER-376
CDR-9243BB51,CASE-0234,+910000103705,+915574465759,2023-08-06T02:22:00,3515,Jubilee Hills,TOWER-484
CDR-F47E623C,CASE-0417,+919458484561,+917290393874,2023-08-08T15:51:00,3194,Anna Nagar,TOWER-781
CDR-755E7081,CASE-0065,+917653686473,+912729584215,2023-04-11T17:37:00,1377,Connaught Place,TOWER-264
CDR-2CE299BA,CASE-0256,+916040358515,+914328998881,2023-10-05T10:18:00,2397,Jubilee Hills,TOWER-278
CDR-7575F6D4,CASE-0029,+910753540823,+911849738564,2023-09-09T14:50:00,1419,Noida Sector 18,TOWER-935
CDR-F2000A99,CASE-0423,+910932627488,+917290393874,2023-03-25T08:49:00,2579,Jubilee Hills,TOWER-401
CDR-FE34549E,CASE-0385,+916570504537,+910614362992,2023-03-27T14:03:00,1143,Salt Lake City,TOWER-801
CDR-64CB079D,CASE-0452,+918760649606,+912062619351,2023-10-12T11:03:00,564,Viman Nagar,TOWER-427
CDR-684F866D,CASE-0466,+912062619351,+915148982381,2023-10-16T18:48:00,66,Secunderabad Railway Station,TOWER-694
CDR-7791AECA,CASE-0091,+916209181900,+912306969538,2023-06-09T15:18:00,1035,Karol Bagh,TOWER-772
CDR-77AB8178,CASE-0085,+914271636761,+913547280012,2023-05-09T09:23:00,3045,Connaught Place,TOWER-122
CDR-180A4C0B,CASE-0052,+912638478572,+914301943321,2023-06-28T20:51:00,2798,Koramangala,TOWER-605
CDR-E590A395,CASE-0185,+918007595519,+919115693966,2023-03-11T05:48:00,3235,Koramangala,TOWER-759
CDR-ABE8BC79,CASE-0100,+916010922190,+910134604279,2023-03-09T02:35:00,1874,Indiranagar,TOWER-521
CDR-D5F00FFB,CASE-0263,+912412270356,+913751279235,2023-06-09T17:52:00,676,Jubilee Hills,TOWER-271
CDR-4FA44FDE,CASE-0439,+914359315208,+915920116378,2023-05-30T06:39:00,3020,Karol Bagh,TOWER-601
CDR-5CD3246D,CASE-0098,+916209181900,+914271636761,2023-03-07T04:49:00,147,Connaught Place,TOWER-831
CDR-804B8FE6,CASE-0329,+914359315208,+918556760706,2023-04-19T18:01:00,3492,T Nagar,TOWER-788
CDR-D4537F43,CASE-0298,+919209629821,+912972867332,2023-04-20T17:01:00,1533,Vasant Kunj,TOWER-875
CDR-861DED44,CASE-0287,+917290393874,+918624564306,2023-01-16T18:39:00,329,Connaught Place,TOWER-189
CDR-641EE65F,CASE-0141,+911426320242,+915721827907,2023-03-07T10:20:00,1073,Vasant Kunj,TOWER-716
CDR-6CD8D6E0,CASE-0173,+918033191865,+916422600083,2023-05-07T14:34:00,348,Gurgaon Sector 29,TOWER-590
CDR-BBE0CC58,CASE-0039,+917929805962,+913320217036,2023-07-04T03:17:00,2765,Anna Nagar,TOWER-764
CDR-1DBD4BA0,CASE-0117,+911621904169,+912875280113,2023-06-03T21:35:00,1482,Vasant Kunj,TOWER-805
CDR-00C338E5,CASE-0278,+910753540823,+915024878084,2023-05-27T19:15:00,1880,New Town,TOWER-119
CDR-EC9131A8,CASE-0388,+912875280113,+918757253915,2023-01-25T01:51:00,2446,Bandra Kurla Complex,TOWER-734
CDR-6C88959C,CASE-0371,+916942209593,+917290393874,2023-02-02T16:11:00,1923,Gachibowli,TOWER-990
CDR-A60DE5F2,CASE-0464,+912138937116,+911982382865,2023-07-06T06:55:00,1544,Gachibowli,TOWER-735
CDR-1CD1DAC9,CASE-0485,+913547280012,+918925659201,2023-08-09T12:31:00,989,Koramangala,TOWER-519
CDR-0FD7B0CB,CASE-0171,+911782032348,+919656810289,2023-05-10T20:29:00,2015,Jubilee Hills,TOWER-770
CDR-2B5D9F11,CASE-0439,+914359315208,+914359315208,2023-04-23T06:33:00,3279,Jubilee Hills,TOWER-152
CDR-4F1EB802,CASE-0415,+911782032348,+913958709354,2023-01-24T11:48:00,1244,Koramangala,TOWER-681
CDR-B8180D17,CASE-0277,+915437501020,+918476589032,2023-03-06T23:02:00,537,Indiranagar,TOWER-715
CDR-8B02D31D,CASE-0432,+918203774386,+919458484561,2023-01-10T22:01:00,2976,Connaught Place,TOWER-443
CDR-707EE501,CASE-0111,+915920116378,+913608715525,2023-08-13T17:18:00,2959,Gachibowli,TOWER-967
CDR-699F89FD,CASE-0449,+914813120521,+918422211113,2023-07-22T11:29:00,284,Karol Bagh,TOWER-899
CDR-6E963CA5,CASE-0144,+913506406044,+919230535972,2023-07-22T21:07:00,1953,Andheri West,TOWER-768
CDR-AACAE116,CASE-0063,+911703580003,+918939702841,2023-01-10T16:11:00,653,Viman Nagar,TOWER-925
CDR-B9444D46,CASE-0413,+912652392093,+916106089900,2023-02-16T05:14:00,3136,Secunderabad Railway Station,TOWER-246
CDR-D0E29E3A,CASE-0403,+915307531576,+916742025922,2023-04-09T08:43:00,640,Gachibowli,TOWER-179
CDR-E2D0E186,CASE-0393,+910753540823,+915024878084,2023-02-10T07:11:00,3358,Koramangala,TOWER-394
CDR-33C0E06A,CASE-0422,+918545155824,+917290393874,2023-06-08T09:18:00,390,Andheri West,TOWER-966
CDR-AD1BFB6C,CASE-0260,+911444441476,+911474121050,2023-07-30T22:18:00,2335,Secunderabad Railway Station,TOWER-166
CDR-EED9EFAB,CASE-0435,+916209181900,+916160005356,2023-05-05T06:03:00,429,Hinjewadi,TOWER-886
CDR-7B247D6C,CASE-0198,+911880948077,+912193162148,2023-02-19T21:44:00,843,Bandra Kurla Complex,TOWER-548
CDR-F9FB4135,CASE-0131,+915166404397,+912110288951,2023-03-28T16:54:00,3141,Noida Sector 18,TOWER-697
CDR-8FEF160F,CASE-0139,+912998632328,+911385243300,2023-07-17T03:05:00,1928,Jubilee Hills,TOWER-798
CDR-0D801361,CASE-0194,+911039906324,+916505847316,2023-07-30T13:18:00,2379,Koramangala,TOWER-318
CDR-EA5ADD68,CASE-0041,+910257807600,+918764514221,2023-01-25T05:24:00,2010,Bandra Kurla Complex,TOWER-506
CDR-C9D20BFE,CASE-0289,+914573281467,+910932627488,2023-07-08T06:56:00,2171,New Town,TOWER-272
CDR-357BA413,CASE-0014,+912062619351,+915148982381,2023-08-31T19:45:00,1155,Vasant Kunj,TOWER-613
CDR-C543DF9C,CASE-0346,+914239058338,+911691371176,2023-02-17T13:31:00,1433,Noida Sector 18,TOWER-450
CDR-4DE78117,CASE-0042,+918399317369,+911885956157,2023-02-05T07:36:00,3151,Anna Nagar,TOWER-832
CDR-E01211F1,CASE-0414,+913958454431,+910955595768,2023-10-24T17:05:00,1688,Jubilee Hills,TOWER-251
CDR-7479943A,CASE-0480,+910932627488,+914121743852,2023-09-02T10:38:00,2423,Salt Lake City,TOWER-976
CDR-2998DEC5,CASE-0314,+913303142083,+917668256918,2023-05-10T10:09:00,361,New Town,TOWER-813
CDR-5A10C45E,CASE-0046,+913740598110,+917139892045,2023-01-27T02:21:00,3035,New Town,TOWER-825
CDR-B3CCC6B0,CASE-0150,+918843545700,+911364289475,2023-10-22T19:20:00,2417,Vasant Kunj,TOWER-893
CDR-3A226CA0,CASE-0260,+916961135012,+914239058338,2023-09-28T15:18:00,2110,Jubilee Hills,TOWER-554
CDR-FF4015B8,CASE-0478,+914271636761,+914895704952,2023-06-12T07:27:00,3289,Karol Bagh,TOWER-577
CDR-81EC1C08,CASE-0473,+913046964840,+913746582553,2023-08-24T14:04:00,2262,Noida Sector 18,TOWER-378
CDR-B4F73286,CASE-0207,+919438531917,+910704991876,2023-08-08T14:16:00,2755,Koramangala,TOWER-553
CDR-79F9D133,CASE-0306,+914271636761,+914666019738,2023-09-24T14:10:00,261,Jubilee Hills,TOWER-662
CDR-CEEF2590,CASE-0354,+919486367993,+915101287276,2023-05-15T14:38:00,2367,Connaught Place,TOWER-179
CDR-61CFBBA1,CASE-0176,+913495876123,+916809291890,2023-03-25T23:44:00,396,Jubilee Hills,TOWER-165
CDR-050DD976,CASE-0287,+911841132349,+912062619351,2023-05-16T11:01:00,3059,T Nagar,TOWER-808
CDR-DF79BD9D,CASE-0370,+918388825721,+917591446889,2023-06-28T15:15:00,2678,Salt Lake City,TOWER-727
CDR-490B37F2,CASE-0035,+914558678099,+912026497477,2023-08-13T05:06:00,300,Gachibowli,TOWER-542
CDR-DD625AA0,CASE-0359,+912062619351,+912062619351,2023-05-22T22:14:00,3223,Connaught Place,TOWER-202
CDR-9F2DA4DA,CASE-0244,+913828987535,+918585442337,2023-04-13T02:11:00,2572,Noida Sector 18,TOWER-344
CDR-12154FAB,CASE-0404,+915850796909,+912916708327,2023-01-19T19:51:00,349,Hinjewadi,TOWER-539
CDR-5263C0B3,CASE-0464,+919744029431,+911092281094,2023-07-03T17:35:00,1841,Hinjewadi,TOWER-421
CDR-23BCC72A,CASE-0265,+917174127261,+919959200489,2023-01-05T15:42:00,93,T Nagar,TOWER-320
CDR-45FDAEB1,CASE-0116,+913687677348,+911696149921,2023-03-17T04:49:00,1206,Viman Nagar,TOWER-167
CDR-D96170EB,CASE-0307,+914239058338,+912440682429,2023-04-29T09:48:00,1571,Karol Bagh,TOWER-583
CDR-993A0FF5,CASE-0232,+916499075873,+913736422856,2023-03-22T21:12:00,1985,Viman Nagar,TOWER-509
CDR-34D0993F,CASE-0376,+911744211261,+912865262588,2023-02-04T15:38:00,970,Gachibowli,TOWER-648
CDR-AC6D09D6,CASE-0354,+917104875947,+912119386174,2023-05-19T05:13:00,2628,Salt Lake City,TOWER-283
CDR-A0D4B110,CASE-0121,+910945335815,+916622311315,2023-01-24T06:17:00,835,Vasant Kunj,TOWER-334
CDR-FE7D6720,CASE-0270,+911344878466,+912066102606,2023-01-02T19:36:00,2172,Connaught Place,TOWER-648
CDR-4E269990,CASE-0008,+917498717859,+911142350575,2023-06-21T11:01:00,2922,Hinjewadi,TOWER-797
CDR-7CEC63C7,CASE-0150,+911785799121,+912031651069,2023-10-27T14:51:00,1036,Viman Nagar,TOWER-392
CDR-46430C53,CASE-0172,+912390045150,+913860398876,2023-03-08T23:31:00,1672,Bandra Kurla Complex,TOWER-588
CDR-7A2EF7E1,CASE-0105,+912952445314,+911201423492,2023-09-21T04:24:00,2430,Koramangala,TOWER-454
CDR-1A9CCCDB,CASE-0094,+913975433895,+912848587043,2023-05-30T21:14:00,2526,Noida Sector 18,TOWER-562
CDR-1EAEBFE3,CASE-0381,+918236906110,+914490367282,2023-07-22T02:21:00,3554,Koramangala,TOWER-978
CDR-D3407EFF,CASE-0481,+911917950043,+916649704463,2023-06-21T12:13:00,1586,Koramangala,TOWER-430
CDR-BDF38289,CASE-0172,+919634623354,+915933922170,2023-09-01T13:57:00,1230,Viman Nagar,TOWER-821
CDR-0FCEB05A,CASE-0151,+912273170905,+916496574339,2023-09-11T22:49:00,2060,Salt Lake City,TOWER-251
CDR-3A6D2145,CASE-0380,+917863804088,+915939409690,2023-10-26T21:29:00,1074,Hinjewadi,TOWER-624
CDR-22E51986,CASE-0048,+917290393874,+912608091565,2023-08-05T15:58:00,2199,Hinjewadi,TOWER-736
CDR-8F8FFF4B,CASE-0459,+915024878084,+911345623700,2023-07-19T07:58:00,2276,Jubilee Hills,TOWER-492
CDR-FA248E1D,CASE-0437,+918624564306,+910107017574,2023-01-22T05:52:00,1803,Noida Sector 18,TOWER-976
CDR-42E09857,CASE-0392,+916591365609,+918646745808,2023-10-06T01:38:00,3409,Anna Nagar,TOWER-101
CDR-44A11DD5,CASE-0497,+910763852961,+915207780341,2023-01-02T10:33:00,1327,Gachibowli,TOWER-502
CDR-6B9A7987,CASE-0099,+918843545700,+918843545700,2023-08-19T06:22:00,215,Noida Sector 18,TOWER-485
CDR-FC0EB256,CASE-0024,+913057237398,+911907189781,2023-01-04T14:14:00,832,Koramangala,TOWER-706
CDR-E6EE8A9B,CASE-0342,+919668738453,+918502385291,2023-01-16T05:48:00,1230,Salt Lake City,TOWER-958
CDR-A5BABD57,CASE-0438,+917290393874,+919488265811,2023-01-30T20:36:00,1821,T Nagar,TOWER-684
CDR-0BEC876D,CASE-0176,+917598841532,+918022041177,2023-08-10T08:24:00,2371,Viman Nagar,TOWER-389
CDR-BA5AC398,CASE-0234,+910000103705,+914301842068,2023-05-16T09:00:00,2720,Gachibowli,TOWER-242
CDR-B5AE1718,CASE-0214,+912599338749,+914935352944,2023-02-18T23:36:00,3040,Secunderabad Railway Station,TOWER-211
CDR-6C337469,CASE-0066,+912848587043,+913975433895,2023-10-07T19:22:00,2815,New Town,TOWER-100
CDR-875F9BEC,CASE-0134,+919898889852,+914438076862,2023-08-09T17:10:00,1724,T Nagar,TOWER-169
CDR-182B8886,CASE-0364,+914575175709,+918074596677,2023-02-07T02:24:00,3203,Andheri West,TOWER-474
CDR-76E9CD66,CASE-0349,+916021101710,+910929887051,2023-05-20T05:30:00,1763,Gachibowli,TOWER-682
CDR-E8FA1EC1,CASE-0338,+914609507226,+917502722172,2023-07-12T15:58:00,1907,Gachibowli,TOWER-887
CDR-52444E36,CASE-0262,+912102012676,+919548496789,2023-09-21T00:12:00,3122,Andheri West,TOWER-267
CDR-9D6B3F2F,CASE-0040,+910249635097,+914924489823,2023-05-22T21:27:00,973,Salt Lake City,TOWER-744
CDR-2769B8B8,CASE-0091,+916209181900,+913204320205,2023-08-03T12:40:00,560,Gurgaon Sector 29,TOWER-944
CDR-BE129E8B,CASE-0051,+914851930406,+912440682429,2023-05-17T17:35:00,299,Vasant Kunj,TOWER-823
CDR-BF2116FE,CASE-0439,+910610872725,+915054353539,2023-10-16T22:25:00,1111,New Town,TOWER-919
CDR-E7C8AAB8,CASE-0065,+911232633884,+912746896116,2023-03-28T13:04:00,2163,Indiranagar,TOWER-495
CDR-537D7F6C,CASE-0172,+912390045150,+919062090516,2023-09-05T21:16:00,1051,Secunderabad Railway Station,TOWER-851
CDR-070631A7,CASE-0051,+913121201754,+912900753239,2023-06-15T23:55:00,1109,Salt Lake City,TOWER-322
CDR-AD52FA57,CASE-0222,+918843545700,+914271636761,2023-01-02T18:14:00,903,Hinjewadi,TOWER-949
CDR-4B78F29B,CASE-0468,+913975433895,+914271636761,2023-09-15T12:31:00,1658,Bandra Kurla Complex,TOWER-811
CDR-217F145C,CASE-0434,+914239058338,+918658765804,2023-08-30T18:07:00,895,Jubilee Hills,TOWER-843
CDR-E2EA79C6,CASE-0047,+918843545700,+912440682429,2023-06-28T18:43:00,2835,Connaught Place,TOWER-614
CDR-F5302D49,CASE-0472,+910753540823,+918868445432,2023-03-27T08:44:00,2880,Secunderabad Railway Station,TOWER-732
CDR-332A96C4,CASE-0086,+913494425741,+913991251944,2023-06-22T20:58:00,3399,Bandra Kurla Complex,TOWER-116
CDR-AFE5AF9D,CASE-0412,+917092126831,+914063676770,2023-04-21T07:59:00,618,Indiranagar,TOWER-729
CDR-9AFE5CB4,CASE-0489,+913803339719,+912180716899,2023-04-19T00:02:00,3202,Indiranagar,TOWER-810
CDR-2CBB4215,CASE-0255,+912990680246,+911403110268,2023-06-05T09:57:00,1286,New Town,TOWER-929
CDR-C3B7566C,CASE-0471,+917162499401,+910208469588,2023-08-11T22:35:00,2390,Noida Sector 18,TOWER-780
CDR-E0EB5378,CASE-0360,+919458484561,+913121201754,2023-02-11T09:32:00,3589,Gachibowli,TOWER-429
CDR-13A5C2FF,CASE-0123,+912911010547,+913507414177,2023-02-14T19:43:00,1271,New Town,TOWER-360
CDR-802546B0,CASE-0286,+910969139785,+919683596281,2023-05-13T18:18:00,621,Secunderabad Railway Station,TOWER-381
CDR-0FF333BD,CASE-0240,+911581529403,+918815475058,2023-01-04T15:35:00,694,Salt Lake City,TOWER-103
CDR-40BDA173,CASE-0196,+914271636761,+913528380224,2023-05-12T08:46:00,3443,Karol Bagh,TOWER-531
CDR-2F8B93E8,CASE-0424,+912062619351,+910539363533,2023-07-08T13:53:00,2733,Bandra Kurla Complex,TOWER-674
CDR-CE3FA19E,CASE-0411,+917915834898,+916349420213,2023-08-25T10:59:00,1956,Vasant Kunj,TOWER-377
CDR-401DD005,CASE-0034,+918977056917,+910498224804,2023-05-24T20:32:00,3082,New Town,TOWER-788
CDR-C28CE14A,CASE-0386,+917823819126,+912893493206,2023-01-04T21:58:00,2142,Karol Bagh,TOWER-829
CDR-C7D28ECC,CASE-0359,+919458484561,+910881091699,2023-02-11T21:48:00,364,Secunderabad Railway Station,TOWER-653
CDR-C6D9D39D,CASE-0500,+912604191298,+917601135774,2023-07-23T12:21:00,1304,Anna Nagar,TOWER-805
CDR-70AE61D0,CASE-0459,+915024878084,+914566006094,2023-06-18T15:01:00,1970,Indiranagar,TOWER-284
CDR-7AFDFD88,CASE-0229,+910539363533,+918843545700,2023-01-03T12:17:00,2925,Hinjewadi,TOWER-207
CDR-5BCBD2BA,CASE-0384,+912465017878,+918624564306,2023-10-20T21:47:00,271,T Nagar,TOWER-822
CDR-D4A538B5,CASE-0131,+910956977119,+914993627114,2023-10-23T09:36:00,1505,Noida Sector 18,TOWER-677
CDR-78928E54,CASE-0049,+914313188690,+914237658925,2023-04-30T19:19:00,434,Gachibowli,TOWER-430
CDR-1571DCEC,CASE-0172,+917599834289,+915723100045,2023-01-21T22:11:00,3326,Jubilee Hills,TOWER-459
CDR-8540E766,CASE-0392,+918540735145,+910875748979,2023-10-11T12:01:00,2501,Secunderabad Railway Station,TOWER-354
CDR-90FF0626,CASE-0007,+910290034167,+911440459598,2023-07-29T18:29:00,466,Bandra Kurla Complex,TOWER-188
CDR-C3114CBD,CASE-0464,+910529837282,+918899957325,2023-07-28T06:28:00,1246,Noida Sector 18,TOWER-568
CDR-5EB336A3,CASE-0225,+918646745808,+917560213160,2023-07-19T12:02:00,816,Vasant Kunj,TOWER-912
CDR-42E549BF,CASE-0066,+912848587043,+913975433895,2023-07-03T12:10:00,2808,Viman Nagar,TOWER-623
CDR-AD7E476D,CASE-0057,+913547280012,+912935565536,2023-07-03T08:08:00,2433,Koramangala,TOWER-463
CDR-486374AD,CASE-0048,+915148982381,+911871833513,2023-01-20T14:19:00,390,Connaught Place,TOWER-379
CDR-B47ECBFF,CASE-0399,+913470946835,+917480465356,2023-04-27T21:53:00,1086,Gachibowli,TOWER-557
CDR-E0D8206E,CASE-0300,+912905983086,+917284389577,2023-03-01T11:17:00,385,Andheri West,TOWER-257
CDR-28120F57,CASE-0021,+911618134086,+919618547415,2023-08-14T09:56:00,78,Secunderabad Railway Station,TOWER-692
CDR-4F1734F2,CASE-0499,+912609571132,+918007375450,2023-02-08T00:36:00,2435,T Nagar,TOWER-685
CDR-CC99DCE5,CASE-0043,+914646277755,+916660301985,2023-07-07T13:33:00,1079,Bandra Kurla Complex,TOWER-603
CDR-6B6B78E7,CASE-0108,+913547280012,+915024878084,2023-03-27T11:17:00,1764,Viman Nagar,TOWER-902
CDR-B0A41C5A,CASE-0111,+915920116378,+914239058338,2023-06-30T09:28:00,3189,New Town,TOWER-267
CDR-A9FCB498,CASE-0220,+915920116378,+915820586686,2023-01-07T15:54:00,1024,Salt Lake City,TOWER-649
CDR-1AE99A01,CASE-0424,+912062619351,+918904276931,2023-07-01T05:22:00,2297,Vasant Kunj,TOWER-781
CDR-415F4CC7,CASE-0103,+916130223892,+910539363533,2023-03-16T14:08:00,1945,T Nagar,TOWER-246
CDR-5E707B28,CASE-0247,+916763791614,+918724920716,2023-09-25T23:59:00,1744,Karol Bagh,TOWER-611
CDR-52DF249D,CASE-0282,+914271636761,+911437344616,2023-07-18T13:14:00,692,Jubilee Hills,TOWER-855
CDR-DF7331DC,CASE-0003,+913291506542,+915002593058,2023-04-28T21:19:00,2638,Bandra Kurla Complex,TOWER-936
CDR-E603979C,CASE-0206,+917286254650,+917494266330,2023-09-10T12:54:00,237,Connaught Place,TOWER-570
CDR-8AF69E40,CASE-0300,+916692590813,+916836823883,2023-06-11T16:39:00,3111,Andheri West,TOWER-485
CDR-2E73DEF8,CASE-0446,+919847724707,+919551791631,2023-07-20T11:43:00,1695,Hinjewadi,TOWER-762
CDR-D8B2E8DF,CASE-0107,+913020737937,+919753450494,2023-02-22T06:50:00,944,T Nagar,TOWER-268
CDR-BC992048,CASE-0191,+915148982381,+910539363533,2023-02-12T01:57:00,3070,New Town,TOWER-516
CDR-678D1617,CASE-0438,+914646678747,+916133469294,2023-09-30T15:28:00,1614,New Town,TOWER-935
CDR-5B4E6721,CASE-0339,+911655903639,+916971995110,2023-07-19T04:14:00,3273,Indiranagar,TOWER-173
CDR-4A8E655C,CASE-0423,+915148982381,+912781483562,2023-09-25T19:00:00,1210,New Town,TOWER-640
CDR-861065B7,CASE-0165,+917290393874,+914359315208,2023-04-13T11:14:00,3518,Indiranagar,TOWER-519
CDR-E80F013C,CASE-0132,+918843545700,+919967315217,2023-10-23T07:46:00,1899,T Nagar,TOWER-152
CDR-1D2866C9,CASE-0298,+918702385180,+917526044987,2023-05-02T01:53:00,3508,Gachibowli,TOWER-137
CDR-383B0A93,CASE-0275,+915527465681,+911885956157,2023-06-19T08:59:00,409,Karol Bagh,TOWER-102
CDR-5E9E59CA,CASE-0270,+919904419262,+916203494674,2023-09-21T21:19:00,1407,Hinjewadi,TOWER-242
CDR-50E2F4C7,CASE-0363,+918556307438,+913553065922,2023-10-22T02:48:00,2013,Andheri West,TOWER-812
CDR-60DE5C01,CASE-0443,+915794038008,+916366929682,2023-02-05T04:50:00,2371,Viman Nagar,TOWER-543
CDR-2452F455,CASE-0082,+914449595368,+911038802402,2023-04-09T18:12:00,3073,Bandra Kurla Complex,TOWER-617
CDR-3EBF4A6D,CASE-0239,+918343190114,+911169377703,2023-01-15T17:40:00,1052,Salt Lake City,TOWER-342
CDR-06B79CC2,CASE-0232,+919418646295,+915093483105,2023-01-14T23:33:00,1002,Gachibowli,TOWER-206
CDR-8AE96545,CASE-0299,+910122351319,+911885956157,2023-01-24T02:24:00,121,Anna Nagar,TOWER-734
CDR-9F8DD18A,CASE-0369,+918028920721,+917369516252,2023-06-19T08:48:00,1139,Jubilee Hills,TOWER-378
CDR-7EA098DA,CASE-0316,+911870671853,+910784672618,2023-07-17T21:23:00,3542,Salt Lake City,TOWER-601
CDR-9C609C59,CASE-0365,+910932627488,+912062619351,2023-06-17T06:16:00,3293,Connaught Place,TOWER-392
CDR-2128654C,CASE-0221,+916328336327,+918585001885,2023-06-27T17:09:00,710,Karol Bagh,TOWER-460
CDR-3A51A607,CASE-0153,+919040791256,+913225787865,2023-06-29T02:58:00,2804,Connaught Place,TOWER-153
CDR-F4E06465,CASE-0492,+910878322338,+913125107760,2023-06-22T01:15:00,3019,Bandra Kurla Complex,TOWER-208
CDR-EC768474,CASE-0452,+910385503607,+915148982381,2023-10-25T14:50:00,1545,Noida Sector 18,TOWER-184
CDR-302BC405,CASE-0034,+913792548322,+918079233933,2023-01-14T14:04:00,3549,Hinjewadi,TOWER-321
CDR-6700AF54,CASE-0299,+912536770967,+912173695158,2023-09-01T09:38:00,1740,Noida Sector 18,TOWER-477
CDR-9DF82551,CASE-0500,+912604191298,+917365696339,2023-01-28T18:11:00,3544,Indiranagar,TOWER-743
CDR-204342F5,CASE-0394,+917903894867,+917449669726,2023-03-28T21:02:00,1146,New Town,TOWER-513
CDR-9ABFE996,CASE-0388,+918646745808,+918903703412,2023-07-29T14:21:00,941,Gachibowli,TOWER-560
CDR-C90F32C1,CASE-0086,+913494425741,+919078324466,2023-10-18T23:11:00,430,Andheri West,TOWER-287
CDR-4F38612C,CASE-0407,+910028860015,+912106281914,2023-03-01T05:39:00,3443,Koramangala,TOWER-349
CDR-6BD2C79E,CASE-0113,+910753540823,+917290393874,2023-06-28T07:05:00,1467,Noida Sector 18,TOWER-996
CDR-68B1A00F,CASE-0369,+919818864900,+916900586182,2023-02-07T12:10:00,130,Connaught Place,TOWER-241
CDR-9ABE1C23,CASE-0105,+914096653718,+918956954314,2023-07-09T17:04:00,3216,Gurgaon Sector 29,TOWER-122
CDR-D71A5B44,CASE-0332,+912320285188,+910267033768,2023-08-10T05:09:00,1527,Jubilee Hills,TOWER-648
CDR-0C1DF9AE,CASE-0009,+919743316415,+914779774721,2023-05-22T09:02:00,2903,Secunderabad Railway Station,TOWER-299
CDR-ACB06980,CASE-0263,+912789947990,+912608246294,2023-07-08T08:01:00,1038,Vasant Kunj,TOWER-112
CDR-7B0812F7,CASE-0251,+915306240053,+915527465681,2023-01-07T03:26:00,1099,Bandra Kurla Complex,TOWER-940
CDR-8883EACA,CASE-0380,+916410588760,+918127688220,2023-04-06T22:15:00,1368,Vasant Kunj,TOWER-971
CDR-8E7EDC0B,CASE-0033,+911957485984,+917092062980,2023-08-02T05:55:00,2535,Koramangala,TOWER-589
CDR-07F8360B,CASE-0292,+916476828156,+915673127076,2023-03-15T01:38:00,3343,T Nagar,TOWER-792
CDR-36A513B9,CASE-0022,+914864867942,+914227289228,2023-06-25T03:13:00,1374,Karol Bagh,TOWER-867
CDR-69C071AD,CASE-0484,+918470181870,+911934286044,2023-05-29T23:29:00,1503,Vasant Kunj,TOWER-372
CDR-DE429D73,CASE-0160,+914907172759,+917886838750,2023-01-07T06:11:00,3505,Karol Bagh,TOWER-898
CDR-CAF60192,CASE-0093,+913626380693,+911833833204,2023-08-19T00:07:00,445,Gachibowli,TOWER-250
CDR-B6E183BF,CASE-0289,+914573281467,+912726217563,2023-03-12T20:14:00,2112,New Town,TOWER-789
CDR-EEAA0400,CASE-0283,+914030400199,+918456189725,2023-01-15T13:05:00,1215,Koramangala,TOWER-497
CDR-2A965469,CASE-0374,+913171198640,+914232505400,2023-10-18T18:10:00,161,Jubilee Hills,TOWER-460
CDR-6A64429C,CASE-0453,+910047578748,+915196014756,2023-07-05T13:55:00,983,Andheri West,TOWER-372
CDR-4AAA7389,CASE-0331,+912028015757,+912153562696,2023-04-14T15:21:00,2626,Noida Sector 18,TOWER-953
CDR-DA61468A,CASE-0004,+918545155824,+912405906061,2023-05-20T10:52:00,3400,Secunderabad Railway Station,TOWER-192
CDR-093963DF,CASE-0261,+914231368670,+914601849530,2023-02-03T22:01:00,1923,Viman Nagar,TOWER-505
CDR-0912A520,CASE-0375,+914931637046,+917151258960,2023-10-24T22:09:00,2839,Bandra Kurla Complex,TOWER-628
CDR-6864B1FD,CASE-0451,+914271636761,+916985979466,2023-03-09T00:02:00,2062,Karol Bagh,TOWER-209
CDR-6FA6A26B,CASE-0466,+912096822528,+913915062465,2023-01-24T13:25:00,3198,Bandra Kurla Complex,TOWER-907
CDR-52FEB41B,CASE-0411,+917052444364,+911121643716,2023-08-10T10:23:00,958,Salt Lake City,TOWER-379
CDR-17529E10,CASE-0017,+911920212491,+910351193387,2023-04-08T06:35:00,2234,T Nagar,TOWER-636
CDR-5FD29DEC,CASE-0298,+919209629821,+913095381392,2023-07-06T09:03:00,1919,Koramangala,TOWER-251
CDR-BD5B214C,CASE-0214,+914168851834,+911444144791,2023-07-23T05:59:00,3361,New Town,TOWER-689
CDR-A69D44C3,CASE-0055,+913842157215,+919732216133,2023-08-15T11:16:00,1032,T Nagar,TOWER-539
CDR-21FFFAB1,CASE-0012,+918898656250,+912602368088,2023-09-26T05:52:00,173,Gurgaon Sector 29,TOWER-526
CDR-9418D74C,CASE-0156,+917571264747,+915916261394,2023-04-23T02:40:00,1609,Noida Sector 18,TOWER-914
CDR-EBC10C7E,CASE-0452,+915235515737,+918903960253,2023-08-19T17:05:00,3006,Viman Nagar,TOWER-954
CDR-B0DECB00,CASE-0371,+919458484561,+910932627488,2023-04-24T08:44:00,2206,Salt Lake City,TOWER-295
CDR-E38B0F11,CASE-0268,+914753699730,+915703283321,2023-09-12T10:01:00,197,Hinjewadi,TOWER-127
CDR-9EA17F9B,CASE-0073,+910656912627,+913547280012,2023-04-03T04:19:00,2115,Connaught Place,TOWER-950
CDR-C62D0CD0,CASE-0173,+912301663207,+910344110590,2023-04-10T09:16:00,1766,Karol Bagh,TOWER-370
CDR-8DC025BC,CASE-0093,+913626380693,+914658889350,2023-04-01T10:46:00,1730,Connaught Place,TOWER-695
CDR-CEBA4425,CASE-0461,+911989489133,+919867316655,2023-08-28T18:58:00,705,Indiranagar,TOWER-895
CDR-F42356E0,CASE-0314,+913303142083,+911255092320,2023-02-07T06:43:00,732,Jubilee Hills,TOWER-576
CDR-6627F48A,CASE-0459,+910905902783,+917691043831,2023-07-19T17:11:00,2676,Karol Bagh,TOWER-429
CDR-B68F704B,CASE-0110,+919314295503,+918843545700,2023-08-22T00:11:00,2420,Karol Bagh,TOWER-155
CDR-E899CFAB,CASE-0422,+915527465681,+917290393874,2023-06-01T04:12:00,396,Secunderabad Railway Station,TOWER-488
CDR-9D5C24FB,CASE-0235,+914813120521,+914359315208,2023-03-31T07:23:00,438,Indiranagar,TOWER-762
CDR-6B784461,CASE-0460,+910907184766,+919678910942,2023-04-17T10:37:00,1022,Bandra Kurla Complex,TOWER-468
CDR-3BA398CC,CASE-0237,+910515591393,+911170693199,2023-01-19T13:34:00,1406,New Town,TOWER-652
CDR-66072DCB,CASE-0027,+911550394135,+918767472354,2023-09-03T03:12:00,2220,Vasant Kunj,TOWER-343
CDR-0BE857EF,CASE-0351,+917406192979,+910502172250,2023-05-29T12:03:00,1096,Secunderabad Railway Station,TOWER-631
CDR-2F29ABB1,CASE-0495,+913389297979,+918128416444,2023-08-19T14:54:00,2606,Noida Sector 18,TOWER-140
CDR-DEA60D32,CASE-0008,+917498717859,+910619735212,2023-08-01T09:47:00,1054,Indiranagar,TOWER-930
CDR-DE119822,CASE-0094,+913975433895,+917960013105,2023-04-07T18:40:00,880,Indiranagar,TOWER-918
CDR-BAF01E4C,CASE-0494,+911332806117,+917403465548,2023-02-12T09:55:00,851,Gurgaon Sector 29,TOWER-915
CDR-7AEB90D7,CASE-0274,+914897219099,+914636050974,2023-04-05T12:00:00,1928,Viman Nagar,TOWER-225
CDR-A57F7B9A,CASE-0082,+914449595368,+917315214126,2023-06-25T04:41:00,638,Gachibowli,TOWER-456
CDR-B2FD7786,CASE-0107,+913020737937,+917340831232,2023-01-24T11:27:00,2841,Bandra Kurla Complex,TOWER-917
CDR-48DB0406,CASE-0452,+912062619351,+919458484561,2023-07-07T15:19:00,667,Noida Sector 18,TOWER-160
CDR-9B2182A4,CASE-0417,+915148982381,+911675224310,2023-07-11T00:45:00,249,Bandra Kurla Complex,TOWER-439
CDR-C904E653,CASE-0258,+916211632950,+919799518679,2023-01-21T11:29:00,3157,Indiranagar,TOWER-575
CDR-60C60977,CASE-0014,+919458484561,+913527994940,2023-04-07T08:29:00,3112,Hinjewadi,TOWER-909
CDR-1FCB3684,CASE-0462,+914635031611,+917316618171,2023-08-18T06:38:00,386,Connaught Place,TOWER-635
CDR-5A93AE24,CASE-0438,+917290393874,+912964627857,2023-06-18T08:26:00,3026,Noida Sector 18,TOWER-697
CDR-21034546,CASE-0456,+917015744250,+910282400887,2023-01-29T19:55:00,3568,Hinjewadi,TOWER-216
CDR-1E28AD10,CASE-0375,+910049525317,+913053606958,2023-10-13T22:47:00,786,T Nagar,TOWER-823
CDR-62CE4534,CASE-0248,+918646745808,+913830303962,2023-01-22T08:35:00,1398,Gachibowli,TOWER-270
CDR-15CE879F,CASE-0179,+913975433895,+910932627488,2023-06-16T06:33:00,2975,New Town,TOWER-231
CDR-DFDB2941,CASE-0253,+912905227010,+910772188928,2023-10-22T18:57:00,1346,Secunderabad Railway Station,TOWER-672
CDR-F2E88160,CASE-0200,+919487534223,+910932627488,2023-09-11T00:13:00,2721,Indiranagar,TOWER-519
CDR-0C44D6E6,CASE-0179,+910539363533,+913967092791,2023-03-24T06:36:00,1648,New Town,TOWER-472
CDR-D2DF86D1,CASE-0338,+914609507226,+919923632850,2023-01-23T23:08:00,2936,Koramangala,TOWER-737
CDR-DFCA1C6A,CASE-0141,+911426320242,+918102114393,2023-02-10T09:38:00,1823,Karol Bagh,TOWER-138
CDR-2B1FD4BF,CASE-0377,+914577212430,+919325881350,2023-09-17T08:05:00,2029,Karol Bagh,TOWER-911
CDR-1FC161D8,CASE-0286,+912701228756,+911968373426,2023-10-03T18:35:00,2045,Noida Sector 18,TOWER-814
CDR-667F9607,CASE-0079,+915900633196,+911107330640,2023-04-04T14:18:00,2856,Andheri West,TOWER-453
CDR-6FA4CD8B,CASE-0482,+917290393874,+919458484561,2023-05-08T22:07:00,1579,Karol Bagh,TOWER-565
CDR-5767604F,CASE-0063,+919219070377,+913155749658,2023-06-11T05:45:00,1336,Viman Nagar,TOWER-556
CDR-FBBA3B98,CASE-0309,+911093046632,+910343811249,2023-09-15T07:54:00,1506,Connaught Place,TOWER-490
CDR-262F6D5A,CASE-0273,+914359315208,+915024878084,2023-09-02T08:17:00,2549,Indiranagar,TOWER-819
CDR-4BA67B04,CASE-0480,+910932627488,+910932627488,2023-04-28T00:30:00,3167,Hinjewadi,TOWER-412
CDR-BA65317C,CASE-0182,+913346084087,+913975433895,2023-04-29T14:10:00,844,Noida Sector 18,TOWER-372
CDR-52405034,CASE-0409,+917541620441,+911680637367,2023-08-20T02:46:00,1902,Gurgaon Sector 29,TOWER-750
CDR-35A797E1,CASE-0354,+917104875947,+910792007054,2023-04-19T19:54:00,2627,Koramangala,TOWER-289
CDR-0EFEB87C,CASE-0094,+912848587043,+910539363533,2023-03-18T00:27:00,971,Gachibowli,TOWER-390
CDR-2F914727,CASE-0067,+914074236407,+910195760998,2023-02-03T02:40:00,103,Connaught Place,TOWER-171
CDR-D23AA32C,CASE-0132,+918843545700,+910539363533,2023-07-29T03:17:00,1556,Vasant Kunj,TOWER-572
CDR-E53B3184,CASE-0432,+919458484561,+913553567409,2023-08-15T06:25:00,2391,Viman Nagar,TOWER-143
CDR-811ADD06,CASE-0284,+910932627488,+915148982381,2023-04-15T14:55:00,1543,Jubilee Hills,TOWER-288
CDR-A10F5112,CASE-0116,+918116262365,+918903222856,2023-06-19T01:15:00,2263,Karol Bagh,TOWER-728
CDR-88B01148,CASE-0304,+911885956157,+917403479171,2023-10-07T11:16:00,2264,Noida Sector 18,TOWER-932
CDR-20154507,CASE-0459,+910905902783,+916068127800,2023-07-23T07:59:00,85,Jubilee Hills,TOWER-384
CDR-B5BD10C2,CASE-0452,+917290393874,+915041435052,2023-05-29T05:44:00,3392,Noida Sector 18,TOWER-535
CDR-59F0C702,CASE-0475,+914845266108,+918584240352,2023-10-21T03:52:00,1629,Hinjewadi,TOWER-818
CDR-1B20DEDB,CASE-0420,+912688732077,+918927322325,2023-01-17T18:50:00,1220,T Nagar,TOWER-468
CDR-D8A0E3C5,CASE-0169,+919753434759,+912848587043,2023-08-20T17:45:00,3511,Vasant Kunj,TOWER-931
CDR-F8AFF26D,CASE-0014,+911235527612,+910607850375,2023-03-15T00:11:00,530,Noida Sector 18,TOWER-233
CDR-8D43FF91,CASE-0052,+915356428343,+911096250626,2023-05-19T08:44:00,3447,T Nagar,TOWER-628
CDR-079324B6,CASE-0450,+919666116013,+919149932215,2023-01-03T10:42:00,1860,Hinjewadi,TOWER-486
CDR-72E64605,CASE-0071,+913355876138,+913666716994,2023-02-07T03:55:00,1026,Noida Sector 18,TOWER-820
CDR-BBE249C9,CASE-0494,+911332806117,+918964950728,2023-10-02T16:44:00,3246,Gachibowli,TOWER-831
CDR-483AE549,CASE-0028,+910578842014,+918023041213,2023-01-05T12:02:00,3264,T Nagar,TOWER-597
CDR-697D4DF7,CASE-0450,+917791860201,+915811929873,2023-06-15T20:12:00,3179,Salt Lake City,TOWER-859
CDR-40E0ECB9,CASE-0123,+912911010547,+918341699997,2023-04-12T19:03:00,391,Jubilee Hills,TOWER-437
CDR-4074CB40,CASE-0124,+919382751873,+911885956157,2023-09-01T07:34:00,2565,New Town,TOWER-554
CDR-45A5F336,CASE-0176,+913636495406,+919942609748,2023-09-14T11:03:00,2330,T Nagar,TOWER-121
CDR-95DB3BEE,CASE-0278,+916209181900,+914271636761,2023-10-01T20:47:00,53,Connaught Place,TOWER-512
CDR-D6C910B6,CASE-0296,+913547280012,+915345402898,2023-05-20T13:01:00,1588,T Nagar,TOWER-865
CDR-FACCFBC1,CASE-0426,+917660101895,+911355836295,2023-07-23T18:47:00,991,Anna Nagar,TOWER-602
CDR-ED0B8F40,CASE-0101,+910582788962,+915041435052,2023-08-09T06:59:00,2006,Koramangala,TOWER-982
CDR-F07A81CC,CASE-0253,+919296626545,+915351908963,2023-05-17T07:12:00,2491,Salt Lake City,TOWER-392
CDR-EB748671,CASE-0203,+918843545700,+918843545700,2023-01-01T09:29:00,1826,Vasant Kunj,TOWER-879
CDR-A589DE91,CASE-0355,+915240512444,+918033575729,2023-01-24T11:22:00,2336,Anna Nagar,TOWER-650
CDR-A39FD9EB,CASE-0254,+919517407783,+918245260553,2023-10-16T09:37:00,3256,Salt Lake City,TOWER-177
CDR-97728F4A,CASE-0428,+917449361043,+916350166599,2023-07-16T21:39:00,911,Andheri West,TOWER-956
CDR-5F88875E,CASE-0266,+911782032348,+915527465681,2023-05-31T08:52:00,1112,Koramangala,TOWER-962
CDR-C8716607,CASE-0477,+910932627488,+916353170829,2023-09-15T20:49:00,3145,Gurgaon Sector 29,TOWER-244
CDR-FAD2A873,CASE-0146,+912062619351,+917290393874,2023-08-20T17:13:00,2726,Vasant Kunj,TOWER-297
CDR-22202775,CASE-0388,+912875280113,+917660816786,2023-02-16T17:36:00,102,Karol Bagh,TOWER-440
CDR-222B03F4,CASE-0351,+919925342280,+919690622277,2023-08-31T13:15:00,784,Vasant Kunj,TOWER-459
CDR-09CCE114,CASE-0244,+913828987535,+915025101193,2023-04-19T18:52:00,396,Gurgaon Sector 29,TOWER-912
CDR-03F010C6,CASE-0198,+916325484698,+919796202786,2023-04-06T12:03:00,495,Hinjewadi,TOWER-413
CDR-AD541FC5,CASE-0470,+916874831373,+919415804446,2023-10-19T14:22:00,261,Jubilee Hills,TOWER-714
CDR-78978616,CASE-0389,+918741001772,+911231068890,2023-10-04T20:03:00,560,Hinjewadi,TOWER-996
CDR-FC7F553A,CASE-0246,+918843545700,+910539363533,2023-09-02T11:58:00,1559,Indiranagar,TOWER-204
CDR-3CDE64B7,CASE-0493,+914239058338,+917310079226,2023-01-24T00:10:00,1201,Bandra Kurla Complex,TOWER-880
CDR-7B82BFD7,CASE-0477,+918377942185,+910932627488,2023-01-27T13:25:00,3517,Salt Lake City,TOWER-124
CDR-B147C390,CASE-0046,+918888401933,+916209181900,2023-06-07T22:00:00,1862,Vasant Kunj,TOWER-118
CDR-58A28647,CASE-0391,+915148982381,+910134604279,2023-01-20T15:22:00,916,Andheri West,TOWER-468
CDR-D8641A27,CASE-0359,+915784403296,+915024878084,2023-02-26T13:15:00,1573,Anna Nagar,TOWER-374
CDR-87EB087B,CASE-0001,+917654441593,+918299914533,2023-05-03T22:44:00,323,Secunderabad Railway Station,TOWER-624
CDR-1D9A2B7B,CASE-0236,+919573664969,+917184804529,2023-10-26T23:45:00,867,Jubilee Hills,TOWER-314
CDR-0BE9C895,CASE-0327,+910351193387,+913287203918,2023-01-30T06:58:00,810,Karol Bagh,TOWER-199
CDR-5DF49A6C,CASE-0251,+918097589523,+911885956157,2023-08-31T15:19:00,108,Indiranagar,TOWER-401
CDR-907016F2,CASE-0043,+910872782445,+913543169617,2023-10-15T22:50:00,3464,Connaught Place,TOWER-856
CDR-133E86E2,CASE-0243,+911402256863,+910204963874,2023-07-24T20:08:00,1541,Koramangala,TOWER-755
CDR-D0EC588E,CASE-0182,+919161140906,+911441733067,2023-08-19T17:52:00,566,Karol Bagh,TOWER-480
CDR-EF246683,CASE-0348,+918646745808,+916276637955,2023-06-18T19:23:00,1793,Jubilee Hills,TOWER-502
CDR-CB7AA709,CASE-0322,+911151048469,+914941297647,2023-06-12T17:39:00,125,Jubilee Hills,TOWER-942
CDR-998DF351,CASE-0269,+917290393874,+917290393874,2023-10-10T08:46:00,3430,Karol Bagh,TOWER-287
CDR-F804746E,CASE-0490,+919458484561,+915308576877,2023-04-08T08:24:00,2523,Vasant Kunj,TOWER-968
CDR-E7511DF8,CASE-0150,+918843545700,+917965193339,2023-07-28T08:17:00,1489,Anna Nagar,TOWER-711
CDR-3A6B0857,CASE-0055,+913842157215,+912577676024,2023-06-21T00:39:00,1909,Gurgaon Sector 29,TOWER-418
CDR-9F7037D5,CASE-0055,+914262755512,+917519214050,2023-07-05T13:10:00,196,Jubilee Hills,TOWER-509
CDR-CA31A963,CASE-0417,+910363390776,+915148982381,2023-09-03T14:56:00,1524,Andheri West,TOWER-192
CDR-77D73EEC,CASE-0332,+912320285188,+910238002023,2023-02-01T22:57:00,2947,Viman Nagar,TOWER-507
CDR-76E39CD2,CASE-0302,+917653002361,+919668738453,2023-10-19T02:45:00,1929,Gurgaon Sector 29,TOWER-375
CDR-DD8A909E,CASE-0052,+916866149630,+910097328031,2023-09-30T09:00:00,3360,Salt Lake City,TOWER-643
CDR-644689C4,CASE-0462,+913852811985,+912602293936,2023-10-09T02:34:00,2522,Salt Lake City,TOWER-588
CDR-76AED712,CASE-0132,+913975433895,+915429037628,2023-05-28T09:52:00,946,Salt Lake City,TOWER-297
CDR-50DD589B,CASE-0329,+914359315208,+910158198058,2023-01-19T21:03:00,1416,Hinjewadi,TOWER-219
CDR-E3F2AFD6,CASE-0130,+918529666232,+911943258591,2023-10-18T15:10:00,1808,Karol Bagh,TOWER-990
CDR-4EF31A61,CASE-0065,+917156318635,+912848587043,2023-01-05T17:29:00,2241,Salt Lake City,TOWER-658
CDR-9A1D6CCA,CASE-0462,+914635031611,+918536926456,2023-07-17T03:20:00,1215,Viman Nagar,TOWER-320
CDR-BEEE121B,CASE-0474,+911685532300,+917420488588,2023-10-16T23:58:00,2783,Gurgaon Sector 29,TOWER-391
CDR-9DB01F51,CASE-0321,+911885956157,+910458561916,2023-04-07T09:04:00,2307,New Town,TOWER-669
CDR-D42D3133,CASE-0193,+919714246336,+910642481394,2023-02-27T12:44:00,515,Anna Nagar,TOWER-181
CDR-54F1BCF5,CASE-0188,+918209030372,+911563650514,2023-07-09T20:59:00,3142,Gurgaon Sector 29,TOWER-549
CDR-EE88B8B8,CASE-0162,+915527465681,+917290393874,2023-07-02T17:53:00,3435,Viman Nagar,TOWER-605
CDR-2D08C648,CASE-0028,+915024878084,+917227748506,2023-06-08T23:44:00,1958,Gurgaon Sector 29,TOWER-710
CDR-B17353A3,CASE-0496,+914239058338,+914239058338,2023-05-12T19:40:00,1644,Indiranagar,TOWER-723
CDR-602358DB,CASE-0495,+913842374484,+910566959512,2023-09-13T12:49:00,2011,Vasant Kunj,TOWER-127
CDR-24E94EE8,CASE-0433,+910442806234,+910090535660,2023-07-02T21:06:00,1248,Viman Nagar,TOWER-613
CDR-008D9B0B,CASE-0392,+916591365609,+918717691910,2023-02-04T18:15:00,90,Secunderabad Railway Station,TOWER-762
CDR-6A56A85A,CASE-0342,+911121929809,+913967092791,2023-01-25T11:22:00,2830,Connaught Place,TOWER-171
CDR-129E551E,CASE-0065,+911232633884,+919639504342,2023-10-09T21:36:00,457,Anna Nagar,TOWER-161
CDR-7695E2EA,CASE-0227,+912390601520,+914291434157,2023-01-23T15:24:00,1862,Hinjewadi,TOWER-796
CDR-4F26BA9B,CASE-0366,+917378067955,+916257985920,2023-08-01T06:12:00,2777,Viman Nagar,TOWER-880
CDR-8B0195A3,CASE-0090,+914733818239,+910567205612,2023-01-20T21:31:00,3515,Karol Bagh,TOWER-177
CDR-16D5E07D,CASE-0255,+917479807070,+914239058338,2023-04-19T18:37:00,1454,Andheri West,TOWER-493
CDR-D6394009,CASE-0405,+919504574367,+911176261135,2023-07-08T18:59:00,2962,Anna Nagar,TOWER-306
CDR-99E1D145,CASE-0195,+919188895101,+914813120521,2023-02-10T08:39:00,256,Connaught Place,TOWER-188
CDR-A7ACED2B,CASE-0230,+911182887465,+911077439800,2023-01-11T13:11:00,2322,Anna Nagar,TOWER-201
CDR-21AB9093,CASE-0048,+917290393874,+917290393874,2023-02-07T21:45:00,100,Bandra Kurla Complex,TOWER-141
CDR-40A5EBAB,CASE-0242,+910801102935,+914771083339,2023-01-26T15:13:00,208,Gachibowli,TOWER-249
CDR-0879C83C,CASE-0205,+910539363533,+917661321566,2023-07-13T22:23:00,34,Bandra Kurla Complex,TOWER-164
CDR-F4B69CC2,CASE-0213,+914271636761,+912848587043,2023-05-17T11:40:00,480,Andheri West,TOWER-206
CDR-65F8D2A6,CASE-0151,+912273170905,+911849904434,2023-09-12T03:38:00,1266,Connaught Place,TOWER-596
CDR-0492F3FE,CASE-0060,+916056945064,+915452057491,2023-06-13T12:42:00,1498,Connaught Place,TOWER-433
CDR-BC4E6C0D,CASE-0417,+919458484561,+912572688351,2023-06-21T17:53:00,2467,Bandra Kurla Complex,TOWER-469
CDR-A4CA2BAB,CASE-0030,+919725620405,+913641622689,2023-05-24T06:03:00,1225,Indiranagar,TOWER-301
CDR-5EAC2670,CASE-0225,+911658299659,+912828664886,2023-02-16T02:39:00,3588,Gachibowli,TOWER-659
CDR-6375E0B9,CASE-0143,+912935565536,+919242562185,2023-02-12T11:07:00,3446,Secunderabad Railway Station,TOWER-229
CDR-B2BA8E00,CASE-0097,+910539363533,+910281539533,2023-04-13T02:41:00,3131,Connaught Place,TOWER-587
CDR-2E9CEE03,CASE-0288,+917055900798,+910209239245,2023-04-30T17:40:00,170,Salt Lake City,TOWER-863
CDR-18E7E8AA,CASE-0167,+915148982381,+914281801093,2023-01-20T23:40:00,3398,Hinjewadi,TOWER-494
CDR-3AB3AF88,CASE-0387,+915401475726,+915524707333,2023-01-06T07:45:00,1108,New Town,TOWER-507
CDR-C10FE722,CASE-0191,+915148982381,+917018990789,2023-07-15T22:32:00,3184,Gachibowli,TOWER-503
CDR-E2B43638,CASE-0039,+916992627603,+919262274786,2023-08-16T10:29:00,2301,Connaught Place,TOWER-208
CDR-482F7ACF,CASE-0490,+919458484561,+915439116918,2023-07-06T07:14:00,2203,Salt Lake City,TOWER-204
CDR-B9F80A9C,CASE-0373,+919883778470,+916465194656,2023-05-19T04:40:00,1486,Koramangala,TOWER-867
CDR-79772077,CASE-0020,+915148982381,+917290393874,2023-05-10T03:50:00,1984,Hinjewadi,TOWER-465
CDR-6464E363,CASE-0087,+915835366118,+918673553377,2023-01-06T17:37:00,3077,Jubilee Hills,TOWER-534
CDR-2FB4A711,CASE-0252,+916804483483,+914905952591,2023-06-05T00:00:00,1406,T Nagar,TOWER-207
CDR-52301ADA,CASE-0021,+915999606810,+910444155319,2023-01-29T09:04:00,1575,New Town,TOWER-996
CDR-7617F764,CASE-0097,+915747719906,+910753540823,2023-09-19T07:38:00,2492,New Town,TOWER-973
CDR-ED9D5BB1,CASE-0450,+919666116013,+912591906600,2023-08-11T04:51:00,2599,Bandra Kurla Complex,TOWER-802
CDR-484A74EF,CASE-0467,+918843545700,+910539363533,2023-02-13T17:34:00,1378,Connaught Place,TOWER-888
CDR-A01656ED,CASE-0491,+918235993460,+915902697562,2023-10-23T22:51:00,490,Salt Lake City,TOWER-162
CDR-4FAEF30B,CASE-0042,+919691238826,+912186814047,2023-08-22T00:17:00,1140,Karol Bagh,TOWER-982
CDR-0F81756E,CASE-0202,+913687090213,+913047705997,2023-07-26T12:24:00,650,Koramangala,TOWER-872
CDR-1785E83A,CASE-0030,+919725620405,+916228919055,2023-06-05T08:50:00,1511,Salt Lake City,TOWER-611
CDR-A18A21BA,CASE-0009,+919743316415,+910539363533,2023-09-26T23:04:00,490,Gurgaon Sector 29,TOWER-962
CDR-78A55F59,CASE-0403,+914709404469,+917627081955,2023-03-31T04:09:00,3103,Karol Bagh,TOWER-550
CDR-B8696430,CASE-0213,+910153135535,+912848587043,2023-05-28T18:50:00,832,Gachibowli,TOWER-176
CDR-DFD73015,CASE-0449,+916378652368,+912440682429,2023-07-07T11:12:00,503,Bandra Kurla Complex,TOWER-890
CDR-7709B1A6,CASE-0156,+911140184254,+914128312848,2023-01-22T05:23:00,1643,Anna Nagar,TOWER-828
CDR-F3B26119,CASE-0020,+915148982381,+915148982381,2023-01-01T19:28:00,3255,Viman Nagar,TOWER-613
CDR-A1B06FA6,CASE-0457,+917819746580,+913838239151,2023-07-06T14:29:00,2502,Connaught Place,TOWER-371
CDR-BD73F73A,CASE-0263,+911350676473,+917742285900,2023-01-24T14:43:00,511,Gurgaon Sector 29,TOWER-435
CDR-4312D96B,CASE-0288,+911510513353,+914644642429,2023-01-11T07:35:00,1923,T Nagar,TOWER-594
CDR-00BB221E,CASE-0444,+915527465681,+916225246645,2023-06-26T11:42:00,596,Karol Bagh,TOWER-836
CDR-3EE9B11B,CASE-0329,+914359315208,+912204689902,2023-06-12T08:46:00,3370,T Nagar,TOWER-364
CDR-839DB78E,CASE-0113,+914271636761,+916209181900,2023-06-28T10:05:00,1777,Koramangala,TOWER-779
CDR-CD038A5A,CASE-0219,+911920720730,+919311749984,2023-08-30T14:51:00,412,Koramangala,TOWER-357
CDR-CB18C61A,CASE-0082,+914449595368,+912466029021,2023-10-19T09:02:00,1507,Connaught Place,TOWER-117
CDR-78CBD2E4,CASE-0374,+914206370446,+912344027014,2023-10-28T05:24:00,1395,Gurgaon Sector 29,TOWER-536
CDR-D5440251,CASE-0417,+915148982381,+910932627488,2023-05-07T13:37:00,3500,Secunderabad Railway Station,TOWER-276
CDR-16ED7CBA,CASE-0250,+915867724943,+914776743260,2023-04-09T09:47:00,1981,T Nagar,TOWER-823
CDR-42955468,CASE-0090,+914733818239,+910563001258,2023-01-01T17:12:00,2805,Connaught Place,TOWER-572
CDR-6983F76E,CASE-0245,+912066544859,+918843545700,2023-03-24T22:03:00,2661,Noida Sector 18,TOWER-904
CDR-498573F0,CASE-0111,+915920116378,+912440682429,2023-03-02T03:01:00,1081,Connaught Place,TOWER-651
CDR-F55BF514,CASE-0242,+915354377108,+910351193387,2023-08-17T14:59:00,2105,Viman Nagar,TOWER-361
CDR-8107B182,CASE-0185,+916217706061,+913893657931,2023-09-15T01:56:00,1118,Indiranagar,TOWER-907
CDR-CFB3198D,CASE-0241,+917848786504,+916059464225,2023-09-12T03:01:00,2747,Andheri West,TOWER-443
CDR-A293FB16,CASE-0167,+917665282221,+915380329540,2023-10-14T06:20:00,1829,Viman Nagar,TOWER-172
CDR-E4FAEFC4,CASE-0161,+912062619351,+917290393874,2023-05-17T16:22:00,60,Secunderabad Railway Station,TOWER-133
CDR-6FC9056C,CASE-0130,+913754320590,+912507279935,2023-07-15T18:28:00,2004,Salt Lake City,TOWER-300
CDR-DB88B6C0,CASE-0325,+912308943382,+918090983418,2023-06-25T21:04:00,148,Anna Nagar,TOWER-786
CDR-511BEF48,CASE-0025,+910690807432,+914789119960,2023-01-20T14:01:00,2764,Secunderabad Railway Station,TOWER-215
CDR-88529D6C,CASE-0134,+919898889852,+915901408417,2023-08-23T11:03:00,2577,Viman Nagar,TOWER-161
CDR-E2B40577,CASE-0154,+917582338531,+914813120521,2023-07-31T07:03:00,2738,Gurgaon Sector 29,TOWER-557
CDR-A40A86EE,CASE-0387,+912920449021,+917896498043,2023-06-26T09:02:00,305,Vasant Kunj,TOWER-377
CDR-9597D528,CASE-0394,+914811049809,+914035347862,2023-07-14T07:24:00,1210,Viman Nagar,TOWER-553
CDR-B5FD0C54,CASE-0023,+912848587043,+913975433895,2023-01-31T19:40:00,636,New Town,TOWER-111
CDR-FE71E475,CASE-0302,+918341046989,+917035938784,2023-06-19T15:36:00,1036,Jubilee Hills,TOWER-509
CDR-4CF0CE99,CASE-0029,+914713735393,+918545155824,2023-10-06T11:13:00,3486,New Town,TOWER-981
CDR-928CCCD0,CASE-0238,+917559680968,+914057332332,2023-03-31T05:57:00,1099,Vasant Kunj,TOWER-615
CDR-F35D1666,CASE-0375,+914931637046,+917366187897,2023-02-10T14:35:00,237,Vasant Kunj,TOWER-391
CDR-39305501,CASE-0107,+913020737937,+911471530193,2023-04-20T18:50:00,552,Gurgaon Sector 29,TOWER-317
CDR-F0242F4F,CASE-0417,+915148982381,+916183244014,2023-01-14T12:59:00,2370,Indiranagar,TOWER-163
CDR-2EA97703,CASE-0132,+918843545700,+910539363533,2023-09-06T00:34:00,1760,Hinjewadi,TOWER-302
CDR-9D80A2D7,CASE-0224,+912605887807,+911582162527,2023-05-03T02:21:00,1604,Salt Lake City,TOWER-975
CDR-ABFAA334,CASE-0139,+912492787505,+914280827780,2023-05-29T08:36:00,711,Jubilee Hills,TOWER-302
CDR-9ACBD0E2,CASE-0287,+917342498620,+910932627488,2023-09-09T02:29:00,460,Andheri West,TOWER-229
CDR-372A7E17,CASE-0419,+912949205548,+919458484561,2023-01-29T18:49:00,1346,Jubilee Hills,TOWER-632
CDR-1208935E,CASE-0197,+918545155824,+915024878084,2023-09-08T03:14:00,771,Connaught Place,TOWER-747
CDR-ACF82185,CASE-0081,+919311749984,+910543032242,2023-10-20T20:37:00,2974,Indiranagar,TOWER-898
CDR-27C6AAEC,CASE-0073,+910753540823,+910753540823,2023-06-04T07:47:00,1463,Gachibowli,TOWER-623
CDR-E010F930,CASE-0341,+912440682429,+914359315208,2023-04-24T09:25:00,2703,Karol Bagh,TOWER-823
CDR-62DE46FA,CASE-0341,+910864277448,+914239058338,2023-05-10T20:19:00,1618,Andheri West,TOWER-270
CDR-A4438C19,CASE-0360,+912348500397,+910932627488,2023-07-22T19:22:00,2414,T Nagar,TOWER-202
CDR-B113B41A,CASE-0444,+916136713251,+915527465681,2023-09-11T23:27:00,89,Gachibowli,TOWER-213
CDR-7DB00144,CASE-0298,+918702385180,+914667631022,2023-03-16T04:17:00,1945,Andheri West,TOWER-124
CDR-A691387C,CASE-0146,+912062619351,+910505340661,2023-08-17T08:59:00,1915,Connaught Place,TOWER-819
CDR-C233E778,CASE-0393,+914311294024,+917654010881,2023-04-05T14:48:00,2060,Koramangala,TOWER-284
CDR-1CB0EDA8,CASE-0180,+910932627488,+915677670007,2023-09-17T05:35:00,1120,T Nagar,TOWER-494
CDR-B2527890,CASE-0059,+911182887465,+919419254026,2023-01-29T16:26:00,2973,Viman Nagar,TOWER-160
CDR-398F5B02,CASE-0328,+910458815616,+917705712723,2023-01-11T05:24:00,1036,Anna Nagar,TOWER-424
CDR-D9C95F12,CASE-0432,+915148982381,+912062619351,2023-03-30T10:37:00,1592,Gachibowli,TOWER-162
CDR-1654F62C,CASE-0163,+917042870829,+912856612885,2023-04-07T17:51:00,1701,Indiranagar,TOWER-663
CDR-90363DDF,CASE-0484,+918454079075,+910328405312,2023-10-28T13:59:00,1165,Gachibowli,TOWER-506
CDR-48B2CDBC,CASE-0420,+912688732077,+910905932002,2023-09-05T12:41:00,1595,Connaught Place,TOWER-610
CDR-F0EFD590,CASE-0053,+910344747960,+911885956157,2023-03-10T09:02:00,1418,Anna Nagar,TOWER-840
CDR-3DAEBCA3,CASE-0247,+910060009600,+917533140783,2023-04-01T22:54:00,2466,Gachibowli,TOWER-382
CDR-DE5F9E1F,CASE-0406,+919032394980,+910381255205,2023-09-04T13:30:00,2152,Connaught Place,TOWER-642
CDR-47EEAA6D,CASE-0104,+915024878084,+915024878084,2023-05-04T12:19:00,1458,T Nagar,TOWER-151
CDR-89F393BA,CASE-0068,+914813120521,+914239058338,2023-08-07T11:32:00,957,Koramangala,TOWER-392
CDR-8D484579,CASE-0015,+918037233392,+913141966897,2023-07-09T13:21:00,1179,Koramangala,TOWER-993
CDR-BBBBE7E9,CASE-0053,+915148982381,+916125592392,2023-04-11T14:42:00,756,Anna Nagar,TOWER-305
CDR-690E5D59,CASE-0413,+912652392093,+914051322094,2023-02-09T22:57:00,2491,Gurgaon Sector 29,TOWER-771
CDR-33FC1DAF,CASE-0323,+918537430098,+914614399142,2023-08-08T08:04:00,2094,Secunderabad Railway Station,TOWER-607
CDR-B11BB415,CASE-0229,+910539363533,+915172730535,2023-08-01T08:41:00,1796,New Town,TOWER-771
CDR-F40E1096,CASE-0486,+910868338542,+913329587087,2023-08-31T13:55:00,2312,Anna Nagar,TOWER-573
CDR-AE360C36,CASE-0054,+917941313161,+917280483984,2023-08-15T01:06:00,1461,Bandra Kurla Complex,TOWER-812
CDR-808CBAC8,CASE-0044,+913287294594,+916539258900,2023-06-18T10:17:00,29,Secunderabad Railway Station,TOWER-276
CDR-1BBE42F2,CASE-0038,+913961941329,+915542996465,2023-08-02T13:57:00,2294,Andheri West,TOWER-473
CDR-03828423,CASE-0059,+915101650667,+917903134452,2023-06-11T10:16:00,2807,Gachibowli,TOWER-379
CDR-DC880997,CASE-0309,+918624564306,+913121201754,2023-01-07T21:19:00,43,Gurgaon Sector 29,TOWER-639
CDR-CAA83A61,CASE-0340,+912505625337,+914258483421,2023-10-26T05:55:00,3502,Koramangala,TOWER-333
CDR-6FC4453D,CASE-0389,+918741001772,+914597872936,2023-10-17T20:28:00,935,Indiranagar,TOWER-702
CDR-D221459E,CASE-0281,+919518472043,+913638113712,2023-02-03T06:15:00,2457,Anna Nagar,TOWER-707
CDR-890E6097,CASE-0212,+918010384476,+911949501897,2023-10-14T11:25:00,675,Secunderabad Railway Station,TOWER-629
CDR-91556DF5,CASE-0151,+911935925446,+910539363533,2023-02-18T12:16:00,1045,Gachibowli,TOWER-541
CDR-CB4D2CC8,CASE-0363,+914938616598,+915017365466,2023-03-17T02:16:00,3380,Salt Lake City,TOWER-920
CDR-FC28B793,CASE-0473,+912049095505,+911740870516,2023-02-26T03:45:00,1238,Andheri West,TOWER-758
CDR-FBEC963D,CASE-0104,+916728856031,+915024878084,2023-04-06T12:54:00,271,Gurgaon Sector 29,TOWER-375
CDR-0BD15D51,CASE-0388,+912875280113,+917338577993,2023-05-30T11:30:00,1337,Noida Sector 18,TOWER-782
CDR-85BFD2CA,CASE-0401,+917473301567,+912334327600,2023-07-12T00:53:00,1964,Hinjewadi,TOWER-443
CDR-FC9312A0,CASE-0471,+914724794067,+919923031113,2023-02-22T12:34:00,1344,Koramangala,TOWER-951
CDR-322B6E3C,CASE-0020,+910643611130,+912062619351,2023-09-08T03:13:00,1994,Salt Lake City,TOWER-540
CDR-0B245B8A,CASE-0192,+914271636761,+916209181900,2023-04-27T09:05:00,1312,Vasant Kunj,TOWER-925
CDR-6533545B,CASE-0170,+912140051171,+910536769053,2023-04-17T12:42:00,3096,Andheri West,TOWER-297
CDR-AC067687,CASE-0089,+912809364277,+916850234488,2023-02-19T14:05:00,1411,New Town,TOWER-757
CDR-75E869E7,CASE-0242,+915354377108,+914859163598,2023-10-09T08:05:00,2267,Noida Sector 18,TOWER-193
CDR-06E1926A,CASE-0290,+911782032348,+918660133132,2023-05-28T03:41:00,3317,Indiranagar,TOWER-356
CDR-FA9B9F8B,CASE-0111,+915920116378,+912440682429,2023-09-18T21:14:00,2115,Andheri West,TOWER-189
CDR-E81F44D6,CASE-0064,+918545155824,+913649464626,2023-01-10T03:35:00,2070,Gachibowli,TOWER-831
CDR-5D1239AB,CASE-0384,+912465017878,+913089070658,2023-09-09T06:36:00,3376,Hinjewadi,TOWER-727
CDR-40199EC7,CASE-0134,+919898889852,+913743674474,2023-07-19T22:23:00,1023,Anna Nagar,TOWER-773
CDR-47279433,CASE-0003,+913291506542,+914005240972,2023-04-07T10:57:00,500,Indiranagar,TOWER-266
CDR-387AD907,CASE-0324,+917661116661,+915148982381,2023-08-28T00:08:00,1939,New Town,TOWER-289
CDR-764E68B2,CASE-0043,+910872782445,+910320830563,2023-02-18T03:53:00,2666,T Nagar,TOWER-690
CDR-EEA6A681,CASE-0431,+915704649926,+914555073691,2023-03-24T14:21:00,1667,Gurgaon Sector 29,TOWER-650
CDR-D842123D,CASE-0243,+911402256863,+915377505175,2023-10-14T19:35:00,557,Gachibowli,TOWER-176
CDR-4ECF4691,CASE-0032,+917027085848,+910106265349,2023-01-28T03:38:00,2593,New Town,TOWER-617
CDR-F6D5554C,CASE-0208,+911698029350,+911376676421,2023-03-04T15:42:00,1737,Hinjewadi,TOWER-859
CDR-405EFD6F,CASE-0288,+917055900798,+914212015379,2023-01-01T08:13:00,1314,Salt Lake City,TOWER-863
CDR-3674A536,CASE-0309,+918624564306,+912769835052,2023-04-20T23:08:00,582,Karol Bagh,TOWER-608
CDR-8EA2D10D,CASE-0399,+913470946835,+915890722304,2023-05-05T22:41:00,2186,Anna Nagar,TOWER-127
CDR-6622D0A4,CASE-0029,+910753540823,+919027159837,2023-01-03T10:26:00,516,Bandra Kurla Complex,TOWER-232
CDR-78FC0415,CASE-0047,+918843545700,+910083470399,2023-07-15T22:24:00,3595,Andheri West,TOWER-504
CDR-6B70E158,CASE-0189,+914271636761,+910453831794,2023-09-02T21:44:00,2050,Jubilee Hills,TOWER-138
CDR-2E99563C,CASE-0454,+911623279448,+914271636761,2023-05-03T14:11:00,3225,Koramangala,TOWER-636
CDR-C14BE73B,CASE-0414,+910698567496,+916387612036,2023-06-18T17:28:00,847,Connaught Place,TOWER-899
CDR-D61343B7,CASE-0387,+915401475726,+918245677350,2023-07-23T11:25:00,3016,Vasant Kunj,TOWER-177
CDR-6CD7DBF2,CASE-0442,+915920116378,+914813120521,2023-10-12T09:31:00,1469,Hinjewadi,TOWER-265
CDR-8F9021A4,CASE-0328,+916626812158,+916737543681,2023-02-04T05:35:00,469,New Town,TOWER-357
CDR-13CB3C69,CASE-0426,+914600210284,+919090966955,2023-06-03T22:16:00,1005,Viman Nagar,TOWER-532
CDR-AD9A185E,CASE-0282,+911009227970,+910835559538,2023-03-24T08:00:00,1069,Viman Nagar,TOWER-545
CDR-C57A664C,CASE-0465,+914678612658,+912426915800,2023-07-08T00:51:00,3557,Viman Nagar,TOWER-550
CDR-0947C4E5,CASE-0117,+914239058338,+914239058338,2023-08-05T19:20:00,1199,Jubilee Hills,TOWER-160
CDR-8F3200C2,CASE-0324,+917290393874,+914212874117,2023-10-19T02:22:00,3317,Hinjewadi,TOWER-366
CDR-89909CBF,CASE-0059,+919274027562,+911029523358,2023-01-18T04:15:00,3492,Vasant Kunj,TOWER-294
CDR-BF79C3BB,CASE-0476,+915024878084,+916209181900,2023-06-11T06:41:00,165,Anna Nagar,TOWER-412
CDR-1C02312A,CASE-0307,+914359315208,+912754043094,2023-02-25T23:36:00,2577,Indiranagar,TOWER-947
CDR-FCF1F82E,CASE-0419,+912183413725,+916507464816,2023-02-10T03:33:00,326,Noida Sector 18,TOWER-571
CDR-12E8A14E,CASE-0324,+917290393874,+912062619351,2023-02-22T08:30:00,160,Koramangala,TOWER-761
CDR-61FEBFA6,CASE-0186,+915247497583,+910123911598,2023-09-22T09:53:00,543,Andheri West,TOWER-739
CDR-C75CBE5F,CASE-0168,+913335064912,+918776940571,2023-04-23T19:46:00,2016,T Nagar,TOWER-523
CDR-BDC4FFC6,CASE-0410,+910753540823,+913899424378,2023-02-27T18:39:00,2878,Salt Lake City,TOWER-278
CDR-3E57B652,CASE-0257,+911885956157,+918545155824,2023-04-16T16:54:00,180,Indiranagar,TOWER-484
CDR-F072E8B6,CASE-0071,+911614562294,+914014283682,2023-10-02T22:24:00,2307,New Town,TOWER-760
CDR-3105352E,CASE-0064,+918545155824,+911261855404,2023-08-03T11:05:00,2710,Indiranagar,TOWER-237
CDR-336F1D8B,CASE-0360,+917290393874,+912896088449,2023-10-13T14:04:00,2990,Koramangala,TOWER-558
CDR-2F6930DD,CASE-0344,+917290393874,+917483475835,2023-08-05T17:45:00,2416,Indiranagar,TOWER-135
CDR-B2FCC8DA,CASE-0006,+915527465681,+911287565791,2023-09-28T00:37:00,47,Bandra Kurla Complex,TOWER-655
CDR-D84B4894,CASE-0101,+910582788962,+910179368919,2023-08-26T17:46:00,2827,Noida Sector 18,TOWER-831
CDR-85D8AABE,CASE-0037,+910539363533,+910539363533,2023-02-11T12:39:00,2632,Gachibowli,TOWER-838
CDR-4A646950,CASE-0210,+912848587043,+916237846096,2023-06-13T01:15:00,310,Viman Nagar,TOWER-667
CDR-075F4765,CASE-0261,+912440682429,+913704095406,2023-08-31T03:26:00,1488,Hinjewadi,TOWER-647
CDR-A8C98C5A,CASE-0033,+911999574663,+916920761409,2023-08-01T01:19:00,2022,Viman Nagar,TOWER-456
CDR-682CE6F4,CASE-0454,+910753540823,+914271636761,2023-06-22T22:13:00,705,New Town,TOWER-243
CDR-6658622F,CASE-0391,+915148982381,+918814855252,2023-08-11T19:48:00,3552,Jubilee Hills,TOWER-384
CDR-4C2FB7A8,CASE-0350,+919564593648,+918824118583,2023-03-27T12:41:00,3410,Connaught Place,TOWER-236
CDR-AE8738E8,CASE-0255,+912485629252,+918560790660,2023-07-26T16:28:00,383,Noida Sector 18,TOWER-421
CDR-6BC05D31,CASE-0200,+918218573715,+912179171943,2023-10-12T20:38:00,721,T Nagar,TOWER-905
CDR-2A72393A,CASE-0370,+917257436949,+916727131886,2023-09-13T04:37:00,1411,New Town,TOWER-675
CDR-BE363476,CASE-0400,+912541217249,+913631137137,2023-08-12T06:58:00,142,Viman Nagar,TOWER-610
CDR-2CD08156,CASE-0366,+917378067955,+914052708747,2023-04-28T12:18:00,442,Anna Nagar,TOWER-520
CDR-52BDDF7A,CASE-0354,+917104875947,+913115178951,2023-06-30T16:11:00,402,Koramangala,TOWER-802
CDR-3491251C,CASE-0144,+919530773143,+914331316746,2023-09-05T09:27:00,2396,Noida Sector 18,TOWER-427
CDR-298EB9C2,CASE-0434,+915780296063,+912110288951,2023-03-05T19:42:00,2431,Gurgaon Sector 29,TOWER-159
CDR-D76FA0B0,CASE-0021,+915999606810,+914123590427,2023-06-04T13:37:00,1441,Jubilee Hills,TOWER-466
CDR-72DD83B2,CASE-0137,+915711533376,+914027666126,2023-04-04T17:56:00,2475,Viman Nagar,TOWER-955
CDR-CFE55075,CASE-0364,+918203208856,+912041078616,2023-09-22T06:57:00,831,Anna Nagar,TOWER-820
CDR-84E1E099,CASE-0208,+911698029350,+911671226434,2023-02-11T04:29:00,596,Andheri West,TOWER-803
CDR-0579A2D2,CASE-0205,+910539363533,+910539363533,2023-01-22T19:38:00,3487,New Town,TOWER-825
CDR-85BD9AC7,CASE-0488,+911340095113,+911452693230,2023-09-17T12:54:00,3407,Jubilee Hills,TOWER-531
CDR-21CB8A0F,CASE-0128,+917875927829,+910304115254,2023-10-20T22:15:00,2239,Gurgaon Sector 29,TOWER-835
CDR-3E8F167F,CASE-0087,+919231438705,+918646745808,2023-03-28T03:06:00,1829,Andheri West,TOWER-647
CDR-237FF957,CASE-0097,+917555204569,+914271636761,2023-10-22T10:23:00,3510,Viman Nagar,TOWER-545
CDR-28D0D754,CASE-0421,+918843545700,+914175868877,2023-10-12T04:04:00,1529,Anna Nagar,TOWER-194
CDR-B529BB3C,CASE-0206,+913547280012,+917729733759,2023-02-02T18:37:00,776,Indiranagar,TOWER-186
CDR-AA179B35,CASE-0367,+910860263703,+914009768222,2023-10-07T07:31:00,344,Andheri West,TOWER-561
CDR-0C2B0DED,CASE-0491,+918235993460,+911692411016,2023-07-30T04:43:00,673,Hinjewadi,TOWER-794
CDR-4FFDCCB5,CASE-0299,+910122351319,+919857193836,2023-02-07T16:12:00,3178,Salt Lake City,TOWER-531
CDR-C4EE72EC,CASE-0387,+910209428075,+917654441593,2023-02-17T05:48:00,3213,Gurgaon Sector 29,TOWER-835
CDR-66A292A8,CASE-0236,+913067876211,+913482584433,2023-01-11T08:59:00,1990,Andheri West,TOWER-698
CDR-BAADC8F3,CASE-0267,+917290393874,+917290393874,2023-03-28T04:58:00,660,Jubilee Hills,TOWER-539
CDR-FAD43787,CASE-0144,+915024878084,+910753540823,2023-09-27T13:47:00,838,Viman Nagar,TOWER-227
CDR-03A8A78B,CASE-0075,+912848587043,+911290868060,2023-07-18T02:08:00,39,Salt Lake City,TOWER-958
CDR-3B5D1BC7,CASE-0085,+915024878084,+910753540823,2023-03-28T06:39:00,3444,Vasant Kunj,TOWER-119
CDR-24AC11F9,CASE-0495,+916836823883,+915523061392,2023-03-16T20:06:00,3552,Koramangala,TOWER-617
CDR-B767DF47,CASE-0159,+918750539431,+916209181900,2023-03-29T01:49:00,1277,Viman Nagar,TOWER-908
CDR-620020AC,CASE-0220,+919914786073,+918404566027,2023-09-02T05:45:00,1085,Gachibowli,TOWER-921
CDR-5554C2E9,CASE-0088,+916082178842,+918853369159,2023-01-24T01:14:00,463,Viman Nagar,TOWER-697
CDR-35CCAF2D,CASE-0211,+911251754409,+915893573335,2023-07-29T23:12:00,2712,Andheri West,TOWER-111
CDR-5E5E5B5C,CASE-0156,+916177866980,+918446835516,2023-01-07T22:20:00,1004,Koramangala,TOWER-530
CDR-1C2F5A2F,CASE-0065,+911024166332,+910141277702,2023-01-16T05:06:00,139,Indiranagar,TOWER-810
CDR-B974A413,CASE-0300,+912905983086,+914150172438,2023-03-31T10:34:00,402,Jubilee Hills,TOWER-816
CDR-59AC960F,CASE-0314,+913303142083,+916918661114,2023-03-30T05:02:00,3595,Indiranagar,TOWER-246
CDR-ECBB087D,CASE-0123,+912911010547,+918200443739,2023-03-22T21:22:00,2085,Koramangala,TOWER-712
CDR-B89910F6,CASE-0435,+916209181900,+911432185862,2023-07-17T00:19:00,468,Salt Lake City,TOWER-866
CDR-2106EBCF,CASE-0393,+910753540823,+912053319067,2023-05-01T12:41:00,637,Indiranagar,TOWER-868
CDR-453D6E72,CASE-0305,+914359315208,+910969723180,2023-07-20T19:21:00,222,Noida Sector 18,TOWER-612
CDR-DB0AFBD9,CASE-0258,+912891254249,+914089603622,2023-05-01T10:35:00,230,Salt Lake City,TOWER-546
CDR-FBB18131,CASE-0200,+917290393874,+915148982381,2023-10-01T08:42:00,2714,Andheri West,TOWER-985
CDR-8A3BE50B,CASE-0462,+914635031611,+917879164854,2023-04-05T13:44:00,487,Gurgaon Sector 29,TOWER-497
CDR-2E3F1719,CASE-0199,+917290393874,+910969723180,2023-03-13T07:45:00,1954,Vasant Kunj,TOWER-314
CDR-C45CE9D6,CASE-0498,+915731385050,+910681800669,2023-08-13T03:35:00,134,Hinjewadi,TOWER-655
CDR-FB7EE4A6,CASE-0449,+915341747863,+915920116378,2023-07-04T07:36:00,622,Connaught Place,TOWER-607
CDR-80919F5E,CASE-0151,+910802632582,+914955778539,2023-06-13T19:08:00,3007,Andheri West,TOWER-223
CDR-E9485E74,CASE-0003,+917074850422,+911397544955,2023-03-07T06:30:00,3062,Connaught Place,TOWER-446
CDR-65336212,CASE-0389,+918741001772,+913503137529,2023-10-28T08:41:00,2941,Viman Nagar,TOWER-614
CDR-61E66670,CASE-0027,+910134604279,+917921537410,2023-10-18T19:09:00,1838,Connaught Place,TOWER-815
CDR-998EC18E,CASE-0389,+918741001772,+919407166180,2023-08-13T17:48:00,1096,Noida Sector 18,TOWER-213
CDR-9D52D124,CASE-0292,+915041435052,+911917022185,2023-07-19T14:17:00,2273,Karol Bagh,TOWER-843
CDR-2B1CD8BC,CASE-0084,+913976188626,+910907592515,2023-04-17T04:53:00,338,Anna Nagar,TOWER-952
CDR-790AE3B0,CASE-0301,+913662509253,+910543925536,2023-08-09T08:15:00,3387,Gurgaon Sector 29,TOWER-866
CDR-98A89C79,CASE-0054,+917941313161,+914370610315,2023-02-23T23:10:00,2563,Vasant Kunj,TOWER-651
CDR-9CAEE49F,CASE-0361,+916117599991,+912440682429,2023-07-28T03:29:00,1010,Gurgaon Sector 29,TOWER-118
CDR-06B9B496,CASE-0114,+914271636761,+917622801774,2023-05-20T23:06:00,2151,Noida Sector 18,TOWER-586
CDR-C609FCD9,CASE-0152,+919803637298,+915485007189,2023-04-26T02:24:00,2891,Bandra Kurla Complex,TOWER-335
CDR-21C370A9,CASE-0289,+914573281467,+913054463311,2023-01-10T01:53:00,3305,Jubilee Hills,TOWER-251
CDR-D2F7F26F,CASE-0007,+910290034167,+910630299009,2023-02-08T01:30:00,2250,Gachibowli,TOWER-158
CDR-BDB2800F,CASE-0107,+913020737937,+912110288951,2023-03-26T17:02:00,2904,Bandra Kurla Complex,TOWER-814
CDR-8B65C219,CASE-0373,+914331414522,+912574707964,2023-10-11T09:49:00,434,T Nagar,TOWER-117
CDR-D609DF20,CASE-0216,+914271636761,+910358578933,2023-05-17T23:28:00,2241,Indiranagar,TOWER-442
CDR-64D9CE94,CASE-0074,+918814034964,+910603523027,2023-03-21T06:01:00,2293,Secunderabad Railway Station,TOWER-294
CDR-28C3B9A2,CASE-0395,+913547280012,+910530936365,2023-06-16T21:31:00,2307,Connaught Place,TOWER-845
CDR-CF6CCBC0,CASE-0120,+919468912214,+913218471536,2023-01-22T03:05:00,1808,Bandra Kurla Complex,TOWER-199
CDR-891517FF,CASE-0142,+919606541892,+919646214084,2023-01-12T19:21:00,27,Koramangala,TOWER-126
CDR-0C802E73,CASE-0152,+917891666356,+916634333357,2023-03-24T21:16:00,2887,Viman Nagar,TOWER-958
CDR-92F694D0,CASE-0238,+917559680968,+913301549422,2023-01-21T00:06:00,1068,New Town,TOWER-685
CDR-D3A98296,CASE-0385,+916570504537,+910919958719,2023-04-18T19:16:00,2771,T Nagar,TOWER-526
CDR-526319FF,CASE-0414,+910698567496,+918565327298,2023-10-17T22:59:00,2757,Hinjewadi,TOWER-822
CDR-B3E56D71,CASE-0084,+912191524106,+915819407101,2023-03-17T00:38:00,2440,Secunderabad Railway Station,TOWER-657
CDR-2D66CFB4,CASE-0354,+917104875947,+913799328224,2023-08-28T16:49:00,2744,Viman Nagar,TOWER-255
CDR-89A9C95E,CASE-0002,+912575228832,+915014761177,2023-08-17T04:06:00,3531,Andheri West,TOWER-752
CDR-218F438B,CASE-0183,+917514951472,+916383218359,2023-04-25T11:25:00,1246,Anna Nagar,TOWER-253
CDR-D131E741,CASE-0121,+910945335815,+913983136507,2023-08-18T23:58:00,3024,Noida Sector 18,TOWER-926
CDR-DF0242A6,CASE-0071,+911614562294,+919010549933,2023-07-28T11:53:00,2915,Koramangala,TOWER-777
CDR-511B95CE,CASE-0173,+918033191865,+910990636827,2023-04-15T14:28:00,1600,Gurgaon Sector 29,TOWER-505
CDR-EC076562,CASE-0417,+915148982381,+912062619351,2023-05-03T01:52:00,1635,Viman Nagar,TOWER-805
CDR-64F9B1C9,CASE-0216,+914271636761,+916053808750,2023-01-20T05:35:00,2493,Vasant Kunj,TOWER-994
CDR-340A223E,CASE-0200,+917290393874,+913861551239,2023-10-11T13:57:00,3325,Koramangala,TOWER-859
CDR-970191F1,CASE-0299,+910122351319,+914499638126,2023-02-24T12:45:00,3157,T Nagar,TOWER-754
CDR-FC6FD42B,CASE-0369,+915018542177,+915927086623,2023-01-09T08:20:00,2139,New Town,TOWER-513
CDR-E9E281EC,CASE-0384,+912465017878,+918801610762,2023-07-20T14:30:00,599,Noida Sector 18,TOWER-182
CDR-7D9346A5,CASE-0139,+912998632328,+913691446337,2023-05-23T05:14:00,2323,Jubilee Hills,TOWER-951
CDR-D18AB4EE,CASE-0266,+911782032348,+911782032348,2023-04-23T20:40:00,233,Karol Bagh,TOWER-395
CDR-753900A5,CASE-0100,+916010922190,+912588839387,2023-07-29T06:42:00,3201,Noida Sector 18,TOWER-304
CDR-A12A8221,CASE-0423,+917896419867,+917290393874,2023-05-12T02:56:00,453,Connaught Place,TOWER-304
CDR-205F494E,CASE-0040,+910249635097,+914967138949,2023-09-28T19:33:00,2358,Noida Sector 18,TOWER-864
CDR-32332323,CASE-0388,+912875280113,+913823831256,2023-09-29T04:23:00,1357,Anna Nagar,TOWER-382
CDR-2CE7DF4C,CASE-0318,+915333219201,+913592287244,2023-07-15T21:59:00,689,T Nagar,TOWER-382
CDR-D9728C81,CASE-0215,+917289286553,+914297628127,2023-09-07T07:41:00,718,Secunderabad Railway Station,TOWER-818
CDR-66916408,CASE-0398,+912790928367,+913661387751,2023-08-14T05:16:00,1573,Karol Bagh,TOWER-603
CDR-C1E1ED8E,CASE-0038,+913557744208,+911923751881,2023-08-16T18:13:00,707,Gurgaon Sector 29,TOWER-870
CDR-E9DE3DA1,CASE-0490,+919458484561,+915148982381,2023-10-04T13:02:00,1721,T Nagar,TOWER-368
CDR-E3208231,CASE-0486,+910868338542,+911744072370,2023-05-10T21:44:00,862,Salt Lake City,TOWER-101
CDR-18B93E4C,CASE-0272,+914271636761,+914271636761,2023-08-07T23:29:00,1636,Koramangala,TOWER-473
CDR-EDAF6C6A,CASE-0236,+913067876211,+910753540823,2023-01-05T23:07:00,3353,Connaught Place,TOWER-292
CDR-051C94B7,CASE-0213,+914271636761,+918840648480,2023-07-07T14:44:00,3425,Vasant Kunj,TOWER-239
CDR-0035E082,CASE-0023,+914339071255,+919547671126,2023-05-22T17:18:00,279,Andheri West,TOWER-661
CDR-3A9765BC,CASE-0232,+918801669563,+910500736600,2023-07-25T15:34:00,1494,T Nagar,TOWER-293
CDR-3406A729,CASE-0166,+918843545700,+918153907535,2023-05-03T12:33:00,1773,T Nagar,TOWER-174
CDR-D0C25033,CASE-0184,+919828269767,+916093790402,2023-04-08T02:58:00,10,Viman Nagar,TOWER-353
CDR-F23643AF,CASE-0438,+917290393874,+915064170167,2023-10-24T18:07:00,537,Noida Sector 18,TOWER-989
CDR-A0861652,CASE-0192,+910126233260,+916381589781,2023-05-10T21:23:00,250,Connaught Place,TOWER-806
CDR-0DB49DE6,CASE-0483,+918624564306,+911731085963,2023-02-26T17:48:00,2974,Secunderabad Railway Station,TOWER-223
CDR-54A0403E,CASE-0305,+914359315208,+914239058338,2023-04-08T16:42:00,518,T Nagar,TOWER-605
CDR-CCA56E84,CASE-0493,+914239058338,+914717109311,2023-10-11T18:09:00,1926,Hinjewadi,TOWER-977
CDR-957FA2E1,CASE-0498,+914359315208,+912440682429,2023-09-01T16:35:00,3425,Bandra Kurla Complex,TOWER-572
CDR-B43FAFAA,CASE-0270,+915041435052,+910022054827,2023-05-29T18:08:00,853,Secunderabad Railway Station,TOWER-481
CDR-99676B55,CASE-0339,+911655903639,+914428205467,2023-05-07T15:53:00,1041,Noida Sector 18,TOWER-339
CDR-D0559C66,CASE-0473,+918482378291,+918545155824,2023-10-02T06:56:00,259,Gurgaon Sector 29,TOWER-331
CDR-DC1CE8C1,CASE-0236,+913067876211,+916064347125,2023-10-22T20:58:00,1558,Hinjewadi,TOWER-770
CDR-EA414F62,CASE-0297,+913526203544,+910932627488,2023-07-15T15:42:00,1013,T Nagar,TOWER-101
CDR-4D5305D4,CASE-0303,+915183757959,+915140721957,2023-08-19T23:53:00,2708,Indiranagar,TOWER-562
CDR-55602EA0,CASE-0014,+912342156827,+914239058338,2023-05-12T07:47:00,1275,Vasant Kunj,TOWER-353
CDR-F15E1410,CASE-0291,+915720825366,+916473693531,2023-04-15T06:33:00,2531,Hinjewadi,TOWER-973
CDR-C2D0E8DD,CASE-0229,+912848587043,+913975433895,2023-07-12T18:34:00,1870,Jubilee Hills,TOWER-779
CDR-E4B7F0E3,CASE-0165,+917290393874,+918131728187,2023-09-05T07:09:00,41,Connaught Place,TOWER-821
CDR-7095342E,CASE-0311,+914239058338,+914239058338,2023-09-16T20:23:00,473,Andheri West,TOWER-822
CDR-D89EAC49,CASE-0363,+919987229146,+917987560775,2023-09-12T09:06:00,1996,Vasant Kunj,TOWER-334
CDR-D2D50FAB,CASE-0040,+910249635097,+910472459254,2023-01-30T04:20:00,2055,Hinjewadi,TOWER-560
CDR-DDA38893,CASE-0438,+917290393874,+914186080702,2023-03-20T04:55:00,2101,Bandra Kurla Complex,TOWER-514
CDR-0D907E8B,CASE-0368,+917485241563,+911122875090,2023-08-22T05:19:00,3425,Jubilee Hills,TOWER-843
CDR-0ACCA1AA,CASE-0464,+918345134085,+916902981075,2023-08-07T17:51:00,1048,Bandra Kurla Complex,TOWER-996
CDR-705204CA,CASE-0303,+915183757959,+919829762314,2023-05-02T02:07:00,673,Karol Bagh,TOWER-764
CDR-8BA832FC,CASE-0085,+915024878084,+917654441593,2023-03-06T05:12:00,2409,Gachibowli,TOWER-420
CDR-92B99BE7,CASE-0394,+917749462059,+911014007751,2023-03-14T06:37:00,1437,Viman Nagar,TOWER-615
CDR-7C02E51A,CASE-0288,+911510513353,+912848587043,2023-06-30T04:08:00,3146,Hinjewadi,TOWER-752
CDR-F5795373,CASE-0070,+918228704737,+916187120880,2023-07-09T10:10:00,288,Connaught Place,TOWER-696
CDR-678E8EFA,CASE-0241,+910490134021,+912502238478,2023-05-02T05:59:00,3306,Anna Nagar,TOWER-192
CDR-DDD9D9A5,CASE-0149,+916209181900,+918535523501,2023-05-17T12:50:00,3302,Indiranagar,TOWER-776
CDR-D57B04B4,CASE-0319,+911397347952,+916582258432,2023-10-13T01:43:00,2844,Jubilee Hills,TOWER-921
CDR-9A881149,CASE-0287,+919716381500,+918890270059,2023-05-19T17:48:00,3512,Gurgaon Sector 29,TOWER-715
CDR-149DB309,CASE-0120,+912736061708,+912220241275,2023-10-12T22:04:00,3321,Salt Lake City,TOWER-675
CDR-B7582614,CASE-0424,+915464388357,+910932627488,2023-03-06T19:43:00,900,Noida Sector 18,TOWER-853
CDR-B104204C,CASE-0473,+919613352549,+919253117106,2023-03-16T01:01:00,3169,Jubilee Hills,TOWER-298
CDR-7D6B4A44,CASE-0397,+919826492228,+911393676143,2023-01-08T22:40:00,1966,Gachibowli,TOWER-761
CDR-490DF83E,CASE-0436,+912848587043,+910696897103,2023-08-05T04:47:00,511,Gachibowli,TOWER-371
CDR-762F32E1,CASE-0338,+914609507226,+910312656382,2023-10-25T23:22:00,3222,Salt Lake City,TOWER-596
CDR-3E15E82B,CASE-0223,+917437514483,+914846663624,2023-03-23T13:58:00,776,Karol Bagh,TOWER-170
CDR-D4E0C846,CASE-0080,+917607880395,+911344423689,2023-06-15T08:23:00,2820,T Nagar,TOWER-972
CDR-2E9D1427,CASE-0339,+911655903639,+916596247261,2023-07-24T13:51:00,2188,Koramangala,TOWER-297
CDR-74B0D412,CASE-0472,+911307793735,+915281638738,2023-08-12T06:25:00,521,T Nagar,TOWER-802
CDR-2021BAFD,CASE-0022,+911967835346,+915168809491,2023-09-22T22:36:00,3347,Jubilee Hills,TOWER-373
CDR-13A0AE0E,CASE-0158,+914239058338,+910134604279,2023-10-14T00:40:00,2041,Noida Sector 18,TOWER-956
CDR-7A4E20CC,CASE-0452,+918537675993,+918762403510,2023-08-01T10:03:00,3052,Bandra Kurla Complex,TOWER-826
CDR-2BBCCA89,CASE-0033,+916066400598,+917121786820,2023-01-01T19:44:00,46,Jubilee Hills,TOWER-481
CDR-22F4EEED,CASE-0347,+917290393874,+918545155824,2023-01-15T11:20:00,2926,New Town,TOWER-746
CDR-AE54236A,CASE-0448,+915413624076,+919312402628,2023-05-30T03:41:00,3587,Gurgaon Sector 29,TOWER-650
CDR-ADDA16C8,CASE-0212,+918010384476,+916863706128,2023-07-18T07:18:00,362,Andheri West,TOWER-989
CDR-B6F37C09,CASE-0472,+912163280101,+917159947240,2023-05-26T07:08:00,642,Gurgaon Sector 29,TOWER-993
CDR-601CB819,CASE-0370,+918388825721,+914620218841,2023-05-23T12:25:00,845,Anna Nagar,TOWER-484
CDR-307B7906,CASE-0061,+911341083704,+918262448912,2023-01-25T09:31:00,1964,Noida Sector 18,TOWER-992
CDR-83D3813E,CASE-0209,+917747565130,+913488080800,2023-05-22T14:09:00,1601,New Town,TOWER-624
CDR-ED4547FB,CASE-0322,+911151048469,+913490019782,2023-08-23T03:07:00,3565,Vasant Kunj,TOWER-778
CDR-800878EF,CASE-0289,+914573281467,+910956353409,2023-04-05T04:17:00,1800,Bandra Kurla Complex,TOWER-416
CDR-E507BA3C,CASE-0180,+910932627488,+915578824183,2023-04-07T23:28:00,590,Vasant Kunj,TOWER-338
CDR-68BC2B3D,CASE-0456,+910351193387,+914239058338,2023-06-27T08:27:00,1024,Anna Nagar,TOWER-175
CDR-CCDC01BE,CASE-0317,+912051076868,+916724790381,2023-03-21T21:57:00,3426,Viman Nagar,TOWER-400
CDR-8997A6ED,CASE-0496,+914359315208,+917201406781,2023-03-20T18:33:00,2972,New Town,TOWER-928
CDR-55882714,CASE-0156,+912449787778,+919158865482,2023-10-04T22:22:00,3492,Secunderabad Railway Station,TOWER-147
CDR-5F7165D5,CASE-0230,+911182887465,+916250181079,2023-01-24T06:27:00,1139,Salt Lake City,TOWER-412
CDR-BC403D65,CASE-0258,+912891254249,+916002667855,2023-08-26T21:53:00,1218,Hinjewadi,TOWER-786
CDR-1AE51812,CASE-0400,+912541217249,+911914819993,2023-08-04T00:57:00,747,Andheri West,TOWER-900
CDR-36528531,CASE-0357,+914078836069,+913010869841,2023-08-18T09:12:00,846,Koramangala,TOWER-460
CDR-01194F2F,CASE-0407,+913547280012,+916636741675,2023-08-20T17:42:00,3573,Secunderabad Railway Station,TOWER-100
CDR-D9A4C887,CASE-0400,+917412032238,+910025868905,2023-04-04T17:37:00,646,Karol Bagh,TOWER-958
CDR-92112CDF,CASE-0097,+913590158692,+910969723180,2023-09-07T15:10:00,2388,T Nagar,TOWER-211
CDR-18501E81,CASE-0344,+917290393874,+915148982381,2023-06-02T03:25:00,205,Noida Sector 18,TOWER-475
CDR-A3AC16AD,CASE-0105,+912676475600,+914051410803,2023-03-10T22:11:00,1757,Salt Lake City,TOWER-593
CDR-23E9522F,CASE-0349,+916021101710,+912746335926,2023-02-08T17:49:00,52,Koramangala,TOWER-177
CDR-764BFEFA,CASE-0079,+915940323198,+915966661508,2023-07-01T09:12:00,2927,Gurgaon Sector 29,TOWER-810
CDR-1D5E11A9,CASE-0320,+916716078468,+919667384424,2023-06-25T19:13:00,2999,Noida Sector 18,TOWER-537
CDR-97C96D59,CASE-0008,+917498717859,+916123838345,2023-08-21T17:49:00,1106,Jubilee Hills,TOWER-974
CDR-E497C49F,CASE-0007,+910290034167,+915888691887,2023-05-09T19:02:00,295,Vasant Kunj,TOWER-195
CDR-F701F39F,CASE-0092,+918775657916,+919618547415,2023-07-21T00:08:00,287,Secunderabad Railway Station,TOWER-669
CDR-C7C36764,CASE-0350,+913872565367,+918628556593,2023-10-26T22:14:00,12,Viman Nagar,TOWER-381
CDR-1AECB3C7,CASE-0079,+913384557273,+916209181900,2023-04-28T15:07:00,1517,Jubilee Hills,TOWER-687
CDR-5498F54C,CASE-0368,+917485241563,+912440682429,2023-05-10T14:19:00,1759,Bandra Kurla Complex,TOWER-138
CDR-E3EC50B1,CASE-0264,+914359315208,+912269893799,2023-03-15T21:25:00,293,Viman Nagar,TOWER-620
CDR-FC2FFDF2,CASE-0398,+917459717441,+912676380774,2023-09-23T20:27:00,2317,Viman Nagar,TOWER-719
CDR-1CDE5099,CASE-0425,+919368968250,+911699441655,2023-09-05T21:30:00,138,Viman Nagar,TOWER-453
CDR-E07FA7EB,CASE-0327,+914979453658,+914185209979,2023-08-23T19:05:00,2725,Secunderabad Railway Station,TOWER-919
CDR-119490C1,CASE-0460,+910907184766,+917639055445,2023-07-17T20:35:00,3195,Salt Lake City,TOWER-315
CDR-17D8334A,CASE-0163,+912013210269,+915369133425,2023-06-06T16:11:00,66,New Town,TOWER-183
CDR-F1C7F9F9,CASE-0074,+914271636761,+913547280012,2023-06-18T22:26:00,238,Secunderabad Railway Station,TOWER-262
CDR-4043DA0A,CASE-0359,+919458484561,+912062619351,2023-09-30T12:12:00,363,Gachibowli,TOWER-567
CDR-5F722169,CASE-0033,+911999574663,+918133120830,2023-06-10T05:39:00,1484,Anna Nagar,TOWER-385
CDR-1DF78A97,CASE-0196,+918825586433,+916112444303,2023-01-24T04:22:00,2353,Gurgaon Sector 29,TOWER-833
CDR-7A53FB3E,CASE-0493,+914359315208,+913179572008,2023-03-30T14:37:00,2039,Noida Sector 18,TOWER-839
CDR-323589F6,CASE-0042,+919691238826,+913547169787,2023-09-12T09:08:00,3566,Jubilee Hills,TOWER-253
CDR-A1B675B1,CASE-0074,+914271636761,+910753540823,2023-08-16T10:40:00,2799,Noida Sector 18,TOWER-200
CDR-2B57D42E,CASE-0343,+911613233800,+914674947172,2023-04-10T14:03:00,3578,Connaught Place,TOWER-165
CDR-887DB279,CASE-0243,+911402256863,+910322256094,2023-08-07T15:30:00,877,Gurgaon Sector 29,TOWER-297
CDR-CBF338C8,CASE-0357,+919095063965,+917967631515,2023-10-11T16:30:00,2022,Salt Lake City,TOWER-645
CDR-132E3851,CASE-0202,+913687090213,+917369223026,2023-02-26T11:13:00,338,New Town,TOWER-617
CDR-991B7876,CASE-0246,+918843545700,+913975433895,2023-07-16T13:52:00,2405,Viman Nagar,TOWER-285
CDR-133DBEBA,CASE-0486,+910868338542,+916149062532,2023-05-21T05:43:00,1865,Anna Nagar,TOWER-466
CDR-8318782F,CASE-0468,+915917917317,+918843545700,2023-02-27T23:10:00,816,Connaught Place,TOWER-658
CDR-37F41F9A,CASE-0378,+916503137494,+911623419022,2023-03-18T17:58:00,1847,Indiranagar,TOWER-980
CDR-530BE5A0,CASE-0255,+912485629252,+915963786071,2023-06-24T17:20:00,2030,Gachibowli,TOWER-880
CDR-5B7FDF69,CASE-0211,+911251754409,+915469483288,2023-04-13T06:32:00,1069,Connaught Place,TOWER-797
CDR-47BA9068,CASE-0127,+916136656344,+918076340761,2023-08-15T22:30:00,3271,Vasant Kunj,TOWER-201
CDR-EE3B479B,CASE-0086,+910163525510,+918581517391,2023-05-10T22:47:00,2155,Andheri West,TOWER-355
CDR-2A2F9D12,CASE-0433,+912308290480,+915310277494,2023-03-30T17:43:00,552,Viman Nagar,TOWER-732
CDR-3586E33F,CASE-0205,+910539363533,+919495187800,2023-01-23T13:23:00,949,Connaught Place,TOWER-808
CDR-4588DD97,CASE-0278,+914500707825,+915140721957,2023-08-25T09:31:00,1427,Karol Bagh,TOWER-891
CDR-0D7502EF,CASE-0326,+910983488716,+919427035800,2023-09-05T02:47:00,1547,Gurgaon Sector 29,TOWER-904
CDR-E1DA8CA4,CASE-0023,+912848587043,+918843545700,2023-02-05T04:54:00,2704,Andheri West,TOWER-274
CDR-AE3F4C5D,CASE-0435,+912880496055,+915024878084,2023-06-12T01:37:00,405,Koramangala,TOWER-592
CDR-AC6F9FF9,CASE-0172,+912390045150,+913121201754,2023-06-15T19:04:00,2725,Karol Bagh,TOWER-210
CDR-22C87DE4,CASE-0089,+911577652056,+910139868471,2023-09-16T00:54:00,2326,Jubilee Hills,TOWER-676
CDR-273EF813,CASE-0183,+917514951472,+910522946402,2023-05-30T19:18:00,3569,Gurgaon Sector 29,TOWER-556
CDR-1F0B8941,CASE-0311,+914239058338,+915920116378,2023-09-21T10:05:00,1238,Andheri West,TOWER-604
CDR-5164EE03,CASE-0422,+914064434155,+911782032348,2023-07-26T21:46:00,635,Gurgaon Sector 29,TOWER-978
CDR-425344BE,CASE-0189,+914271636761,+916209181900,2023-04-20T01:21:00,3145,Bandra Kurla Complex,TOWER-202
CDR-C4A8C177,CASE-0225,+910912756796,+918686581351,2023-10-25T14:33:00,2075,Noida Sector 18,TOWER-128
CDR-943FFB8B,CASE-0018,+919772436306,+915395776740,2023-01-06T16:08:00,1643,Indiranagar,TOWER-277
CDR-3D3F8E6F,CASE-0435,+916209181900,+919880620480,2023-02-13T19:32:00,3419,Andheri West,TOWER-429
CDR-9AD64AF6,CASE-0396,+916239336735,+915867724943,2023-07-01T01:45:00,2827,Andheri West,TOWER-737
CDR-48BFDEA1,CASE-0305,+914359315208,+918979624748,2023-07-30T12:00:00,2179,Gachibowli,TOWER-420
CDR-F9BB9866,CASE-0327,+910351193387,+915353411952,2023-05-24T05:42:00,1021,Connaught Place,TOWER-861
CDR-580935F9,CASE-0176,+913520293182,+913530048697,2023-05-04T12:28:00,112,Jubilee Hills,TOWER-662
CDR-397A54FC,CASE-0059,+913930883559,+911219194508,2023-07-20T10:06:00,626,Secunderabad Railway Station,TOWER-533
CDR-A7660795,CASE-0200,+910205869518,+910899800594,2023-02-23T06:47:00,490,Koramangala,TOWER-114
CDR-D7CB7990,CASE-0014,+919055814524,+910932627488,2023-08-07T23:11:00,2605,Secunderabad Railway Station,TOWER-486
CDR-973673A9,CASE-0298,+919209629821,+912773961052,2023-07-21T15:46:00,1677,Connaught Place,TOWER-951
CDR-8BDF5C68,CASE-0082,+914449595368,+910725972171,2023-06-21T20:24:00,1641,Gachibowli,TOWER-121
CDR-3FD491FF,CASE-0432,+917266793130,+912062619351,2023-06-19T05:06:00,661,Anna Nagar,TOWER-237
CDR-C768766F,CASE-0301,+914689928547,+914851456623,2023-07-17T12:26:00,3204,Jubilee Hills,TOWER-374
CDR-8B6E4F5C,CASE-0062,+916107482483,+916931433548,2023-04-29T17:42:00,1600,Karol Bagh,TOWER-294
CDR-02B4EEB6,CASE-0034,+918852119560,+918092954107,2023-03-24T00:20:00,2173,Karol Bagh,TOWER-311
CDR-7AE5ECC7,CASE-0183,+917514951472,+917627447915,2023-04-18T04:31:00,2896,Andheri West,TOWER-230
CDR-28AF124F,CASE-0073,+910437369656,+915024878084,2023-09-02T07:08:00,1438,Indiranagar,TOWER-551
CDR-3A4F0F7B,CASE-0161,+915148982381,+916367955049,2023-08-15T14:07:00,3215,Gurgaon Sector 29,TOWER-433
CDR-0D20ADAC,CASE-0257,+915705274566,+915527465681,2023-01-29T22:22:00,3367,Gachibowli,TOWER-935
CDR-773A9B1B,CASE-0132,+911181138953,+918843545700,2023-10-20T00:54:00,3260,Viman Nagar,TOWER-273
CDR-32DA8B5F,CASE-0293,+919991631091,+916842066750,2023-09-22T09:39:00,1108,Connaught Place,TOWER-849
CDR-792BA002,CASE-0473,+919613352549,+913523153181,2023-01-16T03:55:00,37,New Town,TOWER-190
CDR-EDC36DA3,CASE-0402,+919579673394,+915822429565,2023-07-05T01:40:00,2691,Viman Nagar,TOWER-701
CDR-FC62DD92,CASE-0165,+917290393874,+916055785317,2023-06-04T17:36:00,2464,Bandra Kurla Complex,TOWER-197
CDR-BFB16A5C,CASE-0094,+912848587043,+915227721014,2023-10-14T21:35:00,84,Gurgaon Sector 29,TOWER-871
CDR-1CBA7AEB,CASE-0099,+918843545700,+913975433895,2023-09-02T19:51:00,714,Gurgaon Sector 29,TOWER-585
CDR-063CD963,CASE-0269,+917290393874,+915527465681,2023-01-07T11:52:00,866,Koramangala,TOWER-771
CDR-3358966C,CASE-0111,+911994156685,+914813120521,2023-10-14T20:52:00,1696,T Nagar,TOWER-675
CDR-0674DC54,CASE-0342,+919668738453,+912449312890,2023-05-11T05:17:00,91,Noida Sector 18,TOWER-799
CDR-818A96F0,CASE-0087,+912417043128,+911782032348,2023-06-14T13:50:00,1733,Secunderabad Railway Station,TOWER-333
CDR-34A721B1,CASE-0246,+918843545700,+913975433895,2023-08-16T19:36:00,2511,Gachibowli,TOWER-311
CDR-12F104FB,CASE-0062,+914271636761,+916209181900,2023-04-05T15:47:00,3302,Anna Nagar,TOWER-510
CDR-406CD4D6,CASE-0492,+911069703138,+912141695252,2023-01-25T09:27:00,3006,New Town,TOWER-440
CDR-1D6A3228,CASE-0248,+918646745808,+915046062331,2023-02-21T13:33:00,1159,Secunderabad Railway Station,TOWER-399
CDR-DA7CC8BD,CASE-0198,+919904488262,+910237335645,2023-09-10T15:13:00,2710,Koramangala,TOWER-668
CDR-6B2483F3,CASE-0300,+912905983086,+914239058338,2023-06-08T00:41:00,1989,Karol Bagh,TOWER-126
CDR-6C3783AA,CASE-0466,+912062619351,+910066638187,2023-08-17T09:13:00,3209,Gachibowli,TOWER-423
CDR-B2558B0D,CASE-0182,+919161140906,+917531203527,2023-04-24T13:13:00,2204,Noida Sector 18,TOWER-352
CDR-19BF7FF1,CASE-0261,+912036551659,+913547280012,2023-03-27T20:34:00,3198,Gurgaon Sector 29,TOWER-695
CDR-9D559B64,CASE-0016,+911885956157,+917290393874,2023-02-25T15:27:00,2896,Bandra Kurla Complex,TOWER-760
CDR-DD5E4C51,CASE-0476,+915024878084,+916710003591,2023-04-09T14:00:00,132,Jubilee Hills,TOWER-474
CDR-E086B87B,CASE-0093,+913626380693,+916271751020,2023-07-17T18:57:00,494,Andheri West,TOWER-949
CDR-9D4FD135,CASE-0285,+913401365438,+916307388853,2023-04-21T20:48:00,328,Gachibowli,TOWER-794
CDR-B954BB5C,CASE-0366,+917378067955,+914206370446,2023-06-14T11:00:00,55,Gachibowli,TOWER-187
CDR-AA661634,CASE-0422,+918545155824,+915527465681,2023-06-03T10:52:00,1917,Koramangala,TOWER-872
CDR-6967E633,CASE-0358,+919872870214,+917350318073,2023-04-18T08:00:00,2195,New Town,TOWER-327
CDR-BF7AFDD1,CASE-0198,+916325484698,+911318775357,2023-01-06T19:10:00,3093,Gurgaon Sector 29,TOWER-340
CDR-694E2AE8,CASE-0374,+918580561951,+919560841823,2023-05-23T02:39:00,2898,Connaught Place,TOWER-763
CDR-BB7B2CBF,CASE-0176,+913520293182,+915175964341,2023-04-01T12:33:00,1508,Bandra Kurla Complex,TOWER-137
CDR-EE2761D2,CASE-0171,+916144991750,+914979156139,2023-09-25T22:49:00,1918,Andheri West,TOWER-599
CDR-D3A54C11,CASE-0288,+911291441393,+912580217147,2023-04-13T01:25:00,679,New Town,TOWER-525
CDR-A706F324,CASE-0130,+918529666232,+915474659619,2023-08-14T18:54:00,778,Connaught Place,TOWER-997
CDR-E2FC1A01,CASE-0474,+910779260935,+917152845536,2023-05-07T10:54:00,1727,Gurgaon Sector 29,TOWER-388
CDR-9A007713,CASE-0054,+917941313161,+916412468143,2023-03-28T11:16:00,3122,Anna Nagar,TOWER-563
CDR-BF5AEF5C,CASE-0045,+918340539942,+917835145063,2023-08-22T10:02:00,248,Gurgaon Sector 29,TOWER-250
CDR-AF8F2084,CASE-0241,+913121201754,+914908536191,2023-05-17T10:23:00,427,Andheri West,TOWER-315
CDR-BEC2C4EA,CASE-0228,+914464583306,+919800350483,2023-03-21T08:45:00,2257,Bandra Kurla Complex,TOWER-891
CDR-C4CC868D,CASE-0500,+917569228516,+917654441593,2023-07-08T15:56:00,3290,Connaught Place,TOWER-676
CDR-C5FC1865,CASE-0224,+916209181900,+913547280012,2023-05-26T18:02:00,149,Secunderabad Railway Station,TOWER-582
CDR-BE6D9AB1,CASE-0330,+915527465681,+915527465681,2023-01-14T23:52:00,2169,Koramangala,TOWER-863
CDR-C1EDD0E6,CASE-0014,+919458484561,+917290393874,2023-08-14T18:40:00,2312,Anna Nagar,TOWER-196
CDR-72CD7901,CASE-0204,+912962713226,+914310638501,2023-04-06T08:17:00,425,Anna Nagar,TOWER-255
CDR-197D1CF4,CASE-0088,+916303950638,+919088888621,2023-05-29T03:11:00,131,Karol Bagh,TOWER-525
CDR-67C28918,CASE-0314,+913303142083,+913929749433,2023-03-22T14:01:00,2545,Gurgaon Sector 29,TOWER-120
CDR-81EB5D19,CASE-0108,+913432639890,+915156340196,2023-06-28T12:32:00,2412,Gachibowli,TOWER-675
CDR-F9E4F499,CASE-0406,+918937142305,+915041435052,2023-05-15T16:45:00,2547,Vasant Kunj,TOWER-204
CDR-8BCD4B9D,CASE-0037,+910539363533,+919618547415,2023-10-12T02:41:00,2197,Koramangala,TOWER-525
CDR-C6C1F469,CASE-0478,+910753540823,+910539363533,2023-06-28T14:44:00,2131,Anna Nagar,TOWER-925
CDR-8396605C,CASE-0079,+913384557273,+916936966775,2023-04-15T07:47:00,2939,Gachibowli,TOWER-302
CDR-8F693350,CASE-0474,+911685532300,+910932627488,2023-07-18T22:52:00,3293,Jubilee Hills,TOWER-491
CDR-8065F3A0,CASE-0290,+915218435507,+919322135975,2023-02-06T21:15:00,265,Noida Sector 18,TOWER-402
CDR-6EC33661,CASE-0263,+919101917899,+912838351002,2023-03-20T15:19:00,1719,New Town,TOWER-371
CDR-1636F534,CASE-0344,+917290393874,+915378575977,2023-09-15T04:04:00,3286,Vasant Kunj,TOWER-634
CDR-B57ECDB5,CASE-0244,+913828987535,+911075503152,2023-02-11T08:24:00,1452,Salt Lake City,TOWER-423
CDR-EEA2F03F,CASE-0444,+918545155824,+911885956157,2023-03-12T20:46:00,2978,T Nagar,TOWER-634
CDR-34D65D50,CASE-0054,+917941313161,+912709709757,2023-01-08T19:36:00,1419,Gachibowli,TOWER-383
CDR-7EC286DF,CASE-0357,+914078836069,+910775645993,2023-07-14T12:27:00,1694,Indiranagar,TOWER-106
CDR-4BD81600,CASE-0216,+915357382862,+915797761579,2023-02-05T18:42:00,1254,Koramangala,TOWER-496
CDR-9AED6E99,CASE-0409,+917541620441,+916080450734,2023-05-22T08:10:00,2418,Anna Nagar,TOWER-699
CDR-65148432,CASE-0292,+915041435052,+913307950376,2023-06-26T18:36:00,369,Vasant Kunj,TOWER-109
CDR-21D9C5CC,CASE-0254,+913967092791,+915579793692,2023-10-27T13:17:00,2699,Connaught Place,TOWER-563
CDR-4465EDC2,CASE-0197,+919743952093,+911174422388,2023-02-11T09:47:00,2126,Noida Sector 18,TOWER-700
CDR-12185BC7,CASE-0101,+910582788962,+918843545700,2023-09-11T23:04:00,1550,T Nagar,TOWER-716
CDR-B07EC478,CASE-0093,+913626380693,+912951925893,2023-04-10T11:43:00,2352,Connaught Place,TOWER-525
CDR-02D4AB98,CASE-0307,+914359315208,+910810117308,2023-10-06T12:43:00,1803,T Nagar,TOWER-918
CDR-9DDAB60A,CASE-0339,+911655903639,+912452301747,2023-03-29T17:22:00,1585,Gachibowli,TOWER-591
CDR-1DF29A2C,CASE-0150,+916697600728,+915139459558,2023-01-18T19:03:00,3399,T Nagar,TOWER-308
CDR-A844BEB6,CASE-0031,+915515729662,+916318311705,2023-07-06T05:56:00,2251,Secunderabad Railway Station,TOWER-178
CDR-E1B517BB,CASE-0328,+918578706514,+915373346773,2023-06-30T10:11:00,200,T Nagar,TOWER-382
CDR-EF5F5A00,CASE-0365,+917736302571,+912062619351,2023-04-28T08:17:00,3568,New Town,TOWER-472
CDR-B436CA34,CASE-0174,+918236861123,+910539363533,2023-04-29T05:06:00,1248,New Town,TOWER-537
CDR-47BA9C76,CASE-0250,+915867724943,+918923430464,2023-07-15T03:01:00,3476,Salt Lake City,TOWER-991
CDR-F830F74F,CASE-0257,+911885956157,+919573010206,2023-08-02T20:51:00,2281,Viman Nagar,TOWER-223
CDR-8B7271A1,CASE-0120,+919468912214,+912219719869,2023-05-28T22:32:00,3407,Hinjewadi,TOWER-812
CDR-011F4A7A,CASE-0477,+910932627488,+916325870303,2023-04-19T11:31:00,1569,Salt Lake City,TOWER-806
CDR-419E21C2,CASE-0317,+912803579480,+915362237837,2023-02-24T23:44:00,240,Karol Bagh,TOWER-677
CDR-98E88643,CASE-0452,+914604112099,+917290393874,2023-03-20T11:01:00,604,Noida Sector 18,TOWER-288
CDR-F5CAD5B1,CASE-0185,+913293892591,+915148982381,2023-03-10T19:33:00,184,T Nagar,TOWER-563
CDR-FC52AEA8,CASE-0152,+913323069772,+916662992199,2023-05-09T01:31:00,2705,Vasant Kunj,TOWER-610
CDR-056E40A5,CASE-0262,+918425524517,+913412307325,2023-02-24T18:39:00,2444,Noida Sector 18,TOWER-296
CDR-981E821F,CASE-0445,+916209181900,+915024878084,2023-04-17T01:05:00,842,Noida Sector 18,TOWER-706
CDR-CECB12BA,CASE-0060,+916056945064,+913349101458,2023-05-22T19:05:00,2723,Jubilee Hills,TOWER-981
CDR-7C2B12E8,CASE-0122,+912848587043,+912598927406,2023-10-17T07:52:00,777,Gurgaon Sector 29,TOWER-503
CDR-FB3275A4,CASE-0201,+915542978399,+914553499087,2023-02-16T11:36:00,247,Anna Nagar,TOWER-811
CDR-4E4361CA,CASE-0243,+911402256863,+918646745808,2023-01-09T12:44:00,1247,Karol Bagh,TOWER-973
CDR-DEA54CF4,CASE-0032,+912440682429,+913335247766,2023-02-24T13:01:00,2308,Connaught Place,TOWER-278
CDR-D028DB91,CASE-0007,+910290034167,+911175511796,2023-07-31T00:53:00,1221,Andheri West,TOWER-866
CDR-9F6F6929,CASE-0379,+918263049035,+919006245175,2023-03-15T22:25:00,2639,Bandra Kurla Complex,TOWER-716
CDR-4EB31B1F,CASE-0125,+913674543391,+919552648169,2023-05-19T23:31:00,1141,Andheri West,TOWER-582
CDR-52C8BA8D,CASE-0446,+916835699095,+912553754830,2023-05-04T03:45:00,2632,Karol Bagh,TOWER-719
CDR-EE02BCEF,CASE-0155,+911639249583,+913332034416,2023-01-12T11:56:00,1323,New Town,TOWER-454
CDR-92C09004,CASE-0297,+913526203544,+917556597449,2023-06-23T12:56:00,799,T Nagar,TOWER-520
CDR-7B450ED0,CASE-0320,+913488655273,+911174233151,2023-06-13T12:22:00,1784,Secunderabad Railway Station,TOWER-383
CDR-C5D2E8FD,CASE-0426,+910753540823,+912884465987,2023-04-18T17:09:00,2543,Salt Lake City,TOWER-704
CDR-571D227D,CASE-0217,+918994187632,+912225906003,2023-03-29T03:39:00,2365,T Nagar,TOWER-743
CDR-D1040231,CASE-0413,+912652392093,+918741981758,2023-05-06T16:40:00,3272,Noida Sector 18,TOWER-479
CDR-347ECCB7,CASE-0063,+913967092791,+919187175896,2023-01-09T17:06:00,535,Bandra Kurla Complex,TOWER-608
CDR-3C71ABD7,CASE-0148,+917428769944,+918512313129,2023-04-12T01:21:00,370,Viman Nagar,TOWER-120
CDR-F8CCB5B3,CASE-0410,+916070602590,+913547280012,2023-01-10T17:10:00,1188,Karol Bagh,TOWER-849
CDR-6245BB6B,CASE-0105,+915920116378,+912681337248,2023-04-11T04:34:00,3289,Hinjewadi,TOWER-209
CDR-91EDBB3F,CASE-0275,+918545155824,+912769299330,2023-07-05T01:13:00,3002,Noida Sector 18,TOWER-501
CDR-1907842B,CASE-0343,+915616876987,+914175868877,2023-10-19T13:39:00,3135,Vasant Kunj,TOWER-590
CDR-FF2220C8,CASE-0055,+919623384587,+912692544082,2023-07-19T04:13:00,3316,New Town,TOWER-839
CDR-C5A15F3A,CASE-0397,+919826492228,+910961107639,2023-10-21T04:52:00,2482,Andheri West,TOWER-357
CDR-118E72EF,CASE-0042,+919691238826,+913608684115,2023-04-20T09:18:00,2533,Indiranagar,TOWER-193
CDR-C8A50540,CASE-0310,+919458519873,+912848587043,2023-01-02T06:33:00,172,Andheri West,TOWER-451
CDR-220E0D77,CASE-0314,+910863146671,+915477625550,2023-01-28T10:54:00,3228,Gurgaon Sector 29,TOWER-308
CDR-E785CCB9,CASE-0160,+918684724500,+916262143647,2023-04-07T02:41:00,3013,Gurgaon Sector 29,TOWER-160
CDR-DF9BF791,CASE-0084,+913976188626,+910325475883,2023-02-06T22:47:00,1112,Viman Nagar,TOWER-320
CDR-399BD8DA,CASE-0454,+913547280012,+913426830046,2023-05-22T06:14:00,1349,Jubilee Hills,TOWER-579
CDR-BEFE56C5,CASE-0377,+919538090596,+916683216535,2023-09-10T10:27:00,3035,Salt Lake City,TOWER-808
CDR-1F798B3D,CASE-0034,+913792548322,+911677054563,2023-06-08T10:02:00,3090,New Town,TOWER-797
CDR-26DCF16A,CASE-0054,+917941313161,+915256045638,2023-04-02T00:20:00,979,Anna Nagar,TOWER-160
CDR-C24F6A78,CASE-0167,+915148982381,+910932627488,2023-10-14T16:29:00,1166,T Nagar,TOWER-921
CDR-D3D2C523,CASE-0134,+919898889852,+912667395873,2023-04-03T03:49:00,2599,Gachibowli,TOWER-310
CDR-C03F04DD,CASE-0130,+912550285147,+911084818412,2023-02-25T02:02:00,3400,Bandra Kurla Complex,TOWER-992
CDR-471EB19E,CASE-0208,+918073735948,+918454347905,2023-05-10T14:39:00,1784,New Town,TOWER-435
CDR-6EDC1DF1,CASE-0413,+912652392093,+912869590353,2023-04-06T12:25:00,3350,Anna Nagar,TOWER-710
CDR-2F859DA6,CASE-0467,+918412408164,+915041435052,2023-04-06T20:51:00,3057,Anna Nagar,TOWER-999
CDR-59E68059,CASE-0034,+913454859392,+918724078884,2023-09-12T07:40:00,1218,Salt Lake City,TOWER-564
CDR-175D5519,CASE-0390,+912596986383,+913462551101,2023-03-25T07:41:00,451,Hinjewadi,TOWER-982
CDR-1C43A67C,CASE-0051,+914209529194,+910195012494,2023-02-11T00:38:00,583,New Town,TOWER-589
CDR-606EFCA4,CASE-0045,+918340539942,+915920116378,2023-07-15T22:09:00,182,Gurgaon Sector 29,TOWER-942
CDR-4DE3AEB4,CASE-0217,+918994187632,+918864410263,2023-09-08T10:16:00,1304,Hinjewadi,TOWER-234
CDR-2C70421A,CASE-0382,+910753540823,+910101173267,2023-09-02T23:21:00,960,T Nagar,TOWER-617
CDR-8C9D0D86,CASE-0285,+912866256639,+916376993239,2023-02-20T14:20:00,3312,Bandra Kurla Complex,TOWER-849
CDR-D88DB37C,CASE-0484,+918454079075,+914127634722,2023-03-29T09:20:00,963,Hinjewadi,TOWER-400
CDR-B6858EE3,CASE-0484,+915905078828,+918659590845,2023-08-25T18:52:00,2258,Gachibowli,TOWER-783
CDR-672A3DAF,CASE-0185,+912062619351,+911248051565,2023-06-18T13:56:00,2559,Viman Nagar,TOWER-913
CDR-F16B4CF4,CASE-0297,+913526203544,+915540503787,2023-01-16T05:34:00,2384,Koramangala,TOWER-934
CDR-4E26206F,CASE-0021,+915999606810,+917207572842,2023-04-19T19:05:00,3286,Gurgaon Sector 29,TOWER-357
CDR-55FF4B40,CASE-0302,+913843746724,+915537413915,2023-07-13T20:59:00,3185,Gurgaon Sector 29,TOWER-378
CDR-83DC8D01,CASE-0496,+913994187065,+915920116378,2023-08-07T19:21:00,2686,Anna Nagar,TOWER-251
CDR-D8112F5F,CASE-0490,+919994335224,+914713373987,2023-10-05T11:30:00,1098,Hinjewadi,TOWER-349
CDR-9309CB5B,CASE-0265,+917174127261,+916425829099,2023-02-14T18:47:00,336,Gurgaon Sector 29,TOWER-982
CDR-62254A31,CASE-0183,+917514951472,+911496779829,2023-09-24T11:16:00,3345,Secunderabad Railway Station,TOWER-157
CDR-D3557673,CASE-0162,+915527465681,+919916939025,2023-05-26T15:46:00,1596,Jubilee Hills,TOWER-214
CDR-F755C2B8,CASE-0164,+911885956157,+918116358663,2023-10-23T22:59:00,3332,Andheri West,TOWER-748
CDR-227C6521,CASE-0044,+913287294594,+910753540823,2023-09-17T09:14:00,437,T Nagar,TOWER-523
CDR-20C84A52,CASE-0444,+917364223062,+919618547415,2023-06-29T22:45:00,2327,Salt Lake City,TOWER-615
CDR-36456EE0,CASE-0409,+919780086645,+912410511979,2023-09-24T02:01:00,2867,New Town,TOWER-792
CDR-778C144A,CASE-0005,+916436535294,+917657836408,2023-02-04T10:11:00,768,Gurgaon Sector 29,TOWER-959
CDR-A5E11511,CASE-0290,+911782032348,+910927603429,2023-03-19T20:32:00,3390,Andheri West,TOWER-974
CDR-EADCF64C,CASE-0222,+918843545700,+913975433895,2023-03-01T10:51:00,3026,Vasant Kunj,TOWER-826
CDR-65BA3218,CASE-0497,+919941356537,+914738769084,2023-05-25T21:13:00,1213,T Nagar,TOWER-485
CDR-12851A06,CASE-0010,+912887085748,+919618547415,2023-07-17T12:53:00,863,Noida Sector 18,TOWER-101
CDR-C7F5B340,CASE-0455,+915191833442,+915635421333,2023-09-15T18:33:00,1171,Andheri West,TOWER-176
CDR-891B4A54,CASE-0385,+916570504537,+910756157981,2023-08-30T23:34:00,2202,Secunderabad Railway Station,TOWER-576
CDR-FAF6B32B,CASE-0408,+913975433895,+916243670927,2023-06-08T21:00:00,3481,Secunderabad Railway Station,TOWER-115
CDR-9438CFA0,CASE-0135,+917499454816,+910227031035,2023-03-05T08:55:00,2337,Andheri West,TOWER-301
CDR-0DAC59A4,CASE-0129,+912062619351,+910932627488,2023-07-12T07:11:00,3222,Vasant Kunj,TOWER-519
CDR-864852F0,CASE-0100,+916010922190,+914837201883,2023-03-30T04:44:00,1905,Andheri West,TOWER-290
CDR-D8268D42,CASE-0188,+916459405371,+912286886281,2023-07-01T07:07:00,1409,Andheri West,TOWER-185
CDR-0812376E,CASE-0063,+913967092791,+915718872970,2023-07-03T08:03:00,325,Jubilee Hills,TOWER-594
CDR-4AD685D7,CASE-0258,+912891254249,+916409932950,2023-02-02T22:04:00,3446,Vasant Kunj,TOWER-354
CDR-24024713,CASE-0408,+913975433895,+917442453020,2023-05-18T17:47:00,1367,Noida Sector 18,TOWER-536
CDR-49657E00,CASE-0324,+917290393874,+912780729104,2023-01-17T00:35:00,67,Koramangala,TOWER-689
CDR-4958C291,CASE-0144,+915024878084,+910229713673,2023-03-02T17:17:00,1840,Gachibowli,TOWER-227
CDR-8754B216,CASE-0397,+914993708114,+911771251176,2023-06-05T13:07:00,413,Gachibowli,TOWER-305
CDR-53B30530,CASE-0142,+919606541892,+918366040406,2023-04-08T02:18:00,557,Koramangala,TOWER-817
CDR-EBA29D36,CASE-0084,+913976188626,+919291025474,2023-05-01T12:52:00,1457,Andheri West,TOWER-351
CDR-D9669904,CASE-0413,+912652392093,+910134604279,2023-08-31T05:36:00,1135,T Nagar,TOWER-419
CDR-1F5D7BD5,CASE-0414,+913958454431,+915510716061,2023-07-04T09:17:00,2293,Anna Nagar,TOWER-611
CDR-2D15B065,CASE-0196,+917815450247,+919668738453,2023-09-28T10:46:00,1783,New Town,TOWER-428
CDR-E4C70A8D,CASE-0005,+916091761987,+910932627488,2023-02-17T01:23:00,1587,Secunderabad Railway Station,TOWER-756
CDR-8228EA98,CASE-0426,+910753540823,+917916250959,2023-04-12T20:14:00,3182,T Nagar,TOWER-498
CDR-336D0739,CASE-0392,+916591365609,+916279530224,2023-09-07T22:18:00,3138,Jubilee Hills,TOWER-322
CDR-7CE039B7,CASE-0150,+915622633400,+911167494074,2023-05-10T21:10:00,1551,Gurgaon Sector 29,TOWER-676
CDR-EFF3151E,CASE-0190,+910475179707,+912730036552,2023-05-05T18:36:00,1670,New Town,TOWER-870
CDR-171BF301,CASE-0451,+914271636761,+910539363533,2023-01-27T19:17:00,3089,Bandra Kurla Complex,TOWER-617
CDR-8AC18C45,CASE-0482,+917399936707,+911022756362,2023-06-10T09:44:00,3190,Connaught Place,TOWER-665
CDR-C63A3DC5,CASE-0074,+918563203819,+918624564306,2023-08-02T07:28:00,2867,Andheri West,TOWER-388
CDR-EE984A08,CASE-0085,+913535154034,+918201828110,2023-02-11T05:05:00,915,Noida Sector 18,TOWER-336
CDR-00F487EA,CASE-0326,+910983488716,+911744484002,2023-01-18T09:07:00,1651,Andheri West,TOWER-419
CDR-8AA908BF,CASE-0350,+913872565367,+914837934161,2023-07-31T04:40:00,1604,Connaught Place,TOWER-999
CDR-4E9C7B3D,CASE-0350,+913872565367,+914175868877,2023-09-11T07:10:00,493,T Nagar,TOWER-425
CDR-D1D7A1C5,CASE-0437,+911400672608,+919645066716,2023-05-15T03:49:00,756,Gachibowli,TOWER-102
CDR-A54355B6,CASE-0201,+910193355369,+918722240768,2023-10-25T13:16:00,1781,Andheri West,TOWER-246
CDR-9B95716C,CASE-0147,+912848587043,+916730386793,2023-09-18T13:25:00,1956,Vasant Kunj,TOWER-582
CDR-BACB5BE9,CASE-0487,+914076184115,+910973456549,2023-04-10T10:23:00,3016,Connaught Place,TOWER-341
CDR-69447F97,CASE-0454,+918702530291,+910753540823,2023-05-25T10:39:00,2436,Hinjewadi,TOWER-283
CDR-C44D91A5,CASE-0364,+914575175709,+910526944228,2023-05-13T18:43:00,455,Indiranagar,TOWER-307
CDR-3CD84C3D,CASE-0447,+912812426203,+919618547415,2023-05-30T11:11:00,2312,Bandra Kurla Complex,TOWER-371
CDR-F5D10A6B,CASE-0393,+910753540823,+916209181900,2023-08-23T02:34:00,3271,Secunderabad Railway Station,TOWER-461
CDR-076AC679,CASE-0475,+914399993108,+911885956157,2023-01-04T03:46:00,1009,Jubilee Hills,TOWER-536
CDR-CFE501C0,CASE-0119,+916060484474,+918835362795,2023-02-01T05:02:00,1957,Vasant Kunj,TOWER-826
CDR-37FBE821,CASE-0030,+914199127390,+915302474530,2023-04-08T02:00:00,2343,Vasant Kunj,TOWER-680
CDR-C039F500,CASE-0059,+916876194571,+917334541767,2023-10-18T08:56:00,979,T Nagar,TOWER-702
CDR-D9F00B70,CASE-0095,+913080350275,+919666966409,2023-02-24T13:24:00,1437,Andheri West,TOWER-829
CDR-BF9044FB,CASE-0302,+918341046989,+914259729331,2023-07-14T13:11:00,933,T Nagar,TOWER-239
CDR-887D3B9A,CASE-0099,+918843545700,+914271636761,2023-09-24T20:50:00,259,Connaught Place,TOWER-708
CDR-E2BFD1F4,CASE-0422,+918545155824,+910953458806,2023-02-20T10:12:00,3257,Secunderabad Railway Station,TOWER-751
CDR-861E18D5,CASE-0145,+911661966550,+911687956873,2023-09-17T12:10:00,2112,Connaught Place,TOWER-757
CDR-AEA56285,CASE-0381,+913847882310,+919734652686,2023-07-27T20:03:00,54,Connaught Place,TOWER-767
CDR-E346B2AF,CASE-0065,+911232633884,+913985905127,2023-01-05T15:10:00,1265,New Town,TOWER-811
CDR-C2B19504,CASE-0268,+915071481089,+917301356688,2023-03-24T12:18:00,2218,Bandra Kurla Complex,TOWER-885
CDR-31F87AF4,CASE-0084,+913976188626,+913639546934,2023-07-08T06:59:00,1898,Viman Nagar,TOWER-678
CDR-18B35257,CASE-0054,+915867795421,+913626536787,2023-02-27T17:12:00,1040,Secunderabad Railway Station,TOWER-577
CDR-050253E8,CASE-0479,+911944555315,+914931739869,2023-02-13T22:12:00,3047,Secunderabad Railway Station,TOWER-818
CDR-05473709,CASE-0295,+916775955382,+919131444699,2023-04-03T13:39:00,3414,Andheri West,TOWER-744
CDR-44497907,CASE-0310,+913975433895,+914032339240,2023-08-29T18:00:00,460,Karol Bagh,TOWER-563
CDR-316D4546,CASE-0250,+915867724943,+913885579651,2023-04-29T08:03:00,3052,Karol Bagh,TOWER-657
CDR-A99EC2F7,CASE-0310,+913975433895,+913363392835,2023-04-20T03:58:00,2226,Vasant Kunj,TOWER-544
CDR-8619EE25,CASE-0188,+916459405371,+914748076024,2023-02-18T07:02:00,1123,Hinjewadi,TOWER-914
CDR-EC66138C,CASE-0310,+913975433895,+917896044136,2023-02-04T08:40:00,3054,Koramangala,TOWER-531
CDR-676BF175,CASE-0094,+912848587043,+914194667998,2023-05-07T01:01:00,1147,Gurgaon Sector 29,TOWER-736
CDR-10D17872,CASE-0109,+914239058338,+910377372908,2023-03-11T02:30:00,2056,Hinjewadi,TOWER-302
CDR-40E03339,CASE-0238,+917559680968,+914359315208,2023-06-30T05:08:00,1448,Gurgaon Sector 29,TOWER-946
CDR-220CE420,CASE-0450,+919666116013,+912630348352,2023-06-16T20:00:00,53,Koramangala,TOWER-893
CDR-BF299F2B,CASE-0408,+911129171509,+911885956157,2023-01-28T20:51:00,2138,Gurgaon Sector 29,TOWER-881
CDR-00F54723,CASE-0334,+917290393874,+915527465681,2023-10-13T15:47:00,2942,Bandra Kurla Complex,TOWER-473
CDR-7E245F4F,CASE-0249,+911885956157,+917290393874,2023-10-18T00:12:00,3073,Viman Nagar,TOWER-622
CDR-C2366D9C,CASE-0432,+915148982381,+912527106689,2023-02-26T11:10:00,2167,Connaught Place,TOWER-438
CDR-EE05F7E1,CASE-0364,+914575175709,+918545155824,2023-06-22T07:40:00,2821,Hinjewadi,TOWER-496
CDR-E9B61226,CASE-0191,+915148982381,+916209266508,2023-10-28T16:12:00,2814,Vasant Kunj,TOWER-960
CDR-7F067C53,CASE-0135,+917499454816,+914899599550,2023-07-25T14:58:00,1185,Gurgaon Sector 29,TOWER-214
CDR-921E0FDB,CASE-0482,+917290393874,+918624564306,2023-02-19T02:33:00,2701,Salt Lake City,TOWER-768
CDR-EFFA81EB,CASE-0076,+912588313878,+916334611413,2023-04-09T14:09:00,3003,Indiranagar,TOWER-573
CDR-7EA647D3,CASE-0139,+912571014746,+918884612067,2023-09-11T08:21:00,3529,Viman Nagar,TOWER-580
CDR-3E29DA55,CASE-0064,+913851703825,+915821131964,2023-09-03T03:50:00,52,Karol Bagh,TOWER-366
CDR-40738E4E,CASE-0317,+916637483236,+911843662024,2023-09-14T07:22:00,1713,Vasant Kunj,TOWER-944
CDR-88D50899,CASE-0355,+917006373142,+919729987794,2023-06-08T04:41:00,3448,Karol Bagh,TOWER-404
CDR-0B6B56DE,CASE-0108,+914271636761,+914581460205,2023-05-22T16:40:00,539,Vasant Kunj,TOWER-561
CDR-9F556598,CASE-0342,+910955727299,+911216673653,2023-06-15T05:54:00,1778,Gachibowli,TOWER-414
CDR-CAC3DC58,CASE-0419,+919458484561,+917290393874,2023-10-27T09:18:00,319,Secunderabad Railway Station,TOWER-939
CDR-A9227A1C,CASE-0453,+910047578748,+919730563379,2023-03-30T10:12:00,2620,Secunderabad Railway Station,TOWER-449
CDR-EC89FF5F,CASE-0148,+913152383180,+919926052821,2023-06-27T10:03:00,2774,Karol Bagh,TOWER-301
CDR-69B6B5D0,CASE-0099,+918843545700,+914700522586,2023-03-10T15:24:00,731,Karol Bagh,TOWER-283
CDR-43F98356,CASE-0457,+912307915163,+910416394811,2023-02-01T01:51:00,801,Viman Nagar,TOWER-166
CDR-0E1DF79A,CASE-0324,+915117549929,+912481817396,2023-01-09T15:13:00,770,Karol Bagh,TOWER-316
CDR-AD8007AF,CASE-0206,+913547280012,+917691792723,2023-07-03T00:41:00,2345,T Nagar,TOWER-618
CDR-447A7DA3,CASE-0101,+917882447127,+910101173267,2023-04-11T14:03:00,1399,Indiranagar,TOWER-820
CDR-7F4FCF76,CASE-0424,+916489340485,+912674637255,2023-01-13T05:58:00,1331,Indiranagar,TOWER-619
CDR-22A5B4B9,CASE-0054,+917941313161,+912659372596,2023-01-22T21:46:00,2297,Karol Bagh,TOWER-360
CDR-70D9A42D,CASE-0177,+911043729127,+913004601188,2023-06-29T16:05:00,2689,Bandra Kurla Complex,TOWER-680
CDR-987D22CF,CASE-0172,+911193911924,+910144562126,2023-03-17T12:59:00,2012,Karol Bagh,TOWER-119
CDR-2AC7798E,CASE-0266,+912672592517,+912016385099,2023-09-20T08:57:00,1858,New Town,TOWER-455
CDR-F169FDC3,CASE-0203,+912848587043,+910539363533,2023-03-03T05:53:00,2870,Salt Lake City,TOWER-523
CDR-EF0B3BD3,CASE-0456,+916002338930,+912146000714,2023-04-12T06:03:00,1779,Anna Nagar,TOWER-482
CDR-CCD97F99,CASE-0013,+911143514686,+918621603710,2023-03-19T09:54:00,744,T Nagar,TOWER-893
CDR-FC1E4A04,CASE-0209,+914359315208,+916291548419,2023-08-25T22:24:00,3249,Gachibowli,TOWER-757
CDR-C5A784C2,CASE-0275,+918545155824,+912296814460,2023-04-24T11:19:00,2543,New Town,TOWER-740
CDR-5C4DB146,CASE-0200,+916969345215,+919458484561,2023-06-07T02:52:00,3108,Noida Sector 18,TOWER-418
CDR-0109F647,CASE-0163,+913084772999,+912969947755,2023-05-06T09:01:00,394,Gurgaon Sector 29,TOWER-389
CDR-1066261B,CASE-0474,+911685532300,+912597828826,2023-07-27T02:43:00,1957,Hinjewadi,TOWER-523
CDR-129D2F9D,CASE-0134,+919898889852,+910253512073,2023-05-27T05:00:00,718,Indiranagar,TOWER-689
CDR-14EFC852,CASE-0209,+914359315208,+914206370446,2023-05-10T23:45:00,3460,Jubilee Hills,TOWER-421
CDR-41E7C2C2,CASE-0019,+911782032348,+911782032348,2023-02-06T18:36:00,655,Bandra Kurla Complex,TOWER-868
CDR-649C46F0,CASE-0075,+910539363533,+913071866347,2023-08-12T05:36:00,789,Koramangala,TOWER-538
CDR-3F33C820,CASE-0499,+910134604279,+914015779188,2023-03-28T19:34:00,579,Hinjewadi,TOWER-178
CDR-0CD79F38,CASE-0434,+914239058338,+912935198313,2023-09-05T16:23:00,2402,Bandra Kurla Complex,TOWER-660
CDR-4E02C5F6,CASE-0482,+910545851076,+915527465681,2023-09-07T12:53:00,3302,Bandra Kurla Complex,TOWER-701
CDR-9D0B5DE8,CASE-0096,+919209133168,+911241740168,2023-10-19T08:43:00,1533,Koramangala,TOWER-633
CDR-43096434,CASE-0193,+917274431698,+914359315208,2023-02-04T03:25:00,141,Anna Nagar,TOWER-193
CDR-300B5606,CASE-0470,+911283562581,+914813120521,2023-02-12T08:38:00,607,Andheri West,TOWER-606
CDR-F7D976AE,CASE-0474,+911791214318,+914239058338,2023-09-07T09:04:00,2804,Indiranagar,TOWER-100
CDR-208882D2,CASE-0277,+915437501020,+911252104715,2023-04-15T12:10:00,1001,Koramangala,TOWER-348
CDR-38BE82C0,CASE-0019,+911782032348,+914175868877,2023-04-19T11:39:00,1144,Salt Lake City,TOWER-378
CDR-E818C82A,CASE-0103,+912749757820,+915839528798,2023-08-25T05:35:00,217,Bandra Kurla Complex,TOWER-820
CDR-27258789,CASE-0119,+916161550986,+913188459959,2023-09-23T11:08:00,3177,Bandra Kurla Complex,TOWER-521
CDR-29068E97,CASE-0443,+915364959154,+910718438062,2023-08-07T12:33:00,2110,Secunderabad Railway Station,TOWER-298
CDR-677C34C8,CASE-0471,+917060340842,+912823210589,2023-07-18T03:16:00,3577,Hinjewadi,TOWER-304
CDR-67D41E67,CASE-0437,+913678957691,+919536287168,2023-04-04T10:50:00,3159,T Nagar,TOWER-285
CDR-AC036B5D,CASE-0104,+915024878084,+914950602135,2023-08-05T16:06:00,1990,Viman Nagar,TOWER-654
CDR-8A313348,CASE-0066,+912848587043,+914365350146,2023-01-19T18:24:00,2957,Jubilee Hills,TOWER-375
CDR-67E6E63B,CASE-0100,+916010922190,+911035245684,2023-04-28T15:54:00,2405,Gurgaon Sector 29,TOWER-483
CDR-F3C05060,CASE-0406,+918937142305,+911802256820,2023-07-07T11:16:00,2983,Connaught Place,TOWER-204
CDR-BA52AB44,CASE-0081,+919311749984,+916615460580,2023-07-15T06:06:00,986,Hinjewadi,TOWER-361
CDR-9C1BE7A0,CASE-0420,+912688732077,+917660737162,2023-09-29T18:53:00,3537,Jubilee Hills,TOWER-234
CDR-F7118D67,CASE-0121,+916091722478,+915805030697,2023-10-05T08:17:00,1656,Secunderabad Railway Station,TOWER-483
CDR-69A44E4D,CASE-0012,+915024878084,+916305605436,2023-06-25T21:43:00,3526,Hinjewadi,TOWER-832
CDR-6FCA3904,CASE-0164,+911885956157,+912758003501,2023-02-14T14:29:00,614,Anna Nagar,TOWER-204
CDR-B1C04894,CASE-0497,+919941356537,+914062784042,2023-01-10T20:48:00,1555,T Nagar,TOWER-502
CDR-AD84BAB3,CASE-0209,+914359315208,+914359315208,2023-06-28T07:13:00,1441,Koramangala,TOWER-682
CDR-E223C329,CASE-0171,+919766705777,+914140327317,2023-05-05T13:26:00,319,Bandra Kurla Complex,TOWER-475
CDR-5E4AC995,CASE-0214,+916574642087,+916168911205,2023-10-11T06:18:00,186,Gachibowli,TOWER-387
CDR-38335040,CASE-0321,+911885956157,+915471275703,2023-09-09T21:44:00,3048,New Town,TOWER-886
CDR-AE15BEAD,CASE-0475,+918622106376,+914641934252,2023-05-20T08:57:00,136,New Town,TOWER-160
CDR-06C8A033,CASE-0086,+910163525510,+913408032025,2023-05-26T23:25:00,1949,Indiranagar,TOWER-955
CDR-90EF4A71,CASE-0002,+913601309591,+911017231737,2023-04-09T07:21:00,940,Salt Lake City,TOWER-934
CDR-DDE5D5B2,CASE-0293,+919267286223,+914813120521,2023-01-26T05:13:00,1174,Bandra Kurla Complex,TOWER-878
CDR-5966C0B2,CASE-0125,+919675404043,+914722093492,2023-01-05T15:42:00,464,Bandra Kurla Complex,TOWER-607
CDR-33745930,CASE-0116,+913687677348,+916078961526,2023-04-30T09:48:00,2226,Salt Lake City,TOWER-288
CDR-B1ADD8A9,CASE-0026,+918843545700,+913488958746,2023-09-13T05:00:00,2440,Connaught Place,TOWER-522
CDR-B3819CF5,CASE-0128,+917875927829,+919805073986,2023-08-14T10:02:00,89,Connaught Place,TOWER-138
CDR-AF14DD7C,CASE-0212,+916957872622,+917478948709,2023-09-17T18:13:00,1442,Viman Nagar,TOWER-501
CDR-4E47F9CE,CASE-0400,+914661667598,+918545155824,2023-03-08T01:32:00,902,Gurgaon Sector 29,TOWER-549
CDR-892D74D5,CASE-0451,+910441059792,+914271636761,2023-07-27T08:02:00,677,Connaught Place,TOWER-297
CDR-A6CD4E59,CASE-0139,+911406755623,+915285916063,2023-06-05T21:05:00,2019,Karol Bagh,TOWER-165
CDR-21AAE913,CASE-0229,+912848587043,+913473831334,2023-02-12T08:13:00,2580,Gachibowli,TOWER-719
CDR-C5EFC2F0,CASE-0351,+915867724943,+911610772915,2023-03-05T14:12:00,2768,Salt Lake City,TOWER-966
CDR-7FB3CB7C,CASE-0475,+914399993108,+917561148350,2023-08-27T23:19:00,996,Gurgaon Sector 29,TOWER-229
CDR-BCBCAF44,CASE-0263,+911350676473,+917674025613,2023-06-26T17:57:00,762,Anna Nagar,TOWER-503
CDR-350D94A5,CASE-0240,+916788423794,+914004303388,2023-02-16T03:25:00,2795,Karol Bagh,TOWER-308
CDR-766D58AA,CASE-0101,+910582788962,+913184415962,2023-06-29T12:45:00,3419,Secunderabad Railway Station,TOWER-449
CDR-11FE6215,CASE-0014,+912062619351,+915148982381,2023-08-07T17:05:00,843,Gurgaon Sector 29,TOWER-554
CDR-90DC247D,CASE-0051,+914851930406,+911664130242,2023-01-31T00:38:00,2720,Hinjewadi,TOWER-689
CDR-D6C06B42,CASE-0485,+913547280012,+910753540823,2023-03-01T06:24:00,2938,Hinjewadi,TOWER-855
CDR-971ACC22,CASE-0184,+910932627488,+914473338760,2023-08-25T23:37:00,1754,New Town,TOWER-794
CDR-3D7BFE84,CASE-0118,+919311749984,+918636619564,2023-09-17T15:51:00,2271,Karol Bagh,TOWER-234
CDR-6B3DA8CA,CASE-0363,+919738028487,+916463348801,2023-02-13T15:01:00,3298,Secunderabad Railway Station,TOWER-833
CDR-86481CBB,CASE-0409,+917541620441,+912440682429,2023-06-28T16:16:00,619,Hinjewadi,TOWER-773
CDR-664491F7,CASE-0436,+914271636761,+918843545700,2023-08-15T01:54:00,1139,Andheri West,TOWER-497
CDR-3926DB7A,CASE-0198,+911223897965,+919658321221,2023-09-18T21:55:00,1306,Viman Nagar,TOWER-196
CDR-700ACBC2,CASE-0248,+911127063036,+917172082713,2023-06-08T12:12:00,2730,Viman Nagar,TOWER-864
CDR-F904DEA6,CASE-0203,+912916873286,+916313632552,2023-07-01T12:23:00,2140,Koramangala,TOWER-471
CDR-A860C56D,CASE-0208,+910862010900,+910878175790,2023-02-22T19:11:00,63,Gurgaon Sector 29,TOWER-403
CDR-9CD8B0E8,CASE-0338,+914609507226,+918075832974,2023-04-11T17:31:00,3400,Connaught Place,TOWER-927
CDR-E5F24569,CASE-0177,+911043729127,+913330955461,2023-06-22T01:14:00,2881,Koramangala,TOWER-937
CDR-536E1C94,CASE-0030,+913417350405,+910277409116,2023-02-22T16:21:00,2355,Secunderabad Railway Station,TOWER-969
CDR-BACFA539,CASE-0446,+916073467554,+916629306796,2023-10-28T16:27:00,3431,Jubilee Hills,TOWER-779
CDR-810C191E,CASE-0097,+918843545700,+919340481794,2023-01-28T06:25:00,2409,Jubilee Hills,TOWER-824
CDR-EFB2A5CB,CASE-0196,+918652468015,+916443944319,2023-09-15T21:06:00,2607,Connaught Place,TOWER-177
CDR-1BD0CB4B,CASE-0146,+910932627488,+912062619351,2023-06-14T18:07:00,2893,Salt Lake City,TOWER-348
CDR-810761FC,CASE-0028,+911474792833,+917775800947,2023-05-15T08:31:00,494,Vasant Kunj,TOWER-819
CDR-88E57DB9,CASE-0278,+910753540823,+914440452365,2023-08-12T03:36:00,2264,Gurgaon Sector 29,TOWER-924
CDR-55C5D6ED,CASE-0021,+915999606810,+917127214360,2023-05-17T14:13:00,3233,Koramangala,TOWER-681
CDR-DAFEBCB5,CASE-0106,+915241522476,+918545155824,2023-05-14T03:47:00,1096,New Town,TOWER-803
CDR-A5C8C981,CASE-0100,+916010922190,+916063356590,2023-01-09T19:53:00,316,Vasant Kunj,TOWER-434
CDR-55BC21C0,CASE-0019,+912044747716,+919483619987,2023-03-06T06:01:00,1647,Connaught Place,TOWER-286
CDR-E22BC43A,CASE-0393,+910753540823,+914271636761,2023-04-27T17:25:00,1514,Jubilee Hills,TOWER-819
CDR-2FBDA4D5,CASE-0160,+917402014135,+913245751064,2023-05-25T23:02:00,2881,Viman Nagar,TOWER-605
CDR-CD865BE3,CASE-0070,+913608715525,+919618547415,2023-08-30T03:24:00,1721,Bandra Kurla Complex,TOWER-674
CDR-D6D6CE72,CASE-0064,+918545155824,+916088750190,2023-01-09T12:23:00,1641,Bandra Kurla Complex,TOWER-667
CDR-5B7968A8,CASE-0389,+910060734755,+915008840819,2023-06-02T03:41:00,1291,New Town,TOWER-449
CDR-104232FB,CASE-0316,+917690630801,+915517487494,2023-06-21T21:21:00,213,Anna Nagar,TOWER-719
CDR-2A2C21F0,CASE-0365,+910932627488,+911961037508,2023-09-28T23:23:00,212,Indiranagar,TOWER-751
CDR-4B1DD1C3,CASE-0364,+914575175709,+912575412211,2023-06-21T12:08:00,139,Bandra Kurla Complex,TOWER-341
CDR-0DD251BD,CASE-0176,+910736194483,+916209181900,2023-02-08T02:06:00,1514,Secunderabad Railway Station,TOWER-906
CDR-83659EEF,CASE-0095,+919666422298,+910365845492,2023-08-26T11:26:00,3023,Viman Nagar,TOWER-595
CDR-119956BC,CASE-0239,+918343190114,+913679052838,2023-01-18T11:14:00,888,Noida Sector 18,TOWER-916
CDR-ECE9787A,CASE-0194,+913975433895,+916875932790,2023-02-07T20:10:00,3310,Andheri West,TOWER-403
CDR-D2BFEED0,CASE-0127,+912224778735,+916478577346,2023-10-13T04:36:00,1362,T Nagar,TOWER-649
CDR-E81230BE,CASE-0483,+918624564306,+919611598394,2023-09-24T09:44:00,2742,Gurgaon Sector 29,TOWER-669
CDR-2F9B7C6B,CASE-0329,+914359315208,+918447517356,2023-06-30T09:15:00,2373,New Town,TOWER-994
CDR-C47D242C,CASE-0398,+912790928367,+912711811256,2023-01-30T10:29:00,3285,New Town,TOWER-383
CDR-15593391,CASE-0499,+910134604279,+913188350500,2023-07-29T19:42:00,1193,Noida Sector 18,TOWER-603
CDR-EBD9936A,CASE-0297,+917862588927,+910445237005,2023-02-23T08:29:00,230,Indiranagar,TOWER-266
CDR-2D366142,CASE-0129,+912062619351,+917880174462,2023-09-11T19:26:00,102,Salt Lake City,TOWER-238
CDR-DB7A3328,CASE-0071,+911614562294,+912935565536,2023-03-25T15:15:00,3469,Gurgaon Sector 29,TOWER-691
CDR-1FB27715,CASE-0293,+913307426411,+916187022402,2023-02-15T19:59:00,2893,Karol Bagh,TOWER-519
CDR-A7FDADC7,CASE-0470,+915920116378,+919979163194,2023-07-09T22:11:00,3429,Viman Nagar,TOWER-292
CDR-93162057,CASE-0052,+918818841728,+919458862432,2023-05-31T07:40:00,2130,Gurgaon Sector 29,TOWER-919
CDR-AB66ED5C,CASE-0317,+915375987595,+919326921863,2023-09-16T04:35:00,1828,Vasant Kunj,TOWER-139
CDR-8198E9C4,CASE-0500,+911447827924,+916030909544,2023-01-13T19:28:00,2319,Vasant Kunj,TOWER-552
CDR-80E7353E,CASE-0068,+911482792979,+912749662576,2023-04-17T15:24:00,557,Secunderabad Railway Station,TOWER-397
CDR-3C7759C8,CASE-0237,+918073322302,+917567509572,2023-06-15T19:57:00,3013,Connaught Place,TOWER-155
CDR-12E82E65,CASE-0275,+915527465681,+914912683658,2023-09-15T18:37:00,2991,Bandra Kurla Complex,TOWER-668
CDR-AA0E7A07,CASE-0028,+913914241536,+910753540823,2023-07-08T04:21:00,1258,Gachibowli,TOWER-397
CDR-91D15AD1,CASE-0117,+914813120521,+915305598973,2023-03-06T00:41:00,2058,Gurgaon Sector 29,TOWER-950
CDR-77A4CFA8,CASE-0412,+917092126831,+911245605226,2023-09-26T00:27:00,2588,Indiranagar,TOWER-166
CDR-AA06857B,CASE-0274,+914897219099,+916077280324,2023-03-11T15:37:00,2041,Connaught Place,TOWER-221
CDR-D8779999,CASE-0375,+914931637046,+917106988141,2023-01-26T03:14:00,587,Karol Bagh,TOWER-711
CDR-388D69F4,CASE-0367,+915374986984,+915060331045,2023-10-04T02:35:00,1855,Gurgaon Sector 29,TOWER-608
CDR-5F3880BC,CASE-0196,+918825586433,+912440682429,2023-06-15T12:45:00,294,Koramangala,TOWER-314
CDR-7B8A6FC7,CASE-0470,+912440682429,+915934504007,2023-09-20T20:44:00,2433,Jubilee Hills,TOWER-225
CDR-1E5E7B3F,CASE-0179,+913975433895,+913975433895,2023-09-25T13:50:00,1688,Gachibowli,TOWER-705
CDR-B7BE1A27,CASE-0355,+915384890540,+912164402044,2023-05-14T18:02:00,548,Secunderabad Railway Station,TOWER-163
CDR-E1BC734B,CASE-0398,+911783438095,+911871981885,2023-03-06T09:57:00,736,Anna Nagar,TOWER-985
CDR-42A90524,CASE-0479,+919577608747,+910833111363,2023-07-23T11:44:00,158,Koramangala,TOWER-154
CDR-43E7AD2F,CASE-0497,+910588459904,+916202577478,2023-02-17T17:01:00,148,Connaught Place,TOWER-264
CDR-8BDB5919,CASE-0020,+913055344136,+910603699660,2023-02-10T17:58:00,1520,Vasant Kunj,TOWER-866
CDR-6970342B,CASE-0170,+912140051171,+914428357729,2023-03-07T23:48:00,2930,T Nagar,TOWER-749
CDR-9E068031,CASE-0394,+917749462059,+912718152581,2023-08-02T14:22:00,1597,Salt Lake City,TOWER-616
CDR-B40B6AE0,CASE-0328,+918543058950,+919538283659,2023-01-12T01:23:00,3095,Connaught Place,TOWER-744
CDR-DD684C39,CASE-0135,+917499454816,+917034068775,2023-01-21T04:14:00,1313,Gachibowli,TOWER-845
CDR-8ECE4F49,CASE-0447,+918218010627,+912337879369,2023-06-09T20:18:00,1019,Andheri West,TOWER-471
CDR-BBD4545F,CASE-0056,+912636224423,+910993164600,2023-09-01T09:26:00,1387,Koramangala,TOWER-826
CDR-F3CFF6F7,CASE-0297,+917862588927,+919933641776,2023-03-17T19:17:00,332,Vasant Kunj,TOWER-783
CDR-C835F964,CASE-0479,+917405365596,+910551423630,2023-02-12T05:38:00,2762,Connaught Place,TOWER-839
CDR-3EDAC34A,CASE-0454,+910753540823,+914271636761,2023-05-23T03:19:00,40,Andheri West,TOWER-678
CDR-52FB9E66,CASE-0404,+914649320061,+918813671396,2023-06-03T02:49:00,3281,New Town,TOWER-344
CDR-1C97E23A,CASE-0227,+913835865943,+918245260553,2023-05-10T09:09:00,927,Viman Nagar,TOWER-297
CDR-EB4A7D20,CASE-0156,+911140184254,+917233116907,2023-01-18T02:10:00,90,Koramangala,TOWER-280
CDR-DAEC31A5,CASE-0090,+913527379554,+911941966005,2023-03-23T05:43:00,1920,Indiranagar,TOWER-809
CDR-2FC945C5,CASE-0188,+916459405371,+911403259373,2023-07-14T00:51:00,2934,Jubilee Hills,TOWER-964
CDR-99BB220B,CASE-0100,+916010922190,+915734557183,2023-05-21T19:06:00,3324,Salt Lake City,TOWER-149
CDR-0AE845F7,CASE-0255,+912485629252,+910677856012,2023-08-20T12:02:00,924,Vasant Kunj,TOWER-228
CDR-D6C45022,CASE-0170,+912140051171,+918070300447,2023-05-04T12:08:00,1831,Gurgaon Sector 29,TOWER-677
CDR-50531E9C,CASE-0209,+912440682429,+914813120521,2023-10-04T07:27:00,3194,T Nagar,TOWER-625
CDR-0E623BA9,CASE-0441,+918797573856,+917115013922,2023-01-30T00:20:00,45,Hinjewadi,TOWER-857
CDR-1936E01E,CASE-0207,+919438531917,+919896368117,2023-08-05T08:02:00,1720,Karol Bagh,TOWER-916
CDR-3D47622E,CASE-0106,+912165891144,+917891787370,2023-09-06T13:18:00,1067,Karol Bagh,TOWER-446
CDR-05557BEB,CASE-0470,+912440682429,+914239058338,2023-02-26T19:02:00,3575,Viman Nagar,TOWER-818
CDR-71CD3FFF,CASE-0089,+919130631889,+911167287894,2023-07-31T12:34:00,1565,Andheri West,TOWER-997
CDR-C6A25CDE,CASE-0356,+912496471378,+918095009280,2023-05-08T19:39:00,1936,Anna Nagar,TOWER-921
CDR-1AB69A41,CASE-0050,+915265036487,+919254796654,2023-09-26T21:54:00,2566,Viman Nagar,TOWER-714
CDR-7B0F26D0,CASE-0090,+914733818239,+919229640800,2023-04-28T00:43:00,3108,New Town,TOWER-647
CDR-9DE87B49,CASE-0044,+918392974585,+910649156632,2023-06-30T07:17:00,2948,Karol Bagh,TOWER-727
CDR-32F696B0,CASE-0201,+915950179837,+916796664420,2023-08-26T01:33:00,1957,Salt Lake City,TOWER-762
CDR-38770125,CASE-0309,+918624564306,+910713938803,2023-07-12T18:38:00,2860,Jubilee Hills,TOWER-423
CDR-34238F20,CASE-0181,+910539363533,+910539363533,2023-10-16T15:30:00,1166,Gachibowli,TOWER-628
CDR-F7F8C097,CASE-0288,+917055900798,+915654305111,2023-04-02T19:01:00,3353,Anna Nagar,TOWER-383
CDR-7DE47636,CASE-0163,+913084772999,+919050618499,2023-08-15T22:17:00,393,Hinjewadi,TOWER-471
CDR-1BFC2D32,CASE-0353,+917290393874,+911011517077,2023-05-24T05:16:00,1295,Hinjewadi,TOWER-712
CDR-7119E279,CASE-0086,+910163525510,+913446320731,2023-08-28T14:39:00,118,New Town,TOWER-896
CDR-B83D0E7E,CASE-0479,+911944555315,+914429529498,2023-04-01T16:50:00,32,Salt Lake City,TOWER-971
CDR-1C686079,CASE-0121,+916336935672,+915796342761,2023-06-05T07:38:00,756,Andheri West,TOWER-312
CDR-B0DB36F0,CASE-0291,+915720825366,+915654429754,2023-08-24T17:04:00,1232,Karol Bagh,TOWER-579
CDR-80ECD160,CASE-0182,+917846003535,+919393137374,2023-01-30T00:22:00,2442,Vasant Kunj,TOWER-297
CDR-313F0FC0,CASE-0116,+913687677348,+911014698559,2023-08-15T10:32:00,503,Koramangala,TOWER-208
CDR-00CFF323,CASE-0082,+914449595368,+919638528692,2023-07-25T14:06:00,931,Salt Lake City,TOWER-312
CDR-3371B7CA,CASE-0102,+918793232992,+910378047644,2023-05-19T00:19:00,2383,Vasant Kunj,TOWER-953
CDR-E209524C,CASE-0359,+912062619351,+919458484561,2023-03-07T03:58:00,2581,Vasant Kunj,TOWER-930
CDR-B7CA245B,CASE-0454,+910753540823,+916251667087,2023-03-04T19:45:00,1278,Gurgaon Sector 29,TOWER-244
CDR-FAA2DEE2,CASE-0376,+911319868907,+910244377428,2023-10-10T22:46:00,3248,Indiranagar,TOWER-308
CDR-8783847F,CASE-0147,+912107067764,+918843545700,2023-01-12T20:13:00,95,Jubilee Hills,TOWER-705
CDR-114B755A,CASE-0094,+913975433895,+913975433895,2023-10-01T08:55:00,407,Indiranagar,TOWER-567
CDR-B62D1813,CASE-0500,+912604191298,+914169921342,2023-06-03T00:54:00,1118,Salt Lake City,TOWER-397
CDR-5EB77E31,CASE-0119,+911675385516,+917709953918,2023-10-10T10:35:00,391,Koramangala,TOWER-144
CDR-F3971095,CASE-0451,+917490512791,+919252210159,2023-07-07T13:50:00,2679,Secunderabad Railway Station,TOWER-776
CDR-EC4E9D6E,CASE-0319,+911231005489,+916402087731,2023-09-30T00:16:00,211,Jubilee Hills,TOWER-969
CDR-4B29E351,CASE-0197,+918545155824,+917203321005,2023-06-05T03:15:00,252,Koramangala,TOWER-634
CDR-C81624D9,CASE-0464,+915187244073,+916713344474,2023-10-17T13:33:00,2743,Indiranagar,TOWER-439
CDR-C53375FE,CASE-0435,+916209181900,+911644376433,2023-06-26T02:56:00,1255,Bandra Kurla Complex,TOWER-649
CDR-18F3F265,CASE-0090,+911284881819,+913153970371,2023-04-02T01:13:00,2292,Bandra Kurla Complex,TOWER-502
CDR-FFD768A3,CASE-0179,+913975433895,+919817877059,2023-04-22T16:11:00,2389,Secunderabad Railway Station,TOWER-235
CDR-C24612CC,CASE-0091,+916209181900,+916404400871,2023-01-21T13:58:00,906,New Town,TOWER-839
CDR-8821DD38,CASE-0455,+910753540823,+914327382833,2023-06-25T12:16:00,1964,Andheri West,TOWER-463
CDR-8D62209A,CASE-0461,+919816710603,+917063901415,2023-02-16T21:51:00,2905,T Nagar,TOWER-680
CDR-4A5BF0E8,CASE-0498,+914359315208,+910759182746,2023-07-02T21:22:00,1901,Viman Nagar,TOWER-878
CDR-9F5A2D0A,CASE-0318,+915333219201,+914836714359,2023-06-16T10:49:00,2457,Noida Sector 18,TOWER-415
CDR-75EB9F41,CASE-0434,+914239058338,+915920116378,2023-07-14T14:53:00,29,Jubilee Hills,TOWER-443
CDR-C82D926B,CASE-0350,+910711528205,+918631343251,2023-10-05T00:20:00,495,Connaught Place,TOWER-557
CDR-F4DB3925,CASE-0480,+912062619351,+910932627488,2023-08-19T16:51:00,1315,Secunderabad Railway Station,TOWER-489
CDR-C8E38C7F,CASE-0229,+919581193206,+915917369072,2023-10-19T05:33:00,565,Bandra Kurla Complex,TOWER-895
CDR-2758B7EE,CASE-0404,+915850796909,+914763933964,2023-09-09T07:19:00,1329,New Town,TOWER-584
CDR-CA2260E3,CASE-0500,+911447827924,+919940341171,2023-02-06T03:42:00,2897,Salt Lake City,TOWER-177
CDR-5462674B,CASE-0228,+912344716822,+917670952135,2023-09-01T21:30:00,287,Andheri West,TOWER-210
CDR-062C55FE,CASE-0279,+910932627488,+912062619351,2023-04-18T07:40:00,315,Salt Lake City,TOWER-171
CDR-4032CF46,CASE-0088,+916082178842,+913492543498,2023-01-08T05:51:00,2426,Viman Nagar,TOWER-935
CDR-4E9BA152,CASE-0004,+918545155824,+910932627488,2023-04-04T18:50:00,2051,Viman Nagar,TOWER-252
CDR-E2514817,CASE-0084,+912856413464,+912484425146,2023-03-25T10:48:00,1673,Vasant Kunj,TOWER-153
CDR-162F1C2A,CASE-0120,+919468912214,+915640233509,2023-07-09T20:48:00,1400,Indiranagar,TOWER-545
CDR-79FC4880,CASE-0338,+914609507226,+916943354453,2023-09-22T13:05:00,3145,Hinjewadi,TOWER-669
CDR-CC2DEE01,CASE-0156,+916177866980,+911974181259,2023-09-09T16:34:00,2876,Secunderabad Railway Station,TOWER-531
CDR-B1D56411,CASE-0071,+911614562294,+911907625341,2023-06-21T03:59:00,3037,Bandra Kurla Complex,TOWER-624
CDR-F0B4C5E8,CASE-0207,+914707208077,+911888026670,2023-01-23T08:51:00,1016,Jubilee Hills,TOWER-360
CDR-AEABFB3F,CASE-0299,+910122351319,+917739291503,2023-06-09T09:12:00,3060,Salt Lake City,TOWER-929
CDR-73913D9B,CASE-0068,+914239058338,+915920116378,2023-05-24T07:06:00,1421,Viman Nagar,TOWER-828
CDR-85F2011A,CASE-0475,+914399993108,+919948187783,2023-09-21T05:02:00,2460,Secunderabad Railway Station,TOWER-982
CDR-39D7E93C,CASE-0269,+917290393874,+917580874700,2023-03-23T15:24:00,596,Connaught Place,TOWER-543
CDR-C960806B,CASE-0204,+913526581723,+910932627488,2023-08-05T01:09:00,3180,Vasant Kunj,TOWER-902
CDR-15F5F76C,CASE-0037,+910539363533,+915843663658,2023-03-20T09:12:00,2558,Gurgaon Sector 29,TOWER-945
CDR-D2725581,CASE-0038,+912970655350,+911260711006,2023-08-03T04:58:00,2947,Koramangala,TOWER-437
CDR-CD52BC3E,CASE-0445,+910753540823,+910753540823,2023-06-08T13:21:00,1963,Indiranagar,TOWER-740
CDR-D7E073E7,CASE-0290,+911782032348,+916518585584,2023-10-20T17:27:00,3487,Karol Bagh,TOWER-685
CDR-BA004243,CASE-0268,+910629220881,+910985715316,2023-02-27T07:01:00,151,T Nagar,TOWER-215
CDR-FE522499,CASE-0174,+914271636761,+918343622294,2023-09-26T02:51:00,1257,Vasant Kunj,TOWER-274
CDR-06771769,CASE-0143,+912935565536,+918834116265,2023-03-13T13:02:00,3453,Noida Sector 18,TOWER-493
CDR-6C618ACB,CASE-0376,+913500830951,+917320197383,2023-02-21T17:46:00,1648,Andheri West,TOWER-183
CDR-15125769,CASE-0314,+913303142083,+916171767880,2023-09-14T06:11:00,997,New Town,TOWER-139
CDR-6ACDCEF5,CASE-0142,+919606541892,+910594868124,2023-05-23T18:28:00,471,Andheri West,TOWER-844
CDR-420F283F,CASE-0302,+918341046989,+910990442157,2023-02-13T18:22:00,2003,New Town,TOWER-803
CDR-F2F88ECA,CASE-0401,+917565561719,+918472134998,2023-04-26T18:41:00,1746,Karol Bagh,TOWER-205
CDR-DD027162,CASE-0160,+918684724500,+914315783408,2023-03-27T09:31:00,3172,Connaught Place,TOWER-950
CDR-22B218AD,CASE-0154,+914239058338,+914359315208,2023-10-24T05:48:00,1927,Salt Lake City,TOWER-488
CDR-A04A193B,CASE-0041,+915041435052,+913816278309,2023-02-10T11:24:00,2547,Indiranagar,TOWER-543
CDR-12FAA682,CASE-0494,+911332806117,+913897563703,2023-04-29T16:20:00,832,Vasant Kunj,TOWER-169
CDR-4358B800,CASE-0156,+911140184254,+914162538503,2023-07-27T12:30:00,695,Koramangala,TOWER-382
CDR-3F8B968D,CASE-0031,+915515729662,+918759251718,2023-07-25T18:27:00,1102,Andheri West,TOWER-196
CDR-074961E0,CASE-0260,+915864646158,+915902743940,2023-02-27T07:39:00,3534,Gurgaon Sector 29,TOWER-974
CDR-BE012820,CASE-0116,+913687677348,+911100004756,2023-03-13T13:59:00,2665,Vasant Kunj,TOWER-554
CDR-32DFC77E,CASE-0040,+910249635097,+914790524916,2023-03-05T17:44:00,3577,Jubilee Hills,TOWER-528
CDR-E57EE70A,CASE-0500,+919078978336,+916745072699,2023-08-03T11:33:00,445,Secunderabad Railway Station,TOWER-182
CDR-7ABB9808,CASE-0197,+918545155824,+911885956157,2023-01-12T18:16:00,189,Bandra Kurla Complex,TOWER-594
CDR-A7DD5E59,CASE-0047,+914053993251,+910539363533,2023-09-28T20:34:00,2472,Connaught Place,TOWER-115
CDR-45AC6BFB,CASE-0292,+915041435052,+911663017061,2023-05-28T18:24:00,931,T Nagar,TOWER-624
CDR-995B07F0,CASE-0320,+916716078468,+914813120521,2023-02-18T23:11:00,2160,Salt Lake City,TOWER-706
CDR-7DD21424,CASE-0276,+917900138637,+911183900722,2023-08-27T06:03:00,1113,Viman Nagar,TOWER-240
CDR-09ACD3E7,CASE-0253,+912905227010,+917490964551,2023-04-20T04:37:00,3205,Gachibowli,TOWER-207
CDR-A115DF96,CASE-0413,+910710760501,+911282034430,2023-03-23T06:24:00,3291,Andheri West,TOWER-421
CDR-6D75DAAF,CASE-0002,+918913096158,+917984830608,2023-09-25T13:37:00,1359,Gachibowli,TOWER-208
CDR-F467E54A,CASE-0445,+910753540823,+919846407639,2023-09-11T10:41:00,321,Noida Sector 18,TOWER-145
CDR-AC4D610E,CASE-0304,+911885956157,+911782032348,2023-10-01T23:59:00,2463,Anna Nagar,TOWER-619
CDR-FF6C712B,CASE-0106,+915241522476,+916217338494,2023-07-18T11:11:00,185,Connaught Place,TOWER-825
CDR-99A335BB,CASE-0326,+910983488716,+915347439664,2023-06-18T19:50:00,709,Noida Sector 18,TOWER-112
CDR-098A2156,CASE-0374,+914206370446,+917776371602,2023-09-13T08:29:00,3066,Bandra Kurla Complex,TOWER-803
CDR-4A070E7E,CASE-0221,+916328336327,+919878437731,2023-02-24T16:24:00,2285,Jubilee Hills,TOWER-734
CDR-A8BFFC01,CASE-0048,+917290393874,+918475812846,2023-04-09T13:39:00,2004,Connaught Place,TOWER-831
CDR-AEABCCBF,CASE-0019,+911885956157,+911885956157,2023-05-12T05:44:00,1460,Hinjewadi,TOWER-684
CDR-70C10BF6,CASE-0132,+918843545700,+912848587043,2023-07-02T06:40:00,643,New Town,TOWER-943
CDR-A10A7418,CASE-0219,+910887879626,+917218307696,2023-09-21T17:22:00,2529,Jubilee Hills,TOWER-142
CDR-CABAFA1B,CASE-0469,+913742632524,+913159405918,2023-09-03T15:16:00,2679,Bandra Kurla Complex,TOWER-830
CDR-7F6181BE,CASE-0188,+916459405371,+918054024783,2023-03-26T10:15:00,2384,Gachibowli,TOWER-212
CDR-680838C4,CASE-0026,+918843545700,+912848587043,2023-09-06T23:43:00,1999,Jubilee Hills,TOWER-375
CDR-1C856100,CASE-0046,+912875280113,+919868262348,2023-08-07T01:53:00,2083,Koramangala,TOWER-955
CDR-2EE35453,CASE-0031,+915515729662,+918310899250,2023-06-06T04:55:00,1616,Secunderabad Railway Station,TOWER-452
CDR-FB4B6166,CASE-0104,+915024878084,+916209181900,2023-10-11T21:43:00,3224,Salt Lake City,TOWER-743
CDR-99B74C03,CASE-0172,+912390045150,+912848587043,2023-02-13T06:41:00,2261,Andheri West,TOWER-760
CDR-5894B67A,CASE-0135,+915509786882,+910111316145,2023-07-11T23:26:00,3593,Koramangala,TOWER-406
CDR-F3EB5D55,CASE-0061,+911341083704,+917540852672,2023-06-30T12:30:00,3475,Bandra Kurla Complex,TOWER-856
CDR-7CCB62FB,CASE-0152,+915472697341,+912734486175,2023-08-12T14:49:00,1461,Vasant Kunj,TOWER-859
CDR-B50AE2EB,CASE-0318,+915333219201,+913418772575,2023-08-10T15:11:00,1713,Koramangala,TOWER-318
CDR-FDC1DCAD,CASE-0383,+915867724943,+914883329598,2023-08-15T10:01:00,1147,Viman Nagar,TOWER-491
CDR-82A798F1,CASE-0381,+917970357325,+912349407574,2023-07-22T09:50:00,1271,Hinjewadi,TOWER-876
CDR-F3E171B5,CASE-0328,+914157735257,+915024878084,2023-02-01T02:13:00,1031,Noida Sector 18,TOWER-497
CDR-3F8AA2DB,CASE-0115,+910194795271,+911782032348,2023-04-23T21:43:00,2696,Koramangala,TOWER-362
CDR-93BAE4FB,CASE-0169,+918843545700,+913692458213,2023-09-29T02:34:00,3413,Secunderabad Railway Station,TOWER-897
CDR-C9D220BA,CASE-0320,+916716078468,+911686321024,2023-01-22T15:16:00,2939,Jubilee Hills,TOWER-840
CDR-9A13C5E0,CASE-0262,+916029960185,+916453592789,2023-02-14T13:55:00,3567,Anna Nagar,TOWER-816
CDR-B2D4D693,CASE-0304,+911885956157,+912354083089,2023-10-28T09:01:00,2577,Gachibowli,TOWER-588
CDR-504A4BDB,CASE-0198,+916325484698,+913730139143,2023-07-14T13:12:00,375,Anna Nagar,TOWER-535
CDR-B94E9E2F,CASE-0354,+913300389506,+917286587471,2023-03-25T06:44:00,342,Andheri West,TOWER-510
CDR-E85CBCE2,CASE-0454,+910753540823,+916776591561,2023-08-19T23:32:00,2590,New Town,TOWER-204
CDR-C0EF1D0A,CASE-0151,+912273170905,+916558177427,2023-06-19T01:09:00,2297,Koramangala,TOWER-606
CDR-B50A8433,CASE-0265,+917174127261,+915646343410,2023-04-15T19:59:00,2730,Koramangala,TOWER-585
CDR-B369B703,CASE-0106,+915241522476,+911109849178,2023-04-23T10:58:00,500,Jubilee Hills,TOWER-880
CDR-E4F2E455,CASE-0180,+910932627488,+914239058338,2023-07-26T03:53:00,1928,Karol Bagh,TOWER-362
CDR-1B7A98BE,CASE-0388,+918646745808,+916461606072,2023-09-20T11:59:00,494,Gachibowli,TOWER-121
CDR-BF82D98C,CASE-0083,+911563803393,+915041405630,2023-09-21T17:01:00,1928,Gachibowli,TOWER-232
CDR-F66FCF58,CASE-0377,+914577212430,+916209181900,2023-08-22T11:46:00,1701,T Nagar,TOWER-102
CDR-B8CD6922,CASE-0261,+912440682429,+912440682429,2023-07-17T06:23:00,2536,Salt Lake City,TOWER-740
CDR-801306E3,CASE-0377,+919538090596,+916739889199,2023-07-15T22:39:00,560,Gurgaon Sector 29,TOWER-225
CDR-FE4506D6,CASE-0097,+910539363533,+914271636761,2023-06-23T20:24:00,60,Hinjewadi,TOWER-164
CDR-61D9F831,CASE-0175,+915215091504,+916916590237,2023-07-14T05:33:00,12,Gachibowli,TOWER-792
CDR-6492EAEF,CASE-0094,+913975433895,+918843545700,2023-06-24T08:37:00,3419,Anna Nagar,TOWER-502
CDR-54BA4FEA,CASE-0176,+916679032496,+919587237322,2023-01-04T01:53:00,2369,Bandra Kurla Complex,TOWER-885
CDR-B6520738,CASE-0232,+918801669563,+911885956157,2023-01-02T11:03:00,2277,Viman Nagar,TOWER-856
CDR-52692A97,CASE-0245,+913975433895,+914271636761,2023-03-22T17:38:00,693,Hinjewadi,TOWER-951
CDR-64806488,CASE-0404,+915850796909,+914175868877,2023-05-02T23:00:00,1531,New Town,TOWER-463
CDR-2AB71ECA,CASE-0055,+913842157215,+914206370446,2023-07-22T07:11:00,2397,Anna Nagar,TOWER-918
CDR-6F25B112,CASE-0027,+916924778060,+912728064776,2023-04-06T00:56:00,1373,Andheri West,TOWER-276
CDR-B3CFAD50,CASE-0429,+917043408035,+910771059722,2023-03-22T18:54:00,2618,Hinjewadi,TOWER-104
CDR-F32432CD,CASE-0433,+912308290480,+919542578634,2023-05-04T15:17:00,2763,Anna Nagar,TOWER-504
CDR-6643EA6D,CASE-0377,+910158430471,+917912354121,2023-07-30T20:01:00,3002,Vasant Kunj,TOWER-871
CDR-FC8B9328,CASE-0055,+913842157215,+917901133576,2023-03-31T15:38:00,13,Karol Bagh,TOWER-992
CDR-8BA45D57,CASE-0419,+915148982381,+912322401847,2023-09-01T16:08:00,1901,New Town,TOWER-668
CDR-B14F86F3,CASE-0040,+917761176476,+911277787946,2023-01-08T09:42:00,3480,Connaught Place,TOWER-134
CDR-9537CF34,CASE-0264,+913991411421,+912445368368,2023-02-03T18:42:00,494,Karol Bagh,TOWER-336
CDR-5A9168CA,CASE-0005,+916378163815,+912494954617,2023-03-06T08:15:00,1298,Noida Sector 18,TOWER-420
CDR-351295CB,CASE-0012,+913646608112,+911813752005,2023-09-25T03:45:00,324,Koramangala,TOWER-343
CDR-550231B9,CASE-0238,+917559680968,+913517465790,2023-10-06T06:41:00,780,Noida Sector 18,TOWER-763
CDR-72AAA201,CASE-0170,+911253959415,+914741611022,2023-04-23T09:09:00,1557,Bandra Kurla Complex,TOWER-818
CDR-D319581A,CASE-0399,+913470946835,+917409927432,2023-10-27T15:29:00,290,New Town,TOWER-473
CDR-BE8C3567,CASE-0070,+913608715525,+913525614367,2023-06-14T06:46:00,2844,Gurgaon Sector 29,TOWER-411
CDR-9714A17E,CASE-0258,+915955015213,+912290124642,2023-02-21T16:09:00,2069,T Nagar,TOWER-185
CDR-131F50A0,CASE-0457,+915573078847,+912497065726,2023-06-29T20:27:00,1697,Gachibowli,TOWER-516
CDR-A5978A13,CASE-0155,+913130713069,+913080384841,2023-06-20T22:35:00,667,Indiranagar,TOWER-878
CDR-5F2D4311,CASE-0217,+918994187632,+913340573682,2023-02-17T18:38:00,953,Jubilee Hills,TOWER-875
CDR-16641E84,CASE-0008,+917498717859,+916380795311,2023-09-19T12:13:00,2438,New Town,TOWER-269
CDR-8057BFF2,CASE-0031,+910942725636,+918366483946,2023-01-17T02:50:00,2851,Secunderabad Railway Station,TOWER-828
CDR-DF5F3B06,CASE-0261,+912440682429,+914813120521,2023-04-16T21:52:00,2016,Gurgaon Sector 29,TOWER-824
CDR-B256E9A2,CASE-0365,+919458484561,+916790054831,2023-07-24T06:46:00,483,T Nagar,TOWER-643
CDR-6FE65FF6,CASE-0374,+914206370446,+917871800198,2023-08-15T02:03:00,2072,Koramangala,TOWER-392
CDR-56E4F82D,CASE-0170,+912140051171,+916287057651,2023-01-01T07:00:00,3024,Gurgaon Sector 29,TOWER-358
CDR-804DA7F6,CASE-0366,+917946908742,+915974561600,2023-10-11T08:02:00,1638,Hinjewadi,TOWER-391
CDR-57A4E57C,CASE-0384,+912465017878,+913809677908,2023-10-09T02:03:00,3478,Noida Sector 18,TOWER-941
CDR-4EA78F1C,CASE-0278,+910753540823,+916795460384,2023-05-06T12:04:00,1181,Andheri West,TOWER-475
CDR-94A0464F,CASE-0048,+917290393874,+914359315208,2023-07-28T23:11:00,78,Jubilee Hills,TOWER-332
CDR-94E58A2A,CASE-0477,+910932627488,+917654441593,2023-05-17T06:32:00,683,Andheri West,TOWER-996
CDR-554F3622,CASE-0239,+917523890332,+910157184090,2023-10-02T21:40:00,1796,Secunderabad Railway Station,TOWER-202
CDR-965C9B06,CASE-0235,+913205209634,+912606304666,2023-07-22T23:57:00,2486,Indiranagar,TOWER-852
CDR-583E1693,CASE-0086,+913494425741,+917491970036,2023-08-12T22:49:00,1069,Salt Lake City,TOWER-648
CDR-0D284521,CASE-0349,+917245810979,+912832897442,2023-07-20T09:57:00,2009,Koramangala,TOWER-881
CDR-083293F9,CASE-0421,+918843545700,+910180600289,2023-01-04T05:52:00,1909,Indiranagar,TOWER-218
CDR-B43A1A0A,CASE-0013,+911143514686,+913887951558,2023-05-15T08:23:00,36,Bandra Kurla Complex,TOWER-411
CDR-3EC5912E,CASE-0161,+912062619351,+917290393874,2023-05-18T13:16:00,3508,Anna Nagar,TOWER-180
CDR-0DA9D4D3,CASE-0283,+913426117548,+915593199549,2023-06-25T05:52:00,3338,Noida Sector 18,TOWER-795
CDR-24596C39,CASE-0253,+912905227010,+910473272070,2023-05-06T00:17:00,2462,Indiranagar,TOWER-184
CDR-18D61301,CASE-0476,+913272357528,+917403192210,2023-07-28T17:56:00,254,Karol Bagh,TOWER-819
CDR-FC906395,CASE-0243,+911402256863,+910986852506,2023-05-30T17:52:00,977,Indiranagar,TOWER-681
CDR-C312FDD4,CASE-0191,+915148982381,+910129742775,2023-06-12T00:45:00,1754,Salt Lake City,TOWER-988
CDR-9B5A1825,CASE-0018,+913632681752,+919564175770,2023-07-20T05:55:00,3191,Karol Bagh,TOWER-880
CDR-90059C40,CASE-0392,+916591365609,+917724642804,2023-05-17T13:36:00,495,Secunderabad Railway Station,TOWER-621
CDR-DA8BB8EC,CASE-0183,+917514951472,+915392468881,2023-02-22T20:38:00,2267,Koramangala,TOWER-923
CDR-56C89CF9,CASE-0041,+910257807600,+915041435052,2023-04-27T11:15:00,1759,Hinjewadi,TOWER-133
CDR-BF482F5A,CASE-0291,+915720825366,+914188108915,2023-01-09T12:04:00,2924,Jubilee Hills,TOWER-365
CDR-EA631E69,CASE-0176,+913520293182,+916886215371,2023-02-18T22:52:00,2621,T Nagar,TOWER-261
CDR-BC562468,CASE-0327,+911918567657,+916315895990,2023-10-26T01:44:00,140,Jubilee Hills,TOWER-221
CDR-D1E2DDD4,CASE-0126,+915505798296,+910829151054,2023-02-22T13:21:00,3019,Gurgaon Sector 29,TOWER-148
CDR-0F601453,CASE-0472,+910101173267,+912913672595,2023-03-31T18:24:00,1360,T Nagar,TOWER-359
CDR-9E054816,CASE-0220,+915920116378,+914239058338,2023-09-06T11:12:00,3354,Anna Nagar,TOWER-689
CDR-FA5D0CB9,CASE-0140,+915060892503,+915148982381,2023-05-08T01:52:00,3321,Secunderabad Railway Station,TOWER-586
CDR-ED26BDBE,CASE-0303,+912209263659,+912451348914,2023-08-29T18:58:00,1581,Vasant Kunj,TOWER-513
CDR-2C840A39,CASE-0249,+911885956157,+911885956157,2023-10-28T16:22:00,3251,Koramangala,TOWER-166
CDR-BE3B6C30,CASE-0456,+917015744250,+911794078254,2023-04-30T21:01:00,310,Gurgaon Sector 29,TOWER-608
CDR-98536E4E,CASE-0469,+916467269393,+912936766705,2023-03-29T09:54:00,884,Viman Nagar,TOWER-853
CDR-BEDC41B0,CASE-0225,+918646745808,+916510896593,2023-10-09T21:13:00,3429,T Nagar,TOWER-813
CDR-9CB7DE97,CASE-0155,+913130713069,+911814853486,2023-08-17T12:49:00,1535,Secunderabad Railway Station,TOWER-303
CDR-6204B73D,CASE-0439,+915626095597,+914239058338,2023-09-09T09:50:00,1519,T Nagar,TOWER-637
CDR-8642B9B9,CASE-0053,+910344747960,+910800420695,2023-07-27T16:57:00,1854,Koramangala,TOWER-410
CDR-618964FD,CASE-0182,+917846003535,+918857729439,2023-05-14T16:19:00,2174,Anna Nagar,TOWER-724
CDR-90A75B70,CASE-0251,+917290393874,+917654441593,2023-05-03T12:39:00,2210,Hinjewadi,TOWER-438
CDR-2AB622EF,CASE-0372,+913518382367,+919994525245,2023-09-06T19:11:00,1323,Noida Sector 18,TOWER-940
CDR-78F29CD9,CASE-0214,+914867612670,+915557871358,2023-05-31T21:23:00,1204,T Nagar,TOWER-906
CDR-26E732BC,CASE-0019,+919322880072,+917290393874,2023-08-08T11:32:00,1177,Secunderabad Railway Station,TOWER-197
CDR-EA671DA3,CASE-0335,+910757396191,+919453030225,2023-08-24T21:50:00,1440,Koramangala,TOWER-376
CDR-E29DE07B,CASE-0460,+915170419060,+910134604279,2023-07-26T11:58:00,2839,New Town,TOWER-151
CDR-C276F958,CASE-0339,+916450919703,+919137466960,2023-03-25T10:40:00,1540,Secunderabad Railway Station,TOWER-723
CDR-95B26F09,CASE-0455,+919897265945,+910923660677,2023-10-01T09:29:00,180,Viman Nagar,TOWER-247
CDR-B97690D9,CASE-0035,+912062619351,+910932627488,2023-06-26T03:52:00,2494,Indiranagar,TOWER-624
CDR-7D5732DD,CASE-0286,+913547280012,+915505389408,2023-06-24T12:40:00,616,Indiranagar,TOWER-788
CDR-71731324,CASE-0435,+911934242388,+915140721957,2023-01-31T03:09:00,2375,T Nagar,TOWER-667
CDR-D76D1DF2,CASE-0231,+916780341720,+917803306422,2023-04-01T11:55:00,2468,Noida Sector 18,TOWER-207
CDR-D0DD6540,CASE-0115,+910194795271,+911765887533,2023-03-11T11:27:00,869,Vasant Kunj,TOWER-350
CDR-4F4DD792,CASE-0310,+913975433895,+912848587043,2023-05-28T04:25:00,663,Koramangala,TOWER-245
CDR-41FF6012,CASE-0167,+915148982381,+915148982381,2023-07-19T07:48:00,3271,Salt Lake City,TOWER-722
CDR-8B00D277,CASE-0409,+918664962706,+917320431337,2023-02-08T07:34:00,2996,Vasant Kunj,TOWER-748
CDR-EACEF377,CASE-0369,+913718122167,+913278796890,2023-01-03T10:47:00,3549,Noida Sector 18,TOWER-412
CDR-8477997C,CASE-0103,+912749757820,+912267716859,2023-07-12T21:25:00,3349,Karol Bagh,TOWER-145
CDR-745D22D2,CASE-0036,+916102013312,+919618547415,2023-06-12T09:33:00,3147,Connaught Place,TOWER-821
CDR-C21DBD9B,CASE-0378,+919624765349,+912956227198,2023-07-05T09:21:00,2412,T Nagar,TOWER-257
CDR-4F2DF467,CASE-0075,+912848587043,+912848587043,2023-10-26T15:08:00,2975,Gurgaon Sector 29,TOWER-844
CDR-513F48EF,CASE-0264,+914704525776,+914359315208,2023-04-02T13:55:00,3238,Salt Lake City,TOWER-312
CDR-D5993CFB,CASE-0041,+910257807600,+910582549140,2023-09-21T01:34:00,3088,Bandra Kurla Complex,TOWER-237
CDR-C24C7BAF,CASE-0309,+918624564306,+915446451145,2023-03-14T07:29:00,3147,Bandra Kurla Complex,TOWER-997
CDR-0C15CE87,CASE-0129,+912062619351,+912062619351,2023-04-19T08:33:00,3155,Secunderabad Railway Station,TOWER-423
CDR-094BAF03,CASE-0032,+912440682429,+911661880781,2023-03-20T20:16:00,1473,T Nagar,TOWER-141
CDR-8A3FA966,CASE-0496,+914359315208,+914813120521,2023-05-23T12:09:00,709,Indiranagar,TOWER-721
CDR-C74ABB51,CASE-0365,+912525501978,+910964236072,2023-06-21T15:09:00,2380,Hinjewadi,TOWER-266
CDR-3F759FE9,CASE-0275,+915527465681,+911782032348,2023-10-02T23:54:00,2412,Gachibowli,TOWER-378
CDR-0449786E,CASE-0474,+911685532300,+914757143432,2023-01-28T08:40:00,519,Bandra Kurla Complex,TOWER-227
CDR-4F824F67,CASE-0055,+910540934015,+916811879018,2023-08-02T18:27:00,775,Noida Sector 18,TOWER-180
CDR-8C272DDD,CASE-0027,+917209157503,+919833140017,2023-05-08T23:39:00,1524,Viman Nagar,TOWER-904
CDR-E685F5DC,CASE-0137,+911885956157,+910753540823,2023-02-03T03:44:00,1972,Hinjewadi,TOWER-681
CDR-3115B735,CASE-0338,+918636402979,+919249683094,2023-03-01T22:32:00,1659,Gurgaon Sector 29,TOWER-337
CDR-FE25DE08,CASE-0146,+917368339136,+917290393874,2023-04-09T04:14:00,1398,Karol Bagh,TOWER-807
CDR-6F5B6DA2,CASE-0227,+912390601520,+915148982381,2023-06-21T04:27:00,1348,Bandra Kurla Complex,TOWER-736
CDR-B562C907,CASE-0481,+910683601456,+918846282381,2023-05-11T11:09:00,646,T Nagar,TOWER-190
CDR-341C0F86,CASE-0321,+916602875910,+918818028714,2023-04-25T04:40:00,1985,Hinjewadi,TOWER-371
CDR-349A8FE2,CASE-0442,+912440682429,+918624564306,2023-01-20T06:02:00,2801,T Nagar,TOWER-935
CDR-B276B6DB,CASE-0413,+912652392093,+919038572159,2023-04-03T10:12:00,3407,Koramangala,TOWER-347
CDR-38C24F47,CASE-0162,+915527465681,+911782032348,2023-06-15T17:28:00,164,T Nagar,TOWER-667
CDR-6111B70E,CASE-0254,+913967092791,+910348017984,2023-05-18T21:10:00,381,Andheri West,TOWER-923
CDR-CF8BCDEC,CASE-0003,+916038900275,+915049960370,2023-10-04T06:20:00,3411,Connaught Place,TOWER-272
CDR-21AE7EA4,CASE-0223,+913201112455,+919869625304,2023-08-27T04:34:00,689,T Nagar,TOWER-145
CDR-C9140ECC,CASE-0152,+915472697341,+915162294712,2023-05-05T12:26:00,3198,Bandra Kurla Complex,TOWER-271
CDR-EA936B21,CASE-0346,+912440682429,+915920116378,2023-05-20T19:00:00,1922,Andheri West,TOWER-330
CDR-F0896115,CASE-0183,+917514951472,+917037506919,2023-06-08T13:48:00,1247,Andheri West,TOWER-562
CDR-65E405CB,CASE-0442,+918695907400,+914175868877,2023-09-09T00:34:00,1986,T Nagar,TOWER-668
CDR-C67A9D75,CASE-0016,+911885956157,+915527465681,2023-06-24T04:31:00,615,Andheri West,TOWER-105
CDR-9D317CE1,CASE-0096,+919209133168,+917830835055,2023-05-19T12:46:00,1272,Hinjewadi,TOWER-431
CDR-5D65E3CE,CASE-0120,+913166452870,+911257683353,2023-06-22T19:14:00,1548,Gachibowli,TOWER-283
CDR-B4343DF7,CASE-0457,+912307915163,+912091316279,2023-08-20T09:42:00,77,Salt Lake City,TOWER-618
CDR-A85FE040,CASE-0190,+919620008163,+910652582566,2023-08-10T14:02:00,724,Bandra Kurla Complex,TOWER-463
CDR-5587D5B1,CASE-0148,+913152383180,+914595155619,2023-08-29T12:06:00,1766,Bandra Kurla Complex,TOWER-945
CDR-550CAFE6,CASE-0482,+917290393874,+918123483307,2023-07-13T17:08:00,2938,Noida Sector 18,TOWER-664
CDR-C63BCE9E,CASE-0463,+915024878084,+918521804182,2023-02-23T06:28:00,1962,Andheri West,TOWER-402
CDR-85F33048,CASE-0204,+913526581723,+912946442554,2023-10-25T23:05:00,3582,New Town,TOWER-457
CDR-4973C5A0,CASE-0024,+913057237398,+918001440264,2023-06-12T13:14:00,3193,Bandra Kurla Complex,TOWER-776
CDR-BB1FFAD2,CASE-0010,+912887085748,+919761056359,2023-05-11T15:02:00,2822,Andheri West,TOWER-381
CDR-2140A493,CASE-0365,+910932627488,+919378107496,2023-08-02T10:26:00,680,T Nagar,TOWER-324
CDR-D0E8B3CE,CASE-0497,+919941356537,+918944015796,2023-05-27T18:03:00,1852,Salt Lake City,TOWER-224
CDR-8CAAD535,CASE-0339,+910065981977,+914007715972,2023-04-26T13:45:00,848,T Nagar,TOWER-120
CDR-87501C74,CASE-0075,+912848587043,+918748436452,2023-02-28T09:40:00,1034,Gurgaon Sector 29,TOWER-793
CDR-2427193E,CASE-0108,+914271636761,+912182500952,2023-01-20T01:11:00,756,Gachibowli,TOWER-767
CDR-D3D96398,CASE-0132,+918843545700,+910539363533,2023-05-06T11:13:00,3199,Jubilee Hills,TOWER-933
CDR-8CD5DEB0,CASE-0500,+915875412697,+918794730259,2023-01-02T07:55:00,883,Salt Lake City,TOWER-755
CDR-A5B593AA,CASE-0272,+914271636761,+912833412977,2023-09-08T17:59:00,2133,Koramangala,TOWER-711
CDR-AC4BBBC3,CASE-0384,+917752711314,+913952866706,2023-01-07T03:18:00,1315,T Nagar,TOWER-192
CDR-0C241290,CASE-0205,+913131960108,+913975433895,2023-10-07T17:41:00,2004,Secunderabad Railway Station,TOWER-418
CDR-AE92F9CE,CASE-0190,+911324598357,+913035861658,2023-02-03T00:27:00,64,Indiranagar,TOWER-830
CDR-E7A918E0,CASE-0467,+916948125124,+910805856631,2023-10-02T07:39:00,790,Jubilee Hills,TOWER-959
CDR-968AB729,CASE-0431,+913073919952,+916691180374,2023-04-14T07:34:00,3548,Salt Lake City,TOWER-989
CDR-4CB33D5B,CASE-0303,+912209263659,+914666271521,2023-07-29T08:42:00,605,Vasant Kunj,TOWER-964
CDR-59FAC8B2,CASE-0091,+911627161355,+915388859033,2023-02-18T19:17:00,2751,Andheri West,TOWER-465
CDR-4992DF5E,CASE-0185,+912062619351,+911384507216,2023-05-13T03:29:00,1246,Gachibowli,TOWER-197
CDR-251308FD,CASE-0007,+919954724561,+912788163517,2023-04-13T09:57:00,1616,Noida Sector 18,TOWER-755
CDR-254D24FC,CASE-0445,+915133022776,+913062062429,2023-07-05T03:47:00,35,Koramangala,TOWER-887
CDR-EAD75521,CASE-0110,+912848587043,+913975433895,2023-10-05T10:53:00,319,Karol Bagh,TOWER-579
CDR-94AEC719,CASE-0138,+913610680304,+917303938092,2023-05-05T13:36:00,730,Koramangala,TOWER-704
CDR-F018CE6C,CASE-0113,+910753540823,+918843545700,2023-07-16T14:15:00,2607,Jubilee Hills,TOWER-338
CDR-7CCAD4A2,CASE-0118,+919311749984,+915983131684,2023-07-28T01:51:00,2672,T Nagar,TOWER-460
CDR-53E9E0D3,CASE-0391,+915148982381,+913481296231,2023-08-01T02:35:00,3319,Indiranagar,TOWER-314
CDR-8FD5ADBF,CASE-0397,+915071089262,+914206076044,2023-07-31T16:00:00,3291,Jubilee Hills,TOWER-766
CDR-C351F596,CASE-0398,+912790928367,+913357278263,2023-09-15T11:04:00,1716,Vasant Kunj,TOWER-326
CDR-6ABC4DBA,CASE-0420,+912688732077,+917296355620,2023-04-23T11:40:00,1608,Bandra Kurla Complex,TOWER-792
CDR-D7BEB7D3,CASE-0205,+910539363533,+910539363533,2023-06-12T11:55:00,1396,Bandra Kurla Complex,TOWER-425
CDR-0D6699B7,CASE-0188,+916459405371,+919837458446,2023-09-05T04:01:00,191,T Nagar,TOWER-937
CDR-534DFABE,CASE-0326,+910938543884,+911053060853,2023-04-12T21:46:00,2284,Vasant Kunj,TOWER-869
CDR-10D21946,CASE-0235,+914813120521,+914813120521,2023-04-20T19:24:00,1965,T Nagar,TOWER-146
CDR-0C56F6A2,CASE-0318,+915333219201,+917065053509,2023-08-10T00:40:00,720,Hinjewadi,TOWER-962
CDR-57CAF66D,CASE-0169,+910539363533,+910539363533,2023-04-10T02:01:00,3164,T Nagar,TOWER-373
CDR-A0D60656,CASE-0488,+913479765413,+913945848662,2023-05-06T02:50:00,2747,Secunderabad Railway Station,TOWER-915
CDR-34E980EE,CASE-0081,+911322995558,+916060244610,2023-06-14T07:21:00,3277,Viman Nagar,TOWER-139
CDR-14B6DE65,CASE-0389,+918015832943,+911061075692,2023-06-01T15:01:00,2531,Anna Nagar,TOWER-768
CDR-3909F69A,CASE-0103,+910345192761,+914276664863,2023-02-11T12:44:00,1618,T Nagar,TOWER-465
CDR-93F8A505,CASE-0111,+917363210587,+912440682429,2023-03-04T12:22:00,808,Gurgaon Sector 29,TOWER-309
CDR-3E121784,CASE-0354,+919230457822,+919901641411,2023-07-09T23:49:00,1833,T Nagar,TOWER-987
CDR-6A63A167,CASE-0196,+918825586433,+915053822828,2023-06-12T16:14:00,46,Jubilee Hills,TOWER-999
CDR-5EC9B3DD,CASE-0071,+911483958250,+917155592984,2023-05-03T14:32:00,642,Bandra Kurla Complex,TOWER-911
CDR-A1240F76,CASE-0062,+914271636761,+917781913465,2023-09-02T09:07:00,2647,Viman Nagar,TOWER-631
CDR-A9AD36ED,CASE-0270,+910114275646,+912531589879,2023-04-20T15:05:00,3468,Karol Bagh,TOWER-832
CDR-A6FDCBB2,CASE-0024,+913057237398,+918120422318,2023-01-27T11:27:00,60,Jubilee Hills,TOWER-442
CDR-57D0018D,CASE-0429,+911794440329,+911268551747,2023-04-21T17:56:00,2401,Koramangala,TOWER-344
CDR-59EB46C3,CASE-0182,+919194632646,+913634353020,2023-04-13T08:32:00,1621,Salt Lake City,TOWER-135
CDR-F89B6D3C,CASE-0324,+917290393874,+910000586085,2023-04-09T14:55:00,2106,Andheri West,TOWER-120
CDR-0885A6A0,CASE-0353,+910131161811,+915291541979,2023-05-06T07:48:00,2584,Gurgaon Sector 29,TOWER-248
CDR-DC9CE4CF,CASE-0164,+911885956157,+917290393874,2023-05-19T22:54:00,525,Salt Lake City,TOWER-221
CDR-47232107,CASE-0267,+917290393874,+915041435052,2023-08-05T18:15:00,2163,Vasant Kunj,TOWER-467
CDR-B7B1B889,CASE-0148,+910480805855,+916433827169,2023-07-20T17:15:00,2913,Viman Nagar,TOWER-213
CDR-3D67ABBC,CASE-0005,+916436535294,+916697571268,2023-02-02T00:13:00,1920,Andheri West,TOWER-296
CDR-052C765B,CASE-0048,+915148982381,+912062619351,2023-10-13T22:20:00,1160,Bandra Kurla Complex,TOWER-119
CDR-0051F90E,CASE-0418,+919345912958,+916829388362,2023-05-06T12:45:00,2045,Andheri West,TOWER-457
CDR-7AB2E799,CASE-0106,+915241522476,+917691539162,2023-06-04T00:50:00,1882,Gurgaon Sector 29,TOWER-808
CDR-5F15A561,CASE-0028,+915024878084,+915164437009,2023-09-23T10:59:00,758,Koramangala,TOWER-820
CDR-D25293D3,CASE-0175,+915215091504,+913363541432,2023-05-08T21:17:00,103,Viman Nagar,TOWER-653
CDR-94223AFB,CASE-0010,+912887085748,+917534044235,2023-01-30T18:32:00,1542,T Nagar,TOWER-388
CDR-1D32E6B0,CASE-0031,+915685487317,+917506180156,2023-04-01T20:54:00,1168,Gurgaon Sector 29,TOWER-954
CDR-03F34451,CASE-0435,+916209181900,+913079183916,2023-06-29T16:50:00,223,Jubilee Hills,TOWER-565
CDR-2192D758,CASE-0415,+913564721077,+910264418591,2023-06-06T23:29:00,2701,Hinjewadi,TOWER-960
CDR-194AF86C,CASE-0104,+915024878084,+918344878999,2023-10-24T15:58:00,1708,Hinjewadi,TOWER-194
CDR-1D77E15E,CASE-0387,+915401475726,+917440648425,2023-09-16T18:22:00,2945,Connaught Place,TOWER-460
CDR-89BA4EA9,CASE-0090,+912132649983,+913830043042,2023-09-23T14:22:00,2192,Viman Nagar,TOWER-654
CDR-BBBBB4E7,CASE-0014,+919458484561,+917868201809,2023-01-05T00:08:00,772,Anna Nagar,TOWER-547
CDR-661E8E39,CASE-0373,+914331414522,+911881008958,2023-02-12T23:53:00,2891,Hinjewadi,TOWER-345
CDR-C6103BB0,CASE-0082,+914449595368,+917623768464,2023-08-17T10:40:00,1560,Noida Sector 18,TOWER-287
CDR-977492AE,CASE-0240,+916786288566,+912610352965,2023-07-13T21:13:00,2983,Vasant Kunj,TOWER-952
CDR-4CC72B9B,CASE-0094,+912848587043,+915926241333,2023-06-26T01:33:00,1738,Jubilee Hills,TOWER-606
CDR-C4E7271B,CASE-0464,+919744029431,+913869356954,2023-01-07T18:30:00,2521,Indiranagar,TOWER-814
CDR-A3538973,CASE-0106,+912272847228,+916043889635,2023-07-01T10:24:00,152,Noida Sector 18,TOWER-470
CDR-72D4B854,CASE-0301,+910592445904,+911572762079,2023-03-16T10:38:00,52,Hinjewadi,TOWER-172
CDR-C61D750E,CASE-0071,+913276292967,+912282135833,2023-10-25T12:14:00,2786,Salt Lake City,TOWER-380
CDR-999D35E2,CASE-0491,+915600049059,+915640117423,2023-07-20T14:19:00,682,Anna Nagar,TOWER-443
CDR-03A424DF,CASE-0308,+918094245624,+910767439652,2023-09-02T04:42:00,1639,T Nagar,TOWER-220
CDR-EECD93D1,CASE-0154,+914239058338,+914813120521,2023-08-04T08:20:00,961,Gurgaon Sector 29,TOWER-358
CDR-4DD9D323,CASE-0119,+916060484474,+913645478911,2023-05-30T15:25:00,439,Bandra Kurla Complex,TOWER-908
CDR-6D7C7B5C,CASE-0479,+911944555315,+918701827972,2023-01-30T22:47:00,2109,Vasant Kunj,TOWER-549
CDR-C9E2E1F7,CASE-0397,+913482460675,+917438736672,2023-07-08T01:37:00,2867,Bandra Kurla Complex,TOWER-563
CDR-1FCD8178,CASE-0308,+910807347000,+918911340681,2023-07-04T10:52:00,2837,Koramangala,TOWER-825
CDR-7EDA7317,CASE-0254,+913967092791,+914893521317,2023-04-21T04:22:00,1073,Viman Nagar,TOWER-706
CDR-1A892850,CASE-0434,+914239058338,+914359315208,2023-04-26T00:09:00,843,Gurgaon Sector 29,TOWER-150
CDR-CFAF37CA,CASE-0274,+914897219099,+918945821562,2023-08-12T16:11:00,2754,Vasant Kunj,TOWER-781
CDR-361F0859,CASE-0128,+917875927829,+913268305503,2023-04-15T03:22:00,1084,Salt Lake City,TOWER-714
CDR-2F150B0E,CASE-0309,+918624564306,+917005388539,2023-02-01T13:18:00,722,Hinjewadi,TOWER-480
CDR-B1B1FE8A,CASE-0404,+915850796909,+911783698150,2023-01-08T22:33:00,3269,Secunderabad Railway Station,TOWER-697
CDR-708C20D3,CASE-0185,+913146332747,+912062619351,2023-10-10T04:16:00,3034,Secunderabad Railway Station,TOWER-209
CDR-65BF21C4,CASE-0296,+913547280012,+918925257770,2023-08-19T00:00:00,911,Hinjewadi,TOWER-736
CDR-D391B830,CASE-0424,+912062619351,+916209181900,2023-09-18T05:11:00,3413,Hinjewadi,TOWER-103
CDR-62055799,CASE-0251,+914778483311,+917620236769,2023-02-25T20:42:00,3027,Karol Bagh,TOWER-486
CDR-91C8E2B2,CASE-0136,+910093439981,+918893450443,2023-02-20T16:49:00,1301,Viman Nagar,TOWER-827
CDR-4C3BAF48,CASE-0362,+917290393874,+916309150898,2023-09-14T19:19:00,1491,Indiranagar,TOWER-420
CDR-2881D7E2,CASE-0191,+915148982381,+913635615789,2023-01-16T23:00:00,3040,Vasant Kunj,TOWER-828
CDR-D27812F4,CASE-0058,+911182536954,+914206370446,2023-06-22T13:50:00,1300,T Nagar,TOWER-114
CDR-4FDF7A7A,CASE-0488,+913479765413,+916240049371,2023-03-14T21:15:00,2472,T Nagar,TOWER-981
CDR-3839F31B,CASE-0342,+911311316868,+912556094890,2023-03-31T11:38:00,1529,Noida Sector 18,TOWER-217
CDR-24A03A49,CASE-0105,+915920116378,+917788261174,2023-05-23T07:19:00,3478,Jubilee Hills,TOWER-714
CDR-EA4CD208,CASE-0495,+916836823883,+915996520889,2023-10-11T09:11:00,1173,Noida Sector 18,TOWER-491
CDR-C7E0C847,CASE-0352,+918516951349,+916557970406,2023-06-11T12:57:00,1420,T Nagar,TOWER-517
CDR-EE2E8E5D,CASE-0096,+918128720205,+912440682429,2023-10-19T20:52:00,1760,Vasant Kunj,TOWER-382
CDR-BB87BDF8,CASE-0081,+919311749984,+918990602641,2023-03-02T23:19:00,2993,Karol Bagh,TOWER-972
CDR-198CA381,CASE-0480,+918887932482,+911300168215,2023-04-21T22:10:00,476,Jubilee Hills,TOWER-538
CDR-2B9DFD9F,CASE-0054,+917941313161,+916065047859,2023-10-20T00:58:00,1196,Indiranagar,TOWER-929
CDR-90E79FCA,CASE-0204,+919629244313,+910668980005,2023-05-11T01:37:00,1562,Gurgaon Sector 29,TOWER-500
CDR-8935FAB1,CASE-0156,+911140184254,+912226506249,2023-08-03T02:10:00,921,Noida Sector 18,TOWER-932
CDR-3D43BE57,CASE-0363,+916906208417,+917303767534,2023-06-01T00:06:00,1254,Viman Nagar,TOWER-717
CDR-24C6CBD8,CASE-0095,+914310005641,+912294901998,2023-10-26T08:53:00,173,Indiranagar,TOWER-761
CDR-A3F8A4F3,CASE-0103,+918628137469,+916165076391,2023-09-24T12:59:00,2575,Karol Bagh,TOWER-564
CDR-D04C6C75,CASE-0015,+910903554886,+917769259144,2023-08-22T17:23:00,2609,Salt Lake City,TOWER-803
CDR-61039784,CASE-0135,+915934840041,+917046289157,2023-06-01T21:46:00,1745,Gachibowli,TOWER-306
CDR-93C3E76A,CASE-0290,+911169689479,+912828052865,2023-07-15T19:30:00,3315,Viman Nagar,TOWER-186
CDR-C9E0E049,CASE-0103,+912749757820,+913861572620,2023-02-08T02:06:00,2587,Connaught Place,TOWER-450
CDR-07B92C37,CASE-0352,+918516951349,+916755137584,2023-05-27T10:03:00,438,Anna Nagar,TOWER-626
CDR-4AB0E1EE,CASE-0097,+918843545700,+915867724943,2023-10-25T10:58:00,1314,Andheri West,TOWER-466
CDR-706BB348,CASE-0362,+917290393874,+910932627488,2023-10-25T13:20:00,429,Koramangala,TOWER-783
CDR-95C49098,CASE-0116,+913687677348,+910134604279,2023-05-13T18:35:00,1472,Andheri West,TOWER-938
CDR-B1E7C85D,CASE-0414,+913958454431,+912202756686,2023-02-12T04:03:00,1309,Jubilee Hills,TOWER-630
CDR-B7270E41,CASE-0414,+910698567496,+918545155824,2023-05-24T09:21:00,2624,Koramangala,TOWER-901
CDR-BFFF1A7B,CASE-0426,+910753540823,+910206258334,2023-08-05T00:31:00,1494,New Town,TOWER-425
CDR-9C9B71B3,CASE-0011,+910134604279,+910032594285,2023-01-11T12:51:00,3513,Salt Lake City,TOWER-495
CDR-436685F9,CASE-0448,+918616736041,+917132365122,2023-08-27T14:44:00,3224,Noida Sector 18,TOWER-813
CDR-E6AD7FFE,CASE-0343,+919124800329,+918642521196,2023-02-18T09:29:00,2583,Koramangala,TOWER-836
CDR-8F634E40,CASE-0050,+910403190115,+916164327526,2023-02-13T00:40:00,2996,Koramangala,TOWER-303
CDR-38CA37D8,CASE-0429,+918894359079,+919068650828,2023-10-21T19:39:00,3094,Noida Sector 18,TOWER-975
CDR-F955D177,CASE-0463,+915024878084,+918118127591,2023-06-06T05:02:00,2171,New Town,TOWER-229
CDR-9D6C825F,CASE-0328,+910351193387,+915059142509,2023-04-22T14:47:00,2426,T Nagar,TOWER-165
CDR-4506E85D,CASE-0399,+913470946835,+915186203099,2023-10-01T19:33:00,733,Salt Lake City,TOWER-595
CDR-6E712711,CASE-0161,+913355863909,+916169709323,2023-10-28T05:35:00,762,New Town,TOWER-100
CDR-01541651,CASE-0238,+917559680968,+910735656805,2023-05-30T21:17:00,2126,Anna Nagar,TOWER-869
CDR-69F97B64,CASE-0448,+911923154528,+912486185485,2023-06-10T19:48:00,412,Hinjewadi,TOWER-614
CDR-A520B348,CASE-0393,+910753540823,+918812790563,2023-03-30T05:55:00,1492,New Town,TOWER-170
CDR-6624AB55,CASE-0050,+910326513902,+914858592467,2023-02-24T19:56:00,2009,Jubilee Hills,TOWER-878
CDR-AA5AEC22,CASE-0059,+919274027562,+917220026622,2023-05-19T15:14:00,2310,Hinjewadi,TOWER-805
CDR-05507E1F,CASE-0378,+916503137494,+915140236680,2023-10-15T02:53:00,1049,Karol Bagh,TOWER-164
CDR-66F6B479,CASE-0062,+914271636761,+910932627488,2023-05-19T00:43:00,1340,Gachibowli,TOWER-109
CDR-3139D6FD,CASE-0347,+917290393874,+915479767216,2023-01-30T17:48:00,466,Viman Nagar,TOWER-199
CDR-029FAC96,CASE-0256,+916040358515,+910134604279,2023-08-24T16:11:00,667,Hinjewadi,TOWER-173
CDR-87077E12,CASE-0338,+919863982404,+912155885517,2023-03-30T10:37:00,1646,Secunderabad Railway Station,TOWER-928
CDR-7330F4DB,CASE-0040,+912861444750,+911294839494,2023-04-26T03:21:00,1757,Secunderabad Railway Station,TOWER-465
CDR-ECB13149,CASE-0420,+912688732077,+911145920285,2023-08-15T06:45:00,1803,Noida Sector 18,TOWER-697
CDR-DB8BEEAE,CASE-0326,+918062798509,+917388779125,2023-04-08T17:10:00,450,Bandra Kurla Complex,TOWER-796
CDR-06BC496E,CASE-0231,+913019437790,+913486882745,2023-06-21T20:11:00,1253,Gachibowli,TOWER-612
CDR-9FCE0791,CASE-0200,+917290393874,+917278870067,2023-06-09T11:50:00,973,Connaught Place,TOWER-370
CDR-BB64208B,CASE-0329,+914359315208,+910721205177,2023-06-05T22:01:00,3354,Secunderabad Railway Station,TOWER-907
CDR-27AF0D44,CASE-0496,+914239058338,+915920116378,2023-03-22T09:32:00,2136,Connaught Place,TOWER-791
CDR-2AB7DAA2,CASE-0205,+910539363533,+911637953790,2023-04-03T13:41:00,624,Noida Sector 18,TOWER-412
CDR-11F244DE,CASE-0193,+912616150370,+915024878084,2023-04-14T06:27:00,2613,Salt Lake City,TOWER-402
CDR-4343EB40,CASE-0161,+915148982381,+919458484561,2023-10-09T06:05:00,2902,Koramangala,TOWER-276
CDR-08C3997A,CASE-0106,+912253239761,+912421968014,2023-02-17T12:16:00,1552,Andheri West,TOWER-823
CDR-17D4B9E5,CASE-0022,+911967835346,+915235297156,2023-01-09T07:08:00,818,Salt Lake City,TOWER-221
CDR-24A45DB7,CASE-0146,+915601628186,+915090643386,2023-06-22T19:38:00,2506,Salt Lake City,TOWER-166
CDR-905EBCE0,CASE-0086,+911290677077,+916674812184,2023-05-08T10:55:00,3089,Gurgaon Sector 29,TOWER-798
CDR-A89C7DC8,CASE-0198,+915662066583,+919504022774,2023-06-18T01:14:00,2128,Gurgaon Sector 29,TOWER-485
CDR-10524DDD,CASE-0210,+915916511362,+913108780239,2023-06-03T05:14:00,1802,Jubilee Hills,TOWER-355
CDR-DD6679D7,CASE-0117,+914239058338,+910223475541,2023-06-19T09:55:00,2573,Andheri West,TOWER-727
CDR-F8882E3A,CASE-0184,+910932627488,+916957420018,2023-07-06T07:45:00,1208,Karol Bagh,TOWER-184
CDR-3D837D03,CASE-0341,+912440682429,+914239058338,2023-04-21T20:45:00,1122,Connaught Place,TOWER-493
CDR-B2FFAE31,CASE-0167,+919458484561,+917635507282,2023-07-22T13:35:00,3031,T Nagar,TOWER-779
CDR-2CF521AC,CASE-0409,+919780086645,+915352952909,2023-07-21T12:40:00,134,Gurgaon Sector 29,TOWER-467
CDR-94A052C0,CASE-0087,+915835366118,+918106991702,2023-05-28T17:49:00,3272,New Town,TOWER-191
CDR-E88DDEA7,CASE-0301,+912670185291,+915222549612,2023-10-28T16:56:00,2246,Gurgaon Sector 29,TOWER-551
CDR-F71D5159,CASE-0025,+912219274262,+912974093910,2023-08-06T18:20:00,2405,Salt Lake City,TOWER-665
CDR-571F0C80,CASE-0325,+914802314203,+916070390967,2023-01-23T15:11:00,2879,Secunderabad Railway Station,TOWER-982
CDR-2055CA28,CASE-0249,+911885956157,+917290393874,2023-01-31T17:41:00,3465,Koramangala,TOWER-427
CDR-A056AABD,CASE-0427,+911749668311,+917506509299,2023-03-22T03:37:00,2915,New Town,TOWER-631
CDR-3F6BBB4C,CASE-0063,+913967092791,+916102428864,2023-05-05T14:08:00,770,Secunderabad Railway Station,TOWER-903
CDR-F220A6E5,CASE-0488,+911340095113,+915540632225,2023-01-06T12:20:00,827,Secunderabad Railway Station,TOWER-137
CDR-7A048BFC,CASE-0311,+915920116378,+911276291954,2023-03-30T07:12:00,885,Salt Lake City,TOWER-638
CDR-EF8D0CB5,CASE-0460,+915170419060,+914341766630,2023-01-14T14:57:00,821,Gurgaon Sector 29,TOWER-524
CDR-9BEAFE6D,CASE-0451,+914271636761,+912848587043,2023-01-14T16:25:00,513,Connaught Place,TOWER-605
CDR-077965FC,CASE-0151,+912273170905,+916710015953,2023-08-08T10:31:00,1247,Vasant Kunj,TOWER-640
CDR-ED23F2AD,CASE-0450,+911983879998,+911772439141,2023-07-13T12:44:00,2230,Gurgaon Sector 29,TOWER-499
CDR-6B4BAAB5,CASE-0470,+912440682429,+914359315208,2023-02-27T20:24:00,1960,Hinjewadi,TOWER-713
CDR-1F601806,CASE-0395,+913547280012,+914271636761,2023-08-06T13:39:00,1623,Andheri West,TOWER-197
CDR-CAD2CE1F,CASE-0411,+916532789447,+914180661346,2023-06-09T09:31:00,1171,Karol Bagh,TOWER-733
CDR-F6A8B1B6,CASE-0248,+917092587581,+910351387328,2023-06-21T01:21:00,696,Bandra Kurla Complex,TOWER-179
CDR-A60C2512,CASE-0369,+914271636761,+918621387898,2023-10-06T04:37:00,2612,Indiranagar,TOWER-669
CDR-CE7D0BB8,CASE-0334,+915368478470,+910101173267,2023-07-05T14:05:00,3409,Gurgaon Sector 29,TOWER-970
CDR-17629EEF,CASE-0166,+918843545700,+918843545700,2023-09-04T17:52:00,1101,Hinjewadi,TOWER-781
CDR-A5FBEF16,CASE-0414,+910698567496,+917290393874,2023-05-08T19:28:00,1036,Andheri West,TOWER-845
CDR-BED63234,CASE-0026,+917140525793,+917435760923,2023-03-24T23:08:00,1387,Anna Nagar,TOWER-641
CDR-B8AA64E3,CASE-0288,+919793845957,+911451688040,2023-02-26T18:28:00,2458,Gurgaon Sector 29,TOWER-596
CDR-4B48A1A2,CASE-0073,+918497591508,+913622997157,2023-04-11T20:47:00,885,T Nagar,TOWER-547
CDR-6B53F744,CASE-0228,+914464583306,+919490101614,2023-01-03T21:08:00,603,Koramangala,TOWER-637
CDR-DFA4162B,CASE-0482,+915148982381,+912062619351,2023-01-26T15:16:00,2525,T Nagar,TOWER-664
CDR-BC48D751,CASE-0331,+910575800006,+919847164310,2023-06-04T14:30:00,1231,Connaught Place,TOWER-831
CDR-583538D7,CASE-0187,+918843545700,+913121201754,2023-07-01T03:31:00,3227,Connaught Place,TOWER-684
CDR-B186B7DB,CASE-0163,+913084772999,+917654441593,2023-02-16T21:08:00,1625,Koramangala,TOWER-162
CDR-9D1761F6,CASE-0257,+911885956157,+910743298194,2023-09-07T06:17:00,68,Andheri West,TOWER-699
CDR-83444194,CASE-0214,+912599338749,+910551821324,2023-08-18T11:20:00,2039,Salt Lake City,TOWER-168
CDR-7A134668,CASE-0185,+912062619351,+917290393874,2023-10-13T04:32:00,2173,Bandra Kurla Complex,TOWER-704
CDR-49FAC65F,CASE-0037,+912848587043,+910350249745,2023-08-06T01:43:00,1980,New Town,TOWER-173
CDR-BACBEBF7,CASE-0037,+910539363533,+910539363533,2023-07-17T01:12:00,1567,Noida Sector 18,TOWER-886
CDR-F0758092,CASE-0481,+914898150371,+916233819996,2023-10-22T03:00:00,2097,Anna Nagar,TOWER-596
CDR-D81FB157,CASE-0381,+917970357325,+912341464024,2023-09-05T23:08:00,3564,Vasant Kunj,TOWER-534
CDR-661C704B,CASE-0143,+912935565536,+913970994167,2023-04-24T19:43:00,1935,Viman Nagar,TOWER-197
CDR-284487D6,CASE-0469,+916467269393,+912328198097,2023-10-06T11:03:00,3245,Vasant Kunj,TOWER-705
CDR-35E5829B,CASE-0193,+916489989200,+917049938564,2023-01-09T09:57:00,2664,Noida Sector 18,TOWER-453
CDR-745AF9A1,CASE-0151,+912273170905,+916688413297,2023-02-10T02:53:00,2037,T Nagar,TOWER-701
CDR-DB7AE951,CASE-0306,+913852227691,+916381967486,2023-02-21T17:35:00,349,Secunderabad Railway Station,TOWER-228
CDR-DF1B1CC3,CASE-0487,+917818193688,+916366884407,2023-09-12T11:16:00,1499,Anna Nagar,TOWER-999
CDR-269D8E64,CASE-0464,+919744029431,+916452862722,2023-06-23T13:23:00,2448,Salt Lake City,TOWER-703
CDR-82155278,CASE-0262,+910729675927,+910274668167,2023-08-28T04:35:00,355,Noida Sector 18,TOWER-595
CDR-93FFD9B2,CASE-0266,+911782032348,+915901518467,2023-10-18T02:42:00,1650,Salt Lake City,TOWER-726
CDR-47E10F55,CASE-0115,+910194795271,+915762278358,2023-02-04T22:52:00,3170,Connaught Place,TOWER-234
CDR-967689AD,CASE-0488,+911340095113,+911558833072,2023-05-01T07:47:00,263,Viman Nagar,TOWER-737
CDR-7C381C87,CASE-0194,+913975433895,+914359315208,2023-04-12T17:24:00,3359,Gurgaon Sector 29,TOWER-566
CDR-57B8A40B,CASE-0129,+912258665046,+910932627488,2023-08-06T06:35:00,1998,Indiranagar,TOWER-431
CDR-3038E30C,CASE-0375,+915285622937,+912794300022,2023-05-18T08:00:00,814,Indiranagar,TOWER-957
CDR-18898A7B,CASE-0415,+910038309856,+914643279922,2023-01-25T20:09:00,2405,Secunderabad Railway Station,TOWER-157
CDR-46BA812D,CASE-0208,+910417929229,+914853933061,2023-09-26T22:41:00,469,Andheri West,TOWER-770
CDR-F27233F7,CASE-0135,+917499454816,+914095625302,2023-05-07T02:27:00,2662,Koramangala,TOWER-639
CDR-56C1BDCE,CASE-0480,+910932627488,+915189432356,2023-09-28T06:08:00,1267,Salt Lake City,TOWER-167
CDR-903B8576,CASE-0139,+912998632328,+912265594867,2023-01-14T00:15:00,2475,Connaught Place,TOWER-397
CDR-8EF17F31,CASE-0425,+915920116378,+911858119944,2023-01-27T05:26:00,494,Indiranagar,TOWER-344
CDR-A97CCE7F,CASE-0495,+910959359407,+912203378400,2023-05-05T15:16:00,1000,Jubilee Hills,TOWER-526
CDR-D7A62149,CASE-0204,+913526581723,+916963763288,2023-04-14T13:32:00,1142,T Nagar,TOWER-344
CDR-FA323BE4,CASE-0002,+913601309591,+919797468358,2023-08-22T19:31:00,1052,Salt Lake City,TOWER-715
CDR-3087100F,CASE-0261,+917372958662,+915920116378,2023-05-21T00:14:00,1148,Anna Nagar,TOWER-956
CDR-A0E1CF28,CASE-0028,+915024878084,+910753540823,2023-10-08T18:10:00,772,Connaught Place,TOWER-702
CDR-B227B191,CASE-0324,+917290393874,+917344887990,2023-05-19T22:38:00,1996,T Nagar,TOWER-550
CDR-4D00EB5F,CASE-0384,+912465017878,+913799221771,2023-01-18T19:45:00,1387,New Town,TOWER-583
CDR-567B90C1,CASE-0161,+913511042927,+917290393874,2023-01-18T12:35:00,649,Karol Bagh,TOWER-983
CDR-BC6D4881,CASE-0318,+916677161866,+911695194550,2023-01-09T09:36:00,3367,Andheri West,TOWER-763
CDR-31E5A703,CASE-0423,+915148982381,+910034860520,2023-03-19T09:03:00,1691,Connaught Place,TOWER-519
CDR-5781F092,CASE-0463,+915024878084,+911882663224,2023-10-28T15:00:00,60,Secunderabad Railway Station,TOWER-382
CDR-8BDB90E7,CASE-0121,+910945335815,+915012712562,2023-08-13T09:57:00,2818,Indiranagar,TOWER-436
CDR-298F442E,CASE-0085,+913095214118,+913785239852,2023-02-15T21:50:00,2000,Jubilee Hills,TOWER-524
CDR-76FE169C,CASE-0228,+914464583306,+918786473270,2023-10-15T12:30:00,1608,Viman Nagar,TOWER-752
CDR-A30BA052,CASE-0009,+912068236245,+917078515550,2023-06-22T02:10:00,2695,T Nagar,TOWER-827
CDR-1E65C789,CASE-0049,+915061373475,+915745675170,2023-02-01T20:00:00,2408,Gurgaon Sector 29,TOWER-397
CDR-136044FC,CASE-0215,+917289286553,+916192891425,2023-01-21T15:55:00,2935,Andheri West,TOWER-994
CDR-B6FC6F6E,CASE-0338,+914609507226,+910206387393,2023-07-18T21:05:00,3530,Viman Nagar,TOWER-407
CDR-832227ED,CASE-0019,+911885956157,+917290393874,2023-09-28T04:24:00,262,Viman Nagar,TOWER-489
CDR-2AD0B939,CASE-0008,+917498717859,+913171823624,2023-05-12T11:04:00,2331,Noida Sector 18,TOWER-150
CDR-021B87F6,CASE-0440,+910860574459,+912026104494,2023-10-18T11:55:00,946,Anna Nagar,TOWER-409
CDR-27D2121E,CASE-0183,+917514951472,+919311749984,2023-05-21T00:27:00,2149,Indiranagar,TOWER-422
CDR-8EAEF614,CASE-0084,+911028848102,+914235432636,2023-03-14T17:49:00,505,Connaught Place,TOWER-523
CDR-B4374D42,CASE-0183,+917514951472,+914492173313,2023-07-09T15:55:00,988,Hinjewadi,TOWER-224
CDR-5EEA7217,CASE-0203,+912848587043,+914545137826,2023-09-10T04:42:00,2478,Secunderabad Railway Station,TOWER-915
CDR-C32466E5,CASE-0066,+912848587043,+919711868569,2023-05-24T12:23:00,1428,Hinjewadi,TOWER-155
CDR-CD55D55B,CASE-0259,+912062619351,+917321845191,2023-01-02T06:49:00,1165,Hinjewadi,TOWER-212
CDR-32287BFB,CASE-0260,+917349048307,+917054087612,2023-02-24T22:14:00,1810,Gachibowli,TOWER-698
CDR-4C92DD25,CASE-0278,+910753540823,+913547280012,2023-04-26T21:37:00,2097,Gurgaon Sector 29,TOWER-977
CDR-EB4121E9,CASE-0266,+912662533016,+911885956157,2023-01-01T11:04:00,2481,New Town,TOWER-955
CDR-1D4A4059,CASE-0313,+912848587043,+913608715525,2023-06-13T17:19:00,140,New Town,TOWER-804
CDR-17F0A961,CASE-0291,+914661848290,+918498136403,2023-01-12T04:52:00,3406,Hinjewadi,TOWER-174
CDR-8A3004BB,CASE-0290,+918873400226,+913153576120,2023-04-27T18:52:00,1433,T Nagar,TOWER-561
CDR-96033C9E,CASE-0357,+914078836069,+914206370446,2023-09-30T08:08:00,3487,Karol Bagh,TOWER-207
CDR-44CF3D99,CASE-0270,+915041435052,+913162787593,2023-07-22T00:18:00,2742,Indiranagar,TOWER-194
CDR-933C6466,CASE-0224,+916209181900,+916209181900,2023-04-17T11:52:00,1067,Viman Nagar,TOWER-915
CDR-09760DC3,CASE-0305,+914359315208,+912440682429,2023-09-15T09:37:00,1426,Karol Bagh,TOWER-760
CDR-9357342C,CASE-0010,+913541374225,+914717627583,2023-01-10T13:14:00,2782,Viman Nagar,TOWER-858
CDR-35C9676A,CASE-0249,+915527465681,+915527465681,2023-01-15T18:33:00,1562,Secunderabad Railway Station,TOWER-261
CDR-2D2E7DB6,CASE-0277,+915437501020,+919920540354,2023-04-25T11:11:00,2518,Viman Nagar,TOWER-537
CDR-CDD492E9,CASE-0123,+912911010547,+919893354356,2023-08-12T23:32:00,743,Secunderabad Railway Station,TOWER-670
CDR-02C8E220,CASE-0285,+918939472482,+915902913078,2023-05-10T01:54:00,295,T Nagar,TOWER-628
CDR-D085A119,CASE-0008,+916929750435,+916613820841,2023-03-17T11:23:00,1410,Jubilee Hills,TOWER-625
CDR-B049490E,CASE-0007,+910290034167,+910118314066,2023-05-24T05:13:00,1512,Andheri West,TOWER-922
CDR-8ECCFF13,CASE-0455,+916988753370,+913198008650,2023-03-04T21:34:00,2913,Connaught Place,TOWER-639
CDR-BB952054,CASE-0407,+919554505741,+915920116378,2023-02-14T05:08:00,1060,Karol Bagh,TOWER-611
CDR-3C63CD3E,CASE-0052,+916866149630,+919199201573,2023-04-10T15:24:00,1432,Salt Lake City,TOWER-214
CDR-6BF9C104,CASE-0408,+914271636761,+910539363533,2023-08-27T04:25:00,1635,Secunderabad Railway Station,TOWER-995
CDR-CF356E86,CASE-0144,+915024878084,+912796845903,2023-06-23T11:12:00,2563,Salt Lake City,TOWER-970
CDR-1AEF8A75,CASE-0068,+914239058338,+915607258634,2023-01-10T11:36:00,1618,Viman Nagar,TOWER-248
CDR-EB80B895,CASE-0111,+918225069331,+918714815684,2023-02-25T22:37:00,602,Vasant Kunj,TOWER-663
CDR-F10D7C1E,CASE-0222,+918843545700,+910217132114,2023-04-14T00:43:00,862,Gurgaon Sector 29,TOWER-348
CDR-77A6F964,CASE-0119,+916161550986,+916273818749,2023-04-03T12:33:00,2144,Gachibowli,TOWER-146
CDR-0EAA016A,CASE-0165,+912989638414,+917480506944,2023-05-22T00:41:00,2911,Secunderabad Railway Station,TOWER-749
CDR-85664C08,CASE-0459,+915024878084,+913983160279,2023-05-18T01:10:00,2277,New Town,TOWER-973
CDR-CF1FD557,CASE-0428,+912876616441,+915004518761,2023-03-10T13:32:00,1247,Anna Nagar,TOWER-494
CDR-A401E20A,CASE-0277,+915437501020,+919784115846,2023-07-03T13:37:00,2112,New Town,TOWER-590
CDR-8526450C,CASE-0100,+916010922190,+917854261148,2023-07-26T18:48:00,2895,Andheri West,TOWER-106
CDR-1EB93079,CASE-0404,+915850796909,+916001283928,2023-08-24T01:21:00,984,Connaught Place,TOWER-862
CDR-4FDF8069,CASE-0067,+913177907539,+914580647480,2023-08-13T01:43:00,2308,Hinjewadi,TOWER-139
CDR-59C34C80,CASE-0113,+914271636761,+916209181900,2023-10-03T10:19:00,736,Vasant Kunj,TOWER-612
CDR-5AAB131C,CASE-0238,+917559680968,+913697918645,2023-08-29T16:50:00,340,Anna Nagar,TOWER-285
CDR-5CD72E33,CASE-0291,+915720825366,+914909957012,2023-02-17T11:22:00,3523,New Town,TOWER-741
CDR-AD6DE4C3,CASE-0357,+914078836069,+916772346465,2023-10-12T13:42:00,514,Secunderabad Railway Station,TOWER-383
CDR-2BA20592,CASE-0362,+917290393874,+911641412282,2023-07-29T02:20:00,1215,T Nagar,TOWER-664
CDR-7824E5A9,CASE-0099,+918843545700,+910539363533,2023-06-08T04:30:00,2985,New Town,TOWER-938
CDR-FD039C28,CASE-0008,+917498717859,+914224482028,2023-08-16T01:10:00,2419,New Town,TOWER-802
CDR-DA2CD4B5,CASE-0336,+915337091967,+919924731471,2023-05-04T11:23:00,3529,Connaught Place,TOWER-855
CDR-9C4F1062,CASE-0294,+915566505892,+910529883572,2023-04-26T13:43:00,2054,Secunderabad Railway Station,TOWER-813
CDR-7F5D16AD,CASE-0285,+913604685817,+917236311514,2023-01-08T22:37:00,1414,New Town,TOWER-815
CDR-1259F00A,CASE-0187,+914883705619,+910816566482,2023-06-18T14:32:00,3241,Vasant Kunj,TOWER-297
CDR-F7FDBBCA,CASE-0130,+912550285147,+910426047790,2023-07-06T14:04:00,2211,Karol Bagh,TOWER-342
CDR-3F188068,CASE-0157,+913965686271,+916157163973,2023-04-28T04:01:00,2857,Hinjewadi,TOWER-349
CDR-349FF526,CASE-0485,+912886551940,+911417745933,2023-02-17T02:00:00,3548,Koramangala,TOWER-340
CDR-06F22C64,CASE-0113,+919213149684,+913547280012,2023-08-31T13:41:00,1917,New Town,TOWER-914
CDR-632D1327,CASE-0333,+919290770079,+912060251923,2023-09-26T23:46:00,1362,Vasant Kunj,TOWER-422
CDR-85AF5177,CASE-0013,+916103635999,+914239058338,2023-02-11T01:26:00,2454,Karol Bagh,TOWER-129
CDR-62BE216B,CASE-0303,+912209263659,+916487545284,2023-04-19T14:22:00,937,Gachibowli,TOWER-509
CDR-C0D760CA,CASE-0010,+916463565782,+918685592646,2023-09-08T21:04:00,3075,Salt Lake City,TOWER-372
CDR-FBD520EE,CASE-0313,+912848587043,+913975433895,2023-06-26T13:17:00,834,Gurgaon Sector 29,TOWER-867
CDR-EF13150B,CASE-0242,+913041361126,+913788362367,2023-05-19T14:05:00,608,T Nagar,TOWER-837
CDR-35875340,CASE-0205,+910539363533,+910539363533,2023-07-18T00:05:00,1705,Bandra Kurla Complex,TOWER-147
CDR-7C76DBC4,CASE-0024,+915140721957,+912074861218,2023-09-28T18:37:00,1733,Jubilee Hills,TOWER-686
CDR-E3967152,CASE-0409,+919408340346,+910301460152,2023-06-24T23:19:00,202,Secunderabad Railway Station,TOWER-400
CDR-1901B8AC,CASE-0346,+914239058338,+915920116378,2023-03-26T01:58:00,1278,T Nagar,TOWER-271
CDR-0358C29D,CASE-0055,+913842157215,+916453136566,2023-09-08T21:03:00,3050,Andheri West,TOWER-552
CDR-97D93EA4,CASE-0169,+918843545700,+910539363533,2023-05-29T13:45:00,1053,Vasant Kunj,TOWER-449
CDR-8CB34163,CASE-0354,+917104875947,+917567982536,2023-02-24T20:56:00,765,Noida Sector 18,TOWER-152
CDR-3C4BDF9E,CASE-0375,+914931637046,+919311749984,2023-01-31T12:40:00,2722,Bandra Kurla Complex,TOWER-105
CDR-9F5F69AF,CASE-0129,+911168037264,+910932627488,2023-04-30T03:30:00,3512,Viman Nagar,TOWER-540
CDR-F076231E,CASE-0356,+912496471378,+918729445583,2023-03-03T12:59:00,1222,Gachibowli,TOWER-435
CDR-2902286B,CASE-0492,+916970373369,+914006526318,2023-07-06T16:39:00,367,Indiranagar,TOWER-297
CDR-A289830B,CASE-0250,+916320919402,+914692930274,2023-05-20T16:19:00,2805,Bandra Kurla Complex,TOWER-741
CDR-5072EF2E,CASE-0272,+914271636761,+913975433895,2023-09-01T02:33:00,96,Vasant Kunj,TOWER-526
CDR-349E0A4B,CASE-0203,+912848587043,+915101184115,2023-06-26T08:35:00,2060,Andheri West,TOWER-319
CDR-B6A86A41,CASE-0202,+910534435001,+914206370446,2023-01-23T06:00:00,1143,Jubilee Hills,TOWER-606
CDR-D5484F61,CASE-0283,+911862412340,+918624564306,2023-08-24T09:06:00,3587,New Town,TOWER-453
CDR-4515DF8B,CASE-0439,+914359315208,+910222949277,2023-04-06T03:19:00,1866,Secunderabad Railway Station,TOWER-392
CDR-6DF1C68C,CASE-0373,+914331414522,+911885956157,2023-05-18T21:12:00,1668,Salt Lake City,TOWER-995
CDR-F62F6A0D,CASE-0101,+910582788962,+919655959387,2023-09-15T13:30:00,1267,T Nagar,TOWER-868
CDR-B8A89E24,CASE-0424,+912062619351,+915441307545,2023-02-25T08:35:00,435,Koramangala,TOWER-667
CDR-6ADD15A0,CASE-0251,+916131780652,+917765671603,2023-08-05T09:34:00,1812,Koramangala,TOWER-285
CDR-1D84C8D3,CASE-0272,+914271636761,+917357992141,2023-10-19T18:17:00,1457,New Town,TOWER-308
CDR-C526463F,CASE-0009,+919743316415,+916968461045,2023-01-23T17:04:00,2532,Bandra Kurla Complex,TOWER-653
CDR-60181A07,CASE-0321,+911885956157,+914794345488,2023-08-13T02:09:00,1401,Anna Nagar,TOWER-807
CDR-4CDAAFDD,CASE-0041,+910257807600,+912484735500,2023-06-22T09:21:00,1638,Gurgaon Sector 29,TOWER-804
CDR-0986A63C,CASE-0253,+910213409540,+918945733569,2023-08-31T20:41:00,2447,Andheri West,TOWER-354
CDR-10DB0F32,CASE-0148,+918808063297,+913584003759,2023-06-13T03:11:00,1491,Vasant Kunj,TOWER-807
CDR-12BEE461,CASE-0417,+915148982381,+918836339371,2023-04-16T19:12:00,3125,Secunderabad Railway Station,TOWER-679
CDR-09085C7C,CASE-0355,+915240512444,+913587737834,2023-09-11T05:05:00,3247,Karol Bagh,TOWER-612
CDR-B05D62AF,CASE-0492,+910878322338,+916387926977,2023-01-04T16:12:00,2018,Hinjewadi,TOWER-783
CDR-D550BCBF,CASE-0221,+912135016998,+915521802049,2023-02-06T05:58:00,1022,Koramangala,TOWER-147
CDR-BD4DFF8A,CASE-0229,+912848587043,+912245631042,2023-05-03T01:41:00,1470,Indiranagar,TOWER-147
CDR-B2C1895E,CASE-0223,+910776013091,+919345912958,2023-01-06T08:35:00,3471,Karol Bagh,TOWER-142
CDR-3F506549,CASE-0482,+915148982381,+913900063883,2023-08-13T10:33:00,2320,Gachibowli,TOWER-600
CDR-1E5CD3E4,CASE-0372,+918373992937,+911104400033,2023-09-30T02:56:00,1448,Hinjewadi,TOWER-395
CDR-0AC2E92F,CASE-0355,+915240512444,+912364851401,2023-02-19T05:02:00,1446,Connaught Place,TOWER-152
CDR-21694F2D,CASE-0310,+913975433895,+911673784577,2023-01-06T12:07:00,2421,Secunderabad Railway Station,TOWER-205
CDR-6025ECEA,CASE-0022,+914864867942,+913496178400,2023-07-13T07:53:00,996,T Nagar,TOWER-781
CDR-3053A966,CASE-0328,+918543058950,+919100845802,2023-06-07T03:53:00,1686,Hinjewadi,TOWER-765
CDR-33968BDA,CASE-0263,+911350676473,+914085244041,2023-04-06T23:08:00,786,Bandra Kurla Complex,TOWER-529
CDR-2C55DA38,CASE-0072,+915041435052,+913954028604,2023-05-26T09:02:00,3086,Hinjewadi,TOWER-832
CDR-7F8E6080,CASE-0220,+915920116378,+912440682429,2023-02-16T21:12:00,2347,Noida Sector 18,TOWER-944
CDR-DC1577EC,CASE-0159,+915024878084,+913547280012,2023-02-26T10:32:00,2866,Koramangala,TOWER-506
CDR-A4AF14BF,CASE-0213,+918843545700,+917973544670,2023-06-11T09:50:00,1754,Hinjewadi,TOWER-136
CDR-B74DCE93,CASE-0177,+911043729127,+912936107842,2023-08-05T17:18:00,2755,T Nagar,TOWER-466
CDR-DAEFD5A9,CASE-0159,+915024878084,+910753540823,2023-03-30T11:39:00,3537,Karol Bagh,TOWER-497
CDR-0F0FCE8E,CASE-0409,+919780086645,+910985113380,2023-10-04T15:20:00,3219,Connaught Place,TOWER-200
CDR-C4992DCB,CASE-0475,+914399993108,+915920116378,2023-01-31T08:33:00,1483,Gachibowli,TOWER-407
CDR-EBAF32B4,CASE-0064,+918545155824,+911605157863,2023-06-15T16:47:00,314,Gachibowli,TOWER-741
CDR-81D3CF58,CASE-0018,+912061004590,+916649130560,2023-08-18T20:45:00,1052,T Nagar,TOWER-723
CDR-A27B41CB,CASE-0113,+914271636761,+917893091684,2023-09-24T14:24:00,3473,Vasant Kunj,TOWER-528
CDR-248D2E01,CASE-0233,+916307331452,+912606124314,2023-07-27T12:21:00,1323,Indiranagar,TOWER-221
CDR-7C6518E0,CASE-0034,+913792548322,+913925133763,2023-08-10T04:42:00,2343,Gurgaon Sector 29,TOWER-290
CDR-1869501A,CASE-0220,+915920116378,+914359315208,2023-03-09T05:58:00,2019,T Nagar,TOWER-162
CDR-DA615257,CASE-0160,+918684724500,+917897333101,2023-09-22T21:09:00,3435,Indiranagar,TOWER-633
CDR-C1148A0D,CASE-0101,+910582788962,+912464990526,2023-08-14T13:11:00,1640,Karol Bagh,TOWER-606
CDR-1DBAED0B,CASE-0055,+913842157215,+911517268434,2023-09-03T03:13:00,3357,Noida Sector 18,TOWER-133
CDR-BD51A72F,CASE-0476,+910790612292,+914271636761,2023-04-27T07:29:00,251,Salt Lake City,TOWER-211
CDR-03CB3B55,CASE-0331,+919775743549,+916888071899,2023-10-18T00:23:00,618,Andheri West,TOWER-938
CDR-EFDE7436,CASE-0356,+913892283443,+916836302456,2023-08-11T17:39:00,2090,T Nagar,TOWER-139
CDR-96CE016C,CASE-0044,+913287294594,+914206370446,2023-04-27T02:13:00,48,Andheri West,TOWER-124
CDR-A00AD013,CASE-0012,+915024878084,+915024878084,2023-05-23T13:38:00,707,Andheri West,TOWER-959
CDR-B20D07E9,CASE-0041,+914919790673,+912154418460,2023-07-19T06:46:00,815,T Nagar,TOWER-593
CDR-D3FFAD3F,CASE-0329,+914359315208,+913302283151,2023-04-29T19:20:00,2761,Karol Bagh,TOWER-560
CDR-517C3658,CASE-0275,+915527465681,+915830582369,2023-04-23T08:16:00,2805,Salt Lake City,TOWER-391
CDR-C94C9A6A,CASE-0308,+912047292195,+911451942577,2023-06-22T00:21:00,884,Bandra Kurla Complex,TOWER-737
CDR-58595ABC,CASE-0390,+915480809438,+916171225992,2023-08-04T16:08:00,1380,Connaught Place,TOWER-205
CDR-D025E444,CASE-0378,+916763530693,+913607951381,2023-07-28T23:03:00,2963,Karol Bagh,TOWER-731
CDR-2D6C4DCC,CASE-0234,+917239633034,+919991792141,2023-09-25T17:31:00,1580,Indiranagar,TOWER-215
CDR-6906074D,CASE-0109,+914239058338,+917721098473,2023-04-08T12:56:00,3131,Anna Nagar,TOWER-325
CDR-F7469190,CASE-0003,+910178785641,+917822949386,2023-01-03T23:42:00,1039,Hinjewadi,TOWER-242
CDR-E0CCD1BC,CASE-0356,+913892283443,+914693805311,2023-08-17T20:01:00,3127,Anna Nagar,TOWER-568
CDR-1EA607C6,CASE-0104,+915024878084,+916319052076,2023-08-24T08:12:00,838,Gachibowli,TOWER-598
CDR-D4E5F28C,CASE-0293,+915726661994,+919722695253,2023-03-15T20:59:00,2705,Jubilee Hills,TOWER-412
CDR-3F1E4C83,CASE-0305,+914359315208,+913121201754,2023-09-22T22:52:00,2443,Gurgaon Sector 29,TOWER-353
CDR-0D3E89E5,CASE-0430,+915250272482,+911784181827,2023-09-24T04:52:00,154,Indiranagar,TOWER-676
CDR-F8CD042D,CASE-0241,+913121201754,+915200273340,2023-06-14T03:10:00,2255,New Town,TOWER-392
CDR-B84501DE,CASE-0422,+919351121846,+911782032348,2023-01-19T11:01:00,2110,Bandra Kurla Complex,TOWER-546
CDR-7489259E,CASE-0466,+912062619351,+914235432636,2023-01-27T21:00:00,2862,Hinjewadi,TOWER-728
CDR-04C8841C,CASE-0055,+913842157215,+915751853937,2023-10-04T04:22:00,1848,Karol Bagh,TOWER-674
CDR-0894FBB0,CASE-0472,+911871247315,+910704329641,2023-03-10T10:19:00,1313,Viman Nagar,TOWER-782
CDR-76F9DF01,CASE-0472,+910101173267,+914906228971,2023-10-14T21:21:00,2349,Salt Lake City,TOWER-790
CDR-190A978E,CASE-0223,+916596817235,+915965975928,2023-04-09T15:27:00,681,T Nagar,TOWER-660
CDR-FA0859DA,CASE-0327,+917578189223,+915290528232,2023-01-16T23:53:00,2426,New Town,TOWER-298
CDR-EAAC85B5,CASE-0074,+915024878084,+919618547415,2023-02-09T12:26:00,110,Viman Nagar,TOWER-746
CDR-42D271AA,CASE-0039,+916992627603,+917537225565,2023-05-18T23:45:00,774,Secunderabad Railway Station,TOWER-786
CDR-0382A5CA,CASE-0190,+911864346550,+915385022932,2023-02-18T09:00:00,459,Secunderabad Railway Station,TOWER-444
CDR-D80140C9,CASE-0215,+917289286553,+916297184801,2023-05-12T13:55:00,2197,Viman Nagar,TOWER-152
CDR-62F2F20A,CASE-0144,+915024878084,+918419232469,2023-07-26T04:09:00,3317,Noida Sector 18,TOWER-865
CDR-71F05292,CASE-0338,+914609507226,+918162508645,2023-08-25T19:15:00,1887,Gachibowli,TOWER-519
CDR-3C460F9F,CASE-0177,+911043729127,+911154020374,2023-10-11T00:58:00,1370,Salt Lake City,TOWER-816
CDR-EB495FBA,CASE-0217,+918994187632,+917697487998,2023-02-13T14:01:00,3259,Gurgaon Sector 29,TOWER-582
CDR-C0C6AED7,CASE-0195,+914359315208,+914239058338,2023-10-03T13:34:00,446,New Town,TOWER-547
CDR-9897A81B,CASE-0037,+912848587043,+917341904037,2023-07-16T05:03:00,942,Andheri West,TOWER-425
CDR-419E6163,CASE-0335,+910757396191,+919078870785,2023-05-02T00:15:00,1576,New Town,TOWER-256
CDR-38DB25CF,CASE-0439,+914359315208,+917652680602,2023-09-19T03:28:00,1340,Salt Lake City,TOWER-677
CDR-BD71E2F3,CASE-0399,+911349763005,+918526154313,2023-09-06T15:34:00,2909,Koramangala,TOWER-984
CDR-634A5A05,CASE-0164,+915527465681,+912872233019,2023-03-09T12:36:00,1411,Gachibowli,TOWER-385
CDR-2FC0A314,CASE-0089,+912809364277,+916117771795,2023-09-06T20:00:00,3425,Koramangala,TOWER-544
CDR-B09E3FA4,CASE-0068,+914813120521,+915920116378,2023-04-13T05:33:00,1613,Karol Bagh,TOWER-881
CDR-C750D2ED,CASE-0451,+917768693865,+917009063151,2023-07-27T16:12:00,1695,Bandra Kurla Complex,TOWER-674
CDR-4B2F4B2E,CASE-0441,+914374867375,+915157530844,2023-10-14T12:24:00,70,Karol Bagh,TOWER-792
CDR-FA44ED1E,CASE-0426,+910753540823,+916391022065,2023-03-09T18:22:00,2389,Andheri West,TOWER-333
CDR-E286643E,CASE-0031,+915515729662,+916928579130,2023-02-17T18:10:00,3214,Karol Bagh,TOWER-407
CDR-9A1B24AC,CASE-0066,+914157141674,+919301038348,2023-09-16T02:46:00,718,Viman Nagar,TOWER-897
CDR-C760ED39,CASE-0029,+910753540823,+910044844096,2023-01-13T22:36:00,1140,Bandra Kurla Complex,TOWER-878
CDR-596D0F69,CASE-0046,+918888401933,+918245260553,2023-08-22T17:43:00,556,Gurgaon Sector 29,TOWER-112
CDR-29DFB6AF,CASE-0349,+916021101710,+912695774221,2023-04-22T07:27:00,1645,Karol Bagh,TOWER-453
CDR-58196B3B,CASE-0257,+911885956157,+917780197610,2023-01-05T02:48:00,197,Viman Nagar,TOWER-134
CDR-3B714D79,CASE-0268,+910629220881,+918820754761,2023-02-01T10:29:00,1691,T Nagar,TOWER-617
CDR-FA96A7B7,CASE-0171,+917677300435,+917982192002,2023-08-08T03:03:00,2013,Salt Lake City,TOWER-680
CDR-65B22340,CASE-0084,+913976188626,+913120311213,2023-08-15T12:00:00,990,Bandra Kurla Complex,TOWER-463
CDR-10EA5B80,CASE-0211,+917320590357,+915144789068,2023-01-17T15:40:00,2176,Vasant Kunj,TOWER-758
CDR-D3A39CF3,CASE-0192,+914271636761,+913381157454,2023-09-18T08:34:00,1838,Hinjewadi,TOWER-934
CDR-68A2D9AE,CASE-0183,+917514951472,+911118590859,2023-02-21T09:39:00,1186,Koramangala,TOWER-590
CDR-EE70542C,CASE-0113,+910753540823,+916774634956,2023-01-16T02:51:00,1258,Noida Sector 18,TOWER-390
CDR-1A375B18,CASE-0239,+912081248808,+919098058978,2023-01-09T02:12:00,193,Andheri West,TOWER-692
CDR-B2A3415F,CASE-0437,+919784112801,+919947312128,2023-10-24T21:39:00,596,Hinjewadi,TOWER-709
CDR-49CBCFC7,CASE-0099,+918843545700,+913975433895,2023-10-17T07:26:00,1658,Salt Lake City,TOWER-853
CDR-E7313FDD,CASE-0048,+911681589415,+910141945675,2023-06-08T06:00:00,2109,Bandra Kurla Complex,TOWER-578
CDR-A9B4DB8F,CASE-0225,+918060325864,+912639871552,2023-02-03T09:05:00,2177,T Nagar,TOWER-624
CDR-E60B38BD,CASE-0318,+915333219201,+916868246300,2023-08-16T13:48:00,420,Salt Lake City,TOWER-268
CDR-F683E260,CASE-0337,+915111504745,+917866688665,2023-03-17T01:02:00,1141,Anna Nagar,TOWER-878
CDR-2A738E49,CASE-0097,+918843545700,+916590516922,2023-06-26T01:10:00,2435,New Town,TOWER-191
CDR-FF1D665B,CASE-0401,+919475810989,+917894193155,2023-09-20T09:58:00,597,Karol Bagh,TOWER-465
CDR-403B1B8D,CASE-0300,+918596106909,+919872077287,2023-01-31T03:56:00,2245,Gachibowli,TOWER-362
CDR-C53A8A3A,CASE-0256,+912871668936,+918723700737,2023-09-13T23:07:00,3473,Anna Nagar,TOWER-744
CDR-138CE183,CASE-0451,+914271636761,+911847819678,2023-04-14T23:17:00,545,Andheri West,TOWER-908
CDR-F70E5C70,CASE-0146,+912062619351,+910932627488,2023-07-22T18:43:00,2987,Connaught Place,TOWER-143
CDR-0A6EB275,CASE-0202,+910534435001,+913205773817,2023-03-07T19:23:00,2464,Andheri West,TOWER-435
CDR-D52E0DA0,CASE-0121,+910945335815,+916885350728,2023-02-04T19:59:00,457,Karol Bagh,TOWER-775
CDR-FC6A21AF,CASE-0142,+912270958094,+912856472829,2023-04-17T10:09:00,3544,Bandra Kurla Complex,TOWER-450
CDR-90CD66D7,CASE-0239,+910866982907,+914017384902,2023-09-10T19:20:00,1969,T Nagar,TOWER-116
CDR-42942584,CASE-0460,+910907184766,+918553662561,2023-04-03T19:13:00,1313,Connaught Place,TOWER-360
CDR-6805BF59,CASE-0226,+911323645859,+914359315208,2023-10-18T14:27:00,945,New Town,TOWER-327
CDR-783943D7,CASE-0387,+918968470923,+919010279576,2023-10-27T05:12:00,2784,Noida Sector 18,TOWER-234
CDR-0A923BEF,CASE-0424,+918680276138,+915140721957,2023-09-21T05:42:00,3207,Viman Nagar,TOWER-107
CDR-1EA0AC44,CASE-0059,+915324302155,+912366128739,2023-08-27T21:51:00,1442,Viman Nagar,TOWER-532
CDR-7A71C1B7,CASE-0287,+918824497730,+910753540823,2023-09-15T23:45:00,485,Bandra Kurla Complex,TOWER-947
CDR-9E404155,CASE-0062,+914271636761,+913547280012,2023-07-27T10:03:00,2728,New Town,TOWER-792
CDR-A916D5AD,CASE-0217,+918994187632,+915493658805,2023-03-13T11:26:00,3576,Salt Lake City,TOWER-477
CDR-4DEE77A8,CASE-0201,+915950179837,+919020405554,2023-01-22T15:51:00,1437,Vasant Kunj,TOWER-421
CDR-4F5FDCD4,CASE-0381,+918236906110,+913213890325,2023-09-04T04:34:00,1111,Koramangala,TOWER-887
CDR-AC7803CC,CASE-0330,+911782032348,+911782032348,2023-02-06T00:29:00,2706,Andheri West,TOWER-534
CDR-ED6F0147,CASE-0288,+918987849460,+910894544717,2023-09-14T19:59:00,1545,Hinjewadi,TOWER-486
CDR-A309BFFA,CASE-0327,+910351193387,+912467648015,2023-08-04T22:25:00,2575,Secunderabad Railway Station,TOWER-391
CDR-7A3158A5,CASE-0306,+914271636761,+915245317655,2023-05-10T11:51:00,1886,T Nagar,TOWER-792
CDR-E7F2FC5B,CASE-0064,+918545155824,+918545155824,2023-05-09T03:45:00,3160,Connaught Place,TOWER-521
CDR-235D8673,CASE-0225,+911658299659,+914572497916,2023-08-12T23:56:00,672,Bandra Kurla Complex,TOWER-896
CDR-F480878B,CASE-0233,+916307331452,+914334398845,2023-05-21T21:05:00,2835,Jubilee Hills,TOWER-684
CDR-B8318A58,CASE-0306,+912920155706,+915137880164,2023-02-08T01:46:00,3329,New Town,TOWER-904
CDR-C8BBC50B,CASE-0452,+916723505804,+919668738453,2023-05-12T15:03:00,299,Viman Nagar,TOWER-313
CDR-4F4EA125,CASE-0171,+919766705777,+919848360783,2023-03-21T08:09:00,2167,Karol Bagh,TOWER-986
CDR-A0AFF378,CASE-0467,+914654635874,+910539363533,2023-02-22T18:19:00,3448,Jubilee Hills,TOWER-688
CDR-40FB031F,CASE-0278,+916209181900,+915024878084,2023-04-20T20:13:00,2597,Gurgaon Sector 29,TOWER-713
CDR-774A13B0,CASE-0218,+916853957256,+912892232268,2023-09-16T22:27:00,1673,Bandra Kurla Complex,TOWER-324
CDR-7FD19688,CASE-0492,+911069703138,+912683607408,2023-03-27T16:23:00,3499,Noida Sector 18,TOWER-577
CDR-7BE13584,CASE-0323,+911451296832,+919621413095,2023-10-14T11:42:00,419,Gurgaon Sector 29,TOWER-514
CDR-A39ADCF7,CASE-0380,+917863804088,+910101173267,2023-04-22T14:38:00,3193,Koramangala,TOWER-743
CDR-FDDCCBAC,CASE-0423,+915148982381,+917371165679,2023-05-09T20:27:00,2098,Koramangala,TOWER-991
CDR-5B7FCCD0,CASE-0093,+913626380693,+911097146376,2023-08-13T09:15:00,2833,Viman Nagar,TOWER-543
CDR-4BD10ABA,CASE-0402,+918742614667,+910108614849,2023-07-10T16:31:00,1355,Andheri West,TOWER-184
CDR-0F13D126,CASE-0216,+915317971836,+918212068585,2023-06-26T14:26:00,614,Hinjewadi,TOWER-536
CDR-1F9CF45F,CASE-0481,+910665931350,+910973511553,2023-05-29T18:59:00,2013,Viman Nagar,TOWER-220
CDR-F4BB9EA2,CASE-0132,+918843545700,+914929875576,2023-06-17T06:50:00,3414,Anna Nagar,TOWER-639
CDR-36D9B07E,CASE-0098,+910753540823,+918223347855,2023-04-13T03:00:00,1690,Salt Lake City,TOWER-157
CDR-58AA94D6,CASE-0285,+911244609726,+910090528580,2023-04-25T04:09:00,2514,Bandra Kurla Complex,TOWER-245
CDR-817AC607,CASE-0196,+917660680704,+914032355129,2023-09-17T18:46:00,1308,Connaught Place,TOWER-914
CDR-C84CE73B,CASE-0055,+913842157215,+914703171232,2023-03-21T08:39:00,626,Koramangala,TOWER-671
CDR-EF85DFED,CASE-0158,+914577803160,+916798050807,2023-03-20T15:23:00,662,Noida Sector 18,TOWER-510
CDR-BDB1F5F0,CASE-0111,+915920116378,+911768405685,2023-05-11T07:48:00,959,T Nagar,TOWER-224
CDR-98D64358,CASE-0313,+912848587043,+914975590301,2023-06-30T18:50:00,1943,Secunderabad Railway Station,TOWER-636
CDR-ECCD6D6A,CASE-0140,+915060892503,+914957071197,2023-05-03T21:01:00,2940,New Town,TOWER-456
CDR-3EA28AD1,CASE-0323,+910588112862,+913678176019,2023-04-21T17:53:00,2676,Gachibowli,TOWER-499
CDR-66E865AC,CASE-0445,+916866842745,+910753540823,2023-08-09T21:47:00,628,Indiranagar,TOWER-901
CDR-BFF1744D,CASE-0021,+915999606810,+916512418545,2023-03-26T06:42:00,2390,Salt Lake City,TOWER-127
CDR-DE6A0CBD,CASE-0490,+919458484561,+915148982381,2023-02-09T13:54:00,2941,Gachibowli,TOWER-214
CDR-0BF0620B,CASE-0490,+919458484561,+917290393874,2023-06-12T00:08:00,3019,Gachibowli,TOWER-315
CDR-A7E8F527,CASE-0095,+912848587043,+912096875051,2023-09-16T18:55:00,1069,Andheri West,TOWER-847
CDR-181A90EF,CASE-0206,+912706086086,+915024878084,2023-05-27T10:33:00,1908,Anna Nagar,TOWER-287
CDR-F5744B51,CASE-0018,+913632681752,+917894739847,2023-08-05T07:17:00,669,Connaught Place,TOWER-547
CDR-833500DC,CASE-0493,+914239058338,+914359315208,2023-10-12T05:20:00,2445,Secunderabad Railway Station,TOWER-579
CDR-D1C5A9B1,CASE-0434,+915540263137,+915920116378,2023-03-30T14:20:00,1711,Noida Sector 18,TOWER-815
CDR-8640C912,CASE-0338,+917867468350,+911988632472,2023-08-13T19:55:00,3039,Bandra Kurla Complex,TOWER-508
CDR-9781EE9D,CASE-0143,+912935565536,+916036230399,2023-10-10T11:07:00,2816,Gurgaon Sector 29,TOWER-574
CDR-060FF59C,CASE-0394,+914811049809,+914882171895,2023-06-08T17:13:00,2035,Anna Nagar,TOWER-560
CDR-174BD08E,CASE-0299,+910122351319,+910988604262,2023-02-07T10:24:00,2357,Connaught Place,TOWER-661
CDR-959A97F4,CASE-0021,+915999606810,+918058529447,2023-05-02T11:30:00,2812,T Nagar,TOWER-411
CDR-38C34907,CASE-0349,+917737762768,+912097187498,2023-08-21T09:14:00,803,Gurgaon Sector 29,TOWER-329
CDR-B813C9C5,CASE-0415,+911782032348,+913975433895,2023-08-21T17:39:00,3187,Koramangala,TOWER-867
CDR-5DE6FF9A,CASE-0008,+917480400932,+910145934385,2023-08-17T17:37:00,267,Indiranagar,TOWER-495
CDR-E286E500,CASE-0446,+913333475216,+912071355823,2023-03-29T07:22:00,1243,Gurgaon Sector 29,TOWER-435
CDR-ED7AAE57,CASE-0244,+918782236916,+918131175747,2023-10-22T00:31:00,1144,Salt Lake City,TOWER-583
CDR-9F8989A0,CASE-0227,+912390601520,+917795999513,2023-01-05T06:34:00,993,New Town,TOWER-806
CDR-41329737,CASE-0015,+918646745808,+919426913085,2023-04-08T10:44:00,2209,Noida Sector 18,TOWER-512
CDR-5B744A36,CASE-0166,+918843545700,+912833424471,2023-01-08T11:21:00,459,Karol Bagh,TOWER-108
CDR-30CF31C8,CASE-0181,+917483240270,+910539363533,2023-09-08T07:05:00,3455,Bandra Kurla Complex,TOWER-425
CDR-F99D3540,CASE-0021,+915999606810,+917953008864,2023-10-25T15:21:00,3566,Secunderabad Railway Station,TOWER-175
CDR-9787D902,CASE-0481,+910683601456,+912399062484,2023-03-06T09:19:00,560,Secunderabad Railway Station,TOWER-565
CDR-2BCBD5C5,CASE-0177,+911043729127,+918130372426,2023-08-25T05:01:00,2017,Jubilee Hills,TOWER-394
CDR-3BF11F15,CASE-0316,+910351193387,+918026487109,2023-05-06T12:34:00,2765,Anna Nagar,TOWER-536
CDR-E05DF418,CASE-0435,+916209181900,+914794006221,2023-07-30T12:12:00,681,Indiranagar,TOWER-467
CDR-0C525B3E,CASE-0107,+912342539993,+919118577660,2023-03-31T19:16:00,2101,Karol Bagh,TOWER-549
CDR-F9A47220,CASE-0235,+914813120521,+914813120521,2023-03-05T20:01:00,3182,Gurgaon Sector 29,TOWER-156
CDR-1F3354CF,CASE-0177,+911043729127,+916967987519,2023-03-09T17:11:00,1304,Gurgaon Sector 29,TOWER-929
CDR-F8552C4B,CASE-0166,+914271636761,+914903140021,2023-10-14T02:35:00,1802,Secunderabad Railway Station,TOWER-860
CDR-67B7B721,CASE-0267,+918843857415,+917887800518,2023-07-04T23:47:00,2429,Salt Lake City,TOWER-946
CDR-D5382A84,CASE-0169,+918843545700,+914271636761,2023-02-01T18:52:00,2396,Karol Bagh,TOWER-584
CDR-43C56451,CASE-0499,+910134604279,+915089551735,2023-10-11T01:54:00,249,Koramangala,TOWER-591
CDR-2F0F7FC6,CASE-0006,+915527465681,+915527465681,2023-01-12T11:19:00,3388,Gurgaon Sector 29,TOWER-424
CDR-7B2831B1,CASE-0391,+915148982381,+910932627488,2023-09-16T00:05:00,2873,Vasant Kunj,TOWER-174
CDR-B9A6A02F,CASE-0401,+914606673509,+919515175084,2023-01-21T03:13:00,2628,Vasant Kunj,TOWER-831
CDR-F69AEE04,CASE-0349,+916021101710,+919873539352,2023-06-03T00:05:00,1064,Hinjewadi,TOWER-579
CDR-59462F13,CASE-0075,+910539363533,+918035985262,2023-03-25T03:02:00,493,Gachibowli,TOWER-306
CDR-D59242CC,CASE-0107,+913020737937,+912085310789,2023-07-31T17:14:00,3050,New Town,TOWER-914
CDR-BFE4386F,CASE-0036,+910499599955,+912421290645,2023-03-02T21:39:00,582,Secunderabad Railway Station,TOWER-449
CDR-4870CD8B,CASE-0498,+914359315208,+915920116378,2023-10-05T09:45:00,1366,Vasant Kunj,TOWER-602
CDR-C1AC75A8,CASE-0256,+919065150006,+919340923876,2023-06-23T11:37:00,2402,New Town,TOWER-404
CDR-D528731D,CASE-0317,+915687309339,+919571033032,2023-06-05T23:40:00,997,New Town,TOWER-887
CDR-8E45A0EC,CASE-0128,+917875927829,+918441837606,2023-07-03T16:18:00,3356,Hinjewadi,TOWER-385
CDR-23D90DCC,CASE-0269,+914187769619,+917290393874,2023-06-13T21:35:00,1345,Connaught Place,TOWER-574
CDR-80752AA0,CASE-0006,+915527465681,+910539363533,2023-03-27T15:08:00,1485,T Nagar,TOWER-434
CDR-E3F7A848,CASE-0342,+919668738453,+912355406848,2023-10-17T17:05:00,227,Jubilee Hills,TOWER-146
CDR-A7E612B0,CASE-0217,+918994187632,+916223567550,2023-02-27T19:30:00,1940,T Nagar,TOWER-778
CDR-5E0F3495,CASE-0195,+914813120521,+912440682429,2023-06-18T18:11:00,3403,Gachibowli,TOWER-242
CDR-C59BEE6F,CASE-0058,+916248863117,+911481611153,2023-08-24T19:26:00,3495,Gachibowli,TOWER-216
CDR-57B543E7,CASE-0236,+913067876211,+914150822877,2023-03-16T09:53:00,3209,Vasant Kunj,TOWER-260
CDR-F2B6DDEE,CASE-0198,+916325484698,+910279750812,2023-09-29T04:46:00,3380,Gurgaon Sector 29,TOWER-248
CDR-BF7C5F1B,CASE-0472,+914400313372,+914964561442,2023-08-27T17:08:00,595,Secunderabad Railway Station,TOWER-995
CDR-E4002520,CASE-0302,+918341046989,+910561777582,2023-02-13T06:58:00,1236,Jubilee Hills,TOWER-706
CDR-A28E7F09,CASE-0341,+914239058338,+915920116378,2023-08-24T23:58:00,552,Andheri West,TOWER-814
CDR-AE91A9B4,CASE-0295,+910753540823,+911045630262,2023-07-29T12:14:00,28,Gachibowli,TOWER-718
CDR-C45FA682,CASE-0289,+914573281467,+917432537351,2023-01-21T10:56:00,3189,Bandra Kurla Complex,TOWER-326
CDR-B0D9B105,CASE-0407,+913547280012,+915539965394,2023-05-09T18:29:00,510,Bandra Kurla Complex,TOWER-340
CDR-754EC0AA,CASE-0245,+913975433895,+914271636761,2023-05-08T14:29:00,1049,Andheri West,TOWER-770
CDR-4B1A9F5C,CASE-0210,+912848587043,+916730177135,2023-06-06T17:24:00,1159,New Town,TOWER-451
CDR-4BB6A438,CASE-0061,+915945038835,+911163433988,2023-05-01T06:50:00,732,Karol Bagh,TOWER-247
CDR-03A0574E,CASE-0157,+911498427215,+914690265365,2023-05-26T08:07:00,104,New Town,TOWER-103
CDR-2CEF813C,CASE-0244,+913828987535,+914257631753,2023-10-02T01:19:00,1015,Noida Sector 18,TOWER-408
CDR-4ECAACC4,CASE-0475,+914399993108,+918602857383,2023-02-04T19:51:00,1029,Salt Lake City,TOWER-373
CDR-25C78720,CASE-0408,+916189270899,+910539363533,2023-07-03T08:50:00,481,Hinjewadi,TOWER-704
CDR-FD75CD2F,CASE-0066,+912848587043,+910593635395,2023-08-08T01:20:00,2451,Bandra Kurla Complex,TOWER-240
CDR-55C28989,CASE-0037,+912848587043,+918843545700,2023-06-15T19:50:00,1092,Hinjewadi,TOWER-759
CDR-D15F6280,CASE-0211,+911251754409,+917820844683,2023-08-17T00:30:00,1524,Viman Nagar,TOWER-439
CDR-8F615ACB,CASE-0208,+918784429976,+918769093282,2023-08-08T03:13:00,1293,Jubilee Hills,TOWER-348
CDR-FDFD44F3,CASE-0244,+910164672119,+910080300057,2023-09-09T10:45:00,984,Koramangala,TOWER-834
CDR-0DC73F8B,CASE-0287,+912706886837,+917551681458,2023-09-10T04:57:00,1647,Andheri West,TOWER-916
CDR-D0963743,CASE-0092,+917493489727,+919420921991,2023-03-18T01:13:00,346,New Town,TOWER-139
CDR-D5782ED0,CASE-0225,+918646745808,+917007064441,2023-07-20T14:38:00,2475,Connaught Place,TOWER-659
CDR-B33DF1BB,CASE-0227,+913273766213,+913755149080,2023-10-10T15:14:00,3178,Karol Bagh,TOWER-536
CDR-15DE4FEC,CASE-0118,+919311749984,+919697290186,2023-06-17T16:03:00,3357,Andheri West,TOWER-815
CDR-AB7B5ED7,CASE-0188,+916459405371,+912196875218,2023-09-23T01:28:00,2031,New Town,TOWER-677
CDR-A867E57D,CASE-0021,+915999606810,+916836823883,2023-10-11T07:42:00,2789,Secunderabad Railway Station,TOWER-145
CDR-2BDB16A3,CASE-0337,+910569207106,+913023787800,2023-06-19T19:53:00,1252,New Town,TOWER-301
CDR-710F85B4,CASE-0151,+912273170905,+915727976092,2023-01-02T11:48:00,1105,Hinjewadi,TOWER-359
CDR-175499E4,CASE-0088,+916082178842,+910101173267,2023-04-14T03:13:00,2638,Vasant Kunj,TOWER-663
CDR-204610AD,CASE-0478,+910753540823,+910753540823,2023-09-30T03:51:00,1199,New Town,TOWER-649
CDR-DFEDC28C,CASE-0411,+917915834898,+913270777471,2023-03-03T16:12:00,3473,Karol Bagh,TOWER-880
CDR-99F31555,CASE-0022,+911967835346,+916131994417,2023-09-27T05:08:00,3566,Bandra Kurla Complex,TOWER-210
CDR-30A378C9,CASE-0143,+915611956058,+918845527408,2023-03-26T20:42:00,126,Hinjewadi,TOWER-315
CDR-936DFA8A,CASE-0268,+914049084003,+914359315208,2023-08-13T03:12:00,2719,Secunderabad Railway Station,TOWER-145
CDR-EF8DBB82,CASE-0478,+913385955857,+916024129215,2023-05-20T10:52:00,285,Secunderabad Railway Station,TOWER-261
CDR-D5DA4824,CASE-0202,+919354462476,+910717351317,2023-04-06T19:44:00,946,Viman Nagar,TOWER-301
CDR-AE71D216,CASE-0365,+910932627488,+911857812874,2023-01-19T13:56:00,1162,Karol Bagh,TOWER-489
CDR-CE07D153,CASE-0140,+914159939818,+911304090776,2023-09-24T09:35:00,1509,Gachibowli,TOWER-974
CDR-C3DE979F,CASE-0048,+913753443480,+910932627488,2023-09-21T04:10:00,1199,New Town,TOWER-742
CDR-294AC9A1,CASE-0253,+910213409540,+912648815446,2023-03-09T20:31:00,1107,New Town,TOWER-418
CDR-12756D9A,CASE-0450,+913344759012,+911430939541,2023-07-08T11:34:00,1870,Jubilee Hills,TOWER-899
CDR-05C6D3EF,CASE-0058,+916248863117,+910810299567,2023-01-08T23:00:00,1748,Jubilee Hills,TOWER-858
CDR-FEADCFDE,CASE-0016,+914376041152,+911885956157,2023-09-21T22:08:00,2806,Andheri West,TOWER-665
CDR-655E5FF2,CASE-0103,+912749757820,+910197298505,2023-06-02T05:53:00,1517,Secunderabad Railway Station,TOWER-718
CDR-155DA2CF,CASE-0307,+918703640052,+912175804898,2023-08-27T05:59:00,650,Viman Nagar,TOWER-550
CDR-29240CBA,CASE-0067,+914074236407,+914670939702,2023-06-18T18:36:00,1724,T Nagar,TOWER-619
CDR-E3C514A1,CASE-0365,+914692750234,+919847609988,2023-07-04T14:19:00,1752,Karol Bagh,TOWER-903
CDR-ED3B5015,CASE-0455,+918703732070,+910575965903,2023-08-25T10:34:00,2202,T Nagar,TOWER-733
CDR-675DCC14,CASE-0382,+910753540823,+910753540823,2023-02-15T07:08:00,1680,Gachibowli,TOWER-418
CDR-9A364932,CASE-0258,+910304936466,+918314413164,2023-02-11T12:43:00,2943,Secunderabad Railway Station,TOWER-104
CDR-3F7E253D,CASE-0359,+919458484561,+915275708960,2023-02-28T18:19:00,1348,Secunderabad Railway Station,TOWER-844
CDR-86723AEE,CASE-0349,+916021101710,+913791900959,2023-01-21T20:11:00,330,Viman Nagar,TOWER-254
CDR-9CE20778,CASE-0072,+915041435052,+917918793799,2023-09-16T10:43:00,2766,Hinjewadi,TOWER-246
CDR-A4385CB7,CASE-0487,+911473688993,+919429044679,2023-08-23T04:13:00,986,Anna Nagar,TOWER-443
CDR-A275E050,CASE-0444,+918545155824,+913904682062,2023-01-13T05:41:00,1118,Andheri West,TOWER-369
CDR-1A66F774,CASE-0168,+913335064912,+914860348630,2023-05-06T15:03:00,200,New Town,TOWER-829
CDR-C659DB84,CASE-0073,+913565935472,+913164827839,2023-08-03T20:15:00,463,Anna Nagar,TOWER-888
CDR-D33AAA11,CASE-0154,+914359315208,+915920116378,2023-08-03T18:30:00,1640,Anna Nagar,TOWER-803
CDR-AAE897F0,CASE-0154,+919843673109,+917441059428,2023-07-26T06:49:00,224,Karol Bagh,TOWER-805
CDR-4219FDB4,CASE-0006,+917580484466,+910539363533,2023-01-21T16:15:00,1584,T Nagar,TOWER-819
CDR-DA5FF30C,CASE-0423,+915148982381,+915134160196,2023-09-30T22:02:00,974,Secunderabad Railway Station,TOWER-879
CDR-4B5F2F2F,CASE-0442,+912440682429,+914396516979,2023-04-12T05:06:00,3128,Gachibowli,TOWER-958
CDR-CAD6809E,CASE-0324,+917290393874,+916536848991,2023-07-07T04:40:00,3007,Connaught Place,TOWER-244
CDR-F826352C,CASE-0337,+917192863291,+911455981597,2023-07-12T05:45:00,3578,Viman Nagar,TOWER-660
CDR-179D84E4,CASE-0321,+911885956157,+913823597504,2023-02-20T03:19:00,1014,Salt Lake City,TOWER-861
CDR-6A95CA96,CASE-0375,+913055508605,+918545155824,2023-10-02T08:00:00,2270,Salt Lake City,TOWER-717
CDR-E21D254D,CASE-0228,+912940431285,+912837617714,2023-03-20T16:13:00,908,Koramangala,TOWER-670
CDR-DF5E6A42,CASE-0451,+914271636761,+910539363533,2023-02-04T09:57:00,2691,Gachibowli,TOWER-274
CDR-D699FA3F,CASE-0256,+916040358515,+913593242105,2023-04-22T11:28:00,1102,Bandra Kurla Complex,TOWER-464
CDR-446FC44B,CASE-0443,+916064841186,+919131941910,2023-04-27T23:03:00,2431,Gachibowli,TOWER-934
CDR-53B10EA3,CASE-0190,+919620008163,+913662240795,2023-06-20T23:30:00,612,T Nagar,TOWER-216
CDR-7448DF52,CASE-0396,+916239336735,+917593456684,2023-01-18T19:01:00,1243,Jubilee Hills,TOWER-509
CDR-8C202B34,CASE-0099,+919326799762,+913975433895,2023-03-08T21:17:00,89,Indiranagar,TOWER-677
CDR-392223A6,CASE-0396,+916239336735,+919339574024,2023-08-03T04:44:00,2414,Viman Nagar,TOWER-296
CDR-9EF71496,CASE-0440,+910860574459,+915601749800,2023-08-05T04:43:00,2947,Karol Bagh,TOWER-525
CDR-485F6B86,CASE-0255,+918392109113,+911946769627,2023-08-05T23:41:00,681,Anna Nagar,TOWER-856
CDR-F9A89580,CASE-0252,+916804483483,+911194760936,2023-04-11T19:53:00,701,Noida Sector 18,TOWER-211
CDR-AC344148,CASE-0239,+914300022814,+913452364990,2023-01-07T10:49:00,3544,Anna Nagar,TOWER-590
CDR-21CABE6F,CASE-0140,+915060892503,+910351193387,2023-05-09T00:47:00,3071,Andheri West,TOWER-589
CDR-50046C5D,CASE-0187,+918843545700,+916173651261,2023-10-15T12:34:00,487,New Town,TOWER-424
CDR-0F4D54F3,CASE-0066,+912848587043,+918843545700,2023-05-05T21:23:00,3253,Gachibowli,TOWER-750
CDR-01F75827,CASE-0051,+913121201754,+918888429488,2023-01-17T06:00:00,2175,Connaught Place,TOWER-281
CDR-7B07B90A,CASE-0290,+914506665518,+911885956157,2023-07-11T06:04:00,212,Hinjewadi,TOWER-273
CDR-EFCB53F9,CASE-0193,+914138856081,+910495756608,2023-04-22T21:43:00,3413,Hinjewadi,TOWER-354
CDR-F9BE69AA,CASE-0323,+919682180993,+911905580136,2023-08-07T21:26:00,1186,T Nagar,TOWER-539
CDR-92A948D5,CASE-0499,+910134604279,+917960168556,2023-02-20T01:05:00,991,Jubilee Hills,TOWER-787
CDR-A3A08EF3,CASE-0491,+918235993460,+919492235009,2023-02-12T22:52:00,26,Noida Sector 18,TOWER-433
CDR-1077C001,CASE-0280,+918932983493,+911969439757,2023-05-02T09:35:00,1425,Vasant Kunj,TOWER-782
CDR-8648AB0A,CASE-0219,+911920720730,+919760629803,2023-07-10T13:26:00,1093,New Town,TOWER-500
CDR-E79E803B,CASE-0070,+913608715525,+917139678038,2023-05-05T15:29:00,1680,Connaught Place,TOWER-577
CDR-CEA8E966,CASE-0216,+914271636761,+913753046838,2023-05-15T11:34:00,3464,Koramangala,TOWER-242
CDR-18F3BB8D,CASE-0254,+918995823241,+914917244168,2023-05-18T13:45:00,820,T Nagar,TOWER-651
CDR-FD6F4897,CASE-0375,+913177128377,+915832318643,2023-08-06T07:08:00,2158,Bandra Kurla Complex,TOWER-546
CDR-0D24CABD,CASE-0480,+912062619351,+917290393874,2023-09-15T11:57:00,528,Gachibowli,TOWER-920
CDR-B53379CB,CASE-0181,+910539363533,+911069349551,2023-01-10T00:38:00,1472,Karol Bagh,TOWER-206
CDR-D083BC98,CASE-0256,+912871668936,+911263188830,2023-10-25T09:52:00,2437,Anna Nagar,TOWER-470
CDR-349F6C94,CASE-0472,+910101173267,+912470294638,2023-10-01T11:16:00,1741,Jubilee Hills,TOWER-635
CDR-2EA8EC50,CASE-0008,+917498717859,+914100265071,2023-02-26T10:38:00,3547,Vasant Kunj,TOWER-791
CDR-B05D00E1,CASE-0160,+918684724500,+912186591687,2023-01-22T11:45:00,2366,Karol Bagh,TOWER-511
CDR-607012AF,CASE-0284,+910932627488,+911234164851,2023-04-09T17:44:00,3575,Bandra Kurla Complex,TOWER-283
CDR-CE36999D,CASE-0343,+911613233800,+918713003616,2023-05-07T09:53:00,2489,Vasant Kunj,TOWER-789
CDR-3908C607,CASE-0069,+916209181900,+919765136875,2023-06-06T08:20:00,1371,Andheri West,TOWER-260
CDR-0D9461B4,CASE-0462,+910905970357,+910152868427,2023-07-05T15:29:00,3453,Anna Nagar,TOWER-462
CDR-3CE41670,CASE-0296,+913547280012,+919623932403,2023-01-25T09:09:00,2849,Noida Sector 18,TOWER-188
CDR-A42D7FD3,CASE-0298,+919209629821,+913174520798,2023-10-13T22:56:00,2135,Indiranagar,TOWER-175
CDR-A3839548,CASE-0242,+915354377108,+914083142336,2023-07-06T11:49:00,1445,New Town,TOWER-115
CDR-CFBD416C,CASE-0069,+910753540823,+910753540823,2023-10-15T00:20:00,309,New Town,TOWER-385
CDR-2568B9D0,CASE-0267,+916682288275,+910932627488,2023-06-20T04:41:00,1121,Connaught Place,TOWER-480
CDR-642AD8C7,CASE-0303,+912209263659,+918044648811,2023-07-08T02:00:00,1949,Anna Nagar,TOWER-607
CDR-4F088F69,CASE-0205,+910539363533,+912848587043,2023-04-28T20:33:00,2793,T Nagar,TOWER-393
CDR-6A3EBBA0,CASE-0142,+919606541892,+918451514723,2023-02-05T22:50:00,1368,Anna Nagar,TOWER-783
CDR-03F635EA,CASE-0189,+914271636761,+917465069490,2023-02-10T19:13:00,2738,Jubilee Hills,TOWER-441
CDR-74B9EACE,CASE-0302,+918341046989,+919993951715,2023-01-02T07:37:00,339,T Nagar,TOWER-353
CDR-E72758D8,CASE-0017,+919788257535,+914290625456,2023-10-10T12:09:00,3205,Connaught Place,TOWER-362
CDR-69E6BDA5,CASE-0186,+912949819572,+917508308266,2023-05-04T20:07:00,982,Vasant Kunj,TOWER-503
CDR-73848294,CASE-0319,+918318041575,+910753540823,2023-10-20T15:12:00,2436,Viman Nagar,TOWER-983
CDR-907D4F99,CASE-0202,+913687090213,+913934715878,2023-07-14T11:04:00,2873,Salt Lake City,TOWER-739
CDR-810F4670,CASE-0495,+916836823883,+917704244958,2023-03-07T21:18:00,502,T Nagar,TOWER-382
CDR-7E55CEE0,CASE-0317,+915765697117,+917654441593,2023-06-13T11:58:00,1275,Gurgaon Sector 29,TOWER-119
CDR-EC2720FC,CASE-0431,+911977332202,+913547280012,2023-06-22T22:26:00,343,Jubilee Hills,TOWER-761
CDR-1B2F2F80,CASE-0298,+914682244535,+912775110941,2023-02-19T17:28:00,1776,New Town,TOWER-600
CDR-E9012F99,CASE-0361,+914359315208,+914646608033,2023-10-27T04:10:00,699,Andheri West,TOWER-530
CDR-5D26AA42,CASE-0474,+911685532300,+915744144386,2023-03-29T04:45:00,704,Bandra Kurla Complex,TOWER-627
CDR-54F95B06,CASE-0037,+912848587043,+916455573470,2023-10-15T21:16:00,2204,Indiranagar,TOWER-794
CDR-43AC16F3,CASE-0005,+917501820399,+916239892521,2023-09-09T06:38:00,490,Hinjewadi,TOWER-924
CDR-2B8D00D7,CASE-0228,+917722881426,+916858254063,2023-10-02T10:11:00,2069,Indiranagar,TOWER-175
CDR-34FCCFB2,CASE-0412,+917092126831,+915583818714,2023-08-18T17:49:00,1589,Bandra Kurla Complex,TOWER-308
CDR-C76EE3B8,CASE-0136,+914000347048,+913645158056,2023-10-19T05:22:00,1904,Bandra Kurla Complex,TOWER-841
CDR-0390D71D,CASE-0429,+910401764153,+918659184088,2023-03-16T18:11:00,949,Salt Lake City,TOWER-820
CDR-AF71B15A,CASE-0403,+915403528073,+916975738632,2023-08-19T09:06:00,881,Connaught Place,TOWER-979
CDR-C84D34C6,CASE-0029,+910753540823,+914271636761,2023-10-15T20:50:00,2477,Connaught Place,TOWER-762
CDR-BD0D6504,CASE-0461,+913205634741,+911909740778,2023-06-29T15:52:00,3285,Salt Lake City,TOWER-710
CDR-66F1424E,CASE-0102,+918793232992,+914092928700,2023-07-08T13:30:00,1630,Andheri West,TOWER-713
CDR-0E26CEA0,CASE-0291,+915720825366,+917962815102,2023-10-04T01:16:00,1748,Koramangala,TOWER-820
CDR-5478A740,CASE-0400,+912541217249,+912847754459,2023-03-08T06:38:00,491,Vasant Kunj,TOWER-500
CDR-C77E2DF8,CASE-0457,+912307915163,+915888691887,2023-02-28T08:30:00,347,Andheri West,TOWER-834
CDR-81B9AAA6,CASE-0101,+910560138851,+916964423180,2023-02-07T16:34:00,2521,New Town,TOWER-369
CDR-F0370973,CASE-0397,+919826492228,+913159866042,2023-04-18T23:48:00,2548,Hinjewadi,TOWER-988
CDR-6F769F07,CASE-0288,+919834365677,+912848587043,2023-01-11T14:44:00,1839,Anna Nagar,TOWER-509
CDR-AB1E0962,CASE-0026,+910404835776,+911586185618,2023-10-19T05:50:00,1543,Viman Nagar,TOWER-968
CDR-0EA9978D,CASE-0152,+915472697341,+914211857752,2023-08-04T08:23:00,2071,Indiranagar,TOWER-208
CDR-05958FEF,CASE-0197,+918545155824,+911782032348,2023-05-28T01:58:00,1766,Secunderabad Railway Station,TOWER-215
CDR-E22E2240,CASE-0245,+913975433895,+918353021512,2023-06-21T08:25:00,3251,Gachibowli,TOWER-265
CDR-09A06B87,CASE-0233,+916307331452,+919461685867,2023-04-30T10:07:00,1411,Gachibowli,TOWER-699
CDR-C5E35C8A,CASE-0438,+917290393874,+914339184758,2023-04-30T11:11:00,616,Gachibowli,TOWER-231
CDR-B7B9E45A,CASE-0114,+914271636761,+917582318837,2023-10-06T19:26:00,3008,Viman Nagar,TOWER-310
CDR-7572E15D,CASE-0343,+915997360732,+916177117278,2023-03-19T10:41:00,3449,Viman Nagar,TOWER-770
CDR-49CB2527,CASE-0384,+912465017878,+915529694094,2023-07-24T19:25:00,194,Secunderabad Railway Station,TOWER-964
CDR-E5DD536E,CASE-0040,+910099342765,+911182887465,2023-07-09T10:24:00,1101,Anna Nagar,TOWER-902
CDR-4E9297AE,CASE-0022,+914864867942,+911182984193,2023-02-23T21:10:00,1245,Vasant Kunj,TOWER-326
CDR-F83D21B6,CASE-0351,+917406192979,+916521169551,2023-01-14T20:07:00,1040,Vasant Kunj,TOWER-464
CDR-45219B09,CASE-0278,+915300490079,+918984705400,2023-07-05T03:09:00,2947,Karol Bagh,TOWER-833
CDR-D20575A2,CASE-0146,+910932627488,+917290393874,2023-01-06T10:39:00,2218,Connaught Place,TOWER-827
CDR-F9156D20,CASE-0053,+910344747960,+910652792342,2023-06-26T12:34:00,2666,Noida Sector 18,TOWER-464
CDR-9DB9AB52,CASE-0076,+911885956157,+917290393874,2023-05-14T13:57:00,1345,Gurgaon Sector 29,TOWER-804
CDR-C2740E3E,CASE-0095,+912848587043,+910801772715,2023-01-06T01:30:00,570,Andheri West,TOWER-594
CDR-EB9458E6,CASE-0160,+918684724500,+914091656937,2023-08-08T16:00:00,3176,Andheri West,TOWER-874
CDR-D50828B0,CASE-0396,+918865969380,+911296921014,2023-10-22T03:56:00,48,Noida Sector 18,TOWER-248
CDR-5F148E2C,CASE-0111,+915920116378,+914239058338,2023-08-10T14:29:00,1661,Connaught Place,TOWER-244
CDR-88AE411F,CASE-0002,+913601309591,+917165807107,2023-04-25T07:51:00,1368,Viman Nagar,TOWER-782
CDR-EA3270A2,CASE-0500,+911447827924,+912897251182,2023-08-09T01:21:00,3099,T Nagar,TOWER-396
CDR-F05C6ED7,CASE-0165,+917290393874,+919458484561,2023-09-21T07:03:00,1350,Anna Nagar,TOWER-168
CDR-D060DE65,CASE-0098,+910753540823,+915024878084,2023-10-02T02:14:00,67,Anna Nagar,TOWER-521
CDR-4B49D879,CASE-0145,+913525604579,+918352027329,2023-04-02T11:05:00,234,Anna Nagar,TOWER-735
CDR-557EF66D,CASE-0163,+913084772999,+915013905565,2023-10-03T15:52:00,3253,Anna Nagar,TOWER-903
CDR-14EB6A50,CASE-0137,+911782032348,+919448282425,2023-07-12T09:42:00,113,Jubilee Hills,TOWER-247
CDR-5D94F1A2,CASE-0466,+912062619351,+910932627488,2023-08-20T17:45:00,3515,Vasant Kunj,TOWER-637
CDR-CCFB7E39,CASE-0076,+911885956157,+912846456996,2023-06-30T03:59:00,1730,New Town,TOWER-347
CDR-143A91B2,CASE-0192,+913975433895,+917238262790,2023-06-01T23:33:00,2613,T Nagar,TOWER-649
CDR-34F739AF,CASE-0318,+915333219201,+917867389098,2023-01-31T17:43:00,2394,New Town,TOWER-614
CDR-531C3483,CASE-0214,+912599338749,+912334472241,2023-03-02T20:16:00,2446,Gurgaon Sector 29,TOWER-535
CDR-08EB1052,CASE-0309,+918624564306,+918646745808,2023-06-06T13:42:00,182,Karol Bagh,TOWER-392
CDR-3476D48E,CASE-0378,+916503137494,+918646745808,2023-10-05T12:08:00,3540,New Town,TOWER-345
CDR-CC288569,CASE-0500,+912604191298,+910554111804,2023-03-03T04:33:00,1515,Indiranagar,TOWER-412
CDR-873EBFFA,CASE-0319,+910753540823,+912968149791,2023-07-04T12:58:00,2345,Hinjewadi,TOWER-584
CDR-435A0E87,CASE-0384,+915222093094,+919144876726,2023-02-24T10:07:00,1470,T Nagar,TOWER-391
CDR-217165D2,CASE-0430,+912779166231,+919005249967,2023-09-02T20:50:00,2899,Indiranagar,TOWER-458
CDR-F18609CE,CASE-0130,+918529666232,+916178536897,2023-07-02T03:08:00,534,Bandra Kurla Complex,TOWER-672
CDR-E0E07930,CASE-0433,+912308290480,+918371640982,2023-01-28T04:14:00,1660,T Nagar,TOWER-474
CDR-CD73B524,CASE-0052,+913745026424,+917237629693,2023-04-01T10:58:00,2041,Noida Sector 18,TOWER-828
CDR-767E7F42,CASE-0192,+913975433895,+913987374209,2023-09-28T13:41:00,168,Indiranagar,TOWER-843
CDR-C0054862,CASE-0167,+914241455034,+910932627488,2023-02-25T05:04:00,409,Andheri West,TOWER-390
CDR-9ECEF732,CASE-0450,+919666116013,+913434644771,2023-05-13T00:34:00,2185,Bandra Kurla Complex,TOWER-547
CDR-3E72110B,CASE-0217,+918372292563,+912213100548,2023-06-26T22:57:00,3008,Vasant Kunj,TOWER-392
CDR-1AB7F238,CASE-0116,+913687677348,+919311749984,2023-04-27T03:54:00,3048,Indiranagar,TOWER-945
CDR-E837145A,CASE-0013,+911143514686,+914673245566,2023-09-03T18:37:00,3214,Secunderabad Railway Station,TOWER-326
CDR-A3A66C5A,CASE-0080,+917660526504,+917046449701,2023-04-12T07:56:00,2756,Noida Sector 18,TOWER-229
CDR-40D05827,CASE-0423,+915148982381,+917290393874,2023-02-10T07:01:00,2326,Noida Sector 18,TOWER-320
CDR-1B5C61CD,CASE-0067,+914074236407,+911573170819,2023-02-18T05:14:00,2613,Anna Nagar,TOWER-807
CDR-8C1448F3,CASE-0377,+918897547237,+912309520576,2023-07-15T12:18:00,3481,Hinjewadi,TOWER-872
CDR-5259CD0B,CASE-0294,+911612236345,+915267551403,2023-09-16T21:14:00,37,Jubilee Hills,TOWER-767
CDR-C1FA6D95,CASE-0301,+914689928547,+914436318048,2023-02-02T08:21:00,3523,Indiranagar,TOWER-893
CDR-D025F3BD,CASE-0346,+914239058338,+915920116378,2023-03-21T10:09:00,1085,Gachibowli,TOWER-665
CDR-A8868400,CASE-0486,+910868338542,+918416438616,2023-08-10T01:03:00,2601,Secunderabad Railway Station,TOWER-777
CDR-1BEF8F8F,CASE-0023,+912848587043,+910539363533,2023-02-13T10:26:00,715,Gurgaon Sector 29,TOWER-382
CDR-B3CB76E3,CASE-0377,+910481585762,+911904127454,2023-05-25T20:50:00,1984,Gurgaon Sector 29,TOWER-250
CDR-65A0970D,CASE-0346,+912440682429,+914239058338,2023-04-15T10:57:00,2008,Anna Nagar,TOWER-356
CDR-A7456415,CASE-0107,+919844415289,+917380686906,2023-04-23T01:00:00,951,Secunderabad Railway Station,TOWER-423
CDR-4F07C0B8,CASE-0102,+919137061161,+917471017640,2023-06-25T10:09:00,539,Noida Sector 18,TOWER-219
CDR-DC192839,CASE-0169,+910539363533,+911930888167,2023-05-07T15:12:00,1095,New Town,TOWER-950
CDR-4AF7C42F,CASE-0330,+915527465681,+911782032348,2023-04-17T09:42:00,2761,Karol Bagh,TOWER-526
CDR-89E87902,CASE-0034,+919242529994,+919108417165,2023-08-10T00:33:00,2855,Gachibowli,TOWER-494
CDR-512DA51E,CASE-0349,+916964410615,+914785216769,2023-06-01T12:50:00,23,Gurgaon Sector 29,TOWER-992
CDR-00D48EFA,CASE-0136,+914000347048,+913608715525,2023-01-12T00:14:00,3027,Gachibowli,TOWER-125
CDR-0834739C,CASE-0361,+914359315208,+914239058338,2023-05-14T23:47:00,678,Viman Nagar,TOWER-911
CDR-3FC11A1C,CASE-0152,+915472697341,+916023181873,2023-03-03T06:24:00,510,Indiranagar,TOWER-991
CDR-58227FBC,CASE-0336,+919331775049,+913308417663,2023-07-05T17:44:00,893,Bandra Kurla Complex,TOWER-766
CDR-3599B4B9,CASE-0458,+913547280012,+915024878084,2023-03-14T22:15:00,2953,Jubilee Hills,TOWER-581
CDR-38BE79E8,CASE-0495,+913842374484,+918780112159,2023-08-10T07:42:00,2788,Indiranagar,TOWER-571
CDR-C8915BEC,CASE-0131,+910956977119,+916917797218,2023-02-14T04:47:00,2700,T Nagar,TOWER-818
CDR-2A0A14B1,CASE-0406,+919555717179,+910025530907,2023-06-02T23:20:00,2128,Andheri West,TOWER-106
CDR-444F04D2,CASE-0279,+915148982381,+910351193387,2023-08-10T05:21:00,977,Jubilee Hills,TOWER-321
CDR-80FB877A,CASE-0082,+917987337076,+911629852189,2023-04-24T07:05:00,1520,Anna Nagar,TOWER-803
CDR-01347D99,CASE-0168,+913335064912,+910631126634,2023-02-25T11:50:00,1499,T Nagar,TOWER-895
CDR-C2CF75E3,CASE-0471,+913562922555,+910421282735,2023-02-01T20:38:00,2430,Karol Bagh,TOWER-603
CDR-B67ACE9E,CASE-0385,+918941606484,+913089862737,2023-09-02T23:15:00,257,Andheri West,TOWER-593
CDR-A651E2CE,CASE-0376,+918105955798,+912440682429,2023-10-01T03:28:00,3240,Bandra Kurla Complex,TOWER-397
CDR-06117011,CASE-0482,+915148982381,+915991978590,2023-08-20T02:17:00,2814,Bandra Kurla Complex,TOWER-392
CDR-CC377ED2,CASE-0442,+915920116378,+910539363533,2023-06-01T14:36:00,1865,Noida Sector 18,TOWER-990
CDR-5FE4A41C,CASE-0219,+912780496936,+910410430535,2023-03-09T01:18:00,1504,New Town,TOWER-144
CDR-A8865A1F,CASE-0184,+915729977217,+917341179203,2023-04-30T08:06:00,2274,Karol Bagh,TOWER-706
CDR-39B5038B,CASE-0200,+917290393874,+918843545700,2023-04-09T03:49:00,895,Noida Sector 18,TOWER-416
CDR-87C9B511,CASE-0253,+910213409540,+917990680842,2023-07-11T04:07:00,1278,Gurgaon Sector 29,TOWER-856
CDR-0EEFAE74,CASE-0444,+918545155824,+910548707271,2023-02-12T15:29:00,975,Secunderabad Railway Station,TOWER-184
CDR-19ABCC0A,CASE-0349,+916021101710,+912946847751,2023-01-15T05:14:00,2014,Indiranagar,TOWER-396
CDR-8BB98488,CASE-0403,+915403528073,+911803114867,2023-05-04T00:36:00,3194,Koramangala,TOWER-797
CDR-99F5DD48,CASE-0067,+914074236407,+910502508146,2023-09-17T04:08:00,306,Hinjewadi,TOWER-715
CDR-B5E5523F,CASE-0107,+913020737937,+911885956157,2023-08-09T02:00:00,48,Noida Sector 18,TOWER-410
CDR-4C9B306B,CASE-0027,+917209157503,+911339954796,2023-05-09T14:18:00,848,Andheri West,TOWER-265
CDR-81487966,CASE-0359,+919458484561,+910701412955,2023-02-19T15:57:00,2697,Vasant Kunj,TOWER-867
CDR-BE1A1D14,CASE-0460,+910907184766,+916283382427,2023-02-20T09:09:00,2097,Salt Lake City,TOWER-857
CDR-A0DD0705,CASE-0277,+912507645584,+913166958347,2023-05-08T05:25:00,1616,T Nagar,TOWER-990
CDR-27D13E75,CASE-0134,+919386662193,+919637236887,2023-03-19T09:33:00,2898,Gachibowli,TOWER-856
CDR-B2B187D0,CASE-0139,+910204415130,+918624564306,2023-04-24T15:24:00,2573,Andheri West,TOWER-428
CDR-297571A3,CASE-0355,+910668277813,+913975433895,2023-03-09T15:26:00,2040,Bandra Kurla Complex,TOWER-410
CDR-C0390979,CASE-0171,+911782032348,+912604057684,2023-09-23T12:44:00,1310,Jubilee Hills,TOWER-682
CDR-84F8F004,CASE-0373,+914331414522,+911822824531,2023-08-17T21:51:00,2249,Gachibowli,TOWER-602
CDR-0B1DA0C0,CASE-0479,+911944555315,+912838122272,2023-07-27T16:54:00,224,Secunderabad Railway Station,TOWER-712
CDR-2A3EFA4A,CASE-0228,+914464583306,+916455530371,2023-04-15T03:29:00,2847,Gachibowli,TOWER-936
CDR-866BADFE,CASE-0486,+911530998774,+913443165574,2023-09-05T01:05:00,1091,Secunderabad Railway Station,TOWER-485
CDR-25156013,CASE-0174,+914271636761,+910897164804,2023-06-23T08:48:00,3484,Gachibowli,TOWER-607
CDR-4725C4CE,CASE-0177,+911043729127,+910588080875,2023-02-19T02:18:00,3023,Anna Nagar,TOWER-619
CDR-91AAA07B,CASE-0324,+915899589658,+910932627488,2023-09-10T08:27:00,2042,Andheri West,TOWER-792
CDR-5A10283D,CASE-0382,+916209181900,+915024878084,2023-03-20T02:44:00,3155,Karol Bagh,TOWER-635
CDR-D57DB406,CASE-0302,+919679552117,+917803670601,2023-06-27T06:36:00,926,Connaught Place,TOWER-673
CDR-4A326DE9,CASE-0062,+914271636761,+919668738453,2023-07-09T12:19:00,514,Viman Nagar,TOWER-650
CDR-C305E962,CASE-0394,+917749462059,+915522453814,2023-02-17T04:23:00,3206,Anna Nagar,TOWER-220
CDR-798F1241,CASE-0251,+917290393874,+919157190119,2023-02-04T15:20:00,930,Viman Nagar,TOWER-810
CDR-EA63EC1E,CASE-0399,+913139673468,+917769999528,2023-08-04T18:50:00,713,T Nagar,TOWER-176
CDR-C1A6BFD7,CASE-0012,+916415349747,+910753540823,2023-07-10T21:44:00,1073,Hinjewadi,TOWER-564
CDR-F49516CF,CASE-0218,+913772684650,+914239058338,2023-01-24T16:07:00,2046,Karol Bagh,TOWER-118
CDR-093C832B,CASE-0351,+917406192979,+911665008460,2023-04-21T10:11:00,2450,Karol Bagh,TOWER-324
CDR-25FA6A27,CASE-0149,+918041381517,+913978512610,2023-04-08T01:04:00,3227,Vasant Kunj,TOWER-598
CDR-8C73473F,CASE-0168,+913335064912,+918027914932,2023-10-26T17:09:00,2975,Gachibowli,TOWER-369
CDR-8BE1DEC0,CASE-0011,+915614222524,+918598769662,2023-01-29T09:06:00,1366,Anna Nagar,TOWER-951
CDR-8F6D8E5D,CASE-0348,+918646745808,+914950837749,2023-02-16T14:54:00,455,New Town,TOWER-328
CDR-CE01B4C4,CASE-0164,+919638939441,+915527465681,2023-10-15T23:21:00,1783,Vasant Kunj,TOWER-163
CDR-BECF41A9,CASE-0417,+919458484561,+917588848583,2023-08-11T11:49:00,2457,Andheri West,TOWER-383
CDR-F62E4451,CASE-0256,+916040358515,+916977573164,2023-04-22T00:07:00,2562,Secunderabad Railway Station,TOWER-548
CDR-B7FADA86,CASE-0040,+912551831359,+917170792218,2023-04-05T07:34:00,1512,Bandra Kurla Complex,TOWER-441
CDR-016E4344,CASE-0115,+910194795271,+914519444161,2023-03-22T17:25:00,1000,Hinjewadi,TOWER-759
CDR-8613B540,CASE-0211,+910698096181,+915527465681,2023-09-10T10:38:00,549,Andheri West,TOWER-767
CDR-EA0CC810,CASE-0172,+912390045150,+918179500245,2023-10-25T15:01:00,1119,Viman Nagar,TOWER-473
CDR-11FCF432,CASE-0394,+918979861422,+910743716821,2023-07-15T00:14:00,1063,Secunderabad Railway Station,TOWER-450
CDR-DA542AB3,CASE-0051,+913121201754,+911383611746,2023-03-02T19:17:00,1502,Connaught Place,TOWER-661
CDR-E830745C,CASE-0134,+919898889852,+911785431941,2023-01-17T17:43:00,1681,Secunderabad Railway Station,TOWER-346
CDR-C613B03D,CASE-0496,+916888973128,+914239058338,2023-03-15T17:32:00,1820,Hinjewadi,TOWER-570
CDR-B9390D0A,CASE-0374,+914206370446,+911782032348,2023-07-03T05:10:00,2855,Hinjewadi,TOWER-518
CDR-46754DC4,CASE-0090,+914733818239,+914359315208,2023-10-20T09:47:00,1572,Noida Sector 18,TOWER-957
CDR-BCFBA17C,CASE-0139,+912998632328,+910236614823,2023-04-22T21:02:00,1471,Koramangala,TOWER-175
CDR-6F5EF6BD,CASE-0420,+913560259655,+914775051873,2023-06-02T02:28:00,3126,Gachibowli,TOWER-174
CDR-CA988BBC,CASE-0153,+914271636761,+916209181900,2023-06-16T20:31:00,778,Gachibowli,TOWER-147
CDR-290E27EA,CASE-0004,+918545155824,+911782032348,2023-01-21T15:33:00,2724,Anna Nagar,TOWER-532
CDR-1B2DFD9F,CASE-0223,+917437514483,+917779312035,2023-02-20T14:48:00,2798,Noida Sector 18,TOWER-800
CDR-FFA3BDD1,CASE-0440,+910860574459,+915917019464,2023-02-05T15:23:00,3594,Indiranagar,TOWER-680
CDR-26E62B2C,CASE-0070,+910984665422,+918566484005,2023-05-27T23:03:00,743,Karol Bagh,TOWER-994
CDR-4BC876EB,CASE-0219,+912780496936,+917525451708,2023-08-16T01:49:00,1764,Karol Bagh,TOWER-404
CDR-7A61E38A,CASE-0275,+918545155824,+919311749984,2023-10-02T12:05:00,2306,Gurgaon Sector 29,TOWER-379
CDR-B26789C4,CASE-0001,+917161184225,+910619241544,2023-04-15T19:24:00,3307,Salt Lake City,TOWER-880
CDR-F0CCBEE7,CASE-0200,+917290393874,+915148982381,2023-06-18T05:05:00,1629,Noida Sector 18,TOWER-385
CDR-1FD6A02C,CASE-0333,+913971577677,+917301695163,2023-01-31T01:13:00,460,Gurgaon Sector 29,TOWER-620
CDR-1ACEDFBA,CASE-0393,+918657040020,+910753540823,2023-05-24T20:03:00,1936,Connaught Place,TOWER-691
CDR-FF51FE04,CASE-0326,+910938543884,+910134604279,2023-07-23T17:26:00,1150,Noida Sector 18,TOWER-473
CDR-A6DF9721,CASE-0218,+919792840571,+911300044377,2023-01-12T11:19:00,1167,Secunderabad Railway Station,TOWER-135
CDR-7847A776,CASE-0187,+918843545700,+911970572914,2023-09-29T23:38:00,3519,Secunderabad Railway Station,TOWER-292
CDR-A848720B,CASE-0273,+915920116378,+914813120521,2023-08-12T06:59:00,1454,Anna Nagar,TOWER-988
CDR-328903AE,CASE-0404,+915850796909,+918959354805,2023-07-15T13:06:00,1694,Indiranagar,TOWER-310
CDR-8028AF6F,CASE-0387,+915918399645,+918859563540,2023-03-17T22:27:00,3285,Salt Lake City,TOWER-316
CDR-BE52DFFB,CASE-0141,+919738672038,+917046965125,2023-10-07T20:19:00,2180,Hinjewadi,TOWER-442
CDR-C5B291CF,CASE-0274,+914897219099,+915606012610,2023-04-03T20:29:00,870,Connaught Place,TOWER-690
CDR-8C695FDD,CASE-0184,+916727505374,+910771984213,2023-04-12T10:09:00,2369,Salt Lake City,TOWER-546
CDR-FC0714C0,CASE-0082,+914449595368,+915600382997,2023-05-26T17:45:00,836,T Nagar,TOWER-183
CDR-30582DBB,CASE-0139,+912998632328,+914016889580,2023-01-21T02:51:00,106,Viman Nagar,TOWER-821
CDR-E7048F91,CASE-0294,+915566505892,+919807070547,2023-03-14T19:08:00,1256,Anna Nagar,TOWER-268
CDR-B8ABA97A,CASE-0411,+917915834898,+914294773000,2023-06-02T00:05:00,1140,Gurgaon Sector 29,TOWER-133
CDR-79D8BD99,CASE-0349,+916021101710,+916603115709,2023-09-26T12:56:00,1048,Indiranagar,TOWER-591
CDR-44B66636,CASE-0279,+915148982381,+910932627488,2023-04-20T14:56:00,1113,New Town,TOWER-884
CDR-6ED7EDF5,CASE-0247,+916490487505,+916651442192,2023-07-23T16:22:00,791,Jubilee Hills,TOWER-832
CDR-199BD2C2,CASE-0319,+910753540823,+918133833362,2023-04-09T13:13:00,815,Salt Lake City,TOWER-829
CDR-A3CD39AE,CASE-0367,+910860263703,+912600965548,2023-02-10T14:32:00,823,Hinjewadi,TOWER-460
CDR-B9647DBA,CASE-0201,+915950179837,+913597619900,2023-04-13T14:59:00,2900,Salt Lake City,TOWER-412
CDR-BC8E2883,CASE-0257,+911885956157,+911782032348,2023-01-11T08:48:00,3528,Jubilee Hills,TOWER-413
CDR-E2FDF9AA,CASE-0267,+917290393874,+911782032348,2023-03-08T20:36:00,2667,Anna Nagar,TOWER-388
CDR-0F5ED404,CASE-0441,+918797573856,+910570612140,2023-03-17T10:58:00,850,Gachibowli,TOWER-107
CDR-39E23DBF,CASE-0326,+910938543884,+916532909663,2023-08-12T09:43:00,2016,Secunderabad Railway Station,TOWER-914
CDR-D159FFCF,CASE-0107,+913020737937,+916485775774,2023-02-28T16:20:00,2026,T Nagar,TOWER-596
CDR-06514839,CASE-0109,+915613029727,+916924860531,2023-04-09T16:54:00,128,Gachibowli,TOWER-714
CDR-88F343BC,CASE-0363,+914938616598,+913771793037,2023-10-10T14:08:00,16,Connaught Place,TOWER-792
CDR-0B6DD16F,CASE-0307,+914359315208,+917705191233,2023-06-26T08:05:00,2273,Hinjewadi,TOWER-765
CDR-C3F80F1B,CASE-0201,+913235946990,+917321284436,2023-03-06T16:51:00,879,New Town,TOWER-198
CDR-83FA5917,CASE-0039,+916992627603,+911706720375,2023-10-08T13:57:00,2341,T Nagar,TOWER-157
CDR-A56C5983,CASE-0360,+919458484561,+919311749984,2023-04-22T07:00:00,2350,Hinjewadi,TOWER-728
CDR-4135D6AE,CASE-0163,+913084772999,+915052036351,2023-10-27T16:18:00,2081,Jubilee Hills,TOWER-158
CDR-D6068880,CASE-0333,+917879811619,+911713101422,2023-02-12T02:16:00,3074,Gachibowli,TOWER-190
CDR-3E2A0060,CASE-0492,+910878322338,+915289828980,2023-04-17T20:56:00,212,Anna Nagar,TOWER-152
CDR-C2A93779,CASE-0178,+916792635387,+912107622136,2023-07-05T22:40:00,1443,Karol Bagh,TOWER-279
CDR-E687E090,CASE-0497,+919941356537,+912563314992,2023-04-15T21:16:00,2516,Bandra Kurla Complex,TOWER-242
CDR-912FABFE,CASE-0045,+918340539942,+914586653337,2023-03-22T14:54:00,1308,Noida Sector 18,TOWER-795
CDR-B1699ADE,CASE-0308,+912047292195,+913393707498,2023-03-11T17:18:00,2163,Karol Bagh,TOWER-898
CDR-4A6AE705,CASE-0376,+915927081422,+911543582546,2023-04-23T13:14:00,824,New Town,TOWER-392
CDR-9921ACF0,CASE-0364,+914575175709,+918410881996,2023-08-02T16:33:00,2337,Bandra Kurla Complex,TOWER-571
CDR-6692DD60,CASE-0245,+913975433895,+913608715525,2023-09-17T05:22:00,1293,Bandra Kurla Complex,TOWER-229
CDR-FB20A0FD,CASE-0250,+915867724943,+910057961591,2023-05-15T02:13:00,2922,Bandra Kurla Complex,TOWER-365
CDR-ADDB2B41,CASE-0057,+913090867637,+919804175207,2023-08-15T22:29:00,1715,Andheri West,TOWER-360
CDR-B7505738,CASE-0279,+915148982381,+912062619351,2023-04-06T07:18:00,1862,Connaught Place,TOWER-545
CDR-C3EF5FAD,CASE-0342,+918626818126,+913608715525,2023-05-01T08:29:00,1002,Indiranagar,TOWER-267
CDR-2E12FD77,CASE-0228,+912344716822,+910706592055,2023-06-08T15:51:00,1350,Secunderabad Railway Station,TOWER-180
CDR-DFA12920,CASE-0282,+918844839134,+918989507103,2023-01-01T13:03:00,767,Noida Sector 18,TOWER-919
CDR-6859D9E3,CASE-0388,+918646745808,+912485632659,2023-03-13T11:57:00,2277,Andheri West,TOWER-695
CDR-C112EA27,CASE-0278,+916571827163,+916209181900,2023-02-20T13:38:00,160,Jubilee Hills,TOWER-105
CDR-1C2BEB27,CASE-0281,+919868700701,+917406071380,2023-03-01T23:03:00,1314,Viman Nagar,TOWER-563
CDR-A4D4BC6F,CASE-0430,+912779166231,+918423849492,2023-10-06T13:21:00,2620,Hinjewadi,TOWER-232
CDR-08F2BFCF,CASE-0126,+918697721099,+917654441593,2023-05-18T08:49:00,532,T Nagar,TOWER-927
CDR-A2F56F02,CASE-0151,+916800352694,+911574353083,2023-07-27T10:29:00,531,Gachibowli,TOWER-759
CDR-5B27E4F1,CASE-0178,+915041435052,+913122203779,2023-03-09T08:00:00,3070,Indiranagar,TOWER-794
CDR-518F9A3F,CASE-0035,+912062619351,+918831584561,2023-07-25T08:42:00,2284,Gurgaon Sector 29,TOWER-171
CDR-432C9F0C,CASE-0267,+917290393874,+917290393874,2023-10-05T04:06:00,200,Secunderabad Railway Station,TOWER-302
CDR-C846246B,CASE-0079,+919829853362,+918822522686,2023-08-17T18:17:00,1471,Hinjewadi,TOWER-621
CDR-1781D99A,CASE-0132,+918843545700,+913816178995,2023-01-08T08:29:00,1943,Vasant Kunj,TOWER-470
CDR-D1142007,CASE-0360,+917231732866,+917290393874,2023-10-06T21:36:00,1319,Noida Sector 18,TOWER-612
CDR-5C918E26,CASE-0158,+914239058338,+910888084479,2023-07-19T09:16:00,127,Indiranagar,TOWER-666
CDR-2D4D7D4B,CASE-0478,+910753540823,+910753540823,2023-04-19T03:37:00,2614,Gurgaon Sector 29,TOWER-912
CDR-61B49926,CASE-0460,+917376259773,+912675700376,2023-03-09T16:12:00,921,Noida Sector 18,TOWER-629
CDR-F722F63D,CASE-0114,+914271636761,+911416645089,2023-03-23T12:14:00,3226,Noida Sector 18,TOWER-539
CDR-86AF39D7,CASE-0205,+916260975442,+918843545700,2023-07-05T11:05:00,3499,Connaught Place,TOWER-225
CDR-79F36263,CASE-0354,+917104875947,+911915486301,2023-08-13T05:25:00,2869,Noida Sector 18,TOWER-940
CDR-1930C50A,CASE-0475,+916045791687,+919305527236,2023-05-14T02:52:00,3368,T Nagar,TOWER-342
CDR-3286B306,CASE-0090,+914733818239,+911675322758,2023-05-15T04:57:00,496,Karol Bagh,TOWER-757
CDR-EE35820A,CASE-0141,+912148739181,+917654441593,2023-05-22T06:25:00,216,T Nagar,TOWER-540
CDR-A56FFF18,CASE-0125,+916836823883,+918718301821,2023-08-19T01:07:00,3005,Salt Lake City,TOWER-801
CDR-3A80C447,CASE-0297,+917862588927,+912542999521,2023-02-15T17:05:00,831,Koramangala,TOWER-593
CDR-86FB5DEB,CASE-0480,+912062619351,+912062619351,2023-07-27T17:06:00,1868,Anna Nagar,TOWER-544
CDR-D369BC4F,CASE-0290,+913782079534,+918545155824,2023-08-14T19:00:00,2462,Noida Sector 18,TOWER-848
CDR-D45198DB,CASE-0357,+914078836069,+915466639536,2023-09-23T00:08:00,190,Anna Nagar,TOWER-521
CDR-7FEDC241,CASE-0357,+914078836069,+915993936922,2023-05-24T09:02:00,3127,Karol Bagh,TOWER-688
CDR-A5308293,CASE-0001,+917654441593,+912006787196,2023-06-13T19:28:00,2465,Gurgaon Sector 29,TOWER-967
CDR-7A7E3020,CASE-0462,+912748288035,+912934521476,2023-09-24T01:47:00,1294,Jubilee Hills,TOWER-410
CDR-9BF1207F,CASE-0102,+918793232992,+916875373221,2023-05-22T11:01:00,969,Noida Sector 18,TOWER-892
CDR-1B3DF251,CASE-0293,+915726661994,+914784092465,2023-05-27T15:34:00,1351,Karol Bagh,TOWER-412
CDR-BC2302A1,CASE-0375,+914931637046,+913507236282,2023-07-01T17:25:00,1326,Karol Bagh,TOWER-501
CDR-FF9CEF7F,CASE-0392,+916591365609,+919577152454,2023-02-04T17:27:00,3161,Hinjewadi,TOWER-925
CDR-89635828,CASE-0389,+914938924908,+913727982464,2023-01-05T01:49:00,3402,Indiranagar,TOWER-249
CDR-4455A7CC,CASE-0249,+915527465681,+917290393874,2023-05-29T02:40:00,2362,Koramangala,TOWER-120
CDR-D973E45C,CASE-0197,+918545155824,+915527465681,2023-05-24T01:46:00,1153,Bandra Kurla Complex,TOWER-330
CDR-FD75BBFA,CASE-0396,+916435980845,+912363905707,2023-09-04T05:00:00,1389,Vasant Kunj,TOWER-872
CDR-C4B8300C,CASE-0477,+910932627488,+913444379999,2023-02-03T08:50:00,3200,Gachibowli,TOWER-541
CDR-D7800792,CASE-0425,+915013739825,+914941631044,2023-02-14T11:03:00,2250,Hinjewadi,TOWER-338
CDR-68DB893D,CASE-0150,+911867781267,+910499777279,2023-03-05T04:14:00,2037,New Town,TOWER-106
CDR-716E4EA3,CASE-0313,+912848587043,+918311879923,2023-01-23T12:31:00,106,Bandra Kurla Complex,TOWER-976
CDR-A826EDBD,CASE-0153,+915439992263,+918245815505,2023-10-07T17:05:00,2673,Anna Nagar,TOWER-904
CDR-42F39EB8,CASE-0442,+912440682429,+919761372992,2023-03-16T17:32:00,2206,Karol Bagh,TOWER-921
CDR-9DFC9FF8,CASE-0360,+917290393874,+914106227858,2023-01-22T22:57:00,1054,Hinjewadi,TOWER-911
CDR-8286FF8C,CASE-0237,+914846790737,+913790090427,2023-01-09T00:40:00,1663,Viman Nagar,TOWER-238
CDR-614C6E7F,CASE-0164,+919226946474,+917290393874,2023-05-24T15:20:00,536,Bandra Kurla Complex,TOWER-861
CDR-538DB05E,CASE-0396,+916239336735,+911998922166,2023-04-25T21:36:00,2794,Viman Nagar,TOWER-715
CDR-043FB0B5,CASE-0407,+913547280012,+915736024019,2023-01-29T00:54:00,2071,Hinjewadi,TOWER-478
CDR-D198F04D,CASE-0285,+919929213155,+911554472982,2023-02-01T08:52:00,1261,Salt Lake City,TOWER-479
CDR-6467725A,CASE-0104,+915496491410,+913547280012,2023-10-17T23:32:00,334,Andheri West,TOWER-389
CDR-BD225EA6,CASE-0134,+919762643051,+918292064384,2023-01-23T23:07:00,1057,Karol Bagh,TOWER-864
CDR-5E3176DA,CASE-0440,+913991804109,+916721278050,2023-10-27T22:15:00,558,Bandra Kurla Complex,TOWER-321
CDR-D350D371,CASE-0193,+912616150370,+912639769348,2023-07-10T17:42:00,2535,Connaught Place,TOWER-368
CDR-0A746D27,CASE-0006,+915527465681,+914910303485,2023-05-11T03:33:00,1110,Connaught Place,TOWER-937
CDR-EC513793,CASE-0095,+919983816190,+914746290668,2023-10-22T03:24:00,1767,Koramangala,TOWER-921
CDR-48A0FCF8,CASE-0206,+915024878084,+918514545807,2023-08-11T22:39:00,2032,Noida Sector 18,TOWER-399
CDR-AEE49B70,CASE-0240,+916454824897,+911031130913,2023-03-06T11:35:00,1709,T Nagar,TOWER-408
CDR-6BB2D51E,CASE-0087,+912241190912,+911649630249,2023-04-12T11:07:00,2078,Indiranagar,TOWER-833
CDR-6AB86C2B,CASE-0260,+911444395193,+919271101761,2023-02-03T09:19:00,1450,Bandra Kurla Complex,TOWER-611
CDR-F9EFF84F,CASE-0165,+910977509510,+910271853051,2023-04-18T17:38:00,791,T Nagar,TOWER-256
CDR-A3909620,CASE-0066,+912848587043,+911742100177,2023-01-17T14:58:00,112,T Nagar,TOWER-439
CDR-D92A9B18,CASE-0117,+914813120521,+919319506801,2023-06-04T08:34:00,289,Viman Nagar,TOWER-935
CDR-D19EF498,CASE-0174,+919169273471,+912679783034,2023-01-26T20:41:00,1588,Connaught Place,TOWER-513
CDR-76BFD997,CASE-0379,+918263049035,+916052609874,2023-02-15T05:15:00,1302,Salt Lake City,TOWER-647
CDR-980204E5,CASE-0040,+910249635097,+918705808796,2023-10-26T09:47:00,538,Secunderabad Railway Station,TOWER-760
CDR-C041C0BA,CASE-0208,+910862010900,+912371812646,2023-10-23T13:54:00,3590,Gachibowli,TOWER-976
CDR-8113C88C,CASE-0420,+912688732077,+918350621305,2023-04-04T14:26:00,3474,Karol Bagh,TOWER-219
CDR-6BAE0D5C,CASE-0358,+919872870214,+916343146664,2023-03-23T04:03:00,2036,Noida Sector 18,TOWER-903
CDR-AF1019FB,CASE-0088,+916082178842,+914308290760,2023-07-08T08:27:00,3495,Salt Lake City,TOWER-424
CDR-2982386F,CASE-0340,+914206370446,+912926251734,2023-04-06T23:17:00,1493,Koramangala,TOWER-443
CDR-9B840F43,CASE-0425,+910760034534,+915471376517,2023-04-26T07:51:00,3068,Hinjewadi,TOWER-598
CDR-18E25994,CASE-0294,+918973158719,+910134604279,2023-01-11T10:43:00,1025,Koramangala,TOWER-877
CDR-12D023DC,CASE-0254,+913967092791,+915048381694,2023-06-07T00:22:00,610,T Nagar,TOWER-546
CDR-5DDEC22A,CASE-0432,+915148982381,+913085004925,2023-03-20T08:06:00,1014,New Town,TOWER-355
CDR-15875062,CASE-0059,+918487689040,+912460902403,2023-08-31T06:48:00,3289,Salt Lake City,TOWER-701
CDR-C732DB94,CASE-0400,+912541217249,+910548148961,2023-02-09T02:53:00,2304,Andheri West,TOWER-632
CDR-3099DEB1,CASE-0289,+914573281467,+916348293178,2023-10-04T15:08:00,367,Andheri West,TOWER-764
CDR-80D7C1B4,CASE-0195,+914359315208,+912440682429,2023-09-25T13:12:00,295,Jubilee Hills,TOWER-954
CDR-AD92A939,CASE-0123,+912911010547,+917744090574,2023-01-20T01:40:00,2254,Gachibowli,TOWER-277
CDR-5F6CAF5D,CASE-0413,+919865334842,+914874062052,2023-09-04T14:37:00,2389,Andheri West,TOWER-589
CDR-67F76B11,CASE-0299,+913489395467,+914661571031,2023-04-04T07:36:00,2241,Jubilee Hills,TOWER-118
CDR-67799569,CASE-0332,+912320285188,+916344064802,2023-05-27T22:26:00,490,Karol Bagh,TOWER-739
CDR-610A22C3,CASE-0072,+915041435052,+910240302440,2023-04-06T10:41:00,843,Connaught Place,TOWER-579
CDR-8A7A773C,CASE-0324,+917290393874,+915041435052,2023-03-22T07:56:00,2585,Gachibowli,TOWER-939
CDR-A91C2724,CASE-0125,+916292612597,+916312888986,2023-06-25T13:32:00,2125,New Town,TOWER-128
CDR-C2575CBA,CASE-0001,+917161184225,+915322636235,2023-01-03T18:24:00,2672,Vasant Kunj,TOWER-867
CDR-7184E8E5,CASE-0235,+914239058338,+918211600752,2023-04-22T03:24:00,2252,Gurgaon Sector 29,TOWER-972
CDR-4D875B91,CASE-0020,+915148982381,+913967092791,2023-07-06T20:32:00,1207,Jubilee Hills,TOWER-730
CDR-8B0AB365,CASE-0194,+913975433895,+910651577570,2023-02-16T11:19:00,864,Viman Nagar,TOWER-686
CDR-9DBAA5C6,CASE-0027,+910134604279,+919723990540,2023-01-28T01:14:00,2818,Noida Sector 18,TOWER-804
CDR-1C7F7131,CASE-0280,+918932983493,+919420532056,2023-10-06T10:13:00,2659,Karol Bagh,TOWER-742
CDR-E684562A,CASE-0042,+919691238826,+918659225228,2023-06-22T02:57:00,1288,Gurgaon Sector 29,TOWER-766
CDR-E8A32926,CASE-0440,+912358433424,+919619900199,2023-05-02T18:16:00,226,Jubilee Hills,TOWER-563
CDR-08A95AAA,CASE-0232,+910276666490,+919151204851,2023-05-02T01:04:00,1423,Salt Lake City,TOWER-977
CDR-41CB99D7,CASE-0195,+914813120521,+917971785714,2023-01-15T17:04:00,2876,Karol Bagh,TOWER-470
CDR-B351DE3A,CASE-0040,+910482990745,+911830076815,2023-06-10T04:55:00,3135,Anna Nagar,TOWER-556
CDR-9A2D208F,CASE-0030,+919725620405,+918136855516,2023-06-26T19:20:00,2624,Noida Sector 18,TOWER-590
CDR-0DC0EDC3,CASE-0344,+917290393874,+915148982381,2023-08-19T06:48:00,338,Jubilee Hills,TOWER-972
CDR-4D8EF052,CASE-0244,+913828987535,+915933104997,2023-03-02T19:32:00,1628,Salt Lake City,TOWER-370
CDR-3F685A5D,CASE-0253,+910213409540,+914806583159,2023-01-16T20:09:00,2228,Jubilee Hills,TOWER-818
CDR-AFDA1DC0,CASE-0305,+914359315208,+910929673215,2023-05-31T15:58:00,1122,Bandra Kurla Complex,TOWER-668
CDR-86378DC9,CASE-0023,+912848587043,+914271636761,2023-04-02T06:39:00,2964,Andheri West,TOWER-642
CDR-03E2F945,CASE-0177,+911043729127,+915620250405,2023-04-23T15:15:00,737,Andheri West,TOWER-392
CDR-11D0173F,CASE-0148,+913152383180,+912599782664,2023-08-15T21:58:00,667,Vasant Kunj,TOWER-127
CDR-3697BD07,CASE-0452,+917290393874,+914026517839,2023-05-21T00:55:00,3460,Indiranagar,TOWER-691
CDR-9DAA4BC2,CASE-0317,+915765697117,+918160859121,2023-04-30T16:32:00,82,Noida Sector 18,TOWER-453
CDR-53087C47,CASE-0491,+915600049059,+914902769945,2023-10-03T23:23:00,3269,Vasant Kunj,TOWER-800
CDR-4CF86A5B,CASE-0291,+915720825366,+910351193387,2023-07-20T08:49:00,2238,Gachibowli,TOWER-614
CDR-22E28033,CASE-0392,+917939433426,+916506552957,2023-10-03T11:46:00,3242,Jubilee Hills,TOWER-840
CDR-7BA45962,CASE-0093,+913626380693,+912588212241,2023-06-18T13:39:00,671,T Nagar,TOWER-676
CDR-9BCA9D40,CASE-0454,+917943273531,+913547280012,2023-04-05T16:48:00,1588,Andheri West,TOWER-302
CDR-31D7376E,CASE-0024,+913057237398,+916003271035,2023-09-08T14:42:00,3145,Gachibowli,TOWER-883
CDR-DCAFB018,CASE-0427,+911749668311,+911399317340,2023-06-12T19:15:00,2085,Andheri West,TOWER-954
CDR-5CC0652D,CASE-0337,+917730731716,+916563578867,2023-09-11T22:13:00,503,T Nagar,TOWER-374
CDR-D840B3C7,CASE-0125,+918275460638,+917523320352,2023-07-23T20:57:00,3213,Secunderabad Railway Station,TOWER-481
CDR-6469EA7B,CASE-0269,+917290393874,+911107473065,2023-10-23T23:20:00,3237,Hinjewadi,TOWER-655
CDR-22A5BA94,CASE-0363,+919948781980,+912994496758,2023-10-15T12:44:00,1696,T Nagar,TOWER-108
CDR-7B4BF257,CASE-0468,+913975433895,+913975433895,2023-05-20T21:08:00,551,Hinjewadi,TOWER-247
CDR-702453E0,CASE-0500,+912022843319,+916763021743,2023-05-17T04:30:00,2493,Anna Nagar,TOWER-588
CDR-D0C29459,CASE-0384,+912465017878,+912587080427,2023-01-03T14:31:00,2900,Noida Sector 18,TOWER-644
CDR-F5A2CB2D,CASE-0263,+912789947990,+917558985101,2023-03-09T07:31:00,402,Bandra Kurla Complex,TOWER-263
CDR-20405A40,CASE-0137,+911885956157,+919390289110,2023-07-28T11:12:00,2953,Vasant Kunj,TOWER-426
CDR-838C76A6,CASE-0445,+916209181900,+915024878084,2023-05-09T04:22:00,2418,Vasant Kunj,TOWER-133
CDR-B7F7979E,CASE-0476,+914461495991,+916837084109,2023-02-02T23:14:00,2103,Koramangala,TOWER-892
CDR-4A579840,CASE-0418,+919345912958,+916639437375,2023-04-29T03:39:00,1341,Noida Sector 18,TOWER-469
CDR-A96ED5D1,CASE-0179,+912625724303,+912848587043,2023-07-29T06:14:00,2831,Noida Sector 18,TOWER-726
CDR-0E12E117,CASE-0063,+912559280879,+910012296324,2023-05-13T17:14:00,980,Gachibowli,TOWER-836
CDR-817C94D4,CASE-0323,+919062778005,+916900758490,2023-09-24T22:06:00,3259,Salt Lake City,TOWER-726
CDR-E792DB00,CASE-0074,+916597937599,+916209181900,2023-02-22T04:50:00,1197,Vasant Kunj,TOWER-533
CDR-F224E69C,CASE-0382,+910753540823,+916209181900,2023-08-19T05:52:00,1660,Noida Sector 18,TOWER-944
CDR-F44C4D30,CASE-0404,+911906242419,+914794213514,2023-07-29T10:15:00,772,New Town,TOWER-607
CDR-924682BE,CASE-0317,+915765697117,+910972389944,2023-08-30T10:43:00,1440,Jubilee Hills,TOWER-502
CDR-2ABC28B6,CASE-0324,+912617274226,+912062619351,2023-07-04T17:09:00,1412,T Nagar,TOWER-694
CDR-8B93578D,CASE-0313,+912848587043,+918843545700,2023-06-10T13:27:00,2766,Salt Lake City,TOWER-610
CDR-B671D7D5,CASE-0239,+918343190114,+912157715896,2023-02-03T11:42:00,1390,T Nagar,TOWER-762
CDR-5667CD47,CASE-0040,+913296770996,+913591701886,2023-07-03T19:41:00,1433,Jubilee Hills,TOWER-466
CDR-CDC801FA,CASE-0261,+912440682429,+914359315208,2023-07-02T13:20:00,2063,T Nagar,TOWER-359
CDR-B6D6EE76,CASE-0001,+917654441593,+917290393874,2023-01-11T07:46:00,2352,T Nagar,TOWER-465
CDR-C2691C94,CASE-0402,+918742614667,+910539363533,2023-05-26T06:41:00,3576,Jubilee Hills,TOWER-184
CDR-5A4AF437,CASE-0286,+913547280012,+914359315208,2023-06-15T12:22:00,3075,Karol Bagh,TOWER-492
CDR-C4A86BA9,CASE-0376,+914862200721,+916478683891,2023-06-15T11:48:00,2119,Hinjewadi,TOWER-655
CDR-C979B0D4,CASE-0042,+919691238826,+914717607249,2023-04-21T23:45:00,3506,Connaught Place,TOWER-197
CDR-5CE82D9F,CASE-0269,+917290393874,+918545155824,2023-08-30T20:21:00,2148,Gurgaon Sector 29,TOWER-648
CDR-B238F25C,CASE-0076,+911782032348,+914291627528,2023-02-06T10:16:00,699,Vasant Kunj,TOWER-292
CDR-D4CA16B5,CASE-0334,+911782032348,+919668738453,2023-05-29T15:55:00,3529,Secunderabad Railway Station,TOWER-435
CDR-5A1D1825,CASE-0156,+911140184254,+913690375306,2023-08-31T20:49:00,2738,Andheri West,TOWER-451
CDR-EE3E16C5,CASE-0205,+912699144921,+910751173156,2023-02-12T20:18:00,3434,Koramangala,TOWER-695
CDR-A17453DF,CASE-0029,+910753540823,+913547280012,2023-03-11T23:20:00,1302,Indiranagar,TOWER-932
CDR-7329E6CA,CASE-0268,+910629220881,+917936940117,2023-04-02T15:32:00,2463,Bandra Kurla Complex,TOWER-555
CDR-38920B07,CASE-0185,+912062619351,+919458484561,2023-07-17T08:11:00,1306,Jubilee Hills,TOWER-164
CDR-52581F71,CASE-0327,+910351193387,+914678948610,2023-07-02T14:22:00,2831,Salt Lake City,TOWER-687
CDR-FFA648A9,CASE-0373,+913599923155,+912750611513,2023-04-21T09:31:00,470,Noida Sector 18,TOWER-548
CDR-201E717E,CASE-0007,+910290034167,+919238665833,2023-04-05T15:21:00,1254,Connaught Place,TOWER-971
CDR-D008F9C4,CASE-0439,+914359315208,+914999768358,2023-10-16T14:20:00,2806,Indiranagar,TOWER-941
CDR-71C188AC,CASE-0204,+919629244313,+913924396305,2023-09-15T05:54:00,1765,New Town,TOWER-875
CDR-A1EC96B7,CASE-0007,+910290034167,+912775540600,2023-05-09T06:02:00,2531,Hinjewadi,TOWER-474
CDR-7CC5B62E,CASE-0394,+917749462059,+910878618618,2023-06-11T00:08:00,1175,Andheri West,TOWER-556
CDR-ADF564EE,CASE-0378,+916763530693,+919055237492,2023-05-26T02:15:00,2604,Bandra Kurla Complex,TOWER-634
CDR-E71D9113,CASE-0025,+914451942213,+915070249841,2023-04-24T13:31:00,3323,T Nagar,TOWER-547
CDR-6D5DD363,CASE-0334,+917290393874,+912320188885,2023-01-08T11:50:00,2508,Secunderabad Railway Station,TOWER-313
CDR-6A39E572,CASE-0406,+919495438603,+919236742524,2023-04-16T07:22:00,1280,Bandra Kurla Complex,TOWER-648
CDR-1ADFA6DF,CASE-0325,+912652774044,+916818796698,2023-07-18T02:34:00,1241,T Nagar,TOWER-770
CDR-E9DE6D3D,CASE-0494,+918946688109,+910272544865,2023-01-29T02:43:00,1743,Anna Nagar,TOWER-551
CDR-10A3B4A0,CASE-0356,+913729879207,+917265656774,2023-06-26T18:07:00,470,Gurgaon Sector 29,TOWER-806
CDR-A898EA0B,CASE-0359,+919458484561,+912848587043,2023-10-26T18:54:00,982,Gachibowli,TOWER-747
CDR-0B5F74CF,CASE-0196,+918825586433,+910165236708,2023-07-25T07:12:00,2507,Gachibowli,TOWER-770
CDR-BEFAE0C8,CASE-0110,+912848587043,+913975433895,2023-07-26T20:34:00,3402,Gurgaon Sector 29,TOWER-470
CDR-C6E09827,CASE-0101,+910582788962,+916813090622,2023-10-24T15:14:00,388,New Town,TOWER-200
CDR-A4D4AE08,CASE-0031,+911576655467,+914294975033,2023-08-28T04:48:00,1423,Hinjewadi,TOWER-289
CDR-9482421C,CASE-0262,+918406264787,+918388880452,2023-02-11T17:53:00,1945,Karol Bagh,TOWER-974
CDR-BA5F4B95,CASE-0217,+918994187632,+919618547415,2023-06-18T06:21:00,267,Hinjewadi,TOWER-902
CDR-DE7269A6,CASE-0083,+919281692056,+915713332169,2023-01-14T17:26:00,1304,Koramangala,TOWER-832
CDR-47F1BA36,CASE-0058,+916383350593,+915606535897,2023-05-25T05:52:00,1084,Viman Nagar,TOWER-962
CDR-A9E33A47,CASE-0466,+911780713931,+917241976377,2023-06-08T00:27:00,3367,New Town,TOWER-341
CDR-0001D615,CASE-0412,+917092126831,+915527465681,2023-08-04T03:23:00,3300,Secunderabad Railway Station,TOWER-839
CDR-D9750459,CASE-0470,+911316942440,+915920116378,2023-02-23T21:44:00,2863,Bandra Kurla Complex,TOWER-272
CDR-DB8F3741,CASE-0004,+918545155824,+911782032348,2023-06-25T17:45:00,2529,Anna Nagar,TOWER-526
CDR-D8BBE46F,CASE-0431,+911977332202,+917317140774,2023-04-20T01:12:00,1233,Indiranagar,TOWER-530
CDR-0F594761,CASE-0311,+914925421471,+913048691392,2023-02-22T07:56:00,2488,Anna Nagar,TOWER-956
CDR-7CFD66A0,CASE-0159,+912324301583,+913547280012,2023-06-19T22:02:00,2542,Noida Sector 18,TOWER-419
CDR-CC8D751B,CASE-0337,+916953741440,+910193020510,2023-03-08T15:50:00,3229,Indiranagar,TOWER-273
CDR-E121D212,CASE-0112,+918947227783,+918927886083,2023-02-26T20:58:00,82,New Town,TOWER-586
CDR-6FA42837,CASE-0086,+913494425741,+919824829794,2023-04-10T19:40:00,799,Bandra Kurla Complex,TOWER-819
CDR-082E2FCD,CASE-0134,+919898889852,+916075138433,2023-10-21T20:28:00,803,Indiranagar,TOWER-905
CDR-A2D9EE3A,CASE-0367,+910860263703,+913121201754,2023-05-07T03:12:00,523,Salt Lake City,TOWER-897
CDR-EB404739,CASE-0053,+915148982381,+916944715208,2023-02-04T07:55:00,52,Noida Sector 18,TOWER-300
CDR-8A6C314E,CASE-0148,+917428769944,+919571503066,2023-02-22T02:06:00,936,Karol Bagh,TOWER-879
CDR-19A70235,CASE-0169,+919948329997,+914845036897,2023-03-29T07:16:00,707,Anna Nagar,TOWER-788
CDR-9B05CEB3,CASE-0459,+913456574648,+911023141953,2023-03-19T00:03:00,963,Gachibowli,TOWER-515
CDR-D0C9D100,CASE-0122,+912848587043,+913975433895,2023-08-14T23:32:00,1027,Salt Lake City,TOWER-926
CDR-A8A6892B,CASE-0240,+914532487038,+910666357440,2023-03-22T22:42:00,2717,Vasant Kunj,TOWER-996
CDR-B982C9FF,CASE-0087,+910576654331,+913117666290,2023-04-11T22:40:00,1000,Connaught Place,TOWER-801
CDR-7355CE4A,CASE-0143,+912935565536,+914879446519,2023-08-25T02:34:00,655,Hinjewadi,TOWER-328
CDR-0927B6E3,CASE-0094,+913975433895,+919101651319,2023-01-06T14:43:00,3278,Connaught Place,TOWER-250
CDR-CCC7009C,CASE-0003,+913291506542,+919076107645,2023-10-25T07:11:00,1559,Gurgaon Sector 29,TOWER-132
CDR-51FB6CE7,CASE-0218,+918062339266,+913621842854,2023-03-01T02:10:00,626,Indiranagar,TOWER-201
CDR-9397C433,CASE-0451,+913181182806,+915920116378,2023-09-05T14:18:00,3206,Viman Nagar,TOWER-584
CDR-1504695F,CASE-0301,+919699375505,+914579701765,2023-08-24T16:11:00,1639,Koramangala,TOWER-103
CDR-C4C3E1E3,CASE-0465,+914678612658,+914441685408,2023-08-23T04:25:00,2426,Salt Lake City,TOWER-809
CDR-C56C808B,CASE-0150,+918843545700,+915109624097,2023-07-30T19:15:00,2475,Viman Nagar,TOWER-410
CDR-2AA0DC69,CASE-0070,+913608715525,+916274396690,2023-07-11T00:53:00,1060,Vasant Kunj,TOWER-882
CDR-D14DE489,CASE-0231,+916780341720,+916736715801,2023-02-13T05:30:00,496,Secunderabad Railway Station,TOWER-212
CDR-49B21DC7,CASE-0496,+914239058338,+917040142551,2023-09-07T13:58:00,1924,Karol Bagh,TOWER-891
CDR-8E9CA7F4,CASE-0031,+910654420728,+912342873017,2023-05-25T03:27:00,15,Anna Nagar,TOWER-947
CDR-F91BC290,CASE-0096,+911921472688,+912062619351,2023-05-13T05:02:00,1033,Noida Sector 18,TOWER-832
CDR-51BCB850,CASE-0102,+915913507143,+910303493539,2023-04-07T17:35:00,2108,New Town,TOWER-939
CDR-CFFB16F1,CASE-0461,+917007752067,+919458484561,2023-10-10T17:58:00,2050,Secunderabad Railway Station,TOWER-543
CDR-8E99FCE7,CASE-0041,+910257807600,+910349100120,2023-07-24T05:59:00,1460,T Nagar,TOWER-102
CDR-CC38BFB7,CASE-0021,+915999606810,+912531880791,2023-05-30T07:28:00,862,Connaught Place,TOWER-131
CDR-3AE8DB0E,CASE-0399,+913470946835,+917550411336,2023-01-28T05:11:00,2604,Vasant Kunj,TOWER-514
CDR-BFE0C1A1,CASE-0274,+914897219099,+911171272847,2023-05-17T13:56:00,767,Gachibowli,TOWER-447
CDR-A41BA23D,CASE-0333,+917879811619,+918046557017,2023-01-27T04:23:00,2469,Gachibowli,TOWER-782
CDR-89260C9E,CASE-0218,+918218828668,+916028829904,2023-10-09T20:40:00,978,Secunderabad Railway Station,TOWER-211
CDR-0FD04BC9,CASE-0134,+914773614852,+911174219618,2023-05-15T20:18:00,3249,Connaught Place,TOWER-155
CDR-5DC4C89B,CASE-0478,+910753540823,+913547280012,2023-08-31T18:45:00,2024,Secunderabad Railway Station,TOWER-947
CDR-F6C04685,CASE-0376,+918885591662,+919230517257,2023-01-17T14:19:00,3264,Jubilee Hills,TOWER-759
CDR-F0B97B81,CASE-0338,+919911322795,+912305763726,2023-03-11T23:18:00,473,Salt Lake City,TOWER-621
CDR-52E0A024,CASE-0376,+911744211261,+916206474641,2023-07-29T12:02:00,134,New Town,TOWER-450
CDR-1A10DA7A,CASE-0166,+918843545700,+916774529458,2023-04-06T19:53:00,2114,Anna Nagar,TOWER-631
CDR-0AE4545D,CASE-0353,+917290393874,+911782032348,2023-08-28T19:20:00,439,Connaught Place,TOWER-396
CDR-D80DC2D0,CASE-0269,+914167726668,+915920116378,2023-10-26T04:12:00,2829,Secunderabad Railway Station,TOWER-664
CDR-2A239565,CASE-0477,+910932627488,+917290393874,2023-04-26T19:10:00,3586,Koramangala,TOWER-831
CDR-BDA51996,CASE-0466,+912062619351,+912062619351,2023-01-05T08:02:00,2497,Gachibowli,TOWER-727
CDR-A3D587BE,CASE-0060,+910791274692,+918511866427,2023-02-20T07:56:00,398,Gachibowli,TOWER-293
CDR-21C57FD2,CASE-0362,+917290393874,+910932627488,2023-03-19T04:29:00,141,Noida Sector 18,TOWER-967
CDR-97D993BA,CASE-0491,+915600049059,+911715528148,2023-05-04T00:19:00,2014,Anna Nagar,TOWER-590
CDR-6F2FEC7F,CASE-0332,+912320285188,+912223044249,2023-05-08T20:55:00,2208,Secunderabad Railway Station,TOWER-157
CDR-DFD02CB2,CASE-0183,+917514951472,+913051315483,2023-09-27T02:03:00,2034,New Town,TOWER-898
CDR-35DF510C,CASE-0116,+913687677348,+918774012688,2023-05-28T06:56:00,592,Karol Bagh,TOWER-934
CDR-334E8011,CASE-0130,+912550285147,+914030785745,2023-07-02T05:26:00,3075,Anna Nagar,TOWER-944
CDR-73B310BE,CASE-0461,+915840123060,+912935565536,2023-06-21T07:45:00,462,Indiranagar,TOWER-409
CDR-E09F0199,CASE-0215,+918210553678,+918139658605,2023-02-16T00:45:00,2387,Gurgaon Sector 29,TOWER-248
CDR-DC9EC8F1,CASE-0021,+916084731866,+912678557762,2023-10-05T17:58:00,3339,T Nagar,TOWER-557
CDR-9B2AD89A,CASE-0197,+918545155824,+917290393874,2023-05-22T08:57:00,2463,Gurgaon Sector 29,TOWER-384
CDR-CC85D939,CASE-0315,+911626857367,+915050313597,2023-09-29T16:34:00,1682,Jubilee Hills,TOWER-714
CDR-433892FA,CASE-0266,+911782032348,+913477272025,2023-02-22T21:15:00,1411,Noida Sector 18,TOWER-857
CDR-E0B251D5,CASE-0463,+915024878084,+912507594947,2023-06-01T02:32:00,892,Koramangala,TOWER-132
CDR-BADE9599,CASE-0063,+913967092791,+917985877994,2023-07-31T08:04:00,1987,Bandra Kurla Complex,TOWER-270
CDR-12222C29,CASE-0325,+912652774044,+911108613263,2023-03-27T02:29:00,1425,Salt Lake City,TOWER-795
CDR-738B64AF,CASE-0226,+919654403697,+919407808835,2023-08-20T07:01:00,1890,Hinjewadi,TOWER-817
CDR-49DD503F,CASE-0431,+915973347773,+917654441593,2023-06-03T18:04:00,1072,Bandra Kurla Complex,TOWER-457
CDR-B4CBD3F8,CASE-0233,+915862719514,+917161573083,2023-04-17T19:00:00,613,Gurgaon Sector 29,TOWER-155
CDR-EF80E8E2,CASE-0240,+916786288566,+912592392307,2023-10-19T22:12:00,1139,Karol Bagh,TOWER-347
CDR-0A6660A8,CASE-0284,+913062950283,+912283198543,2023-02-18T06:31:00,2996,New Town,TOWER-177
CDR-5D5785EA,CASE-0453,+910047578748,+913684181142,2023-02-25T06:35:00,1620,Connaught Place,TOWER-690
CDR-2C87547E,CASE-0365,+917070611839,+915201887089,2023-04-21T10:55:00,3298,Andheri West,TOWER-425
CDR-9D759ABA,CASE-0342,+919668738453,+916384976652,2023-01-10T14:00:00,3521,New Town,TOWER-249
CDR-10F149F9,CASE-0428,+916599503486,+917368433947,2023-05-26T16:27:00,1169,T Nagar,TOWER-483
CDR-B242C5A6,CASE-0298,+913638646181,+916690603466,2023-10-23T17:23:00,560,Andheri West,TOWER-212
CDR-40DB2005,CASE-0106,+915241522476,+914946010978,2023-09-02T03:49:00,126,Karol Bagh,TOWER-342
CDR-BE5F6853,CASE-0111,+915920116378,+910955332751,2023-04-29T01:04:00,176,T Nagar,TOWER-221
CDR-9FEB184F,CASE-0038,+913961941329,+913622220202,2023-03-20T01:21:00,2223,Vasant Kunj,TOWER-178
CDR-C0DAD25B,CASE-0349,+910457709895,+910057258651,2023-01-12T18:34:00,1158,Bandra Kurla Complex,TOWER-245
CDR-83A9B362,CASE-0462,+918311734172,+912984453032,2023-07-30T09:36:00,1195,Vasant Kunj,TOWER-554
CDR-B76F1E81,CASE-0059,+911182887465,+919329444436,2023-03-12T20:33:00,3394,Indiranagar,TOWER-454
CDR-5EAFA40E,CASE-0402,+917021774748,+917504128034,2023-07-23T17:09:00,1488,Viman Nagar,TOWER-125
CDR-4FC49D2D,CASE-0330,+911782032348,+910539363533,2023-05-30T01:32:00,1243,Andheri West,TOWER-314
CDR-A70B76AA,CASE-0132,+913975433895,+912848587043,2023-02-27T19:09:00,2780,Jubilee Hills,TOWER-531
CDR-184DB08A,CASE-0156,+911140184254,+915648736791,2023-06-11T06:10:00,1175,Andheri West,TOWER-389
CDR-A6EA1512,CASE-0460,+915170419060,+914867111063,2023-04-14T16:26:00,879,Gachibowli,TOWER-523
CDR-C891B2F4,CASE-0239,+918343190114,+912619286492,2023-10-26T08:49:00,3049,Gachibowli,TOWER-605
CDR-7F5A8E52,CASE-0163,+911406361078,+912077385205,2023-06-21T03:44:00,2678,Secunderabad Railway Station,TOWER-806
CDR-426D9064,CASE-0019,+918330158333,+911885956157,2023-06-12T15:26:00,220,T Nagar,TOWER-671
CDR-C1AD79A3,CASE-0426,+913781832130,+914774994205,2023-08-27T04:03:00,476,Koramangala,TOWER-661
CDR-467C2A2C,CASE-0309,+918624564306,+915867724943,2023-07-24T22:17:00,2008,Secunderabad Railway Station,TOWER-144
CDR-EEF73BE0,CASE-0397,+913332752530,+914634812166,2023-02-18T05:35:00,2082,Indiranagar,TOWER-794
CDR-16CEDF74,CASE-0233,+916307331452,+916992837562,2023-10-07T23:34:00,3168,T Nagar,TOWER-698
CDR-F76233F6,CASE-0245,+916269473825,+910525003009,2023-05-20T10:02:00,1473,Noida Sector 18,TOWER-450
CDR-AD55B041,CASE-0332,+915928172005,+910781620554,2023-08-02T15:17:00,498,Connaught Place,TOWER-649
CDR-274AC9F3,CASE-0296,+913742305662,+914813120521,2023-09-19T05:15:00,2913,Connaught Place,TOWER-636
CDR-C1E3C64E,CASE-0236,+913067876211,+916110237303,2023-08-14T02:39:00,463,Karol Bagh,TOWER-425
CDR-465829B6,CASE-0053,+910344747960,+913555765396,2023-07-02T06:39:00,1221,Gachibowli,TOWER-460
CDR-5A88C810,CASE-0381,+917951906671,+918435671409,2023-06-25T08:53:00,3206,Noida Sector 18,TOWER-297
CDR-E0BDFC0C,CASE-0009,+919743316415,+911500401780,2023-05-08T20:22:00,2511,Gurgaon Sector 29,TOWER-128
CDR-335C5605,CASE-0154,+914359315208,+912056511446,2023-04-13T14:14:00,203,Vasant Kunj,TOWER-641
CDR-F04BE6C9,CASE-0302,+918341046989,+913469273818,2023-09-07T06:27:00,1242,Viman Nagar,TOWER-117
CDR-F1DD48C0,CASE-0057,+915024878084,+911281156252,2023-02-25T19:23:00,2289,Jubilee Hills,TOWER-792
CDR-3E0AFEE7,CASE-0141,+911828322841,+914981420686,2023-01-02T06:09:00,3216,Karol Bagh,TOWER-829
CDR-7A4E8F5E,CASE-0400,+912541217249,+910086544677,2023-04-20T13:44:00,2561,Andheri West,TOWER-494
CDR-5ED1EBE1,CASE-0236,+913067876211,+916023445383,2023-09-05T21:43:00,194,Gachibowli,TOWER-631
CDR-D8C324BA,CASE-0205,+910539363533,+914271636761,2023-09-18T02:15:00,540,Noida Sector 18,TOWER-592
CDR-0EC6ACFF,CASE-0017,+914915364501,+915272083752,2023-04-25T22:56:00,3182,Gurgaon Sector 29,TOWER-181
CDR-11C815A4,CASE-0278,+910322678140,+916806322116,2023-01-20T17:24:00,1839,Indiranagar,TOWER-938
CDR-F482DB88,CASE-0394,+914811049809,+915279354939,2023-10-07T16:00:00,1068,Karol Bagh,TOWER-564
CDR-BAFFE922,CASE-0055,+913842157215,+910932627488,2023-07-15T02:57:00,19,Andheri West,TOWER-445
CDR-3D00C9AB,CASE-0239,+917522840618,+910871675542,2023-05-09T06:17:00,206,T Nagar,TOWER-525
CDR-7D784653,CASE-0496,+914359315208,+912440682429,2023-05-03T18:13:00,73,Viman Nagar,TOWER-686
CDR-7AF9FA89,CASE-0054,+916301113901,+919068167159,2023-04-12T22:14:00,1155,Jubilee Hills,TOWER-845
CDR-FC85DDE3,CASE-0461,+917007752067,+918051496671,2023-06-29T06:40:00,1663,Anna Nagar,TOWER-423
CDR-8A7EB6D8,CASE-0387,+914649199328,+915968658569,2023-05-09T20:00:00,1364,Secunderabad Railway Station,TOWER-965
CDR-EEBFB979,CASE-0459,+915024878084,+918114752717,2023-05-10T13:40:00,3432,T Nagar,TOWER-125
CDR-4ED2066B,CASE-0014,+919458484561,+914147037075,2023-09-19T14:32:00,1158,Karol Bagh,TOWER-737
CDR-2E91259A,CASE-0307,+914359315208,+911787507041,2023-03-24T23:54:00,1715,Bandra Kurla Complex,TOWER-216
CDR-27A438E4,CASE-0028,+915024878084,+911010462301,2023-03-25T00:10:00,2828,Indiranagar,TOWER-880
CDR-4A8DD476,CASE-0364,+914575175709,+912795729660,2023-08-27T00:24:00,1012,Koramangala,TOWER-283
CDR-BBBB3D86,CASE-0495,+916836823883,+911297390179,2023-03-29T03:38:00,652,Anna Nagar,TOWER-362
CDR-5EAD0643,CASE-0269,+917290393874,+911782032348,2023-02-21T02:43:00,2666,Noida Sector 18,TOWER-431
CDR-3E340CCA,CASE-0073,+910753540823,+913547280012,2023-09-08T14:46:00,3342,Anna Nagar,TOWER-763
CDR-5B8E9CE6,CASE-0369,+913718122167,+918674140328,2023-01-05T19:07:00,3043,Vasant Kunj,TOWER-734
CDR-81981188,CASE-0179,+913645707064,+910428069597,2023-09-14T07:44:00,3102,Secunderabad Railway Station,TOWER-495
CDR-B3892634,CASE-0319,+910753540823,+918257554238,2023-04-22T13:40:00,1114,New Town,TOWER-841
CDR-6F641B0A,CASE-0046,+918888401933,+918822916910,2023-09-05T17:59:00,3144,Bandra Kurla Complex,TOWER-301
CDR-57AB88DF,CASE-0261,+912440682429,+918443237623,2023-06-23T06:38:00,1607,Salt Lake City,TOWER-770
CDR-5D5EABA0,CASE-0397,+911454868600,+916656260099,2023-09-12T14:43:00,2749,Andheri West,TOWER-897
CDR-2C42D9AA,CASE-0231,+915335809724,+915148982381,2023-02-17T01:29:00,1935,Anna Nagar,TOWER-122
CDR-EE66D0E7,CASE-0486,+910868338542,+919647276306,2023-06-25T21:29:00,1712,T Nagar,TOWER-946
CDR-644D052F,CASE-0379,+918263049035,+916216162807,2023-05-14T13:55:00,3198,Noida Sector 18,TOWER-156
CDR-2418051E,CASE-0079,+913384557273,+914907406588,2023-10-26T19:07:00,2848,T Nagar,TOWER-912
CDR-C07DC1A1,CASE-0126,+912655514057,+917483307238,2023-05-19T22:54:00,1095,Salt Lake City,TOWER-540
CDR-2E5855B7,CASE-0373,+914331414522,+915462344565,2023-09-09T23:47:00,3012,Noida Sector 18,TOWER-628
CDR-46B811C8,CASE-0303,+915183757959,+919422175960,2023-10-17T09:06:00,924,Gurgaon Sector 29,TOWER-694
CDR-8786C391,CASE-0143,+912016331085,+914848775492,2023-04-10T17:21:00,260,Andheri West,TOWER-235
CDR-97CA245A,CASE-0185,+912062619351,+911514035327,2023-09-18T22:56:00,224,Jubilee Hills,TOWER-781
CDR-E7E92432,CASE-0103,+915564499121,+913901938349,2023-05-15T07:01:00,497,Bandra Kurla Complex,TOWER-171
CDR-C07911A9,CASE-0049,+915061373475,+917913101569,2023-04-30T10:35:00,3064,Jubilee Hills,TOWER-876
CDR-AE6AAAE6,CASE-0145,+911661966550,+919056414739,2023-09-18T03:39:00,3270,Indiranagar,TOWER-536
CDR-9233D5BD,CASE-0285,+913401365438,+912457192762,2023-07-18T05:03:00,101,Anna Nagar,TOWER-588
CDR-4727A5FB,CASE-0391,+915148982381,+917290393874,2023-06-18T16:56:00,2167,Viman Nagar,TOWER-639
CDR-FBAF0876,CASE-0056,+914271636761,+914602964029,2023-01-30T10:40:00,1025,Anna Nagar,TOWER-897
CDR-3E250C1F,CASE-0464,+912138937116,+914817161190,2023-02-24T17:17:00,64,Bandra Kurla Complex,TOWER-864
CDR-0FA59FCB,CASE-0321,+911885956157,+914246272833,2023-06-02T04:51:00,654,Andheri West,TOWER-838
CDR-F6DBE5C1,CASE-0400,+912046296754,+918983816987,2023-03-24T23:20:00,2828,Jubilee Hills,TOWER-374
CDR-A14D4858,CASE-0337,+916953741440,+917691319723,2023-02-06T22:26:00,2844,Indiranagar,TOWER-267
CDR-CED75577,CASE-0104,+910389968090,+910753540823,2023-05-24T05:05:00,823,New Town,TOWER-762
CDR-B73456B3,CASE-0381,+919450491981,+919892978898,2023-03-28T06:11:00,69,Anna Nagar,TOWER-330
CDR-D43F9611,CASE-0098,+916209181900,+919897237132,2023-08-16T00:05:00,32,Salt Lake City,TOWER-115
CDR-4D146926,CASE-0474,+912940211989,+916209181900,2023-02-19T10:49:00,29,T Nagar,TOWER-650
CDR-2EFA90B9,CASE-0118,+919311749984,+912236549925,2023-09-08T06:05:00,798,Gurgaon Sector 29,TOWER-676
CDR-A3E22118,CASE-0176,+916277885651,+918383342061,2023-01-19T16:00:00,1757,Noida Sector 18,TOWER-338
CDR-28316003,CASE-0057,+913547280012,+914235432636,2023-07-26T13:52:00,1780,T Nagar,TOWER-503
CDR-6B53A7EE,CASE-0354,+917104875947,+911885956157,2023-05-07T16:51:00,1376,Gachibowli,TOWER-210
CDR-C0E4F703,CASE-0016,+911885956157,+910093250967,2023-03-22T03:49:00,27,Indiranagar,TOWER-489
CDR-47BFE86F,CASE-0039,+910150350282,+916717274862,2023-08-30T00:40:00,2033,Jubilee Hills,TOWER-649
CDR-0F7721D0,CASE-0360,+919458484561,+919458484561,2023-05-07T20:52:00,3130,Karol Bagh,TOWER-580
CDR-63D95762,CASE-0411,+919604524340,+918008283475,2023-03-13T03:02:00,956,T Nagar,TOWER-107
CDR-731CF004,CASE-0338,+914609507226,+915782234860,2023-02-02T16:54:00,1528,Andheri West,TOWER-398
CDR-9FCA19EF,CASE-0398,+912790928367,+910238215354,2023-02-23T17:53:00,1983,New Town,TOWER-697
CDR-FA729215,CASE-0392,+916591365609,+910024502943,2023-10-14T03:45:00,3213,T Nagar,TOWER-873
CDR-1EB904E2,CASE-0480,+912062619351,+916609046304,2023-03-08T22:16:00,152,Indiranagar,TOWER-725
CDR-9455C0AA,CASE-0433,+912308290480,+911664883063,2023-08-27T21:26:00,3336,Gurgaon Sector 29,TOWER-194
CDR-D35CC386,CASE-0150,+918843545700,+918838883573,2023-03-02T18:29:00,2353,Indiranagar,TOWER-726
CDR-310D2831,CASE-0231,+916780341720,+915793289751,2023-09-06T02:01:00,3096,Indiranagar,TOWER-446
CDR-6D3007D2,CASE-0303,+912209263659,+910602378882,2023-08-28T09:26:00,348,Gachibowli,TOWER-385
CDR-ACEE95EE,CASE-0349,+911275084059,+914307836074,2023-01-14T09:10:00,3136,Salt Lake City,TOWER-687
CDR-6122E97D,CASE-0085,+919498964649,+910600114718,2023-09-16T22:45:00,1440,Jubilee Hills,TOWER-350
CDR-34CB975B,CASE-0084,+913976188626,+912524720798,2023-03-20T14:31:00,2962,Gurgaon Sector 29,TOWER-759
CDR-EFF20579,CASE-0345,+913676586202,+916053625207,2023-06-23T12:17:00,801,Bandra Kurla Complex,TOWER-487
CDR-988B3E67,CASE-0337,+916953741440,+911535657668,2023-03-22T21:42:00,1230,Anna Nagar,TOWER-902
CDR-868E2702,CASE-0442,+915920116378,+912035903049,2023-08-15T00:56:00,3546,Viman Nagar,TOWER-825
CDR-6CFBE219,CASE-0098,+913170363263,+912585563149,2023-07-09T16:35:00,2638,Connaught Place,TOWER-162
CDR-7A3B9E8C,CASE-0485,+913547280012,+915897502098,2023-10-11T08:11:00,331,Andheri West,TOWER-253
CDR-639DC398,CASE-0333,+917879811619,+915039759846,2023-04-17T02:19:00,804,New Town,TOWER-796
CDR-60A5B27C,CASE-0143,+912935565536,+916626815865,2023-10-02T17:56:00,1703,Vasant Kunj,TOWER-304
CDR-C9C5614A,CASE-0050,+910326513902,+915088163600,2023-08-28T15:06:00,891,Viman Nagar,TOWER-232
CDR-15637D1F,CASE-0497,+912448697461,+919957759545,2023-10-04T12:28:00,652,Vasant Kunj,TOWER-975
CDR-D30DBCB4,CASE-0065,+919572468652,+912020354274,2023-05-25T12:12:00,2656,Koramangala,TOWER-838
CDR-63FEFCD4,CASE-0106,+917169652950,+918913039523,2023-08-24T21:59:00,2936,Gachibowli,TOWER-298
CDR-792491DA,CASE-0425,+911993936641,+911805479607,2023-05-11T23:03:00,2511,Karol Bagh,TOWER-172
CDR-C6496E92,CASE-0218,+916853957256,+915207823884,2023-08-15T09:57:00,1564,Vasant Kunj,TOWER-711
CDR-1519F1CB,CASE-0365,+910342388945,+919458484561,2023-09-01T23:31:00,230,Jubilee Hills,TOWER-599
CDR-E3B07B60,CASE-0335,+919526656527,+912472256375,2023-07-07T07:42:00,291,New Town,TOWER-429
CDR-2BD87999,CASE-0200,+917290393874,+910969723180,2023-10-28T09:02:00,2205,Karol Bagh,TOWER-321
CDR-7B0163B7,CASE-0104,+913326498388,+913547280012,2023-07-24T09:51:00,2737,Gurgaon Sector 29,TOWER-648
CDR-2175B6C5,CASE-0077,+915149639918,+915316018014,2023-06-05T17:36:00,3401,Indiranagar,TOWER-547
CDR-2706CFA6,CASE-0130,+912550285147,+917727332110,2023-04-07T18:45:00,1230,Noida Sector 18,TOWER-590
CDR-8B267642,CASE-0137,+911782032348,+911782032348,2023-02-27T17:02:00,2593,Gachibowli,TOWER-308
CDR-15D89BE2,CASE-0172,+914043510973,+910102174012,2023-06-04T04:35:00,1595,Connaught Place,TOWER-541
CDR-77625159,CASE-0340,+914206370446,+911071116159,2023-10-26T06:38:00,3536,Hinjewadi,TOWER-102
CDR-6A573C4B,CASE-0285,+913876253728,+918566572457,2023-09-26T07:44:00,993,Hinjewadi,TOWER-470
CDR-6C8CB24E,CASE-0383,+915867724943,+913533601279,2023-03-03T05:54:00,2940,Gachibowli,TOWER-276
CDR-F109E1E1,CASE-0295,+916775955382,+912425938621,2023-09-14T00:06:00,2458,Andheri West,TOWER-226
CDR-4A87B6F6,CASE-0312,+911782949249,+917259529882,2023-04-22T20:43:00,400,Viman Nagar,TOWER-127
CDR-210AD800,CASE-0044,+913287294594,+919629528490,2023-08-20T19:10:00,467,Secunderabad Railway Station,TOWER-332
CDR-A990DA79,CASE-0349,+916021101710,+914082142393,2023-05-21T11:15:00,330,Gurgaon Sector 29,TOWER-223
CDR-3636C0BF,CASE-0245,+913975433895,+918312272675,2023-01-20T09:36:00,2858,Salt Lake City,TOWER-408
CDR-025E32DD,CASE-0154,+914239058338,+915665442095,2023-02-07T07:10:00,2527,Karol Bagh,TOWER-156
CDR-A76042FA,CASE-0273,+915920116378,+914239058338,2023-01-07T05:33:00,2665,Andheri West,TOWER-379
CDR-FF1A97C8,CASE-0252,+916804483483,+914067080976,2023-06-19T23:22:00,2873,Bandra Kurla Complex,TOWER-762
CDR-13DE9EB6,CASE-0122,+912848587043,+918843545700,2023-08-15T05:25:00,1723,Noida Sector 18,TOWER-839
CDR-7AF43502,CASE-0418,+919345912958,+917654441593,2023-10-06T22:43:00,293,Bandra Kurla Complex,TOWER-273
CDR-9BDA3FDC,CASE-0409,+919780086645,+915251858358,2023-08-30T15:47:00,3102,Jubilee Hills,TOWER-536
CDR-214BA70B,CASE-0257,+911885956157,+914206370446,2023-03-15T14:50:00,2918,T Nagar,TOWER-785
CDR-82E87410,CASE-0375,+918798154749,+911388019352,2023-09-05T20:04:00,285,Bandra Kurla Complex,TOWER-359
CDR-5FF4B7DD,CASE-0446,+914032404397,+917594035037,2023-02-20T11:01:00,2889,T Nagar,TOWER-871
CDR-572CDFA5,CASE-0424,+912062619351,+915148982381,2023-01-19T17:09:00,2091,Koramangala,TOWER-336
CDR-91DA82BF,CASE-0463,+915024878084,+913825160852,2023-05-13T12:50:00,3020,Salt Lake City,TOWER-211
CDR-6CE927ED,CASE-0394,+914811049809,+917408602781,2023-09-02T03:51:00,696,Noida Sector 18,TOWER-264
CDR-CD943AC9,CASE-0217,+918994187632,+910937211273,2023-08-30T09:36:00,2937,Gurgaon Sector 29,TOWER-332
CDR-437DAC93,CASE-0424,+912062619351,+917290393874,2023-04-14T06:20:00,275,Indiranagar,TOWER-704
CDR-4B591C08,CASE-0328,+918543058950,+911762389815,2023-07-12T13:39:00,1997,Gachibowli,TOWER-973
CDR-6B0BFE6D,CASE-0296,+912321794130,+916112886620,2023-09-09T09:09:00,2671,Koramangala,TOWER-772
CDR-08AA3C71,CASE-0309,+918624564306,+914724453920,2023-09-21T23:03:00,2715,Vasant Kunj,TOWER-166
CDR-87BACF5A,CASE-0067,+914074236407,+913794112499,2023-01-27T03:29:00,318,Connaught Place,TOWER-685
CDR-D726238A,CASE-0151,+912273170905,+911622678066,2023-10-16T05:36:00,303,Viman Nagar,TOWER-422
CDR-31AFAC03,CASE-0244,+910357455567,+917741212976,2023-07-24T02:28:00,2034,T Nagar,TOWER-616
CDR-CA8245EB,CASE-0182,+919161140906,+912888159648,2023-09-05T01:39:00,1619,Koramangala,TOWER-564
CDR-7BC8A23B,CASE-0260,+917464167026,+918143247211,2023-03-06T14:39:00,154,Secunderabad Railway Station,TOWER-300
CDR-EE9D2254,CASE-0164,+914232822091,+911885956157,2023-05-24T16:03:00,1652,Jubilee Hills,TOWER-181
CDR-665A358D,CASE-0017,+910048280710,+912402221949,2023-06-13T02:57:00,3567,Salt Lake City,TOWER-917
CDR-2A2205FB,CASE-0429,+917043408035,+914781577092,2023-08-16T05:32:00,2200,Noida Sector 18,TOWER-671
CDR-361DAA09,CASE-0175,+915215091504,+913539140806,2023-07-19T12:39:00,2567,Anna Nagar,TOWER-374
CDR-90C5C753,CASE-0135,+914530312529,+914883108844,2023-01-18T13:13:00,475,Viman Nagar,TOWER-633
CDR-91929E33,CASE-0163,+913084772999,+914877877339,2023-05-24T11:32:00,2018,Jubilee Hills,TOWER-509
CDR-863792FF,CASE-0387,+915401475726,+916130911975,2023-06-01T03:39:00,1481,Noida Sector 18,TOWER-555
CDR-E5DEA515,CASE-0079,+913384557273,+915054221752,2023-06-12T22:56:00,83,New Town,TOWER-137
CDR-C15A5322,CASE-0276,+913732477149,+914175868877,2023-06-19T06:43:00,1473,Noida Sector 18,TOWER-930
CDR-54DE66EF,CASE-0002,+913351339767,+914387894358,2023-10-08T01:35:00,3000,Gachibowli,TOWER-475
CDR-5429205C,CASE-0466,+912062619351,+917290393874,2023-06-08T09:10:00,2694,T Nagar,TOWER-308
CDR-80B024BF,CASE-0106,+915241522476,+918017824740,2023-03-15T14:27:00,2089,Bandra Kurla Complex,TOWER-213
CDR-86DA4CD2,CASE-0306,+914271636761,+913121201754,2023-05-16T08:32:00,2261,Gachibowli,TOWER-512
CDR-E918410C,CASE-0032,+912440682429,+915677708167,2023-10-15T14:42:00,3286,Salt Lake City,TOWER-599
CDR-C2341B75,CASE-0432,+919458484561,+919458484561,2023-04-09T01:47:00,1306,New Town,TOWER-218
CDR-2F84BBDA,CASE-0258,+912891254249,+914364790123,2023-06-29T13:45:00,3124,Secunderabad Railway Station,TOWER-795
CDR-D52BBD41,CASE-0070,+913608715525,+914280698319,2023-02-07T16:28:00,1106,Secunderabad Railway Station,TOWER-391
CDR-63E46911,CASE-0489,+913986950305,+918825646040,2023-04-24T22:36:00,1708,Salt Lake City,TOWER-678
CDR-DB5C4AED,CASE-0295,+916775955382,+916190066377,2023-04-30T04:10:00,1843,Hinjewadi,TOWER-788
CDR-06EC61C0,CASE-0138,+911953201389,+913030202471,2023-06-06T18:29:00,2498,Vasant Kunj,TOWER-705
CDR-B737AC62,CASE-0167,+919458484561,+919458484561,2023-03-09T15:12:00,682,Viman Nagar,TOWER-160
CDR-8ED08261,CASE-0075,+914035816748,+911259853153,2023-04-09T11:37:00,579,Jubilee Hills,TOWER-370
CDR-759DCE7C,CASE-0081,+911322995558,+914016870288,2023-08-26T05:41:00,1695,Connaught Place,TOWER-730
CDR-8FE03CF1,CASE-0111,+913733199858,+910845541080,2023-08-02T17:29:00,286,Indiranagar,TOWER-699
CDR-0BAD2A32,CASE-0176,+913520293182,+919139523228,2023-02-06T20:17:00,1926,Koramangala,TOWER-644
CDR-AAD093D6,CASE-0304,+911782032348,+911782032348,2023-08-27T22:44:00,1794,Gurgaon Sector 29,TOWER-551
CDR-1F6E5637,CASE-0117,+913797079614,+913547280012,2023-07-07T20:16:00,3412,Gachibowli,TOWER-958
CDR-04C1CE82,CASE-0432,+919458484561,+915148982381,2023-05-21T17:42:00,3107,T Nagar,TOWER-272
CDR-1F6D33F3,CASE-0380,+917863804088,+912114836252,2023-06-03T08:38:00,2643,T Nagar,TOWER-673
CDR-02E670AD,CASE-0437,+911400672608,+916208036026,2023-02-26T03:40:00,163,Koramangala,TOWER-399
CDR-B19F46AE,CASE-0298,+915702489941,+916003560758,2023-05-09T08:25:00,432,Jubilee Hills,TOWER-536
CDR-2A038E87,CASE-0339,+910991274097,+914555009629,2023-09-03T23:04:00,903,Gachibowli,TOWER-722
CDR-3B39495A,CASE-0210,+912848587043,+914271636761,2023-01-31T13:18:00,2560,Vasant Kunj,TOWER-526
CDR-A357D5E3,CASE-0465,+917458978757,+915834990961,2023-09-04T05:14:00,2018,Anna Nagar,TOWER-922
CDR-8E536387,CASE-0451,+914271636761,+919361398507,2023-05-09T19:15:00,2043,T Nagar,TOWER-905
CDR-32C50F74,CASE-0273,+914359315208,+914239058338,2023-10-11T23:54:00,642,Bandra Kurla Complex,TOWER-465
CDR-5357E210,CASE-0120,+919468912214,+917654441593,2023-05-30T21:30:00,1871,Bandra Kurla Complex,TOWER-896
CDR-32FE196D,CASE-0343,+911613233800,+916578232810,2023-01-25T04:49:00,2092,Vasant Kunj,TOWER-624
CDR-EA2E4B9C,CASE-0351,+917406192979,+919248217412,2023-03-11T23:54:00,3569,Bandra Kurla Complex,TOWER-766
CDR-794283CF,CASE-0019,+911885956157,+911782032348,2023-05-08T12:51:00,2999,Gachibowli,TOWER-901
CDR-692C7AE2,CASE-0042,+919691238826,+919799523863,2023-10-01T19:14:00,2379,Koramangala,TOWER-351
CDR-FB73714C,CASE-0130,+915515553452,+915627041904,2023-09-22T17:45:00,88,Connaught Place,TOWER-151
CDR-5303C470,CASE-0199,+917290393874,+911125322517,2023-04-21T20:53:00,3106,Gachibowli,TOWER-509
CDR-F2368A72,CASE-0246,+918485916056,+913975433895,2023-04-27T10:05:00,538,Gurgaon Sector 29,TOWER-981
CDR-73D0947C,CASE-0214,+912599338749,+913056259865,2023-04-12T23:24:00,2182,Jubilee Hills,TOWER-947
CDR-D7328101,CASE-0223,+910048044826,+910327397140,2023-06-13T07:58:00,2708,Koramangala,TOWER-860
CDR-A312FE7B,CASE-0242,+915354377108,+917420037876,2023-02-06T20:56:00,1526,Vasant Kunj,TOWER-641
CDR-70456482,CASE-0065,+910688902259,+912083439015,2023-02-23T11:19:00,2237,New Town,TOWER-528
CDR-F41D40A7,CASE-0079,+918242937107,+913968299209,2023-08-08T18:18:00,1236,Gurgaon Sector 29,TOWER-428
CDR-684F7002,CASE-0339,+911655903639,+914175868877,2023-10-07T15:53:00,2272,Noida Sector 18,TOWER-862
CDR-852C0E2D,CASE-0065,+911232633884,+911832852357,2023-02-21T04:13:00,2516,Gachibowli,TOWER-346
CDR-00D10041,CASE-0055,+912038126504,+919455167456,2023-07-27T15:26:00,846,Secunderabad Railway Station,TOWER-687
CDR-277DF63D,CASE-0156,+911140184254,+915659189588,2023-09-10T01:13:00,778,Viman Nagar,TOWER-965
CDR-8960C953,CASE-0306,+914271636761,+912795896058,2023-01-29T07:11:00,2434,Andheri West,TOWER-710
CDR-9EEEA472,CASE-0076,+911782032348,+917290393874,2023-04-05T19:09:00,836,Gurgaon Sector 29,TOWER-210
CDR-CA5FFADF,CASE-0154,+914239058338,+915160651239,2023-01-12T06:28:00,3371,Connaught Place,TOWER-780
CDR-52292775,CASE-0416,+914359315208,+914506871200,2023-04-06T11:17:00,2606,Gurgaon Sector 29,TOWER-386
CDR-96124907,CASE-0173,+912301663207,+911419617142,2023-03-01T17:33:00,2755,New Town,TOWER-659
CDR-753E1623,CASE-0385,+910134604279,+910479825271,2023-01-26T10:03:00,269,Connaught Place,TOWER-595
CDR-A58C062C,CASE-0338,+914609507226,+916309173666,2023-02-08T03:36:00,2894,Indiranagar,TOWER-349
CDR-30C9369C,CASE-0171,+919766705777,+914712669795,2023-03-20T13:08:00,3388,T Nagar,TOWER-503
CDR-E14012F9,CASE-0287,+917290393874,+915148982381,2023-02-14T07:54:00,1417,New Town,TOWER-909
CDR-4B64E302,CASE-0023,+912848587043,+916699082997,2023-01-17T15:38:00,3303,T Nagar,TOWER-177
CDR-9C2391B9,CASE-0152,+915472697341,+917227050134,2023-08-07T02:58:00,2699,Indiranagar,TOWER-835
CDR-B58F1108,CASE-0201,+912848587043,+914359315208,2023-10-16T07:28:00,1686,Koramangala,TOWER-728
CDR-23B81BA4,CASE-0367,+911743616027,+918916325555,2023-06-20T05:59:00,3068,Bandra Kurla Complex,TOWER-169
CDR-15AD7C3B,CASE-0225,+911658299659,+914803542345,2023-07-15T08:11:00,482,Connaught Place,TOWER-483
CDR-273C2661,CASE-0451,+914901963315,+914696968899,2023-10-21T12:54:00,2537,Jubilee Hills,TOWER-572
CDR-E4574F9B,CASE-0414,+913605876690,+911107257903,2023-06-28T11:01:00,3307,T Nagar,TOWER-852
CDR-86D95C12,CASE-0066,+912848587043,+915867724943,2023-10-18T10:01:00,3090,Noida Sector 18,TOWER-398
CDR-8AD78A41,CASE-0289,+914573281467,+916209181900,2023-09-07T08:26:00,860,Jubilee Hills,TOWER-672
CDR-AE41D280,CASE-0300,+912905983086,+918146228995,2023-06-02T15:48:00,2332,Indiranagar,TOWER-785
CDR-DB2CC836,CASE-0148,+917428769944,+912848587043,2023-04-19T14:43:00,1337,Koramangala,TOWER-886
CDR-F38626DA,CASE-0498,+919514667010,+914359315208,2023-09-06T10:52:00,1647,New Town,TOWER-589
CDR-8297E86A,CASE-0144,+915024878084,+913198583879,2023-02-19T14:44:00,2364,Jubilee Hills,TOWER-621
CDR-851278DD,CASE-0427,+911749668311,+912041140444,2023-05-21T13:44:00,2888,Bandra Kurla Complex,TOWER-624
CDR-8677B503,CASE-0313,+912848587043,+910891474351,2023-06-21T05:34:00,1369,Viman Nagar,TOWER-341
CDR-2CE35581,CASE-0485,+913547280012,+914271636761,2023-02-12T20:35:00,1316,Gachibowli,TOWER-937
CDR-E4415E6D,CASE-0474,+911685532300,+911369848767,2023-01-06T21:30:00,1531,Hinjewadi,TOWER-542
CDR-6B9C7A2F,CASE-0223,+917437514483,+912910184080,2023-04-03T11:29:00,2713,Hinjewadi,TOWER-111
CDR-CC3765AC,CASE-0474,+910895423938,+916776010922,2023-08-20T13:17:00,2462,Viman Nagar,TOWER-119
CDR-B7765070,CASE-0359,+912062619351,+919458484561,2023-04-04T03:07:00,100,Gachibowli,TOWER-736
CDR-2ED46FFA,CASE-0417,+919458484561,+918781290781,2023-07-01T18:57:00,1895,Secunderabad Railway Station,TOWER-424
CDR-E491579B,CASE-0494,+911332806117,+917535688288,2023-08-24T06:32:00,899,Jubilee Hills,TOWER-152
CDR-6FF87ED2,CASE-0248,+918646745808,+913547280012,2023-09-30T11:46:00,1824,New Town,TOWER-918
CDR-E773AD21,CASE-0419,+919458484561,+919458484561,2023-03-25T04:48:00,2577,Vasant Kunj,TOWER-688
CDR-FC0D9893,CASE-0153,+910753540823,+916209181900,2023-05-23T15:13:00,1191,Viman Nagar,TOWER-725
CDR-C3B99877,CASE-0211,+910803233594,+913728404559,2023-02-06T07:10:00,3429,Connaught Place,TOWER-597
CDR-C47F8FD8,CASE-0381,+917970357325,+915294036139,2023-06-01T11:37:00,2204,Indiranagar,TOWER-979
CDR-813C04EB,CASE-0251,+918545155824,+917030057386,2023-05-08T06:51:00,120,Hinjewadi,TOWER-481
CDR-9C1D90F0,CASE-0357,+914078836069,+916529555258,2023-03-19T16:07:00,2782,T Nagar,TOWER-126
CDR-1D0E6241,CASE-0017,+919788257535,+915041554862,2023-05-17T21:20:00,1089,Karol Bagh,TOWER-823
CDR-6376E5AB,CASE-0294,+918973158719,+914175868877,2023-06-16T23:27:00,2416,Karol Bagh,TOWER-254
CDR-6B317366,CASE-0042,+919691238826,+914816561437,2023-06-02T21:29:00,2644,Jubilee Hills,TOWER-905
CDR-3592B3F2,CASE-0226,+912358668489,+914364172973,2023-06-04T18:11:00,2590,Indiranagar,TOWER-927
CDR-7489AD60,CASE-0198,+916325484698,+910969723180,2023-09-06T11:43:00,3380,T Nagar,TOWER-812
CDR-2429B853,CASE-0239,+918343190114,+914556151769,2023-05-21T18:53:00,3156,Bandra Kurla Complex,TOWER-461
CDR-C30D3EA3,CASE-0259,+912062619351,+914683877504,2023-01-04T01:00:00,3151,Noida Sector 18,TOWER-854
CDR-8BBCB945,CASE-0003,+913291506542,+916734489967,2023-09-04T03:31:00,2877,Hinjewadi,TOWER-812
CDR-BE336C23,CASE-0161,+912062619351,+917487450916,2023-01-17T03:46:00,3057,Andheri West,TOWER-371
CDR-3EEEFE71,CASE-0258,+912891254249,+912087805704,2023-04-13T16:21:00,385,Viman Nagar,TOWER-225
CDR-41BD07CA,CASE-0168,+913335064912,+912648791857,2023-03-23T01:34:00,1409,Secunderabad Railway Station,TOWER-275
CDR-BEB38743,CASE-0429,+919152826450,+911708298314,2023-04-02T17:13:00,1197,T Nagar,TOWER-495
CDR-D1271E4F,CASE-0206,+915024878084,+913563152229,2023-01-11T09:12:00,2009,Indiranagar,TOWER-499
CDR-521B79FC,CASE-0367,+912079573643,+910932627488,2023-02-11T23:04:00,2206,Bandra Kurla Complex,TOWER-500
CDR-4E7B2FD4,CASE-0274,+914897219099,+911626955065,2023-04-08T04:05:00,2944,Salt Lake City,TOWER-207
CDR-2230839A,CASE-0428,+917216125623,+910969723180,2023-04-02T04:13:00,1976,New Town,TOWER-359
CDR-DE51BA93,CASE-0445,+916209181900,+916214266064,2023-06-04T20:24:00,2269,Gachibowli,TOWER-161
CDR-6C3EB03B,CASE-0262,+915799261605,+911642413577,2023-03-05T11:10:00,1040,Viman Nagar,TOWER-465
CDR-0B7F8ED6,CASE-0262,+916029960185,+914235432636,2023-01-16T19:25:00,2099,T Nagar,TOWER-957
CDR-A38A1AF9,CASE-0402,+918579227307,+910969723180,2023-06-07T20:04:00,395,Noida Sector 18,TOWER-315
CDR-15A1A70C,CASE-0263,+912789947990,+918290272977,2023-03-22T15:15:00,1580,Connaught Place,TOWER-131
CDR-CDF3C758,CASE-0370,+918388825721,+919628241038,2023-04-29T20:52:00,1593,Gurgaon Sector 29,TOWER-961
CDR-C6EC345C,CASE-0146,+912062619351,+919608573728,2023-06-08T08:16:00,288,Jubilee Hills,TOWER-997
CDR-CE7008FE,CASE-0450,+911983879998,+917669531895,2023-01-02T17:52:00,155,Gurgaon Sector 29,TOWER-207
CDR-90B78AC3,CASE-0209,+912440682429,+916063799868,2023-06-15T21:42:00,3285,Viman Nagar,TOWER-846
CDR-6676A0E1,CASE-0471,+917060340842,+918081859874,2023-06-12T12:39:00,107,Secunderabad Railway Station,TOWER-724
CDR-54964E4F,CASE-0265,+913114125358,+917441106547,2023-08-02T18:59:00,2020,Connaught Place,TOWER-466
CDR-E8148152,CASE-0377,+919538090596,+914206370446,2023-03-16T13:57:00,2400,Karol Bagh,TOWER-319
CDR-C64F86A4,CASE-0472,+910753540823,+915832905712,2023-10-22T10:44:00,54,Koramangala,TOWER-246
CDR-CDF800B0,CASE-0446,+914032404397,+910809988672,2023-01-19T15:49:00,702,Connaught Place,TOWER-155
CDR-E4E3D26C,CASE-0330,+916512266845,+911885956157,2023-10-03T00:21:00,551,Koramangala,TOWER-584
CDR-DA6F7ED2,CASE-0366,+911109103307,+910083256736,2023-05-21T11:08:00,3261,Vasant Kunj,TOWER-909
CDR-E0D755E0,CASE-0470,+912440682429,+912875280113,2023-06-10T09:57:00,983,Connaught Place,TOWER-814
CDR-10D749C9,CASE-0136,+912824783137,+913533730362,2023-10-17T00:39:00,3166,Vasant Kunj,TOWER-563
CDR-33B95BB4,CASE-0319,+910753540823,+913547280012,2023-09-11T01:25:00,1100,Connaught Place,TOWER-386
CDR-A31E0C4F,CASE-0260,+911444441476,+915041435052,2023-07-07T17:38:00,16,Connaught Place,TOWER-173
CDR-B5EA9745,CASE-0478,+914271636761,+919487263697,2023-03-16T08:06:00,152,Jubilee Hills,TOWER-116
CDR-F4C1229A,CASE-0343,+911613233800,+919939355151,2023-07-07T02:19:00,1931,Secunderabad Railway Station,TOWER-233
CDR-9CFE2C81,CASE-0346,+912440682429,+914813120521,2023-04-02T21:30:00,2592,Vasant Kunj,TOWER-328
CDR-8EA1DA8D,CASE-0395,+913547280012,+911972779024,2023-02-20T12:04:00,1202,Jubilee Hills,TOWER-569
CDR-77B5C676,CASE-0275,+918545155824,+918545155824,2023-06-16T19:29:00,3588,Secunderabad Railway Station,TOWER-426
CDR-F3CAF7C0,CASE-0267,+917290393874,+918545155824,2023-02-26T11:13:00,646,Connaught Place,TOWER-828
CDR-B86D8C33,CASE-0481,+911917950043,+918802725187,2023-04-08T03:10:00,735,Jubilee Hills,TOWER-981
CDR-E2E85341,CASE-0461,+917007752067,+912098059664,2023-03-07T13:05:00,2505,Gachibowli,TOWER-256
CDR-F9D5F137,CASE-0280,+918932983493,+914178732869,2023-02-09T01:33:00,1416,Hinjewadi,TOWER-537
CDR-0747F4D2,CASE-0250,+918992423967,+919513026830,2023-07-02T23:20:00,3120,Hinjewadi,TOWER-697
CDR-C5FB0664,CASE-0424,+918641694690,+911844995265,2023-04-04T08:44:00,371,Hinjewadi,TOWER-968
CDR-195585D7,CASE-0483,+918624564306,+916421361773,2023-05-08T14:29:00,503,Karol Bagh,TOWER-273
CDR-08EC54CD,CASE-0243,+911402256863,+914510979157,2023-02-24T15:18:00,1356,Vasant Kunj,TOWER-383
CDR-B65BD941,CASE-0066,+912848587043,+914271636761,2023-01-24T07:37:00,1769,Secunderabad Railway Station,TOWER-710
CDR-AE0E3DE6,CASE-0152,+915472697341,+919988282938,2023-02-26T13:04:00,1479,Viman Nagar,TOWER-650
CDR-B7A486A4,CASE-0133,+914198829321,+916941526595,2023-05-01T16:18:00,2585,Karol Bagh,TOWER-774
CDR-04449425,CASE-0127,+915140721957,+913421641797,2023-09-13T03:20:00,133,Gachibowli,TOWER-271
CDR-244B740F,CASE-0157,+913965686271,+919203875762,2023-05-03T01:24:00,3586,Connaught Place,TOWER-323
CDR-66BABE36,CASE-0214,+915423912024,+917145416876,2023-05-02T14:45:00,3264,Anna Nagar,TOWER-361
CDR-F275A9CF,CASE-0115,+917925522646,+913598104436,2023-09-29T12:38:00,2389,Anna Nagar,TOWER-264
CDR-3A7D9E5A,CASE-0277,+915437501020,+913920685534,2023-09-17T08:03:00,1452,Indiranagar,TOWER-252
CDR-E3F99005,CASE-0071,+917085112131,+919929026212,2023-08-11T00:59:00,75,Noida Sector 18,TOWER-505
CDR-6057DD9C,CASE-0303,+914307080071,+914296630063,2023-06-02T09:59:00,1006,Jubilee Hills,TOWER-867
CDR-DCD1DF8D,CASE-0226,+919301892874,+915888691887,2023-07-12T19:26:00,2381,Viman Nagar,TOWER-727
CDR-4BB206F2,CASE-0127,+915140721957,+910833437219,2023-09-06T11:03:00,1903,Karol Bagh,TOWER-538
CDR-A9775DFE,CASE-0314,+918545155824,+910673036935,2023-04-19T05:52:00,2194,Gurgaon Sector 29,TOWER-337
CDR-06288AB4,CASE-0465,+917458978757,+919345912958,2023-05-14T10:38:00,1278,Salt Lake City,TOWER-319
CDR-8A4AB9BC,CASE-0054,+917941313161,+918860468082,2023-04-05T03:08:00,1147,Anna Nagar,TOWER-726
CDR-BED3F27E,CASE-0203,+912848587043,+912848587043,2023-04-04T02:01:00,2555,Salt Lake City,TOWER-425
CDR-0FB3F8D9,CASE-0002,+913601309591,+912935565536,2023-05-03T12:54:00,1558,T Nagar,TOWER-925
CDR-3111DDD3,CASE-0238,+912478940065,+916700143118,2023-02-06T11:37:00,1919,Koramangala,TOWER-325
CDR-37D81060,CASE-0104,+915024878084,+916209181900,2023-07-24T00:37:00,205,Connaught Place,TOWER-514
CDR-F0D7E78E,CASE-0144,+919582327110,+919998744144,2023-03-28T23:50:00,1310,T Nagar,TOWER-727
CDR-4E04EF16,CASE-0174,+914271636761,+919311749984,2023-04-27T20:21:00,1445,Jubilee Hills,TOWER-238
CDR-39497C17,CASE-0208,+919121256286,+917817447466,2023-04-20T13:04:00,2583,Gachibowli,TOWER-167
CDR-9CC61BED,CASE-0176,+913520293182,+918434643848,2023-06-14T21:38:00,2490,Bandra Kurla Complex,TOWER-237
CDR-6DA269E7,CASE-0340,+914206370446,+915867724943,2023-05-19T00:49:00,2917,Hinjewadi,TOWER-231
CDR-43E0E8D6,CASE-0389,+918741001772,+919311749984,2023-03-14T12:10:00,2019,Jubilee Hills,TOWER-996
CDR-CE1D9E55,CASE-0362,+917290393874,+918424148456,2023-04-08T14:16:00,573,New Town,TOWER-425
CDR-8839A692,CASE-0138,+918390351790,+913356560024,2023-10-14T12:43:00,2447,Vasant Kunj,TOWER-929
CDR-2FBA156D,CASE-0334,+913500273841,+914813120521,2023-05-21T17:06:00,3189,Koramangala,TOWER-851
CDR-F73BF1E1,CASE-0198,+912720481920,+919433840653,2023-09-10T00:50:00,2910,Secunderabad Railway Station,TOWER-713
CDR-50B8C8E5,CASE-0425,+910760034534,+910607931255,2023-08-14T05:17:00,2307,Indiranagar,TOWER-488
CDR-B4E96EF9,CASE-0411,+917915834898,+918896096158,2023-05-07T07:20:00,1984,Connaught Place,TOWER-718
CDR-27B25602,CASE-0018,+913632681752,+919599467023,2023-07-26T16:28:00,289,Andheri West,TOWER-611
CDR-58DF7B2C,CASE-0353,+915527465681,+918058502641,2023-01-21T18:54:00,299,Viman Nagar,TOWER-219
CDR-DF246F92,CASE-0207,+919438531917,+915461178300,2023-06-27T01:54:00,1416,T Nagar,TOWER-123
CDR-440E5C7F,CASE-0426,+910753540823,+915527465681,2023-07-12T07:02:00,3226,Jubilee Hills,TOWER-756
CDR-600830E4,CASE-0374,+915173283298,+910777951407,2023-07-11T03:15:00,1748,Bandra Kurla Complex,TOWER-344
CDR-2BBBDA2D,CASE-0205,+914042825732,+913975433895,2023-09-26T17:08:00,2129,Hinjewadi,TOWER-444
CDR-B623B0EC,CASE-0269,+911549186785,+913852944783,2023-08-14T18:33:00,2821,New Town,TOWER-105
CDR-3548A593,CASE-0141,+911426320242,+911681402865,2023-03-03T04:00:00,410,Jubilee Hills,TOWER-134
CDR-95B57B2E,CASE-0403,+915584025532,+916903733167,2023-09-29T04:43:00,786,T Nagar,TOWER-593
CDR-45492BE0,CASE-0004,+918667116174,+918994720610,2023-08-25T15:51:00,1366,New Town,TOWER-460
CDR-02EF9C9A,CASE-0433,+916558676663,+917639876961,2023-06-24T06:55:00,489,Koramangala,TOWER-238
CDR-5939A500,CASE-0420,+911423019981,+915904545315,2023-02-25T09:00:00,1930,Vasant Kunj,TOWER-614
CDR-56B103AF,CASE-0430,+912779166231,+919897066211,2023-01-01T11:15:00,601,Hinjewadi,TOWER-628
CDR-8B99DB78,CASE-0357,+914078836069,+919776689771,2023-09-18T06:17:00,1691,Connaught Place,TOWER-532
CDR-07E7C93E,CASE-0269,+917290393874,+913924182355,2023-10-25T16:54:00,3135,Gachibowli,TOWER-199
CDR-EF5F42D6,CASE-0450,+911983879998,+910349898934,2023-10-02T07:11:00,2775,T Nagar,TOWER-793
CDR-229957E3,CASE-0359,+917696977528,+915344451765,2023-03-31T08:39:00,1091,Vasant Kunj,TOWER-598
CDR-480472DC,CASE-0194,+918441461474,+915473947897,2023-06-30T13:41:00,1731,Indiranagar,TOWER-952
CDR-0D9F283D,CASE-0448,+915413624076,+915795736801,2023-02-01T13:53:00,1622,Indiranagar,TOWER-562
CDR-4BE6AAB6,CASE-0394,+916038141737,+910185010608,2023-05-05T04:46:00,2407,Connaught Place,TOWER-293
CDR-14088D2E,CASE-0483,+918624564306,+914216776817,2023-06-03T03:07:00,2680,Gachibowli,TOWER-233
CDR-929AFB7C,CASE-0488,+911340095113,+914518345494,2023-03-22T23:42:00,596,Bandra Kurla Complex,TOWER-698
CDR-26C9FC09,CASE-0343,+911613233800,+918464831420,2023-02-18T16:53:00,2938,Viman Nagar,TOWER-953
CDR-EDFBB211,CASE-0284,+916707448255,+910932627488,2023-09-01T09:49:00,2116,Viman Nagar,TOWER-366
CDR-87F78563,CASE-0159,+915024878084,+910552291274,2023-03-16T14:17:00,1490,Bandra Kurla Complex,TOWER-158
CDR-49C21E2A,CASE-0425,+918766708211,+915676400982,2023-02-20T22:26:00,1160,Vasant Kunj,TOWER-427
CDR-E2990E42,CASE-0462,+914635031611,+918646745808,2023-04-24T04:05:00,2124,Indiranagar,TOWER-288
CDR-AE553B73,CASE-0362,+917290393874,+910932627488,2023-01-18T00:50:00,2960,Viman Nagar,TOWER-689
CDR-0628AC6A,CASE-0500,+912604191298,+919196616496,2023-09-27T12:09:00,1261,Anna Nagar,TOWER-602
CDR-09D5F1B5,CASE-0424,+912062619351,+917290393874,2023-07-04T18:36:00,1165,Connaught Place,TOWER-894
CDR-E1D130BE,CASE-0257,+911885956157,+917290393874,2023-05-18T08:12:00,1427,Gurgaon Sector 29,TOWER-925
CDR-D35CA2A2,CASE-0193,+912616150370,+912663041730,2023-05-19T03:59:00,2103,Bandra Kurla Complex,TOWER-132
CDR-A11DF52D,CASE-0164,+911885956157,+912855704998,2023-06-02T00:35:00,736,Salt Lake City,TOWER-263
CDR-A346BA99,CASE-0188,+916459405371,+913459062336,2023-06-23T21:27:00,1688,Anna Nagar,TOWER-707
CDR-8F10644A,CASE-0200,+917290393874,+915148982381,2023-07-17T20:56:00,1709,Jubilee Hills,TOWER-529
CDR-C813C662,CASE-0355,+919062553225,+914087730460,2023-10-02T17:11:00,985,Salt Lake City,TOWER-780
CDR-7BFE8B0C,CASE-0434,+914239058338,+912045394241,2023-02-04T06:50:00,3520,Jubilee Hills,TOWER-548
CDR-8E3ED690,CASE-0414,+913958454431,+915144190264,2023-10-24T07:27:00,3030,Koramangala,TOWER-974
CDR-2ADC6293,CASE-0152,+912079828208,+910736218847,2023-03-31T18:31:00,2661,Bandra Kurla Complex,TOWER-693
CDR-AFAD487A,CASE-0168,+913335064912,+911067755935,2023-05-19T19:30:00,1177,Hinjewadi,TOWER-524
CDR-2CF73059,CASE-0419,+915148982381,+914535699226,2023-10-25T04:02:00,2636,Secunderabad Railway Station,TOWER-434
CDR-A46AED4A,CASE-0309,+918624564306,+910681434658,2023-04-17T08:10:00,1465,Andheri West,TOWER-164
CDR-366E5569,CASE-0270,+911344878466,+919653171349,2023-08-09T14:44:00,2227,Gurgaon Sector 29,TOWER-465
CDR-4C8DE577,CASE-0375,+912576312857,+912367113661,2023-04-08T16:16:00,484,Salt Lake City,TOWER-631
CDR-0BD1F4F2,CASE-0252,+911372745498,+915667767991,2023-05-19T13:16:00,2480,Gurgaon Sector 29,TOWER-741
CDR-79049614,CASE-0104,+915024878084,+912554611931,2023-08-30T22:05:00,238,Vasant Kunj,TOWER-654
CDR-9DF2B282,CASE-0048,+915148982381,+910932627488,2023-09-05T20:54:00,277,Anna Nagar,TOWER-398
CDR-CECCED0C,CASE-0338,+915072965901,+912485638921,2023-08-26T19:26:00,2897,Secunderabad Railway Station,TOWER-419
CDR-A762F8F5,CASE-0332,+912320285188,+913433944714,2023-03-18T11:37:00,1141,Gurgaon Sector 29,TOWER-843
CDR-D8E86F54,CASE-0097,+918843545700,+912848587043,2023-09-22T18:27:00,1997,Jubilee Hills,TOWER-215
CDR-A7C3B292,CASE-0333,+917879811619,+919540362895,2023-04-23T22:24:00,2435,Karol Bagh,TOWER-417
CDR-3CD39354,CASE-0338,+913724588657,+918545155824,2023-09-01T12:08:00,3038,Salt Lake City,TOWER-285
CDR-78B94ED1,CASE-0235,+914813120521,+912440682429,2023-04-24T21:25:00,1911,Koramangala,TOWER-998
CDR-A6EE5E66,CASE-0262,+915799261605,+917597391984,2023-10-16T13:36:00,2867,Gachibowli,TOWER-326
CDR-C00860CC,CASE-0269,+917290393874,+915527465681,2023-08-08T05:47:00,1630,T Nagar,TOWER-336
CDR-354F4B6C,CASE-0439,+912676438414,+911885956157,2023-09-16T12:20:00,1460,Secunderabad Railway Station,TOWER-489
CDR-FCB2E24D,CASE-0473,+919613352549,+913517931065,2023-07-02T00:45:00,1892,Indiranagar,TOWER-955
CDR-83DD7A43,CASE-0057,+915024878084,+919345912958,2023-01-17T10:46:00,3243,Karol Bagh,TOWER-152
CDR-8EE21EE2,CASE-0224,+916209181900,+915140721957,2023-02-17T19:30:00,3146,Salt Lake City,TOWER-728
CDR-F175287C,CASE-0075,+910539363533,+912848587043,2023-03-11T13:17:00,1330,Noida Sector 18,TOWER-763
CDR-0B77697B,CASE-0280,+915927078975,+917450724242,2023-05-28T18:58:00,3015,Hinjewadi,TOWER-317
CDR-DD81C27D,CASE-0358,+916923706920,+918543749771,2023-06-06T13:18:00,3492,T Nagar,TOWER-481
CDR-7039DD07,CASE-0193,+912616150370,+911275754234,2023-05-20T09:02:00,2413,Secunderabad Railway Station,TOWER-151
CDR-A4C82C43,CASE-0246,+918843545700,+915379721364,2023-10-05T00:16:00,2378,Secunderabad Railway Station,TOWER-724
CDR-19200460,CASE-0496,+914359315208,+914239058338,2023-06-19T03:01:00,1461,Viman Nagar,TOWER-984
CDR-509ADA26,CASE-0443,+914207652724,+918008823218,2023-02-05T07:26:00,2210,Noida Sector 18,TOWER-216
CDR-6FD872D7,CASE-0014,+912062619351,+915148982381,2023-01-21T07:04:00,1201,Noida Sector 18,TOWER-366
CDR-69065C34,CASE-0085,+914271636761,+915629615972,2023-09-29T23:02:00,2638,Anna Nagar,TOWER-618
CDR-E2FBE4C1,CASE-0415,+915806084890,+917592260491,2023-09-06T01:40:00,1933,Secunderabad Railway Station,TOWER-536
CDR-6E8D1BC9,CASE-0495,+916836823883,+913325632935,2023-07-08T00:37:00,1733,Noida Sector 18,TOWER-374
CDR-4C5D655D,CASE-0279,+910932627488,+912062619351,2023-04-19T09:57:00,1162,Karol Bagh,TOWER-991
CDR-5DE892AA,CASE-0476,+915024878084,+915024878084,2023-01-21T01:05:00,2517,Hinjewadi,TOWER-824
CDR-22CF8162,CASE-0235,+916480827443,+915920116378,2023-06-24T08:01:00,2511,Jubilee Hills,TOWER-443
CDR-1B3DF25D,CASE-0435,+916209181900,+914271636761,2023-04-04T11:30:00,2085,Koramangala,TOWER-450
CDR-72B97E69,CASE-0160,+918684724500,+919249662207,2023-02-22T14:02:00,290,New Town,TOWER-127
CDR-058F9E0F,CASE-0397,+919826492228,+915388421439,2023-07-21T17:07:00,2830,Koramangala,TOWER-842
CDR-08FB18DB,CASE-0463,+915024878084,+912622746829,2023-01-20T03:24:00,1536,Indiranagar,TOWER-103
CDR-832FBCD5,CASE-0261,+918772071948,+915920116378,2023-08-11T05:01:00,3296,Anna Nagar,TOWER-297
CDR-BE59028C,CASE-0126,+915393692695,+913837376064,2023-08-07T18:04:00,2113,Gachibowli,TOWER-883
CDR-AE281ACC,CASE-0326,+910938543884,+915867724943,2023-02-27T10:27:00,1942,Bandra Kurla Complex,TOWER-869
CDR-16498FEE,CASE-0007,+910061910414,+916660706451,2023-09-08T17:44:00,2015,Andheri West,TOWER-527
CDR-8BBC835E,CASE-0384,+914472515549,+919334286322,2023-01-13T17:56:00,963,Bandra Kurla Complex,TOWER-374
CDR-D85F2A90,CASE-0447,+917942103685,+915679932766,2023-07-19T22:54:00,930,Karol Bagh,TOWER-875
CDR-A07D9001,CASE-0038,+913961941329,+911922355886,2023-03-13T06:04:00,803,Karol Bagh,TOWER-405
CDR-6510C88B,CASE-0255,+912990680246,+914714304440,2023-09-08T13:11:00,1411,Salt Lake City,TOWER-178
CDR-EA88E3DC,CASE-0165,+917899332293,+916400846060,2023-04-15T15:12:00,2872,Jubilee Hills,TOWER-529
CDR-ADEA76F0,CASE-0268,+917186932100,+918169339869,2023-08-20T15:50:00,1416,Bandra Kurla Complex,TOWER-773
CDR-F0480E26,CASE-0016,+911885956157,+918683328082,2023-06-02T07:34:00,123,Gachibowli,TOWER-923
CDR-58CD3868,CASE-0413,+912652392093,+918559469843,2023-09-22T13:23:00,2953,Noida Sector 18,TOWER-600
CDR-996143DA,CASE-0090,+910723086617,+913550225045,2023-07-11T09:21:00,2810,Connaught Place,TOWER-706
CDR-4F6AC231,CASE-0259,+912062619351,+912996268903,2023-04-30T21:46:00,3323,Hinjewadi,TOWER-972
CDR-7DDF675A,CASE-0228,+914464583306,+913547280012,2023-03-22T04:13:00,1601,Indiranagar,TOWER-433
CDR-8DB5C368,CASE-0025,+912219274262,+916544266771,2023-03-18T23:34:00,2963,Indiranagar,TOWER-577
CDR-505C36B3,CASE-0193,+912616150370,+914238619733,2023-08-30T14:53:00,2784,New Town,TOWER-927
CDR-DD6CD274,CASE-0311,+910014614703,+918924893986,2023-10-26T23:08:00,31,Hinjewadi,TOWER-260
CDR-A347C823,CASE-0314,+913303142083,+913435999454,2023-03-20T23:49:00,1585,Bandra Kurla Complex,TOWER-615
CDR-07D29BCB,CASE-0225,+911658299659,+913558317587,2023-02-23T01:39:00,953,Secunderabad Railway Station,TOWER-496
CDR-14341A11,CASE-0394,+917749462059,+912353774141,2023-04-12T21:16:00,312,Andheri West,TOWER-691
CDR-04C43E03,CASE-0389,+918741001772,+919152156442,2023-08-27T09:49:00,521,Bandra Kurla Complex,TOWER-188
CDR-81DEE00B,CASE-0390,+912596986383,+915359393288,2023-07-13T09:19:00,2600,Indiranagar,TOWER-737
CDR-8F25B3D4,CASE-0121,+910945335815,+911821640123,2023-07-26T21:27:00,1447,Viman Nagar,TOWER-125
CDR-6CF46BA3,CASE-0392,+916591365609,+919642318716,2023-08-19T08:34:00,544,Gurgaon Sector 29,TOWER-438
CDR-8DE607B2,CASE-0010,+912887085748,+911140443721,2023-01-05T09:01:00,2792,Anna Nagar,TOWER-128
CDR-5C7C3D13,CASE-0408,+911448908436,+913975433895,2023-09-25T11:40:00,3181,Jubilee Hills,TOWER-335
CDR-7AD9951B,CASE-0193,+912616150370,+918400171527,2023-07-27T20:45:00,1383,Noida Sector 18,TOWER-582
CDR-E9B82193,CASE-0331,+917375753611,+918932055782,2023-10-11T07:01:00,2016,Andheri West,TOWER-715
CDR-2F1F1069,CASE-0159,+910753540823,+910753540823,2023-07-05T07:24:00,2009,Andheri West,TOWER-111
CDR-9789804F,CASE-0458,+913547280012,+916209181900,2023-01-26T07:27:00,489,Viman Nagar,TOWER-569
CDR-87ED9482,CASE-0311,+915672479079,+918126811663,2023-08-23T22:54:00,2646,Gurgaon Sector 29,TOWER-128
CDR-386A52A7,CASE-0144,+915024878084,+914271636761,2023-09-23T18:32:00,622,Indiranagar,TOWER-610
CDR-C22B6E52,CASE-0244,+915033884977,+913466432986,2023-06-27T07:54:00,470,Karol Bagh,TOWER-970
CDR-37E3789E,CASE-0064,+918545155824,+913547935559,2023-04-02T06:09:00,2635,Bandra Kurla Complex,TOWER-386
CDR-7510389B,CASE-0322,+914524193165,+916209181900,2023-07-13T19:37:00,2368,Salt Lake City,TOWER-393
CDR-35940E1D,CASE-0388,+918646745808,+910819198478,2023-04-27T12:59:00,1688,Vasant Kunj,TOWER-869
CDR-8A15B0E0,CASE-0055,+913842157215,+914016575945,2023-08-31T20:10:00,1148,Viman Nagar,TOWER-389
CDR-802BC702,CASE-0500,+911447827924,+914255920712,2023-05-18T14:12:00,1607,Salt Lake City,TOWER-383
CDR-A1A170B2,CASE-0395,+915367980776,+910753540823,2023-09-11T20:30:00,2819,Gachibowli,TOWER-790
CDR-9655308D,CASE-0069,+910753540823,+917462875450,2023-09-15T06:25:00,3144,Bandra Kurla Complex,TOWER-505
CDR-CC70D57E,CASE-0239,+918343190114,+910753540823,2023-08-21T22:40:00,237,Indiranagar,TOWER-496
CDR-A030B6C6,CASE-0201,+912848587043,+914485289550,2023-06-04T13:21:00,1699,Koramangala,TOWER-752
CDR-F6E4B113,CASE-0044,+913287294594,+917124600514,2023-04-28T14:23:00,1335,Indiranagar,TOWER-180
CDR-E855F7A1,CASE-0032,+915147269258,+912875280113,2023-01-24T20:48:00,2118,Jubilee Hills,TOWER-473
CDR-3978A216,CASE-0496,+914359315208,+914813120521,2023-04-16T15:06:00,700,Hinjewadi,TOWER-506
CDR-17AB2F82,CASE-0418,+919345912958,+918014041305,2023-01-02T19:43:00,2543,Indiranagar,TOWER-906
CDR-DD18CB07,CASE-0268,+911660750989,+918176680281,2023-02-13T13:07:00,739,Jubilee Hills,TOWER-489
CDR-002C9489,CASE-0273,+914359315208,+918639911090,2023-01-28T08:57:00,854,Gurgaon Sector 29,TOWER-282
CDR-5533CAB1,CASE-0202,+913687090213,+912859179002,2023-01-14T23:25:00,2862,Secunderabad Railway Station,TOWER-213
CDR-86D99E41,CASE-0099,+910147903454,+910302660033,2023-01-10T11:52:00,2105,Viman Nagar,TOWER-940
CDR-3C583FB2,CASE-0095,+919666422298,+918511007438,2023-10-27T17:55:00,868,Hinjewadi,TOWER-729
CDR-035F621D,CASE-0287,+917290393874,+910932627488,2023-08-22T00:02:00,1628,Noida Sector 18,TOWER-722
CDR-51FC3277,CASE-0058,+916248863117,+911180663873,2023-07-23T22:25:00,1056,Anna Nagar,TOWER-816
CDR-0C3ABA95,CASE-0313,+912848587043,+917998600613,2023-04-16T22:55:00,2764,Connaught Place,TOWER-287
CDR-ECAB0772,CASE-0029,+918460132655,+913547280012,2023-06-10T04:18:00,2830,Jubilee Hills,TOWER-364
CDR-3F8BE0B9,CASE-0221,+911002759945,+917040860324,2023-04-06T12:45:00,2323,Vasant Kunj,TOWER-419
CDR-89D912A8,CASE-0163,+913084772999,+910849776117,2023-09-21T17:34:00,3005,Connaught Place,TOWER-209
CDR-93192C84,CASE-0361,+911008386130,+912440682429,2023-10-08T01:01:00,1895,Jubilee Hills,TOWER-111
CDR-FA92C611,CASE-0215,+917289286553,+914596905139,2023-08-11T12:36:00,2886,Anna Nagar,TOWER-433
CDR-F94D6688,CASE-0079,+913384557273,+914056361372,2023-08-04T16:30:00,2234,Hinjewadi,TOWER-706
CDR-08757596,CASE-0367,+914209161421,+913559127808,2023-05-04T17:07:00,2421,Vasant Kunj,TOWER-567
CDR-41E37B18,CASE-0363,+916799420672,+915683272571,2023-05-03T21:50:00,2444,Noida Sector 18,TOWER-160
CDR-41A908E4,CASE-0445,+913934325724,+910753540823,2023-06-02T13:14:00,1710,Connaught Place,TOWER-848
CDR-4EECAF55,CASE-0285,+918939472482,+916373753903,2023-06-18T10:53:00,2112,Salt Lake City,TOWER-312
CDR-239B3D6F,CASE-0155,+910739183197,+918110249102,2023-07-22T10:36:00,2081,Noida Sector 18,TOWER-880
CDR-E1BCFAC4,CASE-0158,+917486915690,+917792969268,2023-10-01T20:11:00,2854,Karol Bagh,TOWER-372
CDR-42037EE6,CASE-0303,+912209263659,+913547280012,2023-01-01T16:14:00,979,Connaught Place,TOWER-920
CDR-8EF0C0B6,CASE-0330,+911782032348,+914148307555,2023-06-20T14:33:00,2378,Karol Bagh,TOWER-424
CDR-64E7B17A,CASE-0028,+915024878084,+913547280012,2023-08-28T03:41:00,2978,Connaught Place,TOWER-214
CDR-D703AD15,CASE-0367,+910860263703,+912685584751,2023-07-22T19:15:00,3512,Hinjewadi,TOWER-375
CDR-B1F976CA,CASE-0283,+913426117548,+919074013406,2023-07-02T21:13:00,512,Bandra Kurla Complex,TOWER-395
CDR-BACBD2E6,CASE-0269,+917290393874,+912108945181,2023-01-03T07:40:00,962,Viman Nagar,TOWER-212
CDR-4A4BD55F,CASE-0238,+915846713095,+913133327956,2023-03-18T01:04:00,1925,Anna Nagar,TOWER-816
CDR-97331D4B,CASE-0072,+915041435052,+911900536058,2023-04-29T18:59:00,941,Hinjewadi,TOWER-614
CDR-7FEDFFAC,CASE-0344,+913976604498,+917290393874,2023-08-11T23:19:00,2542,Anna Nagar,TOWER-877
CDR-A38B196D,CASE-0356,+911862356221,+919438114847,2023-10-15T16:23:00,1305,Connaught Place,TOWER-762
CDR-3123706F,CASE-0363,+916799420672,+918098162283,2023-02-06T09:20:00,1812,T Nagar,TOWER-588
CDR-FE9E18B4,CASE-0083,+911342158903,+919613125851,2023-07-19T01:51:00,3194,Anna Nagar,TOWER-813
CDR-0B159D45,CASE-0463,+915024878084,+918532190401,2023-07-11T12:15:00,3153,Karol Bagh,TOWER-144
CDR-49C4F04A,CASE-0174,+914271636761,+919953145029,2023-04-09T21:21:00,838,Jubilee Hills,TOWER-827
CDR-C529493C,CASE-0179,+910539363533,+910857351566,2023-09-01T10:36:00,1870,Karol Bagh,TOWER-647
CDR-AA1F3DDE,CASE-0215,+918210553678,+916402887254,2023-06-04T02:04:00,3478,Secunderabad Railway Station,TOWER-854
CDR-511E7BF3,CASE-0265,+913799515710,+918357354036,2023-03-18T08:40:00,1233,Jubilee Hills,TOWER-846
CDR-72BF5307,CASE-0023,+912848587043,+913816667847,2023-08-10T09:26:00,3231,Bandra Kurla Complex,TOWER-938
CDR-21A0E15E,CASE-0328,+910219119433,+918756415648,2023-04-17T06:34:00,1031,Connaught Place,TOWER-120
CDR-9E015506,CASE-0068,+914239058338,+914239058338,2023-01-27T17:50:00,2712,Bandra Kurla Complex,TOWER-495
CDR-7F5B9671,CASE-0206,+913547280012,+916209181900,2023-09-29T16:06:00,1699,T Nagar,TOWER-780
CDR-834AE835,CASE-0352,+917072406308,+915475082086,2023-06-06T14:02:00,2591,Connaught Place,TOWER-372
CDR-88AA2E54,CASE-0125,+919675404043,+915888691887,2023-08-17T11:35:00,744,Jubilee Hills,TOWER-906
CDR-88CD57F7,CASE-0220,+915920116378,+914239058338,2023-06-22T11:27:00,1860,Gurgaon Sector 29,TOWER-174
CDR-C164811A,CASE-0164,+911885956157,+918545155824,2023-09-23T21:00:00,3358,Connaught Place,TOWER-552
CDR-49CC1C78,CASE-0028,+916985218600,+910753540823,2023-08-02T07:36:00,1175,Koramangala,TOWER-315
CDR-55C3CD71,CASE-0218,+916403992148,+918601187390,2023-03-11T18:30:00,432,Connaught Place,TOWER-503
CDR-0F081E64,CASE-0149,+916209181900,+917588169306,2023-01-14T10:16:00,2685,Gachibowli,TOWER-201
CDR-E645EEA7,CASE-0254,+913967092791,+914054369250,2023-08-09T14:14:00,904,Koramangala,TOWER-541
CDR-D9770D58,CASE-0116,+913687677348,+910463807697,2023-07-25T16:23:00,1289,Gachibowli,TOWER-711
CDR-3FFF2426,CASE-0139,+912998632328,+912535770416,2023-05-18T13:14:00,2287,New Town,TOWER-821
CDR-88D225C6,CASE-0288,+917450541595,+917212042871,2023-01-24T17:38:00,2272,T Nagar,TOWER-355
CDR-AA55430B,CASE-0311,+919464315918,+915388499315,2023-10-18T07:30:00,3128,Viman Nagar,TOWER-369
CDR-79CE6C5D,CASE-0086,+910163525510,+911885956157,2023-09-10T06:45:00,110,Karol Bagh,TOWER-741
CDR-22C1A57D,CASE-0149,+916544115531,+915799670178,2023-05-07T12:13:00,2471,Indiranagar,TOWER-735
CDR-33B50D80,CASE-0224,+916209181900,+913547280012,2023-05-22T13:37:00,2114,T Nagar,TOWER-303
CDR-65474528,CASE-0342,+917861189309,+912247460692,2023-03-22T09:26:00,900,Hinjewadi,TOWER-983
CDR-F82B6DC7,CASE-0440,+913991804109,+911029762798,2023-08-26T10:59:00,1046,Vasant Kunj,TOWER-131
CDR-E039E685,CASE-0261,+912440682429,+911261124950,2023-08-05T03:43:00,2584,Salt Lake City,TOWER-876
CDR-A5A94195,CASE-0488,+916848670408,+912879880326,2023-05-04T14:43:00,1028,Noida Sector 18,TOWER-511
CDR-8CD87DD2,CASE-0361,+914359315208,+911464343035,2023-04-01T11:19:00,648,Anna Nagar,TOWER-604
CDR-6528C287,CASE-0312,+917290393874,+912355290862,2023-09-01T05:11:00,238,Gachibowli,TOWER-278
CDR-6A25238F,CASE-0376,+911744211261,+915418142272,2023-03-10T13:54:00,1053,T Nagar,TOWER-484
CDR-BD65A2E3,CASE-0440,+917485196942,+915927643715,2023-09-18T03:51:00,3464,Koramangala,TOWER-723
CDR-A5F857F2,CASE-0056,+919541639516,+910539363533,2023-06-04T21:09:00,560,Anna Nagar,TOWER-937
CDR-2ABF22D4,CASE-0473,+919613352549,+918245260553,2023-06-30T03:05:00,3466,Salt Lake City,TOWER-142
CDR-C092F8ED,CASE-0459,+910255072608,+911418671794,2023-09-14T23:50:00,838,Hinjewadi,TOWER-469
CDR-E36EA356,CASE-0207,+916279921170,+913075182697,2023-02-09T07:33:00,736,Gachibowli,TOWER-725
CDR-4BB1A641,CASE-0351,+911263441158,+913548707316,2023-08-29T20:46:00,3324,Viman Nagar,TOWER-635
CDR-78A4D795,CASE-0059,+919274027562,+919490493283,2023-06-06T00:59:00,210,Andheri West,TOWER-412
CDR-497D8C97,CASE-0164,+915527465681,+911885956157,2023-08-28T10:29:00,3476,Connaught Place,TOWER-405
CDR-590C4980,CASE-0208,+910862010900,+914085711136,2023-01-17T09:21:00,1922,Hinjewadi,TOWER-381
CDR-CAE2EA97,CASE-0231,+916780341720,+910912301153,2023-01-14T20:39:00,2687,Secunderabad Railway Station,TOWER-575
CDR-983C7308,CASE-0165,+919661321792,+912844928589,2023-09-22T15:03:00,2855,Secunderabad Railway Station,TOWER-215
CDR-46F3D4BC,CASE-0155,+913130713069,+917017610948,2023-09-26T17:21:00,3528,Gachibowli,TOWER-216
CDR-EABD4A1D,CASE-0196,+914271636761,+911730190484,2023-10-19T03:16:00,373,Hinjewadi,TOWER-360
CDR-750E4BC6,CASE-0404,+911966738042,+912302716353,2023-05-20T23:43:00,3546,New Town,TOWER-688
CDR-324391B4,CASE-0158,+914239058338,+912957512202,2023-09-10T08:11:00,584,Secunderabad Railway Station,TOWER-784
CDR-82E9A339,CASE-0358,+911582751149,+913703343503,2023-03-13T08:48:00,1835,T Nagar,TOWER-185
CDR-21128C9C,CASE-0443,+915364959154,+914645971738,2023-08-06T03:28:00,136,Connaught Place,TOWER-441
CDR-5EE97BCD,CASE-0271,+917290393874,+915148982381,2023-01-09T18:31:00,3153,Bandra Kurla Complex,TOWER-298
CDR-BAB5F93C,CASE-0373,+914487416647,+913605120823,2023-10-01T19:35:00,940,Anna Nagar,TOWER-870
CDR-56028846,CASE-0435,+916209181900,+914347301802,2023-04-20T04:56:00,3089,Secunderabad Railway Station,TOWER-997
CDR-1EC2D27D,CASE-0187,+918648377099,+914901291758,2023-01-27T00:31:00,3512,Viman Nagar,TOWER-943
CDR-C33ED945,CASE-0469,+916467269393,+919968811147,2023-01-13T04:13:00,3581,Gachibowli,TOWER-420
CDR-C81BB55F,CASE-0434,+914239058338,+912440682429,2023-04-21T19:50:00,3247,Gurgaon Sector 29,TOWER-209
CDR-034D9BE6,CASE-0465,+917891832229,+912198327650,2023-09-13T20:03:00,403,New Town,TOWER-654
CDR-0416A2D6,CASE-0297,+913526203544,+911086615343,2023-09-26T07:17:00,3107,Vasant Kunj,TOWER-503
CDR-A231C60B,CASE-0011,+911168345357,+914096672010,2023-03-03T05:51:00,80,Gurgaon Sector 29,TOWER-544
CDR-4EF99CD5,CASE-0172,+912390045150,+917692788299,2023-08-21T06:47:00,784,Koramangala,TOWER-385
CDR-B7B377FF,CASE-0103,+912749757820,+913692544796,2023-04-03T07:19:00,3288,Bandra Kurla Complex,TOWER-225
CDR-30F28D12,CASE-0362,+910238166810,+915148982381,2023-01-09T18:37:00,1800,Jubilee Hills,TOWER-724
CDR-F2C97619,CASE-0220,+915920116378,+912935565536,2023-04-28T09:16:00,3159,Anna Nagar,TOWER-795
CDR-82209B02,CASE-0168,+919624039710,+912182940442,2023-06-20T06:10:00,672,Karol Bagh,TOWER-853
CDR-E117686F,CASE-0181,+914271636761,+913975433895,2023-03-29T10:18:00,2856,Indiranagar,TOWER-618
CDR-B17F99CB,CASE-0147,+914271636761,+910539363533,2023-06-14T16:19:00,1017,Noida Sector 18,TOWER-898
CDR-6C1D5E20,CASE-0400,+913340922253,+912440682429,2023-10-16T17:53:00,987,Andheri West,TOWER-307
CDR-13375E23,CASE-0321,+911885956157,+915368512243,2023-01-03T08:48:00,2981,Hinjewadi,TOWER-256
CDR-F5AC553F,CASE-0470,+915920116378,+912700828703,2023-09-07T19:49:00,1233,Connaught Place,TOWER-469
CDR-3A2F3236,CASE-0193,+912616150370,+911844222000,2023-04-10T07:51:00,3204,T Nagar,TOWER-582
CDR-2ED398D2,CASE-0390,+912596986383,+913293828252,2023-09-12T22:55:00,2785,Secunderabad Railway Station,TOWER-246
CDR-813AE1C8,CASE-0225,+911658299659,+914994047308,2023-04-28T09:18:00,2703,Andheri West,TOWER-963
CDR-B3969060,CASE-0115,+910194795271,+910848840648,2023-01-27T21:08:00,812,Bandra Kurla Complex,TOWER-758
CDR-6EBC16F9,CASE-0292,+912238566240,+910808111071,2023-09-25T12:30:00,1450,Koramangala,TOWER-666
CDR-43E9034F,CASE-0237,+914322135835,+917439422978,2023-07-22T01:04:00,747,Vasant Kunj,TOWER-516
CDR-F78ABA09,CASE-0097,+919589520979,+910539363533,2023-10-27T22:48:00,2004,Jubilee Hills,TOWER-523
CDR-B0311391,CASE-0073,+919888601764,+914235432636,2023-10-23T14:24:00,2304,New Town,TOWER-221
CDR-B923A502,CASE-0349,+918708733624,+919602985130,2023-01-04T01:40:00,2162,Connaught Place,TOWER-666
CDR-F0B5C2DC,CASE-0375,+914931637046,+911158093077,2023-06-29T15:22:00,1637,Bandra Kurla Complex,TOWER-637
CDR-AA2D377C,CASE-0276,+915278709185,+915527465681,2023-04-08T14:46:00,1052,Gachibowli,TOWER-617
CDR-F6F75F9C,CASE-0296,+913547280012,+916209181900,2023-05-14T05:28:00,1213,Jubilee Hills,TOWER-691
CDR-896D1847,CASE-0184,+910932627488,+912062619351,2023-08-19T13:34:00,245,Secunderabad Railway Station,TOWER-568
CDR-9F7BCD12,CASE-0092,+915025692620,+915904309310,2023-07-27T12:36:00,763,Secunderabad Railway Station,TOWER-104
CDR-E0FD687B,CASE-0280,+918932983493,+919754282228,2023-06-11T12:45:00,3055,T Nagar,TOWER-191
CDR-0C64F787,CASE-0018,+919426280377,+916530163950,2023-01-20T19:42:00,2203,Secunderabad Railway Station,TOWER-560
CDR-20518ABB,CASE-0198,+916417434295,+913060310771,2023-10-08T10:31:00,2603,Bandra Kurla Complex,TOWER-705
CDR-E1187312,CASE-0384,+910660540515,+919811471236,2023-03-12T21:30:00,3355,Secunderabad Railway Station,TOWER-486
CDR-805E3B21,CASE-0371,+919458484561,+910932627488,2023-01-26T01:38:00,806,New Town,TOWER-623
CDR-2E22A61E,CASE-0112,+918947227783,+914175868877,2023-05-21T03:32:00,57,Gachibowli,TOWER-179
CDR-FCBB58D1,CASE-0396,+916239336735,+911073735918,2023-03-28T21:43:00,970,Vasant Kunj,TOWER-935
CDR-3B64B3E4,CASE-0154,+918396348288,+914813120521,2023-07-27T11:29:00,2101,Hinjewadi,TOWER-822
CDR-820502A8,CASE-0160,+918684724500,+913547280012,2023-02-07T18:20:00,1780,Noida Sector 18,TOWER-328
CDR-246F94F4,CASE-0342,+916294636271,+914655930735,2023-08-16T11:20:00,817,Noida Sector 18,TOWER-353
CDR-F004B498,CASE-0082,+914449595368,+918400254957,2023-05-24T07:19:00,2521,Jubilee Hills,TOWER-258
CDR-FEE96527,CASE-0451,+914271636761,+914271636761,2023-07-27T10:21:00,1455,T Nagar,TOWER-686
CDR-833BFD2B,CASE-0046,+916435445360,+910412140851,2023-05-10T07:55:00,2633,Hinjewadi,TOWER-898
CDR-86D9F9AC,CASE-0011,+911168345357,+911687022925,2023-06-23T20:49:00,640,Viman Nagar,TOWER-478
CDR-FB717977,CASE-0185,+911297446740,+916267892233,2023-02-22T17:20:00,2874,New Town,TOWER-361
CDR-32EC6929,CASE-0369,+913718122167,+913825596975,2023-05-13T19:52:00,3431,Hinjewadi,TOWER-617
CDR-191D239F,CASE-0478,+910753540823,+917939673631,2023-03-25T16:26:00,1697,Viman Nagar,TOWER-454
CDR-72E9CB35,CASE-0058,+916248863117,+910724805802,2023-10-02T16:16:00,2525,Secunderabad Railway Station,TOWER-265
CDR-3BEFBD9C,CASE-0438,+917290393874,+915527465681,2023-03-26T16:25:00,952,Secunderabad Railway Station,TOWER-106
CDR-E9B9F729,CASE-0140,+915060892503,+910688778759,2023-09-09T04:25:00,3537,Noida Sector 18,TOWER-876
CDR-D2C37672,CASE-0179,+910539363533,+910391747192,2023-03-18T01:37:00,2549,Anna Nagar,TOWER-839
CDR-BA7D2F67,CASE-0007,+917096234277,+912303736486,2023-07-10T12:10:00,456,Bandra Kurla Complex,TOWER-515
CDR-4ECD947D,CASE-0054,+917941313161,+918430405496,2023-04-07T09:31:00,249,Vasant Kunj,TOWER-799
CDR-440F63B0,CASE-0398,+919273848431,+916076842741,2023-01-09T08:08:00,1019,Gachibowli,TOWER-277
CDR-6F52F935,CASE-0075,+910997282662,+913975433895,2023-10-01T20:05:00,82,New Town,TOWER-420
CDR-CD5BB7EC,CASE-0015,+917991948103,+915741592033,2023-06-11T09:10:00,1696,New Town,TOWER-292
CDR-6C0D8BC8,CASE-0235,+914813120521,+912445173755,2023-03-31T10:35:00,3487,Koramangala,TOWER-505
CDR-B9C97E58,CASE-0250,+915867724943,+919319441541,2023-08-14T10:44:00,717,Vasant Kunj,TOWER-309
CDR-BC248C51,CASE-0431,+911977332202,+910355474840,2023-02-02T21:38:00,192,T Nagar,TOWER-706
CDR-67FBABD1,CASE-0310,+914454462221,+918843545700,2023-06-05T08:56:00,1242,Hinjewadi,TOWER-866
CDR-E8A9EACF,CASE-0339,+911655903639,+914582898605,2023-06-26T15:56:00,3046,Viman Nagar,TOWER-840
CDR-4828F4B3,CASE-0020,+915148982381,+915148982381,2023-09-16T16:05:00,3407,Salt Lake City,TOWER-139
CDR-B5DE7F26,CASE-0368,+917485241563,+911744442664,2023-02-25T03:42:00,2939,Bandra Kurla Complex,TOWER-716
CDR-0FECEAB1,CASE-0113,+911333815013,+915024878084,2023-08-05T02:27:00,103,Gurgaon Sector 29,TOWER-506
CDR-6F395761,CASE-0291,+915720825366,+919634114415,2023-07-31T23:24:00,3356,T Nagar,TOWER-510
CDR-9D38FC77,CASE-0211,+910698096181,+911575176527,2023-01-06T04:36:00,2691,Anna Nagar,TOWER-943
CDR-F2F95221,CASE-0191,+915148982381,+910634924565,2023-06-07T10:14:00,1670,Indiranagar,TOWER-123
CDR-5C8AE9BE,CASE-0089,+914704060635,+915683531623,2023-06-06T14:21:00,2210,T Nagar,TOWER-197
CDR-2EA82AB9,CASE-0027,+910134604279,+918425813277,2023-02-12T17:11:00,2100,Andheri West,TOWER-700
CDR-DFE78858,CASE-0409,+914061367482,+915955003608,2023-03-15T22:58:00,1799,Bandra Kurla Complex,TOWER-938
CDR-FCAFB7E2,CASE-0094,+912848587043,+914271636761,2023-07-06T02:38:00,1790,Salt Lake City,TOWER-304
CDR-E58E41B6,CASE-0129,+912062619351,+917773469215,2023-10-26T04:02:00,2210,Connaught Place,TOWER-809
CDR-D4692C4E,CASE-0284,+910932627488,+912995862362,2023-08-30T17:24:00,1297,Hinjewadi,TOWER-820
CDR-5045FCFE,CASE-0043,+914139099493,+918000231398,2023-05-16T02:50:00,1837,Noida Sector 18,TOWER-526
CDR-25461C90,CASE-0340,+910200731694,+916646354622,2023-02-09T00:10:00,1235,Salt Lake City,TOWER-875
CDR-5A789300,CASE-0039,+919085964653,+917794580341,2023-08-29T06:10:00,2120,Noida Sector 18,TOWER-657
CDR-1F44FEA6,CASE-0440,+913991804109,+919325109815,2023-02-15T13:43:00,987,Secunderabad Railway Station,TOWER-849
CDR-DB305E6E,CASE-0238,+917559680968,+919244656405,2023-01-06T19:40:00,876,Hinjewadi,TOWER-602
CDR-31F7DF54,CASE-0086,+910163525510,+913747590417,2023-06-18T02:28:00,3270,Bandra Kurla Complex,TOWER-252
CDR-EF1D3F07,CASE-0002,+913601309591,+916259245583,2023-02-12T18:49:00,3222,Andheri West,TOWER-809
CDR-848C697F,CASE-0437,+918624564306,+916776698719,2023-10-25T14:00:00,3112,Secunderabad Railway Station,TOWER-496
CDR-51F9D353,CASE-0272,+914271636761,+918035268363,2023-09-03T09:32:00,3336,Noida Sector 18,TOWER-192
CDR-4D6288D5,CASE-0337,+916953741440,+918295509773,2023-07-24T15:33:00,413,Indiranagar,TOWER-617
CDR-D104BD48,CASE-0308,+912872252259,+911322308515,2023-04-07T00:20:00,196,Hinjewadi,TOWER-368
CDR-7EB201CF,CASE-0494,+911332806117,+919451075093,2023-02-01T13:42:00,1688,Gachibowli,TOWER-779
CDR-7D00C8A9,CASE-0302,+918341046989,+914235432636,2023-02-04T07:13:00,2524,Connaught Place,TOWER-640
CDR-FD65A8C0,CASE-0292,+915041435052,+911782051168,2023-01-12T01:49:00,472,Anna Nagar,TOWER-163
CDR-5E081A5B,CASE-0368,+917485241563,+914678480065,2023-08-02T08:38:00,1018,T Nagar,TOWER-399
CDR-0BFD2037,CASE-0127,+915140721957,+915127344642,2023-02-03T23:23:00,3159,Indiranagar,TOWER-706
CDR-6CC5E764,CASE-0234,+910000103705,+917654441593,2023-10-14T09:26:00,2788,Bandra Kurla Complex,TOWER-327
CDR-FA669A85,CASE-0361,+914359315208,+912440682429,2023-10-23T07:00:00,2249,Noida Sector 18,TOWER-734
CDR-0B80C1D5,CASE-0371,+919458484561,+912063985769,2023-08-15T18:35:00,3156,T Nagar,TOWER-414
CDR-2B0CF551,CASE-0179,+913412340643,+918171872124,2023-07-17T23:24:00,1545,Viman Nagar,TOWER-109
CDR-013C39FA,CASE-0094,+913975433895,+910539363533,2023-09-25T03:24:00,2949,Noida Sector 18,TOWER-386
CDR-48CB3007,CASE-0031,+915515729662,+918217640199,2023-09-02T09:03:00,3478,Andheri West,TOWER-471
CDR-15AB9DD5,CASE-0261,+912440682429,+914239058338,2023-08-10T11:36:00,2710,Gachibowli,TOWER-184
CDR-19CD1020,CASE-0150,+918843545700,+915148982381,2023-08-12T10:01:00,2453,Hinjewadi,TOWER-487
CDR-EFB726D5,CASE-0153,+910753540823,+915024878084,2023-02-10T22:18:00,2018,Jubilee Hills,TOWER-958
CDR-2C87D1D4,CASE-0383,+915867724943,+919582133403,2023-02-23T02:43:00,2428,Jubilee Hills,TOWER-633
CDR-E76E82A2,CASE-0418,+919618547415,+913811753382,2023-02-22T08:28:00,509,Anna Nagar,TOWER-758
CDR-3D072857,CASE-0415,+917303623401,+919202451827,2023-03-25T00:39:00,3260,Bandra Kurla Complex,TOWER-405
CDR-A6B937BA,CASE-0089,+919130631889,+917447551999,2023-03-24T23:34:00,1657,Hinjewadi,TOWER-297
CDR-C556A713,CASE-0116,+915571753955,+917617925176,2023-09-06T10:38:00,1616,Gurgaon Sector 29,TOWER-341
CDR-68894D70,CASE-0444,+918545155824,+918545155824,2023-08-03T09:17:00,2598,Jubilee Hills,TOWER-273
CDR-7C4D5F56,CASE-0303,+915183757959,+917540231026,2023-06-19T22:14:00,1238,Salt Lake City,TOWER-370
CDR-954D0CDD,CASE-0320,+917050059146,+913779292650,2023-05-11T08:57:00,23,Karol Bagh,TOWER-119
CDR-9359E8B7,CASE-0472,+910101173267,+916893065841,2023-03-30T15:44:00,2179,Bandra Kurla Complex,TOWER-206
CDR-08EF95BC,CASE-0163,+913084772999,+915803510084,2023-04-22T10:09:00,3540,Gachibowli,TOWER-235
CDR-174AAD72,CASE-0413,+912652392093,+910501815505,2023-05-25T18:59:00,176,Viman Nagar,TOWER-997
CDR-3280D000,CASE-0183,+917859779167,+914894739643,2023-07-03T23:25:00,1061,New Town,TOWER-618
CDR-0B20669F,CASE-0281,+919868700701,+911783712700,2023-01-24T09:38:00,17,Jubilee Hills,TOWER-268
CDR-BDAB54E6,CASE-0406,+919032394980,+912032910541,2023-07-03T06:42:00,1529,Gurgaon Sector 29,TOWER-297
CDR-9ADE2B7E,CASE-0458,+915941333407,+916209181900,2023-03-02T14:20:00,776,New Town,TOWER-390
CDR-009F33F6,CASE-0370,+918388825721,+918002948681,2023-06-28T02:50:00,1808,Gachibowli,TOWER-267
CDR-59200FE5,CASE-0438,+917290393874,+911459531481,2023-06-15T09:33:00,3423,Connaught Place,TOWER-808
CDR-0D6E0A1C,CASE-0416,+914359315208,+916218919542,2023-09-03T11:58:00,646,Jubilee Hills,TOWER-948
CDR-28C0E04F,CASE-0214,+912599338749,+919485388298,2023-04-17T10:12:00,1887,Bandra Kurla Complex,TOWER-578
CDR-574C6BB2,CASE-0497,+918537062307,+919879741745,2023-07-06T23:02:00,1173,Noida Sector 18,TOWER-588
CDR-32243B19,CASE-0166,+911760323683,+919270550626,2023-08-01T11:05:00,2043,Viman Nagar,TOWER-253
CDR-31A4EB94,CASE-0120,+919468912214,+911914368956,2023-08-10T18:56:00,1584,Karol Bagh,TOWER-841
CDR-2264BC47,CASE-0444,+913342991328,+914359315208,2023-06-03T16:36:00,295,Hinjewadi,TOWER-229
CDR-D132F5CD,CASE-0135,+917499454816,+915140721957,2023-10-02T04:22:00,2807,Indiranagar,TOWER-682
CDR-5AD808D3,CASE-0077,+917186478103,+913493599811,2023-10-04T18:21:00,1591,Jubilee Hills,TOWER-865
CDR-EFECA745,CASE-0234,+913608715525,+911550098296,2023-06-14T01:26:00,2286,Koramangala,TOWER-128
CDR-D3481C38,CASE-0091,+916209181900,+914843010220,2023-02-23T18:55:00,3419,Gachibowli,TOWER-658
CDR-3FB2D589,CASE-0186,+916367870316,+912576635475,2023-08-25T07:57:00,3430,Koramangala,TOWER-694
CDR-421FE36E,CASE-0054,+910727945947,+918557799770,2023-07-25T15:24:00,922,Andheri West,TOWER-645
CDR-638C7E8D,CASE-0189,+914271636761,+914235432636,2023-01-08T22:32:00,2077,New Town,TOWER-187
CDR-4D2B8376,CASE-0173,+912301663207,+919119028874,2023-01-24T16:02:00,2023,Bandra Kurla Complex,TOWER-549
CDR-760DBB13,CASE-0078,+910539363533,+918289021886,2023-07-21T12:24:00,2417,Gurgaon Sector 29,TOWER-192
CDR-3901B304,CASE-0113,+910753540823,+917974923764,2023-08-25T07:11:00,1984,Jubilee Hills,TOWER-866
CDR-82BA8F14,CASE-0189,+914271636761,+915024878084,2023-05-27T05:31:00,2146,Secunderabad Railway Station,TOWER-638
CDR-89193BE9,CASE-0023,+912848587043,+914271636761,2023-09-22T13:19:00,1008,Salt Lake City,TOWER-209
CDR-C5A69A19,CASE-0239,+918343190114,+914342959517,2023-02-18T20:11:00,388,Bandra Kurla Complex,TOWER-513
CDR-0311521D,CASE-0224,+916209181900,+916209225005,2023-04-30T13:39:00,2205,Anna Nagar,TOWER-591
CDR-3EC9C8EA,CASE-0260,+917343629940,+914117508541,2023-05-25T20:19:00,1683,T Nagar,TOWER-517
CDR-96CB9438,CASE-0466,+912062619351,+911782032348,2023-02-02T15:41:00,738,Karol Bagh,TOWER-428
CDR-7837F8BA,CASE-0163,+917132171071,+911088478248,2023-06-24T19:25:00,2663,Gachibowli,TOWER-951
CDR-BA4C954E,CASE-0302,+918341046989,+910177922791,2023-02-20T13:01:00,513,Gachibowli,TOWER-570
CDR-DBDEACEB,CASE-0269,+917290393874,+917290393874,2023-07-26T19:04:00,421,New Town,TOWER-411
CDR-8577E586,CASE-0191,+915148982381,+916680144568,2023-08-24T05:51:00,1421,Vasant Kunj,TOWER-806
CDR-4C54BDF7,CASE-0411,+917052444364,+917614234339,2023-03-14T03:49:00,2109,Gachibowli,TOWER-221
CDR-EBE0A09E,CASE-0291,+915720825366,+917407457201,2023-06-09T00:12:00,2856,Karol Bagh,TOWER-560
CDR-6B3C5C9D,CASE-0048,+915148982381,+919458484561,2023-02-10T14:24:00,2497,Gachibowli,TOWER-581
CDR-57C2E1E3,CASE-0035,+912062619351,+916122759757,2023-02-05T01:33:00,969,Gachibowli,TOWER-786
CDR-68937104,CASE-0110,+915964415554,+918843545700,2023-02-09T05:42:00,1411,Bandra Kurla Complex,TOWER-615
CDR-59EF807E,CASE-0318,+916816782144,+911250592000,2023-04-06T08:48:00,440,Secunderabad Railway Station,TOWER-984
CDR-E1575DC9,CASE-0261,+917120808597,+914813120521,2023-06-22T14:39:00,2081,New Town,TOWER-159
CDR-07624C0A,CASE-0027,+917209157503,+917548912004,2023-07-09T16:52:00,1284,Andheri West,TOWER-534
CDR-E6DFA125,CASE-0318,+915333219201,+912721461236,2023-08-13T01:28:00,698,Koramangala,TOWER-640
CDR-D51FE08E,CASE-0201,+915950179837,+911255130336,2023-07-24T23:22:00,1652,Hinjewadi,TOWER-180
CDR-FE82443E,CASE-0486,+910868338542,+916302572070,2023-09-14T14:33:00,1138,Anna Nagar,TOWER-561
CDR-772C5A56,CASE-0092,+915025692620,+918669095684,2023-10-14T19:02:00,2197,Indiranagar,TOWER-849
CDR-8CEF4819,CASE-0129,+912062619351,+912054211189,2023-04-16T01:00:00,2320,Karol Bagh,TOWER-342
CDR-D1C6E82A,CASE-0384,+915222093094,+919831494910,2023-06-13T21:32:00,1229,T Nagar,TOWER-255
CDR-D22C1C64,CASE-0211,+911251754409,+917849036761,2023-01-15T18:18:00,810,Gachibowli,TOWER-352
CDR-044A2901,CASE-0061,+911341083704,+912851511190,2023-01-28T13:19:00,3257,Viman Nagar,TOWER-272
CDR-18F9F75A,CASE-0098,+916209181900,+910895664340,2023-05-01T13:05:00,1905,Hinjewadi,TOWER-263
CDR-9AD5B22B,CASE-0324,+917290393874,+919458484561,2023-05-06T12:09:00,1643,Indiranagar,TOWER-696
CDR-AD5F89CE,CASE-0159,+915024878084,+915024878084,2023-09-08T14:42:00,2084,Viman Nagar,TOWER-751
CDR-2DA50B93,CASE-0220,+916104412092,+912429227401,2023-04-12T11:15:00,146,Viman Nagar,TOWER-856
CDR-4039DAC0,CASE-0108,+913074578108,+914832858819,2023-08-23T10:59:00,3235,New Town,TOWER-700
CDR-E3ACDE0E,CASE-0189,+913096294997,+916209181900,2023-10-25T11:20:00,388,Gachibowli,TOWER-405
CDR-92061D04,CASE-0055,+913842157215,+911899845383,2023-06-30T14:10:00,2116,Salt Lake City,TOWER-660
CDR-DCC7413F,CASE-0040,+916545723527,+913713076567,2023-05-13T07:10:00,1758,Jubilee Hills,TOWER-999
CDR-47AAF3E4,CASE-0012,+916209181900,+910753540823,2023-05-01T05:15:00,533,Andheri West,TOWER-740
CDR-D02BCAA4,CASE-0325,+912652774044,+911078549944,2023-09-02T12:37:00,1743,Connaught Place,TOWER-803
CDR-EC91B380,CASE-0085,+915531955522,+914271636761,2023-01-09T11:57:00,1091,Anna Nagar,TOWER-796
CDR-7C68CBAE,CASE-0431,+911977332202,+918194607391,2023-06-28T12:36:00,149,Anna Nagar,TOWER-901
CDR-EA7F1E31,CASE-0151,+912273170905,+919458484561,2023-08-07T00:31:00,783,Hinjewadi,TOWER-961
CDR-58788E11,CASE-0027,+910093433772,+918949735838,2023-04-02T17:03:00,3280,Gurgaon Sector 29,TOWER-111
CDR-821EC5D3,CASE-0408,+919397935732,+913975433895,2023-08-18T04:32:00,3146,Indiranagar,TOWER-576
CDR-D17BB729,CASE-0041,+910257807600,+912664113185,2023-02-26T01:25:00,3187,Indiranagar,TOWER-918
CDR-DE71D520,CASE-0261,+912440682429,+917045340949,2023-03-21T15:47:00,790,New Town,TOWER-276
CDR-09BFA80D,CASE-0098,+916209181900,+913406493214,2023-08-26T04:36:00,3091,T Nagar,TOWER-642
CDR-D24AE6A2,CASE-0211,+911251754409,+913973548446,2023-03-02T11:51:00,373,T Nagar,TOWER-828
CDR-76E552A3,CASE-0216,+914271636761,+917723788616,2023-06-30T10:00:00,2768,Viman Nagar,TOWER-518
CDR-4A195AB3,CASE-0414,+919426746769,+918518569781,2023-03-15T18:54:00,133,Koramangala,TOWER-787
CDR-2F0DD16A,CASE-0413,+912652392093,+919653874195,2023-03-31T06:25:00,617,Noida Sector 18,TOWER-862
CDR-E728D85C,CASE-0112,+918947227783,+916160700392,2023-10-27T10:16:00,1057,Anna Nagar,TOWER-522
CDR-6E06B2B2,CASE-0281,+919868700701,+918630378104,2023-03-25T12:19:00,427,Hinjewadi,TOWER-608
CDR-57E6C53E,CASE-0070,+913608715525,+919315221022,2023-04-15T17:55:00,18,Salt Lake City,TOWER-464
CDR-49CDC7AB,CASE-0321,+911885956157,+911735580758,2023-05-11T09:14:00,55,Salt Lake City,TOWER-313
CDR-3E2AFB2F,CASE-0287,+917290393874,+916209181900,2023-02-09T02:25:00,1123,Bandra Kurla Complex,TOWER-417
CDR-19EFDEBF,CASE-0022,+911967835346,+919661970080,2023-07-31T01:09:00,880,T Nagar,TOWER-501
CDR-BB4118EA,CASE-0159,+910753540823,+919480379526,2023-01-04T03:22:00,2712,Salt Lake City,TOWER-331
CDR-22AAD8C2,CASE-0253,+912905227010,+914209644826,2023-01-10T14:46:00,2404,T Nagar,TOWER-262
CDR-2E8E4DDA,CASE-0100,+912327664078,+914597492551,2023-03-01T20:03:00,1326,Noida Sector 18,TOWER-194
CDR-EBF4E445,CASE-0268,+910629220881,+912369427406,2023-10-23T09:43:00,1608,Indiranagar,TOWER-369
CDR-49FEE127,CASE-0406,+919032394980,+911353221971,2023-08-16T17:47:00,3548,Secunderabad Railway Station,TOWER-264
CDR-CDE8CBA4,CASE-0407,+912314514797,+918050919183,2023-02-04T15:01:00,2958,Andheri West,TOWER-314
CDR-D4E4B4D7,CASE-0052,+916866149630,+917326255626,2023-07-27T07:20:00,1441,Viman Nagar,TOWER-256
CDR-CA403F92,CASE-0290,+911782032348,+915408718403,2023-06-16T14:06:00,3217,Hinjewadi,TOWER-103
CDR-05D442DD,CASE-0458,+913547280012,+910116966898,2023-08-02T02:59:00,1051,Hinjewadi,TOWER-990
CDR-50BC1BFA,CASE-0085,+911328945595,+914113187467,2023-05-16T17:12:00,586,Anna Nagar,TOWER-555
CDR-1A9A9BC7,CASE-0121,+910945335815,+917415066916,2023-02-08T14:18:00,312,Koramangala,TOWER-343
CDR-4B6D8F50,CASE-0194,+913975433895,+915712871971,2023-06-09T01:17:00,3475,T Nagar,TOWER-814
CDR-BACF7ED5,CASE-0305,+918571057472,+914359315208,2023-06-25T19:00:00,1674,Noida Sector 18,TOWER-295
CDR-D494608C,CASE-0448,+916337442824,+912183078548,2023-10-22T23:35:00,3033,Secunderabad Railway Station,TOWER-204
CDR-CD257ADE,CASE-0416,+917230410492,+915364965082,2023-05-18T08:39:00,3498,Karol Bagh,TOWER-440
CDR-1BB52D4F,CASE-0168,+916400599022,+917570070220,2023-10-20T08:09:00,2881,Secunderabad Railway Station,TOWER-513
CDR-AAAD4413,CASE-0064,+918545155824,+911885956157,2023-07-15T15:35:00,2402,Indiranagar,TOWER-425
CDR-3A9FB59C,CASE-0078,+911374194389,+911496971524,2023-07-14T01:18:00,221,Indiranagar,TOWER-252
CDR-E668007A,CASE-0356,+912496471378,+919692290924,2023-10-10T04:43:00,2744,Karol Bagh,TOWER-437
CDR-68C3BA12,CASE-0444,+918545155824,+911782032348,2023-08-01T08:49:00,2502,Hinjewadi,TOWER-203
CDR-417F3D7A,CASE-0302,+916494755078,+911330846154,2023-02-09T08:13:00,1369,Hinjewadi,TOWER-654
CDR-4356F0F6,CASE-0286,+913547280012,+918895373391,2023-10-05T23:45:00,3016,New Town,TOWER-381
CDR-429C09AA,CASE-0261,+912440682429,+914239058338,2023-07-19T20:34:00,2661,T Nagar,TOWER-180
CDR-4B20B938,CASE-0424,+912062619351,+913179332448,2023-07-24T06:20:00,1010,T Nagar,TOWER-551
CDR-0FB4167E,CASE-0417,+919458484561,+911885956157,2023-06-05T06:34:00,1749,Viman Nagar,TOWER-414
CDR-F4D3E553,CASE-0217,+918994187632,+918660834436,2023-04-18T01:32:00,1369,Gachibowli,TOWER-732
CDR-0EFDA846,CASE-0152,+915472697341,+914097175934,2023-03-02T01:36:00,1591,Anna Nagar,TOWER-570
CDR-AA10DE6F,CASE-0319,+910753540823,+915024878084,2023-09-12T20:49:00,1315,New Town,TOWER-978
CDR-9D1BC38E,CASE-0260,+917349048307,+911090691352,2023-03-16T07:37:00,2929,Andheri West,TOWER-420
CDR-9069AC93,CASE-0284,+917462757561,+919458484561,2023-06-16T14:14:00,12,Bandra Kurla Complex,TOWER-106
CDR-AC86D41D,CASE-0310,+913975433895,+918843545700,2023-02-04T10:02:00,2296,Koramangala,TOWER-827
CDR-30DA87F6,CASE-0180,+910932627488,+913845981274,2023-06-06T08:04:00,2622,Bandra Kurla Complex,TOWER-122
CDR-6D43EEBF,CASE-0036,+919767934534,+913197297244,2023-06-11T08:46:00,3107,Hinjewadi,TOWER-604
CDR-F0246126,CASE-0076,+911885956157,+914508010542,2023-08-22T15:57:00,1309,Salt Lake City,TOWER-395
CDR-B6AB80A9,CASE-0224,+916209181900,+917659824035,2023-07-18T16:45:00,3534,Connaught Place,TOWER-264
CDR-0DDC5F9A,CASE-0116,+913687677348,+916941881051,2023-05-05T13:04:00,1720,Jubilee Hills,TOWER-635
CDR-F6ABC6A4,CASE-0183,+911060410874,+919358311530,2023-02-06T11:28:00,1816,Vasant Kunj,TOWER-145
CDR-8824F065,CASE-0206,+915412799361,+911336694569,2023-08-10T03:33:00,1674,Salt Lake City,TOWER-147
CDR-ADEB743E,CASE-0289,+914573281467,+915249052133,2023-05-04T04:20:00,2413,Salt Lake City,TOWER-502
CDR-B1C6F26B,CASE-0344,+910932627488,+918776526561,2023-03-17T15:56:00,3319,Jubilee Hills,TOWER-806
CDR-C2DD1E61,CASE-0160,+918684724500,+917756848890,2023-03-23T23:16:00,268,Koramangala,TOWER-889
CDR-D3E8FE46,CASE-0020,+912652776906,+916159752479,2023-09-17T03:00:00,2502,Secunderabad Railway Station,TOWER-803
CDR-A43A35B7,CASE-0488,+911340095113,+910375024160,2023-05-25T18:48:00,1050,Secunderabad Railway Station,TOWER-165
CDR-467A9402,CASE-0074,+911214268637,+911634214996,2023-05-09T21:07:00,1902,Andheri West,TOWER-114
CDR-322455A7,CASE-0172,+912390045150,+918659146497,2023-06-26T13:08:00,2087,Gurgaon Sector 29,TOWER-393
CDR-E9B8A3B9,CASE-0014,+919458484561,+912062619351,2023-08-18T09:56:00,2318,Viman Nagar,TOWER-474
CDR-D498CB84,CASE-0253,+912905227010,+911522426534,2023-09-07T12:11:00,2442,T Nagar,TOWER-396
CDR-11F20A6A,CASE-0008,+910320690142,+914384901759,2023-08-08T18:22:00,433,Gurgaon Sector 29,TOWER-595
CDR-64424D90,CASE-0439,+914359315208,+916836823883,2023-01-29T06:28:00,1876,Secunderabad Railway Station,TOWER-805
CDR-8641A2B1,CASE-0381,+918236906110,+919248114362,2023-04-21T04:13:00,406,Karol Bagh,TOWER-364
CDR-DBEE3353,CASE-0109,+914239058338,+914809835000,2023-03-22T20:51:00,3018,Anna Nagar,TOWER-993
CDR-E9441BFE,CASE-0469,+916467269393,+915271957107,2023-06-27T09:02:00,2176,Noida Sector 18,TOWER-746
CDR-448716C3,CASE-0023,+912848587043,+916171634664,2023-05-13T17:38:00,3140,Indiranagar,TOWER-235
CDR-D0EB4E77,CASE-0034,+913792548322,+912431323273,2023-05-24T07:26:00,1815,Connaught Place,TOWER-431
CDR-B5378142,CASE-0090,+914733818239,+913984977877,2023-03-30T09:00:00,126,Andheri West,TOWER-692
CDR-A1B470EA,CASE-0038,+919274876041,+912277215564,2023-06-17T01:31:00,3095,Gurgaon Sector 29,TOWER-434
CDR-F48795C7,CASE-0299,+910122351319,+913743276401,2023-05-17T10:51:00,3024,Anna Nagar,TOWER-561
CDR-A0304A4C,CASE-0482,+917290393874,+915148982381,2023-09-17T05:15:00,561,Secunderabad Railway Station,TOWER-898
CDR-D62725C0,CASE-0496,+914359315208,+914359315208,2023-09-02T15:40:00,131,Andheri West,TOWER-543
CDR-EAFDB947,CASE-0383,+918635311558,+910539363533,2023-06-24T12:56:00,502,Secunderabad Railway Station,TOWER-657
CDR-C5AC57EA,CASE-0355,+917006373142,+914365497665,2023-08-25T23:29:00,1399,T Nagar,TOWER-639
CDR-403272CB,CASE-0052,+919388566362,+916556098463,2023-10-22T11:23:00,2317,Andheri West,TOWER-730
CDR-13E752E5,CASE-0172,+912390045150,+915510146761,2023-04-27T04:45:00,2894,Indiranagar,TOWER-928
CDR-A80A1856,CASE-0402,+914821754839,+915508695614,2023-07-23T16:18:00,1580,Salt Lake City,TOWER-228
CDR-008B1C5F,CASE-0375,+914931637046,+917578057707,2023-02-26T07:11:00,1030,Salt Lake City,TOWER-674
CDR-BF6C105A,CASE-0088,+916082178842,+914460544869,2023-03-12T21:13:00,2912,Anna Nagar,TOWER-968
CDR-9EDC711A,CASE-0271,+917290393874,+919302577838,2023-04-22T16:16:00,1415,Karol Bagh,TOWER-212
CDR-66B16312,CASE-0314,+918545155824,+915004756914,2023-09-23T16:43:00,1552,Karol Bagh,TOWER-776
CDR-6CDC0A7A,CASE-0488,+914050674687,+915387420869,2023-04-12T01:56:00,2108,Anna Nagar,TOWER-402
CDR-A2A955CB,CASE-0331,+910753540823,+919226916056,2023-02-08T10:41:00,2953,Gurgaon Sector 29,TOWER-720
CDR-24AE98CE,CASE-0251,+917290393874,+917290393874,2023-05-11T09:50:00,3431,Anna Nagar,TOWER-602
CDR-36E0940E,CASE-0245,+913975433895,+913199141645,2023-05-14T17:42:00,2811,Salt Lake City,TOWER-743
CDR-2A679775,CASE-0206,+913547280012,+911795165743,2023-06-13T16:12:00,336,Gurgaon Sector 29,TOWER-731
CDR-0C38AB24,CASE-0187,+918843545700,+912396401018,2023-08-28T16:35:00,1977,Salt Lake City,TOWER-332
CDR-00930D1D,CASE-0152,+915472697341,+912588542796,2023-05-09T06:56:00,1064,Hinjewadi,TOWER-358
CDR-0910BAC4,CASE-0282,+913724419126,+915024878084,2023-09-17T11:49:00,2608,Bandra Kurla Complex,TOWER-764
CDR-1FFACC67,CASE-0447,+919918850530,+919137558757,2023-06-05T06:48:00,1248,Indiranagar,TOWER-804
CDR-A70A9632,CASE-0322,+911151048469,+917434200719,2023-06-04T05:57:00,1566,Hinjewadi,TOWER-470
CDR-F162FE8C,CASE-0201,+915950179837,+914239058338,2023-05-22T07:55:00,2909,Indiranagar,TOWER-631
CDR-05B6D456,CASE-0467,+918843545700,+916060085137,2023-10-11T13:54:00,240,Secunderabad Railway Station,TOWER-743
CDR-EE12FD0F,CASE-0458,+913547280012,+913321370357,2023-04-10T00:44:00,2381,Koramangala,TOWER-930
CDR-2DDD73A1,CASE-0319,+914227256221,+910504833886,2023-02-25T21:18:00,3348,Viman Nagar,TOWER-349
CDR-6F6CBDE6,CASE-0195,+914359315208,+913124198766,2023-10-09T12:24:00,25,Connaught Place,TOWER-856
CDR-87333998,CASE-0402,+918742614667,+914116743846,2023-05-20T10:49:00,1996,Salt Lake City,TOWER-292
CDR-E8DF531F,CASE-0334,+911782032348,+910932627488,2023-01-10T04:49:00,1691,Jubilee Hills,TOWER-732
CDR-42295F5F,CASE-0401,+914606673509,+910378276141,2023-08-17T09:32:00,2043,Bandra Kurla Complex,TOWER-170
CDR-D55E69E1,CASE-0381,+917970357325,+913182604796,2023-09-14T09:04:00,1294,Bandra Kurla Complex,TOWER-454
CDR-A023CAD8,CASE-0186,+915247497583,+916630450753,2023-07-14T10:19:00,652,Karol Bagh,TOWER-576
CDR-4BE9FC33,CASE-0101,+910582788962,+919429378529,2023-10-23T03:41:00,1824,Gurgaon Sector 29,TOWER-826
CDR-1602113B,CASE-0400,+911239687906,+910679775800,2023-01-07T15:45:00,3253,Andheri West,TOWER-882
CDR-88660620,CASE-0263,+912789947990,+910351193387,2023-07-24T18:43:00,1956,Hinjewadi,TOWER-357
CDR-992BD5FF,CASE-0225,+915361276881,+914303195636,2023-02-14T12:15:00,2573,Gurgaon Sector 29,TOWER-208
CDR-AD1F4956,CASE-0070,+913608715525,+912500967964,2023-09-13T07:37:00,448,T Nagar,TOWER-903
CDR-77F7D460,CASE-0488,+911340095113,+919520126221,2023-09-13T14:34:00,2854,Noida Sector 18,TOWER-324
CDR-70EFA302,CASE-0210,+913494448113,+914419209903,2023-04-14T00:16:00,3475,Anna Nagar,TOWER-408
CDR-6139EA2E,CASE-0216,+919905492983,+915499193368,2023-06-13T17:49:00,2455,Connaught Place,TOWER-347
CDR-1778D856,CASE-0152,+915472697341,+914326967822,2023-10-22T13:21:00,2852,Indiranagar,TOWER-246
CDR-83D9C70A,CASE-0392,+911920023105,+914647400088,2023-03-16T15:07:00,1610,Connaught Place,TOWER-107
CDR-F78B62CB,CASE-0066,+912848587043,+912420850642,2023-07-22T23:04:00,1977,Koramangala,TOWER-724
CDR-E42033C6,CASE-0279,+913641130010,+910815355108,2023-06-28T06:05:00,2063,Anna Nagar,TOWER-356
CDR-FBFF494D,CASE-0153,+914271636761,+911351399569,2023-09-27T03:29:00,300,Noida Sector 18,TOWER-531
CDR-B2ADB538,CASE-0355,+915240512444,+912569759176,2023-03-12T21:06:00,1499,Gurgaon Sector 29,TOWER-591
CDR-9CA0E520,CASE-0342,+919141142870,+910210889456,2023-06-19T02:19:00,3467,Noida Sector 18,TOWER-200
CDR-E1F5E071,CASE-0299,+910122351319,+911095847945,2023-01-27T10:15:00,2312,Vasant Kunj,TOWER-592
CDR-E64E8EC8,CASE-0414,+910698567496,+918126369881,2023-04-19T23:12:00,2409,Secunderabad Railway Station,TOWER-617
CDR-4350C020,CASE-0240,+916786288566,+911952582061,2023-01-29T15:16:00,471,Viman Nagar,TOWER-213
CDR-593A9994,CASE-0405,+919934335238,+912829966217,2023-08-07T20:20:00,1982,Gachibowli,TOWER-528
CDR-1FDE2DF0,CASE-0077,+918624564306,+916619332866,2023-01-09T20:38:00,3435,Indiranagar,TOWER-489
CDR-DD15AB36,CASE-0228,+912073208742,+910305587362,2023-03-18T18:34:00,316,Gurgaon Sector 29,TOWER-926
CDR-4FD0A2F5,CASE-0405,+916428702606,+918624564306,2023-06-17T06:09:00,3351,Indiranagar,TOWER-222
CDR-3D47089F,CASE-0325,+912149025520,+913991116463,2023-04-14T20:00:00,206,Salt Lake City,TOWER-641
CDR-09491779,CASE-0428,+914809732235,+919360137632,2023-01-31T13:53:00,3537,Hinjewadi,TOWER-672
CDR-BA9657A0,CASE-0376,+914675877093,+915300399578,2023-10-22T02:28:00,3118,Vasant Kunj,TOWER-965
CDR-9A3C3239,CASE-0226,+916853038279,+911403450464,2023-02-10T03:29:00,3203,Andheri West,TOWER-820
CDR-700F2D5C,CASE-0060,+916056945064,+911135987812,2023-02-18T00:21:00,2070,Gachibowli,TOWER-111
CDR-23A28CE7,CASE-0285,+918939472482,+912300824841,2023-05-15T16:35:00,2090,Anna Nagar,TOWER-440
CDR-DBB56EDE,CASE-0257,+911885956157,+911415090572,2023-03-15T02:39:00,472,Hinjewadi,TOWER-849
CDR-2CC5A950,CASE-0110,+916915770196,+918646745808,2023-08-17T03:46:00,460,Anna Nagar,TOWER-836
CDR-FE8979AE,CASE-0037,+910539363533,+917636727667,2023-04-07T07:04:00,698,Bandra Kurla Complex,TOWER-955
CDR-E97DB925,CASE-0338,+911809919077,+919345912958,2023-07-20T17:10:00,464,Bandra Kurla Complex,TOWER-466
CDR-F9679DF4,CASE-0332,+912320285188,+917077749081,2023-08-06T00:09:00,1273,New Town,TOWER-871
CDR-AAF85AB0,CASE-0154,+914359315208,+915612655851,2023-06-21T07:08:00,160,T Nagar,TOWER-930
CDR-958CB579,CASE-0077,+917186478103,+914444430486,2023-03-23T01:04:00,2053,Anna Nagar,TOWER-740
CDR-E11EDCD6,CASE-0188,+916459405371,+913899349238,2023-02-16T11:24:00,1287,Hinjewadi,TOWER-118
CDR-CA1873AA,CASE-0367,+910860263703,+917670597895,2023-09-11T02:11:00,1227,Karol Bagh,TOWER-258
CDR-33CF6C3C,CASE-0350,+919564593648,+917822002191,2023-02-14T12:31:00,2837,T Nagar,TOWER-120
CDR-4BD6A565,CASE-0443,+912645116176,+915156686974,2023-03-18T00:15:00,1285,Gachibowli,TOWER-115
CDR-AC35AB7F,CASE-0014,+919458484561,+910162374605,2023-02-07T23:04:00,2828,Salt Lake City,TOWER-367
CDR-C816C9AD,CASE-0429,+917043408035,+918275475644,2023-03-04T00:14:00,3477,New Town,TOWER-697
CDR-8B62F55D,CASE-0079,+913384557273,+912935565536,2023-07-06T18:21:00,851,Gachibowli,TOWER-991
CDR-B7F8BD69,CASE-0377,+919538090596,+917379492073,2023-10-03T02:13:00,3123,Connaught Place,TOWER-114
CDR-6521D3DD,CASE-0369,+915586395351,+910898421814,2023-01-29T07:48:00,1802,Vasant Kunj,TOWER-793
CDR-18A7AFAB,CASE-0409,+917541620441,+911596722538,2023-03-11T07:11:00,2560,Indiranagar,TOWER-924
CDR-5C140AC0,CASE-0473,+919613352549,+919221036565,2023-08-09T02:29:00,2383,Noida Sector 18,TOWER-295
CDR-88B9E2A3,CASE-0275,+918545155824,+917290393874,2023-09-06T12:42:00,2056,Anna Nagar,TOWER-162
CDR-4EA3B04E,CASE-0361,+915512264400,+911472755620,2023-01-30T04:14:00,3042,Viman Nagar,TOWER-540
CDR-6BCE70E1,CASE-0211,+910698096181,+919893082149,2023-06-10T22:07:00,3393,Koramangala,TOWER-758
CDR-BD81A7A5,CASE-0303,+912209263659,+914721998297,2023-05-27T14:00:00,2169,Andheri West,TOWER-195
CDR-91DAEBA8,CASE-0408,+913975433895,+910539363533,2023-01-01T02:15:00,2956,Karol Bagh,TOWER-671
CDR-6DD5F08A,CASE-0452,+917290393874,+912062619351,2023-09-03T18:20:00,2610,Secunderabad Railway Station,TOWER-985
CDR-CB8F4507,CASE-0210,+915818845256,+919369532543,2023-05-03T06:40:00,2602,Gurgaon Sector 29,TOWER-761
CDR-7D3B801A,CASE-0158,+914577803160,+911902054236,2023-02-12T10:15:00,2257,Gurgaon Sector 29,TOWER-246
CDR-B8C45CB1,CASE-0375,+914931637046,+912044520470,2023-04-11T20:57:00,81,Vasant Kunj,TOWER-444
CDR-4E451488,CASE-0071,+911614562294,+918478243418,2023-08-21T04:41:00,3338,Viman Nagar,TOWER-639
CDR-FCE25C9C,CASE-0418,+918036253425,+918070131447,2023-07-20T16:26:00,344,Bandra Kurla Complex,TOWER-979
CDR-1376ABD6,CASE-0453,+915067831849,+913817557534,2023-07-07T07:16:00,2780,Jubilee Hills,TOWER-902
CDR-E542BADD,CASE-0212,+910711347853,+912602656870,2023-02-10T05:55:00,139,Secunderabad Railway Station,TOWER-303
CDR-161ACB26,CASE-0202,+910534435001,+919212048363,2023-03-17T02:16:00,1111,Anna Nagar,TOWER-687
CDR-1C197B4D,CASE-0278,+916209181900,+916209181900,2023-02-24T20:13:00,226,Hinjewadi,TOWER-486
CDR-A7180CFB,CASE-0369,+910557517168,+912440682429,2023-07-11T03:05:00,1699,Anna Nagar,TOWER-476
CDR-67561613,CASE-0220,+914359315208,+915132496237,2023-01-15T22:57:00,1948,Viman Nagar,TOWER-342
CDR-13EF5B90,CASE-0137,+911782032348,+916209181900,2023-03-21T19:36:00,1316,T Nagar,TOWER-500
CDR-E2A1B59A,CASE-0251,+918545155824,+911782032348,2023-09-14T02:27:00,2424,Hinjewadi,TOWER-925
CDR-F0A7D461,CASE-0074,+915024878084,+919495814704,2023-10-10T06:25:00,1021,Andheri West,TOWER-441
CDR-BB9980EC,CASE-0264,+914359315208,+914813120521,2023-06-06T21:37:00,1825,Vasant Kunj,TOWER-193
CDR-B6A2686B,CASE-0151,+912273170905,+917282111877,2023-09-02T21:50:00,2348,Gurgaon Sector 29,TOWER-818
CDR-11B5448F,CASE-0111,+915920116378,+914359315208,2023-08-14T11:34:00,2745,Bandra Kurla Complex,TOWER-825
CDR-A97284AF,CASE-0026,+914192957462,+910423550696,2023-05-14T05:39:00,1777,Karol Bagh,TOWER-970
CDR-81F2A579,CASE-0369,+914271636761,+917402124987,2023-09-04T18:32:00,340,Hinjewadi,TOWER-804
CDR-2C7AB02F,CASE-0110,+912848587043,+910351193387,2023-10-07T13:51:00,499,Noida Sector 18,TOWER-319
CDR-9F5D16DA,CASE-0452,+912062619351,+915148982381,2023-03-01T21:04:00,1018,Anna Nagar,TOWER-618
CDR-66FDCD56,CASE-0061,+911341083704,+913532428899,2023-10-17T09:03:00,619,Koramangala,TOWER-534
CDR-1636A844,CASE-0456,+910351193387,+913553619419,2023-08-06T17:48:00,3572,Noida Sector 18,TOWER-825
CDR-844885A4,CASE-0278,+910753540823,+915024878084,2023-05-28T09:07:00,249,Viman Nagar,TOWER-671
CDR-D3199E24,CASE-0353,+915823497835,+911782032348,2023-04-25T20:41:00,2028,Jubilee Hills,TOWER-366
CDR-65070F16,CASE-0065,+917156318635,+916990093159,2023-02-04T09:38:00,112,Hinjewadi,TOWER-301
CDR-B959EA3C,CASE-0255,+911825652052,+917577251348,2023-07-17T13:51:00,1942,Jubilee Hills,TOWER-115
CDR-02D57C44,CASE-0312,+911885956157,+917290393874,2023-08-10T11:06:00,1517,Karol Bagh,TOWER-351
CDR-29D99DC0,CASE-0285,+913401365438,+918969426710,2023-03-19T01:30:00,2824,Anna Nagar,TOWER-464
CDR-0B0BE8A0,CASE-0056,+914271636761,+917977694006,2023-04-07T12:58:00,29,Vasant Kunj,TOWER-270
CDR-A15C5216,CASE-0348,+918042240879,+918152884699,2023-10-26T10:49:00,2540,Noida Sector 18,TOWER-857
CDR-F2DDA7E6,CASE-0327,+910351193387,+913769277901,2023-03-10T03:35:00,215,Connaught Place,TOWER-428
CDR-06646B92,CASE-0320,+914012712904,+912848587043,2023-10-01T11:11:00,1951,Indiranagar,TOWER-579
CDR-CCE192D2,CASE-0199,+917785701582,+914535139485,2023-08-18T01:03:00,839,Gachibowli,TOWER-657
CDR-56A2A8B9,CASE-0070,+913608715525,+916303704985,2023-04-09T21:39:00,1934,Secunderabad Railway Station,TOWER-783
CDR-C8AC658E,CASE-0034,+918152427605,+915888691887,2023-07-30T07:56:00,626,Connaught Place,TOWER-777
CDR-7246F7FB,CASE-0204,+914360400294,+919045299779,2023-02-07T08:12:00,2072,Andheri West,TOWER-166
CDR-C8C870B3,CASE-0096,+918407777672,+914926714783,2023-05-06T02:41:00,2274,Salt Lake City,TOWER-677
CDR-6D6DEFE3,CASE-0161,+912062619351,+913975433895,2023-07-28T00:24:00,3082,Noida Sector 18,TOWER-988
CDR-736DE018,CASE-0047,+918843545700,+917494453132,2023-06-12T05:20:00,542,Andheri West,TOWER-669
CDR-79402A1F,CASE-0260,+911444441476,+910251363357,2023-04-15T05:50:00,1894,Bandra Kurla Complex,TOWER-531
CDR-381E8190,CASE-0351,+915867724943,+919009358889,2023-09-01T12:53:00,2244,Karol Bagh,TOWER-663
CDR-EA119466,CASE-0088,+916082178842,+919458484561,2023-04-07T21:42:00,563,Andheri West,TOWER-466
CDR-00B4C79E,CASE-0208,+911698029350,+915920116378,2023-05-06T08:15:00,3140,Koramangala,TOWER-658
CDR-B0A8B82C,CASE-0371,+913584440617,+917030446034,2023-08-12T06:48:00,2213,Gurgaon Sector 29,TOWER-882
CDR-D60AF65A,CASE-0118,+919311749984,+912693665387,2023-10-05T16:52:00,957,Noida Sector 18,TOWER-392
CDR-6D5A99F3,CASE-0326,+910938543884,+916209181900,2023-07-24T13:22:00,679,Gurgaon Sector 29,TOWER-962
CDR-184AD81A,CASE-0046,+912875280113,+917387736197,2023-10-05T18:09:00,1943,Bandra Kurla Complex,TOWER-719
CDR-D09BD33B,CASE-0417,+915148982381,+915867724943,2023-04-29T08:17:00,944,Gachibowli,TOWER-524
CDR-3AA810A7,CASE-0296,+914243958925,+911678734850,2023-07-01T03:04:00,3523,Hinjewadi,TOWER-542
CDR-04704B5E,CASE-0214,+914042043271,+915290551556,2023-03-23T13:48:00,2255,Koramangala,TOWER-876
CDR-35724AC8,CASE-0410,+910753540823,+910753540823,2023-06-14T17:09:00,2923,Anna Nagar,TOWER-122
CDR-563BCBA3,CASE-0428,+918196247896,+911302666720,2023-08-10T12:36:00,545,Vasant Kunj,TOWER-485
CDR-785726CA,CASE-0462,+914635031611,+912844993582,2023-01-13T20:16:00,3116,Bandra Kurla Complex,TOWER-421
CDR-E545DC4D,CASE-0171,+919766705777,+916661372288,2023-07-31T05:55:00,550,T Nagar,TOWER-280
CDR-4E7C798F,CASE-0197,+918545155824,+918545155824,2023-07-04T14:17:00,85,Gachibowli,TOWER-181
CDR-358D507B,CASE-0100,+916010922190,+912371027892,2023-03-12T06:37:00,3214,Andheri West,TOWER-322
CDR-7841058D,CASE-0426,+910753540823,+919591789009,2023-08-16T05:23:00,1111,Bandra Kurla Complex,TOWER-418
CDR-FB75A2F1,CASE-0166,+914271636761,+910323383460,2023-07-13T12:25:00,1399,Karol Bagh,TOWER-693
CDR-95AA137A,CASE-0212,+918010384476,+912288138796,2023-07-05T16:45:00,123,Koramangala,TOWER-594
CDR-9F3EB66A,CASE-0379,+918263049035,+912110288951,2023-03-10T05:31:00,2309,Karol Bagh,TOWER-565
CDR-E170D23F,CASE-0180,+910932627488,+919458484561,2023-07-04T12:11:00,1638,Bandra Kurla Complex,TOWER-550
CDR-6E34DB0A,CASE-0216,+912825239059,+919718860258,2023-06-06T06:01:00,1190,Gurgaon Sector 29,TOWER-148
CDR-56302394,CASE-0402,+916132861881,+918658319261,2023-09-19T10:46:00,2850,Koramangala,TOWER-113
CDR-AAE6E7AE,CASE-0369,+914265226371,+913721322087,2023-04-02T06:52:00,379,Viman Nagar,TOWER-723
CDR-6750EBFC,CASE-0428,+916599503486,+913178896162,2023-05-14T04:03:00,1899,Indiranagar,TOWER-638
CDR-7FCD3909,CASE-0408,+915389940608,+910891719011,2023-05-14T01:20:00,3404,Jubilee Hills,TOWER-132
CDR-9ADE360E,CASE-0170,+912140051171,+910007441295,2023-03-25T10:43:00,1063,Connaught Place,TOWER-555
CDR-BC477536,CASE-0059,+911182887465,+913059660585,2023-07-26T22:19:00,160,Salt Lake City,TOWER-813
CDR-59BE38A1,CASE-0059,+911182887465,+916819995001,2023-06-23T16:11:00,124,Secunderabad Railway Station,TOWER-336
CDR-3B2B6181,CASE-0282,+916160109710,+910183915447,2023-07-15T11:15:00,2377,Gurgaon Sector 29,TOWER-702
CDR-83D26E43,CASE-0397,+919826492228,+917716694247,2023-06-17T11:25:00,786,T Nagar,TOWER-144
CDR-7B17D807,CASE-0062,+916732429364,+912875280113,2023-03-23T15:46:00,1464,Jubilee Hills,TOWER-893
CDR-60CB66A8,CASE-0050,+910326513902,+912800441521,2023-01-14T08:20:00,1783,Gurgaon Sector 29,TOWER-727
CDR-6E41BAA1,CASE-0039,+911994305023,+911215429108,2023-10-23T06:20:00,3273,Viman Nagar,TOWER-523
CDR-69E9CBE7,CASE-0046,+918888401933,+916698275685,2023-01-16T20:59:00,1470,T Nagar,TOWER-501
CDR-53C21311,CASE-0019,+911782032348,+911782032348,2023-08-27T17:32:00,1468,T Nagar,TOWER-867
CDR-300688FB,CASE-0348,+915565385832,+918132650292,2023-08-18T09:11:00,88,Gachibowli,TOWER-158
CDR-88B6A75E,CASE-0322,+911151048469,+912892998919,2023-05-28T12:12:00,3193,Andheri West,TOWER-853
CDR-63D837A2,CASE-0095,+912848587043,+917310608325,2023-05-04T13:58:00,1604,Karol Bagh,TOWER-816
CDR-5ED7F609,CASE-0136,+918224321496,+916677909588,2023-02-15T13:49:00,1377,Anna Nagar,TOWER-748
CDR-6BFB0493,CASE-0354,+917104875947,+915736025729,2023-05-31T16:25:00,1884,Andheri West,TOWER-439
CDR-0879B762,CASE-0262,+916029960185,+910959100557,2023-05-31T03:38:00,2949,Bandra Kurla Complex,TOWER-832
CDR-04636F5C,CASE-0289,+914573281467,+913961125550,2023-09-04T11:03:00,3237,Viman Nagar,TOWER-445
CDR-C19C6C52,CASE-0095,+912848587043,+916189304156,2023-01-15T06:27:00,3575,Gachibowli,TOWER-526
CDR-E141F6B1,CASE-0280,+910868127303,+919815164000,2023-06-20T17:30:00,3074,Koramangala,TOWER-313
CDR-DF3F54FA,CASE-0122,+912848587043,+915024878084,2023-03-10T20:26:00,2723,New Town,TOWER-994
CDR-584D4D57,CASE-0006,+915527465681,+910917635495,2023-02-28T10:13:00,2616,Koramangala,TOWER-988
CDR-9770461D,CASE-0318,+915333219201,+913700067581,2023-06-19T11:44:00,3479,Hinjewadi,TOWER-214
CDR-A8C2445B,CASE-0494,+913953411814,+918376737127,2023-02-15T15:47:00,2573,Anna Nagar,TOWER-906
CDR-344FAB56,CASE-0313,+911957853073,+911723332515,2023-09-21T11:53:00,3097,Salt Lake City,TOWER-988
CDR-A0174944,CASE-0293,+917845081570,+918892404259,2023-02-11T23:55:00,2299,Secunderabad Railway Station,TOWER-860
CDR-CEA4E077,CASE-0012,+916209181900,+919345912958,2023-02-12T01:49:00,2056,Gurgaon Sector 29,TOWER-645
CDR-94959B73,CASE-0321,+911885956157,+916491339552,2023-07-13T04:27:00,368,Connaught Place,TOWER-386
CDR-300C09BF,CASE-0092,+910165614578,+912703060112,2023-09-12T18:23:00,476,New Town,TOWER-374
CDR-7C42158C,CASE-0068,+915275356245,+915920116378,2023-09-06T21:25:00,68,Secunderabad Railway Station,TOWER-809
CDR-8BA0754E,CASE-0212,+916957872622,+915744855157,2023-09-08T18:32:00,1690,Koramangala,TOWER-473
CDR-5A46BD57,CASE-0118,+918790325850,+913671717592,2023-01-10T16:23:00,1609,Bandra Kurla Complex,TOWER-917
CDR-EE22CF59,CASE-0095,+912848587043,+911445915002,2023-02-26T12:51:00,257,Bandra Kurla Complex,TOWER-499
CDR-6088D7DB,CASE-0409,+912818756035,+919225122860,2023-10-03T12:25:00,373,Hinjewadi,TOWER-118
CDR-EEEC6517,CASE-0500,+912604191298,+918899463547,2023-10-23T16:20:00,3237,T Nagar,TOWER-953
CDR-DB38F1E4,CASE-0487,+919982807710,+917223558366,2023-04-07T17:13:00,3564,Anna Nagar,TOWER-842
CDR-048EA044,CASE-0278,+910753540823,+916691883774,2023-06-17T02:46:00,689,Bandra Kurla Complex,TOWER-102
CDR-8E037D2E,CASE-0304,+911782032348,+911885956157,2023-02-18T13:25:00,2007,Jubilee Hills,TOWER-370
CDR-89981AF7,CASE-0448,+915413624076,+919464265819,2023-08-30T21:49:00,857,Gachibowli,TOWER-917
CDR-FE8C7216,CASE-0425,+910760034534,+915050292033,2023-01-31T02:26:00,3371,Jubilee Hills,TOWER-267
CDR-99ECD9B1,CASE-0217,+918994187632,+913074097887,2023-04-16T04:23:00,2905,Secunderabad Railway Station,TOWER-399
CDR-7C2061F7,CASE-0499,+910134604279,+911629788760,2023-04-06T15:15:00,227,Jubilee Hills,TOWER-546
CDR-54487711,CASE-0426,+918031757143,+916275323489,2023-02-15T23:40:00,2795,Connaught Place,TOWER-536
CDR-782FF765,CASE-0060,+916056945064,+919067175523,2023-10-23T00:08:00,3565,Bandra Kurla Complex,TOWER-124
CDR-80FA8598,CASE-0295,+910753540823,+919332789704,2023-09-26T03:44:00,654,New Town,TOWER-731
CDR-FDF4A055,CASE-0250,+914199143841,+912987784116,2023-05-04T20:13:00,1438,Secunderabad Railway Station,TOWER-985
CDR-E477A199,CASE-0337,+916953741440,+915920116378,2023-01-30T18:53:00,3196,New Town,TOWER-963
CDR-CB5549DF,CASE-0351,+917406192979,+910156347865,2023-04-13T05:41:00,2452,Secunderabad Railway Station,TOWER-793
CDR-24303687,CASE-0203,+912848587043,+912848587043,2023-03-21T02:38:00,1358,Secunderabad Railway Station,TOWER-316
CDR-F30BF716,CASE-0320,+916716078468,+918690540882,2023-04-02T16:44:00,241,Andheri West,TOWER-310
CDR-4FCC9606,CASE-0449,+912440682429,+915920116378,2023-07-10T20:32:00,2990,Viman Nagar,TOWER-981
CDR-19E7F650,CASE-0225,+918646745808,+916755814401,2023-09-26T20:04:00,3361,Viman Nagar,TOWER-734
CDR-BE7727DF,CASE-0138,+918390351790,+910808792349,2023-06-01T09:16:00,2868,Karol Bagh,TOWER-219
CDR-2CED276B,CASE-0375,+915285622937,+919976863597,2023-10-06T20:46:00,1793,T Nagar,TOWER-907
CDR-7C09A2AF,CASE-0095,+912848587043,+913391304721,2023-09-05T22:55:00,2206,Hinjewadi,TOWER-186
CDR-2249C06E,CASE-0166,+914271636761,+916836823883,2023-05-16T12:40:00,2298,Salt Lake City,TOWER-321
CDR-0DE2B742,CASE-0178,+915041435052,+915924796004,2023-04-27T02:24:00,830,Karol Bagh,TOWER-390
CDR-C648FA66,CASE-0257,+916453012727,+917882164279,2023-02-27T07:48:00,597,Indiranagar,TOWER-205
CDR-D7883636,CASE-0489,+915904149725,+914903620329,2023-04-01T17:52:00,2931,Secunderabad Railway Station,TOWER-990
CDR-8AA66A1F,CASE-0322,+911151048469,+916718772641,2023-04-19T20:50:00,1119,Viman Nagar,TOWER-450
CDR-EE9309EA,CASE-0224,+916209181900,+916209181900,2023-02-23T11:20:00,811,Gachibowli,TOWER-789
CDR-849DE5F7,CASE-0435,+916209181900,+916209181900,2023-07-20T01:42:00,2081,Noida Sector 18,TOWER-699
CDR-945219E0,CASE-0030,+911737670967,+919874898470,2023-04-24T08:04:00,3427,Noida Sector 18,TOWER-104
CDR-A29150F7,CASE-0461,+916867370431,+912102983322,2023-06-23T00:56:00,1438,Viman Nagar,TOWER-405
CDR-79618A13,CASE-0209,+914359315208,+915887587268,2023-05-20T19:41:00,1957,Gachibowli,TOWER-756
CDR-E2E85855,CASE-0423,+915148982381,+911290348492,2023-07-01T15:03:00,442,Jubilee Hills,TOWER-309
CDR-586E4AD0,CASE-0010,+913606872726,+912942518194,2023-04-21T00:22:00,1351,Salt Lake City,TOWER-755
CDR-3C293A27,CASE-0013,+911143514686,+914095906695,2023-08-09T15:11:00,3291,Connaught Place,TOWER-868
CDR-6C2FF880,CASE-0490,+919458484561,+915148982381,2023-07-26T21:56:00,725,T Nagar,TOWER-203
CDR-F49CD96D,CASE-0202,+913687090213,+912996027614,2023-06-27T02:05:00,3309,Anna Nagar,TOWER-433
CDR-EDB0CF84,CASE-0398,+917345443622,+910101173267,2023-01-24T04:10:00,2800,T Nagar,TOWER-903
CDR-7E36A1AA,CASE-0184,+910932627488,+916946425338,2023-08-15T08:43:00,2245,Bandra Kurla Complex,TOWER-642
CDR-A9FBF5A9,CASE-0214,+914168851834,+918030028288,2023-08-12T12:04:00,2048,Viman Nagar,TOWER-427
CDR-45723CC1,CASE-0034,+919592252857,+911856550057,2023-03-26T16:02:00,1149,Gachibowli,TOWER-385
CDR-D80D953E,CASE-0003,+913291506542,+913004383370,2023-05-27T15:32:00,3351,Gurgaon Sector 29,TOWER-487
CDR-74C81DA7,CASE-0392,+916591365609,+919274633776,2023-01-05T20:06:00,611,Karol Bagh,TOWER-480
CDR-0E0F9E7A,CASE-0210,+912848587043,+911237707947,2023-02-03T13:03:00,1245,Jubilee Hills,TOWER-573
CDR-8F9FE11F,CASE-0349,+916021101710,+912173329636,2023-03-27T13:15:00,2240,Noida Sector 18,TOWER-595
CDR-089595E2,CASE-0153,+913077111771,+916209181900,2023-09-11T14:43:00,1335,Karol Bagh,TOWER-833
CDR-746B4F50,CASE-0227,+912390601520,+912110288951,2023-08-12T02:37:00,1194,Noida Sector 18,TOWER-748
CDR-4FD2284A,CASE-0145,+916378723766,+919976629577,2023-08-13T18:36:00,2532,Anna Nagar,TOWER-270
CDR-85B89F2A,CASE-0287,+917290393874,+917150817421,2023-09-25T05:10:00,505,Jubilee Hills,TOWER-143
CDR-00561CAF,CASE-0148,+917428769944,+914719395859,2023-08-04T00:05:00,1753,Salt Lake City,TOWER-534
CDR-303ABA83,CASE-0131,+910956977119,+915140592441,2023-03-03T23:50:00,631,Bandra Kurla Complex,TOWER-636
CDR-20AA998E,CASE-0383,+915867724943,+917464380878,2023-05-06T08:25:00,559,Gurgaon Sector 29,TOWER-510
CDR-2B3157A4,CASE-0271,+913241877495,+919815424822,2023-06-13T21:13:00,1648,Andheri West,TOWER-945
CDR-A140ECA8,CASE-0356,+912496471378,+917340900544,2023-08-03T22:53:00,379,Gachibowli,TOWER-365
CDR-F65D2CA8,CASE-0364,+910911721170,+911222854761,2023-09-25T00:18:00,13,Koramangala,TOWER-561
CDR-6FC2CFCA,CASE-0042,+919691238826,+919691707142,2023-03-07T14:43:00,665,Salt Lake City,TOWER-631
CDR-2B35CE3A,CASE-0304,+913203933747,+911782032348,2023-04-07T19:42:00,2090,T Nagar,TOWER-954
CDR-040A510A,CASE-0001,+916370388391,+918333544968,2023-09-02T03:28:00,1954,Bandra Kurla Complex,TOWER-141
CDR-056B717A,CASE-0191,+915148982381,+914274608750,2023-04-12T17:20:00,1006,T Nagar,TOWER-732
CDR-65D17F31,CASE-0131,+910956977119,+919319437225,2023-03-19T21:58:00,3574,Vasant Kunj,TOWER-618
CDR-1E88D941,CASE-0317,+918216027574,+919458484561,2023-05-10T15:02:00,2800,Anna Nagar,TOWER-328
CDR-8B9EE17E,CASE-0028,+915024878084,+917685058412,2023-09-02T10:56:00,3380,Secunderabad Railway Station,TOWER-621
CDR-2900095B,CASE-0292,+915041435052,+917422316599,2023-01-01T07:03:00,1459,T Nagar,TOWER-814
CDR-CF11C580,CASE-0254,+911552536789,+912971476978,2023-03-28T01:28:00,403,T Nagar,TOWER-602
CDR-CADAC8DC,CASE-0159,+910753540823,+913547280012,2023-04-21T22:58:00,2544,Andheri West,TOWER-196
CDR-0BBEC44D,CASE-0131,+919878596635,+914588680956,2023-06-29T10:17:00,2180,Jubilee Hills,TOWER-587
CDR-1A442FE8,CASE-0158,+914239058338,+918877185174,2023-09-11T13:32:00,2517,New Town,TOWER-134
CDR-1A5135D9,CASE-0350,+919564593648,+911752297101,2023-03-25T04:42:00,1280,Karol Bagh,TOWER-860
CDR-CCD24344,CASE-0308,+918094245624,+918545155824,2023-08-21T00:36:00,660,Vasant Kunj,TOWER-590
CDR-A4988BA2,CASE-0229,+912848587043,+910539363533,2023-05-30T07:16:00,3297,Jubilee Hills,TOWER-246
CDR-EFDB2DD7,CASE-0204,+919629244313,+912268233347,2023-04-19T20:14:00,876,Vasant Kunj,TOWER-121
CDR-C158CBBE,CASE-0021,+915359291992,+910848714193,2023-06-22T03:29:00,344,Anna Nagar,TOWER-395
CDR-84C96D42,CASE-0457,+912307915163,+916539287306,2023-07-08T18:50:00,1672,Noida Sector 18,TOWER-479
CDR-1C3FAAD6,CASE-0456,+917354889068,+916456379558,2023-06-22T20:53:00,1293,T Nagar,TOWER-364
CDR-C85D1080,CASE-0114,+919445813144,+913548431397,2023-02-03T17:28:00,1577,Salt Lake City,TOWER-661
CDR-E382BE76,CASE-0479,+911944555315,+910608385727,2023-07-25T19:48:00,130,Connaught Place,TOWER-942
CDR-2782C6F6,CASE-0110,+918099773687,+910539363533,2023-05-11T03:16:00,1341,Connaught Place,TOWER-535
CDR-CF36CBE5,CASE-0073,+916894052022,+910039150577,2023-02-07T17:58:00,15,Anna Nagar,TOWER-130
CDR-AB874C52,CASE-0357,+914078836069,+917242046940,2023-06-20T23:47:00,283,Karol Bagh,TOWER-535
CDR-54D58D8E,CASE-0473,+919613352549,+913589116901,2023-06-12T13:11:00,1530,Jubilee Hills,TOWER-879
CDR-7C2DB344,CASE-0027,+917209157503,+912332166716,2023-07-11T19:06:00,385,Salt Lake City,TOWER-740
CDR-555DADB0,CASE-0419,+919458484561,+912062619351,2023-07-16T07:16:00,2500,Gachibowli,TOWER-290
CDR-12EF9792,CASE-0291,+916374673492,+916693341569,2023-06-13T19:31:00,2140,Koramangala,TOWER-181
CDR-90F2E416,CASE-0090,+914733818239,+919865545036,2023-04-24T11:22:00,2245,Gachibowli,TOWER-624
CDR-DD361196,CASE-0140,+910804844913,+913057343297,2023-04-30T15:13:00,721,Viman Nagar,TOWER-900
CDR-5D5DBFE7,CASE-0355,+910150757207,+911816491541,2023-03-24T00:12:00,3509,Hinjewadi,TOWER-345
CDR-8CBE5F6A,CASE-0107,+913020737937,+910173413080,2023-01-30T20:14:00,2222,Hinjewadi,TOWER-804
CDR-7B82E84A,CASE-0241,+913121201754,+914569916798,2023-04-16T22:21:00,676,New Town,TOWER-175
CDR-0FB63C89,CASE-0472,+910101173267,+919624317361,2023-04-21T17:15:00,1087,Secunderabad Railway Station,TOWER-599
CDR-D14402F6,CASE-0367,+910860263703,+912134364186,2023-06-10T09:31:00,710,Koramangala,TOWER-896
CDR-305F65B6,CASE-0034,+913792548322,+910365322933,2023-04-24T00:53:00,2606,Secunderabad Railway Station,TOWER-434
CDR-F788434E,CASE-0420,+912688732077,+910101173267,2023-09-05T12:01:00,2205,Salt Lake City,TOWER-679
CDR-DF24CCFB,CASE-0093,+913626380693,+914885643111,2023-02-17T16:34:00,294,Hinjewadi,TOWER-223
CDR-817F16B6,CASE-0065,+917274943797,+912725866081,2023-06-20T09:58:00,718,Salt Lake City,TOWER-850
CDR-9C468E67,CASE-0177,+911043729127,+919017946617,2023-07-23T15:09:00,72,Vasant Kunj,TOWER-482
CDR-4B51D069,CASE-0410,+910753540823,+914271636761,2023-03-20T02:41:00,523,Indiranagar,TOWER-860
CDR-28B78D97,CASE-0031,+915515729662,+912848587043,2023-01-10T12:43:00,2928,Secunderabad Railway Station,TOWER-284
CDR-F2E46D5C,CASE-0255,+910724904806,+918175288826,2023-06-27T11:16:00,663,Viman Nagar,TOWER-656
CDR-F936F50F,CASE-0163,+913084772999,+919668738453,2023-02-15T05:18:00,619,Anna Nagar,TOWER-489
CDR-E666A050,CASE-0482,+917290393874,+912062619351,2023-07-26T02:20:00,3386,Secunderabad Railway Station,TOWER-544
CDR-2F28759D,CASE-0097,+912301512101,+913559788447,2023-08-09T20:14:00,3511,Andheri West,TOWER-625
CDR-716A3771,CASE-0312,+911885956157,+919523647145,2023-02-26T09:35:00,2401,Viman Nagar,TOWER-615
CDR-2F9D17AB,CASE-0498,+914359315208,+911858807746,2023-06-09T18:09:00,1691,Gurgaon Sector 29,TOWER-650
CDR-E0C363FA,CASE-0059,+911827968372,+912452766247,2023-09-14T00:43:00,646,Salt Lake City,TOWER-978
CDR-5D044563,CASE-0254,+913967092791,+911026924562,2023-07-27T19:05:00,2876,Bandra Kurla Complex,TOWER-200
CDR-F93A854E,CASE-0461,+919816710603,+914577875908,2023-02-08T14:11:00,1831,Andheri West,TOWER-264
CDR-130FFCDA,CASE-0221,+916328336327,+917439962674,2023-01-05T04:34:00,1397,Karol Bagh,TOWER-398
CDR-49598094,CASE-0423,+915148982381,+915148982381,2023-10-24T19:50:00,3208,Secunderabad Railway Station,TOWER-841
CDR-4573A134,CASE-0348,+918646745808,+913354121263,2023-01-02T10:18:00,2956,Gurgaon Sector 29,TOWER-143
CDR-79B26696,CASE-0189,+914271636761,+919963765719,2023-04-08T10:42:00,2980,T Nagar,TOWER-290
CDR-AB5B24E3,CASE-0266,+911782032348,+910354304646,2023-02-09T20:55:00,2743,Gurgaon Sector 29,TOWER-292
CDR-E6B57482,CASE-0227,+911210916951,+916675347187,2023-08-23T01:51:00,1380,Andheri West,TOWER-187
CDR-5B643FBE,CASE-0313,+919840637495,+914271636761,2023-03-25T01:00:00,1302,Viman Nagar,TOWER-631
CDR-C12C5846,CASE-0281,+919868700701,+919621678546,2023-05-25T19:53:00,2972,Noida Sector 18,TOWER-108
CDR-418A24B8,CASE-0475,+911832646276,+917654441593,2023-02-15T09:34:00,2247,Salt Lake City,TOWER-745
CDR-686AF300,CASE-0102,+918793232992,+910535418373,2023-10-03T08:24:00,3196,Salt Lake City,TOWER-132
CDR-027AC073,CASE-0072,+915041435052,+917983869373,2023-09-24T12:09:00,1794,Vasant Kunj,TOWER-455
CDR-0B8219FB,CASE-0040,+911290166355,+913987032100,2023-08-15T16:34:00,87,Gurgaon Sector 29,TOWER-755
CDR-2AAE35A5,CASE-0004,+918545155824,+911885956157,2023-10-05T10:47:00,3323,Jubilee Hills,TOWER-836
CDR-6FB18A54,CASE-0311,+911174510564,+913049323947,2023-03-09T19:07:00,3504,Connaught Place,TOWER-622
CDR-A9BC957C,CASE-0215,+919055831777,+911833966786,2023-09-02T17:16:00,3300,Jubilee Hills,TOWER-267
CDR-779A6FF7,CASE-0321,+911885956157,+915244215903,2023-03-02T22:45:00,3183,Secunderabad Railway Station,TOWER-899
CDR-E997DC4D,CASE-0207,+915191308126,+918619532290,2023-08-31T23:44:00,1889,Noida Sector 18,TOWER-568
CDR-3926F368,CASE-0204,+917096133092,+911002761636,2023-03-28T16:36:00,551,Bandra Kurla Complex,TOWER-223
CDR-8334B279,CASE-0035,+912062619351,+917290393874,2023-06-16T22:59:00,3136,Indiranagar,TOWER-704
CDR-6813ECEB,CASE-0442,+915920116378,+916836823883,2023-08-30T10:39:00,2870,Noida Sector 18,TOWER-609
CDR-DE3D6548,CASE-0120,+918151672244,+916045380813,2023-04-08T10:33:00,792,Salt Lake City,TOWER-561
CDR-8EA423F3,CASE-0078,+910539363533,+910539363533,2023-06-09T11:46:00,1613,Noida Sector 18,TOWER-848
CDR-E94E3DC5,CASE-0432,+919458484561,+910925558955,2023-05-13T16:23:00,3477,T Nagar,TOWER-448
CDR-BA9A2429,CASE-0002,+913601309591,+912616331718,2023-09-11T07:31:00,2645,T Nagar,TOWER-455
CDR-B2F7E376,CASE-0262,+915799261605,+912837165319,2023-08-04T04:38:00,1467,Salt Lake City,TOWER-327
CDR-36B3E74F,CASE-0412,+917092126831,+918017642092,2023-02-02T00:06:00,305,Vasant Kunj,TOWER-444
CDR-C69F0CCC,CASE-0243,+911402256863,+917061498250,2023-08-14T23:39:00,2011,Salt Lake City,TOWER-625
CDR-127D7B90,CASE-0170,+916204289987,+915345798386,2023-02-28T09:51:00,175,Anna Nagar,TOWER-840
CDR-CA9CE0CD,CASE-0403,+915307531576,+915805681290,2023-02-21T04:16:00,2695,T Nagar,TOWER-614
CDR-EDE0ECD7,CASE-0209,+912440682429,+915140721957,2023-04-12T08:08:00,1647,Koramangala,TOWER-326
CDR-257F7B8D,CASE-0064,+918545155824,+915215790232,2023-01-04T15:17:00,2647,Jubilee Hills,TOWER-260
CDR-D1A72B50,CASE-0378,+913853784556,+912371874388,2023-03-30T08:54:00,1124,New Town,TOWER-596
CDR-D3195432,CASE-0178,+917909178050,+918904887148,2023-06-04T21:45:00,737,Bandra Kurla Complex,TOWER-998
CDR-54E007D8,CASE-0261,+913660954740,+916235993137,2023-09-17T12:55:00,1714,T Nagar,TOWER-303
CDR-E94A6D18,CASE-0263,+912789947990,+916318709908,2023-07-28T13:18:00,2480,Bandra Kurla Complex,TOWER-271
CDR-6D38FAFF,CASE-0005,+915617724934,+912407582680,2023-07-11T17:51:00,1501,Gurgaon Sector 29,TOWER-809
CDR-7E6AE010,CASE-0452,+917290393874,+916330788342,2023-03-14T08:29:00,2240,Salt Lake City,TOWER-163
CDR-8FDC65BE,CASE-0221,+912135016998,+910279155178,2023-07-03T22:29:00,2786,T Nagar,TOWER-380
CDR-7F39BE4F,CASE-0439,+916963786859,+914239058338,2023-04-06T08:35:00,3166,Noida Sector 18,TOWER-207
CDR-65FEF5B9,CASE-0494,+911332806117,+916501669235,2023-09-12T16:04:00,653,Bandra Kurla Complex,TOWER-645
CDR-1006CA91,CASE-0119,+916060484474,+911522096612,2023-04-27T02:27:00,210,Anna Nagar,TOWER-443
CDR-B7389CA6,CASE-0178,+913201725299,+911490364796,2023-04-01T18:31:00,2097,Noida Sector 18,TOWER-539
CDR-88DA1A28,CASE-0471,+917162499401,+913681076490,2023-08-12T17:50:00,243,Hinjewadi,TOWER-596
CDR-A8A58377,CASE-0393,+910753540823,+911397649214,2023-03-29T08:33:00,118,Gurgaon Sector 29,TOWER-789
CDR-C9422878,CASE-0318,+915333219201,+913392908080,2023-09-08T08:40:00,1038,New Town,TOWER-391
CDR-7D0E6758,CASE-0193,+912616150370,+917696012735,2023-03-17T11:56:00,1014,Salt Lake City,TOWER-362
CDR-0823AA6F,CASE-0415,+911782032348,+912601677560,2023-10-20T19:28:00,2283,Salt Lake City,TOWER-340
CDR-62F7F5DF,CASE-0425,+915920116378,+916683647367,2023-10-19T21:37:00,3118,Karol Bagh,TOWER-260
CDR-05FA8FB4,CASE-0328,+918543058950,+919253699721,2023-07-24T20:55:00,203,Gachibowli,TOWER-974
CDR-DB63E69C,CASE-0201,+912848587043,+913488926336,2023-06-24T20:55:00,3047,T Nagar,TOWER-318
CDR-1541091F,CASE-0073,+914330666976,+916590039948,2023-09-08T15:14:00,879,Jubilee Hills,TOWER-769
CDR-C727D230,CASE-0350,+919564593648,+914214943975,2023-09-22T08:52:00,3395,Andheri West,TOWER-793
CDR-FD0088EC,CASE-0444,+915527465681,+917290393874,2023-03-11T16:06:00,3449,New Town,TOWER-400
CDR-FB20BD04,CASE-0473,+919613352549,+914730932174,2023-02-03T17:30:00,771,Koramangala,TOWER-857
CDR-8A838E9B,CASE-0333,+917879811619,+917576126899,2023-04-29T11:00:00,1456,Secunderabad Railway Station,TOWER-277
CDR-28ED556A,CASE-0463,+910629640643,+913547280012,2023-04-09T19:43:00,1486,Viman Nagar,TOWER-991
CDR-0D5C9A06,CASE-0010,+916478484027,+912601607735,2023-06-30T10:33:00,998,Gurgaon Sector 29,TOWER-408
CDR-2CF00C5F,CASE-0098,+912721928075,+916003234901,2023-08-17T16:28:00,3377,T Nagar,TOWER-198
CDR-76209188,CASE-0240,+916786288566,+910452412215,2023-06-22T01:15:00,2644,Karol Bagh,TOWER-803
CDR-9B11709A,CASE-0260,+911444441476,+918716025023,2023-06-05T18:14:00,3600,Hinjewadi,TOWER-525
CDR-25F2785E,CASE-0278,+916209181900,+914271636761,2023-09-17T18:44:00,2577,Koramangala,TOWER-459
CDR-C8A22B96,CASE-0356,+912496471378,+914386205781,2023-06-28T02:05:00,2360,Gurgaon Sector 29,TOWER-631
CDR-568B703E,CASE-0153,+914271636761,+916643767760,2023-07-25T22:12:00,1271,Secunderabad Railway Station,TOWER-294
CDR-53CE8A2E,CASE-0215,+915193076768,+914748759774,2023-06-26T12:15:00,1602,Vasant Kunj,TOWER-990
CDR-B1098714,CASE-0047,+918843545700,+914215425981,2023-04-12T21:05:00,3109,Bandra Kurla Complex,TOWER-469
CDR-A8945F76,CASE-0352,+917390271661,+914047485091,2023-03-27T04:36:00,3473,New Town,TOWER-788
CDR-394CDB4C,CASE-0276,+917900138637,+912158118809,2023-08-19T09:21:00,2819,Anna Nagar,TOWER-667
CDR-DF825555,CASE-0404,+919082822786,+916704408598,2023-01-24T21:04:00,1575,Andheri West,TOWER-758
CDR-CB6AF14C,CASE-0022,+914864867942,+912217472571,2023-08-09T20:31:00,973,Jubilee Hills,TOWER-838
CDR-401BEE0E,CASE-0136,+914000347048,+913819975019,2023-10-05T16:42:00,2589,Hinjewadi,TOWER-492
CDR-7F7D4427,CASE-0133,+915920116378,+917058347365,2023-10-12T10:57:00,1724,Salt Lake City,TOWER-473
CDR-C14F8ADD,CASE-0211,+911251754409,+914467546910,2023-01-16T06:33:00,2471,Secunderabad Railway Station,TOWER-209
CDR-12812A67,CASE-0288,+917180038417,+910587722710,2023-07-06T13:08:00,125,Andheri West,TOWER-330
CDR-9340E1E8,CASE-0137,+911885956157,+916209181900,2023-09-17T03:08:00,405,Vasant Kunj,TOWER-515
CDR-0A2062DE,CASE-0042,+912767781561,+915689719183,2023-09-05T15:44:00,3491,Vasant Kunj,TOWER-862
CDR-FB4DCDC2,CASE-0217,+918994187632,+910500225383,2023-03-05T01:57:00,1388,Jubilee Hills,TOWER-969
CDR-06A9A40C,CASE-0286,+913547280012,+912955665690,2023-06-27T09:37:00,3150,Connaught Place,TOWER-934
CDR-45BBF2CF,CASE-0145,+911782335810,+916291817631,2023-09-15T16:11:00,311,Bandra Kurla Complex,TOWER-593
CDR-75AF47A7,CASE-0213,+917465317420,+918258923956,2023-09-14T16:43:00,3145,Secunderabad Railway Station,TOWER-339
CDR-EC406248,CASE-0176,+913520293182,+914163530776,2023-03-25T16:28:00,856,Hinjewadi,TOWER-231
CDR-5C5D8A44,CASE-0256,+912871668936,+913874316331,2023-10-13T17:03:00,2003,Jubilee Hills,TOWER-173
CDR-C87C403E,CASE-0342,+919668738453,+918723706870,2023-08-21T08:07:00,874,Gachibowli,TOWER-640
CDR-BC5968F5,CASE-0391,+911768003418,+916468958823,2023-03-17T23:53:00,184,Viman Nagar,TOWER-215
CDR-1F6D4F0A,CASE-0138,+918390351790,+913121201754,2023-10-27T10:43:00,125,Jubilee Hills,TOWER-283
CDR-AEF8AF22,CASE-0394,+914811049809,+910759911978,2023-09-25T20:31:00,3183,Bandra Kurla Complex,TOWER-111
CDR-BFCE03E9,CASE-0441,+918797573856,+910612555662,2023-02-06T12:32:00,117,Anna Nagar,TOWER-261
CDR-2FF300DE,CASE-0172,+910727824053,+915300923333,2023-05-15T07:17:00,569,Andheri West,TOWER-300
CDR-59568A27,CASE-0422,+918545155824,+915527465681,2023-10-24T04:34:00,334,Salt Lake City,TOWER-715
CDR-C3E5B69E,CASE-0123,+912911010547,+910507586329,2023-05-20T16:21:00,1993,Secunderabad Railway Station,TOWER-916
CDR-7287CD92,CASE-0322,+911151048469,+919910175605,2023-06-19T21:30:00,3089,Indiranagar,TOWER-280
CDR-46A3F285,CASE-0131,+910956977119,+913534073873,2023-10-28T02:45:00,2366,Connaught Place,TOWER-359
CDR-542FB240,CASE-0274,+914897219099,+918623392519,2023-10-11T17:08:00,1406,Gurgaon Sector 29,TOWER-761
CDR-F9FD8B21,CASE-0308,+918779323865,+912503461354,2023-05-20T07:23:00,1181,Vasant Kunj,TOWER-784
CDR-9F716EC7,CASE-0324,+917290393874,+910753540823,2023-01-20T00:25:00,1703,Connaught Place,TOWER-697
CDR-AD66DBB6,CASE-0124,+919382751873,+918137984931,2023-02-21T07:27:00,2444,Anna Nagar,TOWER-124
CDR-E33A6893,CASE-0220,+915997047252,+910055016213,2023-10-27T21:08:00,3126,Jubilee Hills,TOWER-797
CDR-F244B180,CASE-0321,+911885956157,+910391880798,2023-05-05T16:57:00,1099,Gachibowli,TOWER-851
CDR-B1E4CC8C,CASE-0346,+912440682429,+914813120521,2023-08-20T06:47:00,439,Anna Nagar,TOWER-979
CDR-14BF148C,CASE-0435,+916209181900,+916209181900,2023-06-01T16:53:00,3494,Bandra Kurla Complex,TOWER-949
CDR-FE78F1C9,CASE-0284,+910532936083,+917130232246,2023-09-04T11:43:00,889,Secunderabad Railway Station,TOWER-375
CDR-F48F4231,CASE-0269,+917290393874,+910753540823,2023-01-13T20:58:00,1410,Indiranagar,TOWER-189
CDR-17D5F759,CASE-0090,+914733818239,+917076950805,2023-06-05T11:26:00,3254,T Nagar,TOWER-945
CDR-D4932B62,CASE-0314,+913303142083,+914576506150,2023-05-08T21:52:00,2935,New Town,TOWER-238
CDR-285277A6,CASE-0020,+915148982381,+914660358649,2023-04-11T22:29:00,93,Jubilee Hills,TOWER-423
CDR-6DEB6A0B,CASE-0138,+912547185008,+912030550278,2023-06-26T14:06:00,2757,New Town,TOWER-749
CDR-8998CA41,CASE-0293,+915726661994,+912361153816,2023-01-19T11:34:00,215,Bandra Kurla Complex,TOWER-167
CDR-86B74F1A,CASE-0155,+913130713069,+913353780408,2023-09-01T20:49:00,1413,Indiranagar,TOWER-237
CDR-749E9EE0,CASE-0101,+910582788962,+917241984888,2023-02-07T20:24:00,428,Secunderabad Railway Station,TOWER-316
CDR-E1DE1016,CASE-0077,+917186478103,+913313861520,2023-07-13T13:48:00,3041,Salt Lake City,TOWER-759
CDR-F39D342D,CASE-0273,+915920116378,+912440682429,2023-03-31T17:36:00,2593,Hinjewadi,TOWER-197
CDR-A9A4C071,CASE-0107,+913020737937,+918826149754,2023-02-15T10:13:00,2722,Indiranagar,TOWER-743
CDR-C608E27E,CASE-0337,+916953741440,+910134604279,2023-04-16T08:40:00,3222,Indiranagar,TOWER-503
CDR-7DEF652D,CASE-0228,+912525684543,+910536075545,2023-06-24T06:45:00,1857,T Nagar,TOWER-573
CDR-4F12A9DD,CASE-0331,+910055324912,+912403082613,2023-05-11T22:51:00,2124,Hinjewadi,TOWER-496
CDR-B73D4EA8,CASE-0474,+911685532300,+919618547415,2023-06-24T03:18:00,923,Salt Lake City,TOWER-520
CDR-F4FE4C0B,CASE-0499,+910134604279,+917522715877,2023-01-02T04:26:00,1967,Bandra Kurla Complex,TOWER-747
CDR-2AB2D2EF,CASE-0153,+910753540823,+916591985170,2023-10-01T09:26:00,3527,Karol Bagh,TOWER-596
CDR-21D88409,CASE-0352,+918306357763,+919059738180,2023-03-24T13:35:00,611,Noida Sector 18,TOWER-820
CDR-F25557D7,CASE-0252,+916804483483,+919407485744,2023-10-13T11:18:00,1546,Anna Nagar,TOWER-739
CDR-472C58C8,CASE-0328,+910351193387,+918495619059,2023-03-15T15:46:00,2125,Karol Bagh,TOWER-791
CDR-B2B8625A,CASE-0015,+911606364262,+913089638266,2023-05-15T09:43:00,2643,Gachibowli,TOWER-359
CDR-F36CEA57,CASE-0200,+917290393874,+910932627488,2023-05-11T03:25:00,396,Noida Sector 18,TOWER-841
CDR-F25D0C1B,CASE-0411,+917052444364,+919158728971,2023-08-24T11:45:00,781,New Town,TOWER-864
CDR-13B0B7A5,CASE-0056,+912848587043,+918843545700,2023-04-22T23:59:00,3237,Andheri West,TOWER-200
CDR-D87B8A89,CASE-0150,+915622633400,+910903848788,2023-07-17T13:49:00,383,Jubilee Hills,TOWER-126
CDR-F2082618,CASE-0022,+914884837208,+912207384125,2023-09-02T11:07:00,3510,Jubilee Hills,TOWER-503
CDR-2B60B42B,CASE-0250,+915867724943,+917856609315,2023-10-04T16:08:00,2507,Andheri West,TOWER-919
CDR-B266921F,CASE-0040,+910249635097,+910134604279,2023-03-24T23:28:00,496,Secunderabad Railway Station,TOWER-892
CDR-D0DBA67C,CASE-0150,+917115814620,+915421465225,2023-03-17T03:52:00,2080,Andheri West,TOWER-980
CDR-A2F227E1,CASE-0005,+916378163815,+913388233920,2023-08-10T07:51:00,3136,Salt Lake City,TOWER-217
CDR-5D607A5D,CASE-0250,+915867724943,+915867724943,2023-06-24T13:26:00,2526,Karol Bagh,TOWER-531
CDR-CFE16DA9,CASE-0105,+915128090950,+912723795026,2023-03-04T14:34:00,2560,Karol Bagh,TOWER-567
CDR-BDE77561,CASE-0142,+919606541892,+918524660335,2023-09-27T23:38:00,3458,Hinjewadi,TOWER-437
CDR-20602A1E,CASE-0082,+914027544170,+919642405852,2023-03-25T08:41:00,2714,Vasant Kunj,TOWER-922
CDR-5E1C97E7,CASE-0499,+910134604279,+911564604645,2023-03-20T09:48:00,3044,Secunderabad Railway Station,TOWER-506
CDR-507D5864,CASE-0214,+910426576364,+915249803168,2023-08-16T18:58:00,675,Vasant Kunj,TOWER-154
CDR-7EF38491,CASE-0255,+918427518171,+916861224398,2023-02-20T17:47:00,213,Gurgaon Sector 29,TOWER-818
CDR-2DFFF309,CASE-0160,+910505391905,+910134604279,2023-03-07T17:04:00,2383,Noida Sector 18,TOWER-150
CDR-E442BF0C,CASE-0436,+918433103600,+915248846680,2023-07-21T16:13:00,1740,Koramangala,TOWER-226
CDR-19FBC100,CASE-0016,+911885956157,+911782032348,2023-06-14T01:23:00,1180,New Town,TOWER-414
CDR-01D884B1,CASE-0308,+918094245624,+916836823883,2023-10-05T01:38:00,1303,Secunderabad Railway Station,TOWER-180
CDR-D8C2CF8D,CASE-0320,+915014755525,+910522063160,2023-08-12T04:08:00,321,T Nagar,TOWER-708
CDR-B46F187D,CASE-0414,+913958454431,+917290393874,2023-08-02T07:30:00,2008,New Town,TOWER-255
CDR-28336E6A,CASE-0280,+918932983493,+919674107730,2023-06-13T06:35:00,673,Gurgaon Sector 29,TOWER-115
CDR-ADFC4765,CASE-0394,+917749462059,+916112959611,2023-02-04T20:43:00,2202,Bandra Kurla Complex,TOWER-889
CDR-3518C706,CASE-0178,+917041161454,+916848689027,2023-05-18T00:05:00,3253,Secunderabad Railway Station,TOWER-780
CDR-953686B7,CASE-0447,+912812426203,+915813095515,2023-05-25T12:32:00,3578,Gachibowli,TOWER-426
CDR-CB5D52B1,CASE-0244,+913828987535,+914175868877,2023-01-19T17:12:00,226,Connaught Place,TOWER-275
CDR-BCA66EFA,CASE-0315,+910770357861,+915617269394,2023-06-09T01:56:00,3089,Bandra Kurla Complex,TOWER-226
CDR-F76F50C8,CASE-0254,+913967092791,+914970270843,2023-10-25T03:39:00,2064,T Nagar,TOWER-418
CDR-584B36BF,CASE-0439,+914359315208,+914813120521,2023-07-23T11:02:00,919,Vasant Kunj,TOWER-344
CDR-8284E784,CASE-0042,+917095602075,+916570389029,2023-07-16T17:30:00,2963,Gurgaon Sector 29,TOWER-375
CDR-71DA5A9F,CASE-0361,+913533277209,+912440682429,2023-09-24T10:03:00,3538,Andheri West,TOWER-411
CDR-72A1B169,CASE-0339,+914539084905,+918499366647,2023-01-05T08:43:00,893,Koramangala,TOWER-535
CDR-8E48FF98,CASE-0286,+913031572671,+911974797737,2023-07-21T01:47:00,2474,Andheri West,TOWER-957
CDR-7DA6E0D5,CASE-0378,+916503137494,+917127827626,2023-10-12T16:08:00,1989,Secunderabad Railway Station,TOWER-496
CDR-64ADA285,CASE-0495,+912355728905,+910793845883,2023-10-14T08:27:00,2694,Jubilee Hills,TOWER-648
CDR-8FD7A00E,CASE-0024,+911080662397,+916746375903,2023-05-18T13:12:00,3451,Secunderabad Railway Station,TOWER-311
CDR-14B90C50,CASE-0305,+914359315208,+914160094662,2023-06-09T19:22:00,1824,Jubilee Hills,TOWER-294
CDR-C14162AD,CASE-0003,+913291506542,+912951530305,2023-10-08T17:04:00,3259,New Town,TOWER-779
CDR-764D32AB,CASE-0070,+914897688340,+913082292135,2023-06-16T17:45:00,2116,Salt Lake City,TOWER-321
CDR-C7DB6C54,CASE-0023,+912848587043,+918843545700,2023-10-18T16:04:00,2959,New Town,TOWER-767
CDR-8C1EAF4B,CASE-0494,+918658895770,+914424874395,2023-08-08T16:56:00,2264,Karol Bagh,TOWER-984
CDR-5458CB4B,CASE-0180,+916314188758,+918901271664,2023-01-27T13:28:00,2116,Jubilee Hills,TOWER-125
CDR-6BB70801,CASE-0325,+912652774044,+914375793496,2023-05-03T03:01:00,3476,Karol Bagh,TOWER-555
CDR-0C49B4C1,CASE-0192,+913975433895,+913890299009,2023-02-08T22:12:00,3317,Gurgaon Sector 29,TOWER-422
CDR-646675B7,CASE-0279,+915148982381,+914815117726,2023-03-27T04:11:00,1398,Karol Bagh,TOWER-980
CDR-C184517E,CASE-0490,+919458484561,+915148982381,2023-05-08T21:47:00,100,Noida Sector 18,TOWER-683
CDR-E3560D7B,CASE-0436,+914271636761,+912848587043,2023-04-20T00:25:00,3482,Salt Lake City,TOWER-154
CDR-57102042,CASE-0361,+914359315208,+915920116378,2023-04-14T06:14:00,3529,Anna Nagar,TOWER-108
CDR-8ED499E0,CASE-0003,+911686572094,+915604866724,2023-05-21T02:46:00,1659,Indiranagar,TOWER-450
CDR-6F1D5974,CASE-0454,+910804703129,+916209181900,2023-01-14T12:17:00,805,Karol Bagh,TOWER-824
CDR-47C9B0A4,CASE-0264,+914359315208,+912327508203,2023-10-24T15:25:00,1311,Connaught Place,TOWER-826
CDR-048C7929,CASE-0449,+912440682429,+914918616189,2023-04-29T00:51:00,2136,Connaught Place,TOWER-957
CDR-C0DC88BE,CASE-0458,+915024878084,+918971428524,2023-03-03T09:33:00,520,Gurgaon Sector 29,TOWER-646
CDR-2DF12361,CASE-0118,+919311749984,+913477144744,2023-01-21T22:25:00,2718,Indiranagar,TOWER-308
CDR-6E7B72E8,CASE-0096,+919209133168,+919172862255,2023-04-06T12:12:00,1317,New Town,TOWER-510
CDR-B15E35E5,CASE-0174,+911932433989,+915254830260,2023-10-01T15:17:00,869,Jubilee Hills,TOWER-815
CDR-9AD92C52,CASE-0275,+919719383005,+918545155824,2023-07-18T17:39:00,1193,Anna Nagar,TOWER-185
CDR-15EB6C98,CASE-0494,+911332806117,+912092531093,2023-05-29T21:32:00,368,Salt Lake City,TOWER-847
CDR-11C61C81,CASE-0263,+911350676473,+912110288951,2023-07-29T16:15:00,446,Karol Bagh,TOWER-525
CDR-5A074C59,CASE-0492,+911069703138,+912837385475,2023-06-18T21:33:00,2027,Andheri West,TOWER-273
CDR-311F1AAD,CASE-0271,+915148982381,+915269867764,2023-04-27T01:12:00,605,Salt Lake City,TOWER-693
CDR-E30FBD47,CASE-0494,+914294312923,+917285201995,2023-03-09T18:53:00,1752,Koramangala,TOWER-295
CDR-D7F6CC4E,CASE-0298,+919209629821,+917585985698,2023-08-17T03:15:00,2186,Noida Sector 18,TOWER-450
CDR-AA137E3B,CASE-0312,+911885956157,+911885956157,2023-01-30T23:37:00,3400,Gachibowli,TOWER-321
CDR-3E8E644C,CASE-0284,+910932627488,+915148982381,2023-06-22T09:35:00,1676,Gurgaon Sector 29,TOWER-115
CDR-CCE9BA07,CASE-0347,+917290393874,+917451991063,2023-07-05T18:03:00,633,Koramangala,TOWER-481
CDR-846D9079,CASE-0451,+914271636761,+915138950013,2023-06-18T04:10:00,1097,Hinjewadi,TOWER-327
CDR-A78FD13F,CASE-0227,+911210916951,+910747998823,2023-09-17T11:03:00,427,Gachibowli,TOWER-151
CDR-583EABD4,CASE-0131,+910956977119,+911866810542,2023-09-13T05:28:00,1567,Gachibowli,TOWER-653
CDR-6ADC1914,CASE-0161,+915148982381,+917270841616,2023-03-25T12:51:00,1248,Jubilee Hills,TOWER-377
CDR-BC184087,CASE-0127,+912224778735,+919342309555,2023-07-01T06:24:00,1959,Gachibowli,TOWER-922
CDR-2A91C853,CASE-0128,+917875927829,+918441710840,2023-04-08T20:28:00,2009,Connaught Place,TOWER-485
CDR-A146AAFD,CASE-0356,+913892283443,+915015484341,2023-06-24T11:55:00,2890,Indiranagar,TOWER-605
CDR-EAB283AE,CASE-0301,+914689928547,+918881226701,2023-09-29T02:25:00,579,Salt Lake City,TOWER-199
CDR-967DA0ED,CASE-0008,+916185645071,+917915914467,2023-10-18T06:33:00,711,Jubilee Hills,TOWER-325
CDR-A738AB70,CASE-0384,+918652253227,+914271636761,2023-10-25T16:25:00,461,Hinjewadi,TOWER-654
CDR-13DD867B,CASE-0225,+911658299659,+914436451359,2023-01-18T23:11:00,460,Noida Sector 18,TOWER-848
CDR-80099743,CASE-0348,+918646745808,+917161265275,2023-02-24T01:46:00,1410,T Nagar,TOWER-477
CDR-FC9571DD,CASE-0237,+913381456508,+915920116378,2023-01-02T17:49:00,3020,Hinjewadi,TOWER-803
CDR-D98C642F,CASE-0164,+918090496179,+913163135784,2023-02-06T10:43:00,1153,Gurgaon Sector 29,TOWER-829
CDR-160CE7C0,CASE-0233,+916307331452,+912414560436,2023-06-16T12:00:00,166,Indiranagar,TOWER-914
CDR-E82AFE2D,CASE-0343,+915616876987,+911836590972,2023-07-04T11:12:00,1392,Salt Lake City,TOWER-466
CDR-A1E2A210,CASE-0407,+910028860015,+917921330955,2023-08-08T08:37:00,3422,T Nagar,TOWER-512
CDR-7454AD69,CASE-0108,+914271636761,+915354774248,2023-07-05T10:01:00,1504,Anna Nagar,TOWER-776
CDR-99093885,CASE-0103,+917463043316,+916421468995,2023-02-01T16:42:00,2535,Vasant Kunj,TOWER-863
CDR-B91FEC00,CASE-0111,+918815580745,+910969715546,2023-09-13T00:56:00,2493,Viman Nagar,TOWER-983
CDR-1C292CD7,CASE-0459,+912768037873,+915527465681,2023-09-11T00:44:00,3492,Anna Nagar,TOWER-394
CDR-274C36E3,CASE-0452,+912927062772,+910932627488,2023-08-07T18:35:00,1363,New Town,TOWER-151
CDR-52E5A103,CASE-0424,+912062619351,+915148982381,2023-08-31T14:35:00,1949,Gurgaon Sector 29,TOWER-868
CDR-ACEDE7BC,CASE-0272,+914271636761,+916836823883,2023-03-17T15:25:00,2757,Noida Sector 18,TOWER-505
CDR-7F03EE15,CASE-0115,+914551172041,+919176253790,2023-08-11T18:05:00,3121,Viman Nagar,TOWER-721
CDR-49C68FD5,CASE-0435,+915332955221,+910753540823,2023-01-02T18:21:00,1478,Bandra Kurla Complex,TOWER-478
CDR-CD3FFD91,CASE-0190,+910403537882,+914095744932,2023-10-27T11:39:00,1260,Anna Nagar,TOWER-929
CDR-F8FBE2F3,CASE-0264,+914359315208,+911423905522,2023-01-05T13:37:00,1347,Salt Lake City,TOWER-472
CDR-A42C5990,CASE-0067,+914096114821,+911548997542,2023-06-18T09:42:00,674,Karol Bagh,TOWER-719
CDR-631B7AA1,CASE-0407,+913547280012,+911867775692,2023-01-16T23:47:00,1307,Gachibowli,TOWER-917
CDR-5AF3D0E3,CASE-0263,+911350676473,+916757188916,2023-02-07T18:23:00,2334,Viman Nagar,TOWER-781
CDR-94DD2FB9,CASE-0483,+918624564306,+917065875324,2023-04-01T05:00:00,2774,Indiranagar,TOWER-792
CDR-F414F48D,CASE-0356,+915166944239,+915140721957,2023-02-03T18:00:00,3413,T Nagar,TOWER-417
CDR-9C992B9E,CASE-0058,+911817105406,+911035130201,2023-03-22T20:42:00,530,Karol Bagh,TOWER-579
CDR-A04D80DF,CASE-0314,+918545155824,+915471790998,2023-07-06T22:27:00,3490,Gachibowli,TOWER-623
CDR-8C56C2AA,CASE-0161,+912062619351,+915148982381,2023-01-28T21:52:00,2032,Salt Lake City,TOWER-615
CDR-9F81949F,CASE-0353,+915527465681,+916912057201,2023-08-27T14:18:00,2425,Andheri West,TOWER-212
CDR-30C31905,CASE-0397,+913589918697,+915416965539,2023-05-27T04:40:00,1274,Viman Nagar,TOWER-683
CDR-B7DBCE4E,CASE-0422,+918545155824,+915527465681,2023-09-30T08:38:00,294,Andheri West,TOWER-718
CDR-67D31528,CASE-0047,+918843545700,+917679240533,2023-05-08T22:30:00,739,Hinjewadi,TOWER-765
CDR-7669725D,CASE-0151,+912273170905,+911344700810,2023-10-21T22:20:00,2012,Jubilee Hills,TOWER-767
CDR-B864C984,CASE-0140,+915060892503,+911945369025,2023-01-07T08:25:00,1670,Gurgaon Sector 29,TOWER-748
CDR-31681117,CASE-0304,+911921498788,+910101173267,2023-02-20T14:00:00,1459,New Town,TOWER-455
CDR-E8625943,CASE-0433,+914501634140,+918900151873,2023-03-27T13:14:00,2626,Jubilee Hills,TOWER-422
CDR-6E290BB5,CASE-0401,+914606673509,+919219282327,2023-10-02T22:18:00,1298,Andheri West,TOWER-697
CDR-3FB2C901,CASE-0305,+914359315208,+914239058338,2023-09-28T03:54:00,3140,New Town,TOWER-901
CDR-7E4220F2,CASE-0062,+914271636761,+916209181900,2023-08-07T08:22:00,565,Hinjewadi,TOWER-480
CDR-0F77725C,CASE-0055,+913842157215,+915867724943,2023-08-04T13:13:00,2108,Andheri West,TOWER-110
CDR-67F33919,CASE-0467,+911598298687,+918843545700,2023-07-20T17:56:00,2261,Jubilee Hills,TOWER-224
CDR-5F79C292,CASE-0471,+917060340842,+915603285571,2023-05-20T16:08:00,2254,Vasant Kunj,TOWER-996
CDR-7C4E0B60,CASE-0087,+919231438705,+912551716468,2023-07-26T11:31:00,589,Noida Sector 18,TOWER-457
CDR-C6932B2D,CASE-0452,+917290393874,+919458484561,2023-05-26T17:38:00,497,Koramangala,TOWER-915
CDR-CD0141E9,CASE-0337,+910863663383,+917650972073,2023-06-23T20:21:00,445,Andheri West,TOWER-359
CDR-78110EA9,CASE-0333,+917879811619,+915722767450,2023-03-12T02:34:00,2919,Vasant Kunj,TOWER-502
CDR-680BE03D,CASE-0231,+914475367614,+915389406601,2023-03-11T09:15:00,645,Andheri West,TOWER-986
CDR-6B1735AA,CASE-0154,+915225612223,+913082209176,2023-10-07T05:09:00,723,Noida Sector 18,TOWER-365
CDR-4B115B8E,CASE-0285,+912600208062,+914864289583,2023-05-07T18:35:00,3536,Gurgaon Sector 29,TOWER-363
CDR-152CF2F3,CASE-0113,+910753540823,+915024878084,2023-01-19T15:01:00,1980,Koramangala,TOWER-365
CDR-79AB9F30,CASE-0281,+919868700701,+915116232779,2023-01-03T16:51:00,2298,Andheri West,TOWER-705
CDR-BE0ACC48,CASE-0330,+915527465681,+918569611488,2023-08-17T00:18:00,1865,T Nagar,TOWER-146
CDR-83193D71,CASE-0057,+912855467345,+915024878084,2023-01-11T00:26:00,1162,New Town,TOWER-649
CDR-AE1C6A73,CASE-0088,+912780205801,+910818896058,2023-06-18T08:19:00,3161,Andheri West,TOWER-996
CDR-2781FBB7,CASE-0482,+915148982381,+915148982381,2023-04-04T18:21:00,3117,Koramangala,TOWER-119
CDR-8952920B,CASE-0373,+914331414522,+917731656312,2023-01-18T23:56:00,885,Hinjewadi,TOWER-320
CDR-FFD77FBA,CASE-0159,+910753540823,+919521597000,2023-03-16T07:36:00,1217,Secunderabad Railway Station,TOWER-995
CDR-B0DA7672,CASE-0366,+917378067955,+918279278511,2023-10-27T20:11:00,3312,Jubilee Hills,TOWER-905
CDR-16300F71,CASE-0056,+914271636761,+914271636761,2023-06-14T11:58:00,339,Salt Lake City,TOWER-187
CDR-D3507BA1,CASE-0036,+919767934534,+916501027589,2023-09-03T00:46:00,374,T Nagar,TOWER-105
CDR-EE7B882B,CASE-0169,+910539363533,+916209181900,2023-08-18T20:02:00,563,Andheri West,TOWER-384
CDR-8DF2BB74,CASE-0468,+913975433895,+912848587043,2023-07-22T06:10:00,1226,Hinjewadi,TOWER-686
CDR-876DCA63,CASE-0435,+916209181900,+913121201754,2023-03-15T03:14:00,1039,T Nagar,TOWER-898
CDR-702954D4,CASE-0171,+919766705777,+911096179428,2023-07-08T19:21:00,1792,Secunderabad Railway Station,TOWER-708
CDR-BB8C0B99,CASE-0488,+911340095113,+910675216025,2023-03-14T22:18:00,2861,T Nagar,TOWER-829
CDR-B6BB0844,CASE-0065,+917156318635,+914911585676,2023-07-23T08:25:00,1791,Gurgaon Sector 29,TOWER-332
CDR-33B968F5,CASE-0066,+912848587043,+913975433895,2023-04-23T19:00:00,1729,Hinjewadi,TOWER-628
CDR-1E7B5513,CASE-0321,+911885956157,+910954562178,2023-08-31T00:27:00,1795,New Town,TOWER-463
CDR-300F55C4,CASE-0078,+910539363533,+915982043249,2023-09-20T21:40:00,3080,Koramangala,TOWER-495
CDR-0429EBD8,CASE-0184,+910932627488,+919618547415,2023-02-11T23:54:00,2060,Secunderabad Railway Station,TOWER-157
CDR-D99279FE,CASE-0019,+918506253274,+916823200144,2023-03-13T15:51:00,1616,Koramangala,TOWER-255
CDR-BAA3CE75,CASE-0346,+914239058338,+914642614609,2023-05-08T08:49:00,1985,Andheri West,TOWER-396
CDR-837CF5E7,CASE-0381,+918236906110,+917764394148,2023-08-03T07:22:00,2738,Jubilee Hills,TOWER-703
CDR-C74330B3,CASE-0283,+910808563045,+910791779701,2023-08-19T14:18:00,957,Noida Sector 18,TOWER-350
CDR-EB423288,CASE-0202,+910534435001,+910903349711,2023-08-29T12:18:00,726,Karol Bagh,TOWER-988
CDR-1BF613BA,CASE-0390,+915440486532,+913275343830,2023-05-04T04:12:00,943,Karol Bagh,TOWER-432
CDR-D3366B5D,CASE-0300,+912501326009,+917832151387,2023-01-15T20:52:00,3236,Jubilee Hills,TOWER-704
CDR-5A23B33B,CASE-0414,+912030480389,+910993595398,2023-10-28T11:47:00,1397,T Nagar,TOWER-255
CDR-BAEA2317,CASE-0348,+918646745808,+913796330004,2023-06-16T21:13:00,3577,Connaught Place,TOWER-680
CDR-F2C86C74,CASE-0406,+919032394980,+918951050962,2023-04-16T14:32:00,3232,Anna Nagar,TOWER-271
CDR-9079124B,CASE-0399,+913470946835,+911949425244,2023-04-09T17:01:00,3450,Jubilee Hills,TOWER-878
CDR-C7210DDE,CASE-0236,+913067876211,+917290393874,2023-09-23T17:43:00,1161,Bandra Kurla Complex,TOWER-343
CDR-EDD8D12D,CASE-0455,+915032330559,+917528097799,2023-09-13T22:06:00,768,Noida Sector 18,TOWER-395
CDR-CEE39F22,CASE-0102,+915913507143,+918473744723,2023-09-30T20:36:00,2055,Connaught Place,TOWER-793
CDR-46230112,CASE-0487,+919574475380,+917655414953,2023-05-12T22:52:00,2179,Connaught Place,TOWER-827
CDR-90ADFA63,CASE-0407,+913547280012,+913895113477,2023-10-07T01:27:00,2561,Viman Nagar,TOWER-141
CDR-90CED9DE,CASE-0158,+912136042664,+911608057631,2023-09-27T08:00:00,1646,Anna Nagar,TOWER-492
CDR-23EAA9E5,CASE-0408,+915901087127,+910439532628,2023-08-18T06:32:00,875,Koramangala,TOWER-699
CDR-4F2C3A50,CASE-0476,+915024878084,+914271636761,2023-10-17T12:14:00,3292,New Town,TOWER-958
CDR-E34A8CD1,CASE-0439,+914359315208,+914239058338,2023-04-21T10:31:00,361,Anna Nagar,TOWER-354
CDR-444A8DB3,CASE-0208,+917794815745,+911295259331,2023-06-30T03:29:00,1626,Indiranagar,TOWER-712
CDR-E16A7B22,CASE-0370,+918388825721,+911820430171,2023-08-19T05:02:00,3053,T Nagar,TOWER-627
CDR-C174062F,CASE-0448,+915413624076,+911837658507,2023-04-25T03:21:00,2314,Viman Nagar,TOWER-407
CDR-3CF287E5,CASE-0491,+915600049059,+911187268210,2023-04-28T04:39:00,1064,Connaught Place,TOWER-304
CDR-35DFC97A,CASE-0370,+918388825721,+914765925355,2023-05-14T21:40:00,1765,Gurgaon Sector 29,TOWER-621
CDR-77C69652,CASE-0104,+915024878084,+916209181900,2023-03-01T23:55:00,3473,New Town,TOWER-143
CDR-9432DF01,CASE-0179,+913975433895,+914271636761,2023-07-08T19:17:00,3154,Secunderabad Railway Station,TOWER-656
CDR-24DBF687,CASE-0409,+913652473136,+912062619351,2023-08-23T20:44:00,543,Vasant Kunj,TOWER-449
CDR-7F1C86F5,CASE-0037,+912848587043,+912848587043,2023-06-25T19:30:00,598,Indiranagar,TOWER-117
CDR-D04C1AF2,CASE-0123,+912911010547,+911540292647,2023-05-10T06:11:00,1627,Secunderabad Railway Station,TOWER-697
CDR-92F33C41,CASE-0249,+911885956157,+915931309282,2023-05-21T07:04:00,2666,New Town,TOWER-601
CDR-AD436E3E,CASE-0412,+917241281419,+916446237639,2023-08-21T04:09:00,2071,Noida Sector 18,TOWER-749
CDR-BE4295CC,CASE-0134,+919386662193,+913687985581,2023-04-29T08:06:00,2150,Anna Nagar,TOWER-414
CDR-3B1295EE,CASE-0342,+919668738453,+912428720381,2023-03-18T16:52:00,2014,Secunderabad Railway Station,TOWER-619
CDR-F37CD0B3,CASE-0275,+918545155824,+914310584101,2023-09-20T20:09:00,1792,Indiranagar,TOWER-182
CDR-C50CD9E2,CASE-0044,+912509942629,+915148982381,2023-09-10T03:08:00,1368,Hinjewadi,TOWER-205
CDR-BFC92EA6,CASE-0110,+912848587043,+912018592592,2023-03-19T03:43:00,520,Vasant Kunj,TOWER-838
CDR-3C0F527C,CASE-0402,+918742614667,+915867724943,2023-01-10T09:25:00,1332,T Nagar,TOWER-844
CDR-299D93AE,CASE-0324,+917290393874,+913795313713,2023-06-15T15:52:00,856,Vasant Kunj,TOWER-274
CDR-EC597BC5,CASE-0418,+919345912958,+915867724943,2023-09-24T09:03:00,1524,Bandra Kurla Complex,TOWER-387
CDR-6CCA46A0,CASE-0337,+916953741440,+917136767674,2023-04-10T20:48:00,211,T Nagar,TOWER-227
CDR-F77432D8,CASE-0084,+913976188626,+916751426304,2023-08-19T18:56:00,2196,Vasant Kunj,TOWER-563
CDR-77CA776C,CASE-0339,+915150007882,+917770969716,2023-09-19T09:19:00,3576,Hinjewadi,TOWER-710
CDR-6B799239,CASE-0242,+917706503930,+918042494466,2023-05-14T21:17:00,2505,Salt Lake City,TOWER-914
CDR-A4275D50,CASE-0308,+912039466818,+916027421812,2023-06-13T05:42:00,1839,Secunderabad Railway Station,TOWER-927
CDR-892ADB7D,CASE-0248,+918646745808,+910101173267,2023-04-30T13:51:00,992,Vasant Kunj,TOWER-269
CDR-CF9C8BAE,CASE-0069,+910753540823,+914271636761,2023-03-03T08:43:00,583,Vasant Kunj,TOWER-243
CDR-6C1A0B69,CASE-0078,+910539363533,+914271636761,2023-07-30T23:38:00,3081,Bandra Kurla Complex,TOWER-812
CDR-653BB6AB,CASE-0005,+916436535294,+910096133287,2023-04-08T14:18:00,2172,Connaught Place,TOWER-587
CDR-AE844F85,CASE-0499,+915989996042,+915888673080,2023-03-28T13:49:00,3561,Viman Nagar,TOWER-986
CDR-8DFC5460,CASE-0043,+910872782445,+913296970502,2023-01-04T19:03:00,3166,Gurgaon Sector 29,TOWER-371
CDR-60CBFB4E,CASE-0237,+915351175971,+915024878084,2023-02-14T18:28:00,1139,Andheri West,TOWER-536
CDR-321C6AF4,CASE-0352,+910941491188,+910862963358,2023-08-03T11:33:00,1829,Indiranagar,TOWER-388
CDR-79B58E13,CASE-0200,+917290393874,+912062619351,2023-07-08T07:42:00,1485,Gurgaon Sector 29,TOWER-244
CDR-2D987836,CASE-0368,+912918809772,+912656588264,2023-02-21T04:25:00,2748,New Town,TOWER-678
CDR-56B2CA65,CASE-0318,+915333219201,+916311171167,2023-05-04T22:56:00,3193,Indiranagar,TOWER-329
CDR-712F70EE,CASE-0060,+914098099322,+911230422198,2023-09-12T15:10:00,710,Karol Bagh,TOWER-905
CDR-EEACB27E,CASE-0075,+916832546372,+912848587043,2023-09-27T03:47:00,2222,Jubilee Hills,TOWER-746
CDR-B96D13CE,CASE-0313,+912848587043,+911754735310,2023-02-11T08:57:00,2524,Viman Nagar,TOWER-647
CDR-62BD6AEF,CASE-0029,+910753540823,+912450053227,2023-03-23T13:05:00,3402,T Nagar,TOWER-938
CDR-12F15244,CASE-0193,+914275643184,+917900539719,2023-09-28T16:23:00,514,Noida Sector 18,TOWER-718
CDR-86CA02C1,CASE-0363,+914938616598,+911859661622,2023-06-02T06:37:00,2177,Salt Lake City,TOWER-455
CDR-AC98D53D,CASE-0051,+914851930406,+914902041764,2023-10-28T10:43:00,1626,Connaught Place,TOWER-746
CDR-7AB49AF9,CASE-0055,+913250577938,+913750358086,2023-05-06T04:42:00,588,Gachibowli,TOWER-548
CDR-4BC9E88F,CASE-0211,+919241684161,+915116072754,2023-10-21T02:58:00,553,Noida Sector 18,TOWER-596
CDR-E9F435B2,CASE-0339,+911655903639,+918347490410,2023-04-11T05:10:00,1006,Viman Nagar,TOWER-802
CDR-96B60165,CASE-0326,+910938543884,+915867724943,2023-10-02T05:37:00,1435,Bandra Kurla Complex,TOWER-606
CDR-C3218E81,CASE-0500,+911447827924,+915713468950,2023-06-07T21:46:00,986,New Town,TOWER-830
CDR-6B6BF4F5,CASE-0096,+919209133168,+914279178568,2023-06-18T22:06:00,855,Connaught Place,TOWER-584
CDR-767F665F,CASE-0109,+914239058338,+918623401289,2023-01-09T15:15:00,1747,Koramangala,TOWER-872
CDR-2BECBD24,CASE-0337,+916953741440,+919404579227,2023-06-20T02:33:00,717,Koramangala,TOWER-349
CDR-F11949DE,CASE-0104,+911186903664,+916209181900,2023-06-13T12:19:00,500,T Nagar,TOWER-567
CDR-853DCD86,CASE-0351,+917406192979,+915305109846,2023-07-26T16:22:00,1126,Hinjewadi,TOWER-433
CDR-A3B0BDE9,CASE-0161,+913568188042,+911827135269,2023-09-28T12:29:00,2032,Gachibowli,TOWER-335
CDR-49B3B83D,CASE-0408,+914271636761,+918843545700,2023-03-14T07:10:00,1068,Connaught Place,TOWER-510
CDR-FF18BB31,CASE-0217,+918994187632,+914161683359,2023-08-27T06:04:00,620,Koramangala,TOWER-897
CDR-BF8BA7B9,CASE-0313,+912848587043,+912657067690,2023-01-08T15:04:00,3380,Hinjewadi,TOWER-129
CDR-CF67EE7D,CASE-0245,+910069817789,+919264913059,2023-03-14T05:31:00,1637,Koramangala,TOWER-614
CDR-54007168,CASE-0450,+914673119684,+912207839849,2023-10-08T18:50:00,3232,Secunderabad Railway Station,TOWER-192
CDR-0743BE58,CASE-0322,+911151048469,+914655849853,2023-03-13T10:53:00,1418,New Town,TOWER-780
CDR-4257E0F6,CASE-0213,+914271636761,+916195122812,2023-08-28T16:02:00,408,Gurgaon Sector 29,TOWER-238
CDR-00ED6163,CASE-0363,+917523397662,+917073590645,2023-02-02T12:37:00,1795,Gachibowli,TOWER-208
CDR-6101C584,CASE-0464,+912138937116,+919050833692,2023-10-04T05:21:00,1291,Gurgaon Sector 29,TOWER-755
CDR-ACD43F81,CASE-0158,+914239058338,+915444902909,2023-04-07T07:12:00,30,Hinjewadi,TOWER-420
CDR-BD4413EF,CASE-0062,+914271636761,+915024878084,2023-08-12T18:08:00,3504,Bandra Kurla Complex,TOWER-497
CDR-6D5B34A2,CASE-0264,+914359315208,+914813120521,2023-09-18T13:15:00,2677,Secunderabad Railway Station,TOWER-652
CDR-91A6764D,CASE-0497,+919166790932,+910881189711,2023-09-20T19:58:00,3333,Secunderabad Railway Station,TOWER-148
CDR-AEB42C2B,CASE-0061,+911341083704,+914235432636,2023-02-27T14:10:00,1343,T Nagar,TOWER-558
CDR-9CCE41A6,CASE-0190,+911864346550,+913121201754,2023-07-13T12:33:00,2357,Viman Nagar,TOWER-353
CDR-4B22F34D,CASE-0038,+916018353343,+919668738453,2023-01-27T18:09:00,1401,Koramangala,TOWER-340
CDR-DE9CA12B,CASE-0336,+912616913585,+915192575237,2023-10-08T06:01:00,912,Andheri West,TOWER-234
CDR-E839B7D5,CASE-0204,+919629244313,+914206370446,2023-06-12T08:30:00,2723,Secunderabad Railway Station,TOWER-223
CDR-5B944F80,CASE-0221,+916328336327,+915232409586,2023-03-17T15:03:00,949,Secunderabad Railway Station,TOWER-304
CDR-A90618FA,CASE-0137,+917898015725,+910169833693,2023-08-05T16:11:00,1633,Secunderabad Railway Station,TOWER-660
CDR-ACCBF8EF,CASE-0367,+910860263703,+915345504674,2023-05-10T16:13:00,3542,T Nagar,TOWER-998
CDR-8570A5D6,CASE-0349,+916021101710,+913901033562,2023-07-03T13:49:00,1953,Bandra Kurla Complex,TOWER-522
CDR-E32B4764,CASE-0172,+912390045150,+910261437547,2023-02-27T09:54:00,774,Jubilee Hills,TOWER-295
CDR-D7F0CCB0,CASE-0076,+910904006289,+915445115273,2023-04-07T07:28:00,2914,Andheri West,TOWER-660
CDR-B1609EFA,CASE-0003,+913291506542,+911924872714,2023-04-09T21:31:00,3375,Jubilee Hills,TOWER-446
CDR-66407F36,CASE-0139,+912998632328,+916174887735,2023-05-27T02:10:00,2989,Gachibowli,TOWER-886
CDR-4175C2F5,CASE-0042,+919691238826,+919832736671,2023-07-03T17:00:00,1162,Anna Nagar,TOWER-520
CDR-4A3510DF,CASE-0420,+913207428591,+916154914780,2023-06-03T06:50:00,446,Noida Sector 18,TOWER-913
CDR-FB1F51D4,CASE-0064,+913693676151,+911782032348,2023-04-15T13:32:00,386,Gachibowli,TOWER-784
CDR-3A124B55,CASE-0210,+915947139368,+914803344000,2023-07-11T19:48:00,1960,Vasant Kunj,TOWER-799
CDR-B78A4C77,CASE-0150,+918843545700,+912043390463,2023-09-04T03:54:00,3311,Secunderabad Railway Station,TOWER-151
CDR-E1339C66,CASE-0281,+919868700701,+918759751197,2023-05-26T10:53:00,1941,Hinjewadi,TOWER-878
CDR-932C6656,CASE-0217,+915448017784,+911326381548,2023-07-13T07:03:00,3087,Vasant Kunj,TOWER-417
CDR-F813180C,CASE-0279,+910932627488,+916785360481,2023-01-08T09:17:00,2090,Jubilee Hills,TOWER-642
CDR-C659EB16,CASE-0407,+919594183027,+914950816337,2023-06-10T03:44:00,2220,Salt Lake City,TOWER-495
CDR-9F4F3C98,CASE-0009,+916627515841,+912391659800,2023-03-02T23:33:00,1389,Gurgaon Sector 29,TOWER-608
CDR-805B4F6D,CASE-0350,+919564593648,+915819627531,2023-05-20T03:56:00,671,T Nagar,TOWER-964
CDR-57E0DE6F,CASE-0371,+919458484561,+910932627488,2023-07-15T02:34:00,2169,Jubilee Hills,TOWER-602
CDR-0B70FEAD,CASE-0460,+912401146226,+918059990235,2023-02-12T07:22:00,1085,Secunderabad Railway Station,TOWER-813
CDR-736FDA9D,CASE-0373,+910553671844,+911503701023,2023-05-18T16:17:00,1525,Gurgaon Sector 29,TOWER-359
CDR-FE11942B,CASE-0006,+915527465681,+911885956157,2023-03-08T20:56:00,3367,Andheri West,TOWER-480
CDR-9D7F34B3,CASE-0245,+915396720793,+919458484561,2023-04-26T01:26:00,2089,Andheri West,TOWER-928
CDR-C2650C20,CASE-0165,+917290393874,+912062619351,2023-05-03T07:35:00,3057,Secunderabad Railway Station,TOWER-829
CDR-325CF7D2,CASE-0358,+917962858886,+913998385827,2023-07-27T07:20:00,3140,Indiranagar,TOWER-939
CDR-A05D925B,CASE-0193,+918476759998,+910708426199,2023-10-19T14:14:00,2792,Salt Lake City,TOWER-123
CDR-4CC45429,CASE-0369,+913718122167,+916836823883,2023-10-07T01:36:00,3540,Vasant Kunj,TOWER-215
CDR-EF0B49C9,CASE-0477,+910828984198,+917660096823,2023-01-25T06:16:00,248,Anna Nagar,TOWER-760
CDR-7BD7AA4E,CASE-0023,+912848587043,+914602469463,2023-06-30T17:55:00,2346,Gurgaon Sector 29,TOWER-923
CDR-98FF45B1,CASE-0333,+917879811619,+915745772494,2023-04-17T06:09:00,781,Connaught Place,TOWER-353
CDR-4078FB7F,CASE-0315,+910770357861,+918526136274,2023-08-20T17:51:00,781,Bandra Kurla Complex,TOWER-225
CDR-B3FD23AA,CASE-0417,+915148982381,+910427641652,2023-01-18T05:42:00,3090,Andheri West,TOWER-690
CDR-C4330BA9,CASE-0156,+917033132268,+919345912958,2023-04-26T21:06:00,2040,T Nagar,TOWER-453
CDR-EE2B094B,CASE-0026,+910539363533,+912848587043,2023-01-17T07:52:00,1014,Viman Nagar,TOWER-290
CDR-A1E40684,CASE-0402,+915135104807,+912401051737,2023-01-24T22:16:00,3046,Andheri West,TOWER-650
CDR-62E81127,CASE-0282,+919762583176,+913652231779,2023-05-05T01:43:00,1920,Connaught Place,TOWER-720
CDR-1E4B0133,CASE-0486,+917644098063,+914939504573,2023-02-07T00:00:00,1630,Bandra Kurla Complex,TOWER-852
CDR-D96D1E49,CASE-0084,+913976188626,+912206135990,2023-09-29T02:55:00,3272,Hinjewadi,TOWER-800
CDR-8AFB07C2,CASE-0366,+917378067955,+913162619620,2023-03-31T20:29:00,1437,Salt Lake City,TOWER-135
CDR-BA8FEFAC,CASE-0360,+917290393874,+915773091400,2023-03-07T03:24:00,3574,Jubilee Hills,TOWER-674
CDR-4758B7EC,CASE-0167,+915148982381,+915148982381,2023-02-20T03:03:00,2305,Karol Bagh,TOWER-681
CDR-6BABE4AC,CASE-0357,+914078836069,+918843545700,2023-03-26T19:51:00,2000,Gachibowli,TOWER-597
CDR-874216F8,CASE-0191,+915148982381,+918998996500,2023-07-31T19:16:00,256,Bandra Kurla Complex,TOWER-849
CDR-DBDFFCA0,CASE-0246,+910344624804,+912848587043,2023-01-02T21:05:00,706,Gachibowli,TOWER-576
CDR-2D89A769,CASE-0113,+919928532373,+912062619351,2023-08-30T21:22:00,3378,Vasant Kunj,TOWER-618
CDR-B9224D0B,CASE-0480,+913124579043,+919458484561,2023-08-26T07:40:00,2191,Jubilee Hills,TOWER-824
CDR-EDF58870,CASE-0003,+917572923568,+914099640329,2023-09-30T06:04:00,692,Jubilee Hills,TOWER-594
CDR-2071573E,CASE-0002,+913601309591,+914943248061,2023-01-23T07:36:00,1453,Vasant Kunj,TOWER-736
CDR-D73B724F,CASE-0279,+910932627488,+919458484561,2023-10-10T09:36:00,2048,Viman Nagar,TOWER-808
CDR-FB64326C,CASE-0379,+918263049035,+912844072954,2023-05-16T14:53:00,3257,Gachibowli,TOWER-814
CDR-B276C797,CASE-0498,+914359315208,+910753540823,2023-09-01T19:39:00,1281,Connaught Place,TOWER-907
CDR-6FE4AC56,CASE-0119,+919777836309,+913236412299,2023-07-01T15:36:00,1589,Gurgaon Sector 29,TOWER-753
CDR-F288B6B7,CASE-0022,+914672924422,+917556439760,2023-01-25T21:36:00,107,Indiranagar,TOWER-586
CDR-2F87672B,CASE-0493,+914359315208,+914813120521,2023-09-15T16:49:00,325,T Nagar,TOWER-999
CDR-82ABB12C,CASE-0473,+919613352549,+917185895619,2023-10-22T00:30:00,2438,Anna Nagar,TOWER-878
CDR-05C4B32A,CASE-0251,+919297483161,+919756855904,2023-09-09T08:33:00,3010,Secunderabad Railway Station,TOWER-839
CDR-26E9679D,CASE-0205,+911949640806,+910539363533,2023-01-01T07:21:00,3138,Viman Nagar,TOWER-123
CDR-6564EED1,CASE-0376,+910705108742,+919639525727,2023-10-05T16:22:00,132,Gachibowli,TOWER-838
CDR-BF1434E7,CASE-0221,+910975297790,+915527465681,2023-03-17T04:38:00,1799,Jubilee Hills,TOWER-397
CDR-B9668DBD,CASE-0273,+915920116378,+914359315208,2023-04-16T17:42:00,2290,Secunderabad Railway Station,TOWER-468
CDR-09BE20F5,CASE-0488,+911340095113,+917490719990,2023-02-25T05:23:00,458,Andheri West,TOWER-443
CDR-C2A2B6D9,CASE-0055,+913842157215,+911952762369,2023-10-24T17:52:00,1107,Noida Sector 18,TOWER-730
CDR-C0760FE8,CASE-0180,+915619378430,+918533023541,2023-08-04T04:40:00,2144,Secunderabad Railway Station,TOWER-934
CDR-264D33DF,CASE-0458,+915024878084,+913547280012,2023-05-30T10:08:00,634,Jubilee Hills,TOWER-370
CDR-81553F3E,CASE-0095,+919666422298,+913320595771,2023-01-27T10:56:00,1957,Andheri West,TOWER-601
CDR-1124BA34,CASE-0325,+912652774044,+916958791263,2023-03-19T14:57:00,2082,Connaught Place,TOWER-847
CDR-CF50F96B,CASE-0265,+916828383851,+918538570612,2023-03-31T19:02:00,818,New Town,TOWER-583
CDR-517120D8,CASE-0370,+918388825721,+917436134543,2023-06-22T16:29:00,388,Vasant Kunj,TOWER-131
CDR-2AA7F454,CASE-0079,+913384557273,+918864421382,2023-01-31T03:21:00,29,Jubilee Hills,TOWER-578
CDR-16BAA52C,CASE-0357,+914078836069,+915175326483,2023-03-07T19:29:00,1126,Karol Bagh,TOWER-475
CDR-D08AC8FC,CASE-0258,+912891254249,+919311749984,2023-03-08T18:32:00,923,Hinjewadi,TOWER-662
CDR-68F9E5AB,CASE-0071,+911614562294,+911234221454,2023-10-17T14:03:00,1577,Anna Nagar,TOWER-156
CDR-E5BCC309,CASE-0187,+918843545700,+912740539894,2023-05-09T20:36:00,2856,Secunderabad Railway Station,TOWER-403
CDR-D0D2E3D4,CASE-0156,+912749309527,+913406619307,2023-08-01T04:37:00,485,Karol Bagh,TOWER-251
CDR-41AC467D,CASE-0471,+917060340842,+917290393874,2023-02-13T01:32:00,896,Indiranagar,TOWER-460
CDR-3A2AEA1E,CASE-0028,+915024878084,+916209181900,2023-01-23T16:01:00,2610,Viman Nagar,TOWER-510
CDR-F8AD3443,CASE-0195,+914813120521,+914239058338,2023-01-08T14:36:00,3569,Andheri West,TOWER-409
CDR-606D94DA,CASE-0407,+913547280012,+911694196192,2023-07-24T04:09:00,1182,Hinjewadi,TOWER-893
CDR-602C73A4,CASE-0037,+916270567319,+911885956157,2023-05-25T19:45:00,1114,Vasant Kunj,TOWER-354
CDR-115B4A6C,CASE-0330,+918191128351,+918691271804,2023-06-11T15:35:00,1214,Secunderabad Railway Station,TOWER-140
CDR-DEF046ED,CASE-0115,+910194795271,+914676954774,2023-10-16T08:44:00,3242,Koramangala,TOWER-580
CDR-DD5B0C68,CASE-0129,+912062619351,+913444872924,2023-06-02T02:32:00,83,Vasant Kunj,TOWER-349
CDR-C86BFE6D,CASE-0461,+919816710603,+911610635733,2023-08-14T06:32:00,515,Secunderabad Railway Station,TOWER-772
CDR-055C3282,CASE-0088,+918249442710,+911570280915,2023-07-01T14:15:00,1193,Andheri West,TOWER-298
CDR-CA0DB167,CASE-0295,+919737672664,+913869387006,2023-04-28T22:25:00,178,Gachibowli,TOWER-118
CDR-B021081F,CASE-0209,+918233817699,+912440682429,2023-03-24T07:30:00,1115,Indiranagar,TOWER-133
CDR-9C64887E,CASE-0405,+919833916316,+910354619679,2023-03-28T09:21:00,1072,Indiranagar,TOWER-283
CDR-E319A09C,CASE-0102,+915913507143,+916370379984,2023-01-06T19:48:00,2268,Viman Nagar,TOWER-513
CDR-B1FE20FA,CASE-0291,+915720825366,+918969261627,2023-05-12T09:50:00,70,Vasant Kunj,TOWER-973
CDR-36D502B2,CASE-0472,+910753540823,+919225270395,2023-02-26T14:58:00,374,Salt Lake City,TOWER-900
CDR-0DAB9DA2,CASE-0487,+914076184115,+914305720756,2023-02-23T16:51:00,3564,Gachibowli,TOWER-688
CDR-6ED57144,CASE-0313,+912848587043,+915148982381,2023-05-20T04:47:00,1365,Hinjewadi,TOWER-929
CDR-380BE2AF,CASE-0444,+915527465681,+917654441593,2023-07-04T07:21:00,261,Bandra Kurla Complex,TOWER-956
CDR-0E8CBDBA,CASE-0337,+912933481967,+914123700865,2023-01-29T17:32:00,335,Anna Nagar,TOWER-483
CDR-8E93CEE5,CASE-0284,+915389234644,+910932627488,2023-03-01T22:16:00,2015,Anna Nagar,TOWER-136
CDR-21E39BAA,CASE-0094,+918415738529,+918551966307,2023-09-13T12:02:00,104,Koramangala,TOWER-138
CDR-3B99FB27,CASE-0143,+915106091219,+913897613556,2023-07-16T23:09:00,3051,Hinjewadi,TOWER-504
CDR-8D06E277,CASE-0093,+913626380693,+915341202170,2023-01-21T07:26:00,1136,T Nagar,TOWER-256
CDR-1F409DCF,CASE-0494,+911332806117,+910443539582,2023-10-27T10:30:00,683,Hinjewadi,TOWER-392
CDR-51B92A9E,CASE-0067,+914074236407,+912810229585,2023-10-26T12:17:00,416,New Town,TOWER-122
CDR-8E7F41A4,CASE-0149,+911728495050,+912528328743,2023-08-02T04:06:00,741,Indiranagar,TOWER-577
CDR-1CEA171F,CASE-0165,+917032764963,+910873140824,2023-01-03T13:28:00,3461,Vasant Kunj,TOWER-512
CDR-76F0F85C,CASE-0305,+914359315208,+910215231386,2023-04-04T20:27:00,1301,Gachibowli,TOWER-870
CDR-8EE39357,CASE-0220,+915920116378,+914813120521,2023-07-29T22:36:00,3011,Jubilee Hills,TOWER-289
CDR-8FAF8364,CASE-0193,+915785806677,+916955430168,2023-05-20T07:38:00,2683,Andheri West,TOWER-761
CDR-12C2D3FD,CASE-0313,+917363647544,+915446382620,2023-05-17T03:51:00,2188,Viman Nagar,TOWER-517
CDR-774A12B5,CASE-0302,+918341046989,+914137950762,2023-08-16T14:47:00,1285,Bandra Kurla Complex,TOWER-359
CDR-1BF7DCFF,CASE-0345,+913676586202,+911841663622,2023-04-23T11:24:00,1382,Vasant Kunj,TOWER-140
CDR-634C71E9,CASE-0054,+912030567897,+913569195215,2023-09-21T04:25:00,3411,T Nagar,TOWER-190
CDR-CA470DE0,CASE-0251,+913561527052,+913399329189,2023-09-13T18:33:00,2914,Anna Nagar,TOWER-621
CDR-4372E3ED,CASE-0173,+917133866580,+915369750917,2023-08-07T13:12:00,1461,Koramangala,TOWER-784
CDR-593F8440,CASE-0065,+917156318635,+911020150745,2023-09-12T03:31:00,150,Vasant Kunj,TOWER-954
CDR-FF971647,CASE-0308,+912047292195,+919715811346,2023-01-08T17:00:00,2212,Vasant Kunj,TOWER-624
CDR-0B3CA8C1,CASE-0021,+915999606810,+912847610144,2023-01-07T04:05:00,2795,Secunderabad Railway Station,TOWER-952
CDR-90ECF9EA,CASE-0270,+913234134931,+914382675304,2023-07-26T02:21:00,1393,Salt Lake City,TOWER-670
CDR-C37080CA,CASE-0363,+916799420672,+915347636136,2023-04-27T04:58:00,1568,Gachibowli,TOWER-362
CDR-38585D9D,CASE-0476,+915024878084,+917828966714,2023-06-20T10:18:00,3428,Viman Nagar,TOWER-523
CDR-D6D2FBD0,CASE-0120,+919468912214,+910789841057,2023-01-01T21:43:00,558,Noida Sector 18,TOWER-939
CDR-1A846190,CASE-0304,+910318604716,+917401077069,2023-02-17T01:44:00,1654,Viman Nagar,TOWER-496
CDR-E186C393,CASE-0152,+915472697341,+919464961895,2023-08-24T09:22:00,1988,T Nagar,TOWER-223
CDR-DEF79759,CASE-0062,+914271636761,+919410526279,2023-08-21T16:19:00,2848,New Town,TOWER-549
CDR-C88F5F91,CASE-0085,+915829651499,+916209181900,2023-05-26T17:34:00,351,Gurgaon Sector 29,TOWER-426
CDR-5A5F79AF,CASE-0169,+918843545700,+914271636761,2023-09-12T09:04:00,406,New Town,TOWER-768
CDR-D18CC53D,CASE-0433,+912308290480,+912575952235,2023-09-21T22:44:00,3051,Gurgaon Sector 29,TOWER-831
CDR-6A42906B,CASE-0197,+914629694254,+915140721957,2023-05-29T09:29:00,715,T Nagar,TOWER-576
CDR-633E330E,CASE-0027,+910134604279,+915919948239,2023-05-27T06:28:00,383,Vasant Kunj,TOWER-479
CDR-EC71F578,CASE-0357,+914078836069,+915210612509,2023-06-27T14:56:00,2701,Connaught Place,TOWER-468
CDR-98B0FCF1,CASE-0191,+915148982381,+918992672813,2023-06-05T11:06:00,25,Secunderabad Railway Station,TOWER-759
CDR-287448B2,CASE-0442,+912440682429,+919649196913,2023-04-18T02:04:00,1295,Viman Nagar,TOWER-855
CDR-769623FA,CASE-0033,+911999574663,+918791505609,2023-09-23T07:02:00,449,Anna Nagar,TOWER-184
CDR-E82DA610,CASE-0005,+916436535294,+918753574849,2023-03-02T02:43:00,1806,Noida Sector 18,TOWER-355
CDR-D665BE92,CASE-0315,+912564102233,+914849621962,2023-10-05T11:55:00,3492,Viman Nagar,TOWER-486
CDR-EE9A5CC4,CASE-0211,+910698096181,+911864862734,2023-01-14T12:44:00,116,Gurgaon Sector 29,TOWER-788
CDR-9DA927F3,CASE-0092,+915025692620,+918286773306,2023-01-10T15:46:00,2173,Gurgaon Sector 29,TOWER-723
CDR-6A97D9FF,CASE-0033,+916066400598,+915796861190,2023-06-28T10:22:00,2913,Connaught Place,TOWER-755
CDR-9FD7E54A,CASE-0385,+916570504537,+916405897987,2023-03-26T07:51:00,917,Connaught Place,TOWER-224
CDR-B32B00CC,CASE-0028,+915024878084,+915024878084,2023-03-27T14:37:00,1607,Vasant Kunj,TOWER-782
CDR-22F8B04C,CASE-0069,+910753540823,+919636846453,2023-03-04T21:47:00,2116,Jubilee Hills,TOWER-546
CDR-EA9DB8F7,CASE-0276,+917900138637,+913696584820,2023-08-01T13:01:00,258,Noida Sector 18,TOWER-725
CDR-EAF6670C,CASE-0166,+919195528203,+917040597432,2023-04-02T07:55:00,663,Karol Bagh,TOWER-747
CDR-A2961663,CASE-0426,+917773971104,+918445488143,2023-10-14T17:37:00,2532,New Town,TOWER-526
CDR-97607AD2,CASE-0220,+915920116378,+910050604471,2023-10-13T03:06:00,1999,Indiranagar,TOWER-136
CDR-C8EF4A53,CASE-0063,+913155861617,+919611022686,2023-03-09T00:34:00,612,Jubilee Hills,TOWER-372
CDR-C7BE4E6B,CASE-0405,+919504574367,+912263799776,2023-07-12T17:40:00,3487,Koramangala,TOWER-284
CDR-00396EAF,CASE-0025,+912219274262,+915936604929,2023-07-27T00:36:00,2778,Hinjewadi,TOWER-262
CDR-446092F1,CASE-0274,+912014615593,+911721577293,2023-07-29T11:50:00,2187,Viman Nagar,TOWER-388
CDR-FED21C29,CASE-0017,+919788257535,+919043096568,2023-06-12T14:12:00,2684,Indiranagar,TOWER-374
CDR-49A84845,CASE-0321,+910664899773,+914871889814,2023-09-28T18:51:00,2789,Koramangala,TOWER-116
CDR-76EC235C,CASE-0386,+917823819126,+916881891984,2023-07-13T14:27:00,781,Gurgaon Sector 29,TOWER-270
CDR-F31D68A6,CASE-0490,+919458484561,+910932627488,2023-05-22T15:32:00,3351,Andheri West,TOWER-508
CDR-6A145E31,CASE-0479,+911944555315,+916466566273,2023-06-30T10:13:00,2622,Anna Nagar,TOWER-209
CDR-0DF8B62D,CASE-0110,+912848587043,+916836823883,2023-08-21T14:26:00,507,Vasant Kunj,TOWER-594
CDR-6B74C76F,CASE-0347,+917290393874,+917290393874,2023-09-03T12:54:00,2658,Vasant Kunj,TOWER-216
CDR-394DEE31,CASE-0010,+913070253438,+910962751360,2023-06-13T08:36:00,365,Jubilee Hills,TOWER-406
CDR-726BB636,CASE-0138,+911953201389,+919618547415,2023-01-02T06:37:00,258,Indiranagar,TOWER-722
CDR-1512DE91,CASE-0150,+915622633400,+919539439290,2023-09-12T14:25:00,1443,Gurgaon Sector 29,TOWER-338
CDR-6FF58907,CASE-0476,+914020598074,+911404250538,2023-05-30T17:28:00,1946,Gurgaon Sector 29,TOWER-548
CDR-DD99D689,CASE-0016,+914263155497,+915527465681,2023-05-10T01:32:00,2801,Secunderabad Railway Station,TOWER-180
CDR-E61028A7,CASE-0072,+914670254463,+913681232768,2023-05-08T12:16:00,2812,Koramangala,TOWER-830
CDR-9547A0B3,CASE-0216,+916607948271,+915796561342,2023-07-07T21:40:00,679,Salt Lake City,TOWER-637
CDR-368E38D2,CASE-0381,+917847214917,+912774506829,2023-03-15T00:03:00,331,Vasant Kunj,TOWER-171
CDR-E70B6053,CASE-0053,+919898023347,+914619344123,2023-06-13T17:07:00,1645,Indiranagar,TOWER-146
CDR-47E83141,CASE-0145,+911661966550,+919389572586,2023-01-29T08:10:00,3087,Jubilee Hills,TOWER-262
CDR-2A7F92E9,CASE-0290,+917057507205,+915527465681,2023-01-25T08:41:00,1949,Anna Nagar,TOWER-474
CDR-684CF795,CASE-0267,+913307506106,+916975112821,2023-03-28T20:23:00,3279,Noida Sector 18,TOWER-207
CDR-D78931C2,CASE-0173,+918033191865,+914332345168,2023-02-16T21:42:00,3000,Jubilee Hills,TOWER-262
CDR-F29E0B51,CASE-0209,+912786917200,+914239058338,2023-06-10T21:52:00,3254,Anna Nagar,TOWER-203
CDR-AA4B673A,CASE-0493,+914359315208,+910718739921,2023-10-10T09:34:00,2691,Hinjewadi,TOWER-266
CDR-5F70FCBE,CASE-0349,+916021101710,+916135565484,2023-08-17T04:37:00,1752,Gachibowli,TOWER-822
CDR-625E0BAC,CASE-0078,+910539363533,+913246578138,2023-04-20T09:29:00,2535,Indiranagar,TOWER-204
CDR-1A7404BE,CASE-0105,+910132485337,+911182887465,2023-03-22T17:22:00,878,Koramangala,TOWER-769
CDR-32EF479A,CASE-0096,+919209133168,+911652498944,2023-08-04T23:23:00,30,Anna Nagar,TOWER-678
CDR-5F10F530,CASE-0328,+910351193387,+917290393874,2023-08-23T05:26:00,1876,Gurgaon Sector 29,TOWER-180
CDR-BA168FEB,CASE-0002,+913601309591,+910798855189,2023-02-28T22:29:00,2232,Jubilee Hills,TOWER-722
CDR-E5523962,CASE-0481,+910683601456,+913530838468,2023-10-28T14:58:00,2454,Gurgaon Sector 29,TOWER-956
CDR-005D863B,CASE-0025,+912219274262,+912541740155,2023-06-28T20:21:00,1378,Viman Nagar,TOWER-506
CDR-7AD6A27B,CASE-0245,+916034322630,+910539363533,2023-01-23T17:49:00,154,Hinjewadi,TOWER-499
CDR-559194C2,CASE-0370,+918388825721,+919033508087,2023-05-26T01:50:00,598,Hinjewadi,TOWER-744
CDR-FCE2CFA4,CASE-0057,+913547280012,+910753540823,2023-07-26T17:44:00,3287,Connaught Place,TOWER-809
CDR-349F1F72,CASE-0123,+912911010547,+915781397283,2023-06-30T11:46:00,762,Karol Bagh,TOWER-504
CDR-DD6E57A2,CASE-0242,+915354377108,+914319243037,2023-03-28T04:50:00,2761,Jubilee Hills,TOWER-846
CDR-06E35614,CASE-0420,+912688732077,+913554729854,2023-03-14T20:59:00,3174,Koramangala,TOWER-854
CDR-C1AD02BF,CASE-0121,+910945335815,+917654441593,2023-08-07T17:59:00,1802,Gurgaon Sector 29,TOWER-290
CDR-DC15A594,CASE-0357,+914078836069,+913555811584,2023-06-05T08:00:00,882,Bandra Kurla Complex,TOWER-198
CDR-758C9167,CASE-0178,+915041435052,+912113014239,2023-04-24T11:28:00,2017,Indiranagar,TOWER-961
CDR-4C8FD343,CASE-0433,+912308290480,+912623162467,2023-09-11T16:24:00,3014,T Nagar,TOWER-942
CDR-BBB03063,CASE-0005,+916436535294,+910255945194,2023-10-15T02:17:00,239,New Town,TOWER-397
CDR-50A09186,CASE-0131,+918601611361,+913938405750,2023-03-20T22:29:00,1086,Bandra Kurla Complex,TOWER-768
CDR-277286CD,CASE-0178,+915041435052,+916834566373,2023-09-08T04:30:00,3519,Connaught Place,TOWER-496
CDR-4B51D0DF,CASE-0171,+918098254114,+917642961968,2023-10-14T06:32:00,2474,Gurgaon Sector 29,TOWER-965
CDR-9AAAAB33,CASE-0423,+915148982381,+912062619351,2023-05-06T16:17:00,1248,Noida Sector 18,TOWER-705
CDR-02D692DC,CASE-0154,+914359315208,+910828087836,2023-07-28T16:30:00,1297,Salt Lake City,TOWER-987
CDR-4C042EA3,CASE-0394,+914811049809,+918186292842,2023-08-18T16:48:00,3375,Hinjewadi,TOWER-547
CDR-61B2C723,CASE-0210,+915947139368,+916558955165,2023-05-26T03:27:00,697,Viman Nagar,TOWER-481
CDR-B9FD5BD8,CASE-0294,+915566505892,+913390789203,2023-05-20T14:49:00,2662,Noida Sector 18,TOWER-615
CDR-BF3E4178,CASE-0449,+914813120521,+918204291817,2023-02-17T03:01:00,3130,Gurgaon Sector 29,TOWER-543
CDR-46A388CC,CASE-0321,+917099660080,+918854109900,2023-04-20T01:15:00,2272,Hinjewadi,TOWER-987
CDR-8A20CA84,CASE-0278,+916209181900,+918796764242,2023-04-23T12:11:00,2199,Vasant Kunj,TOWER-119
CDR-64122491,CASE-0168,+913335064912,+911454048504,2023-08-10T16:05:00,1216,Jubilee Hills,TOWER-393
CDR-5FCB0E0E,CASE-0179,+919720432267,+912848587043,2023-01-02T23:27:00,2585,Vasant Kunj,TOWER-447
CDR-34C7C7F0,CASE-0046,+919085882825,+917322842202,2023-04-05T03:28:00,2586,Anna Nagar,TOWER-729
CDR-8AEC9BC7,CASE-0162,+919055418654,+918545155824,2023-02-09T04:31:00,1056,Viman Nagar,TOWER-796
CDR-B81F4C28,CASE-0425,+910760034534,+915475988561,2023-01-19T23:50:00,335,Indiranagar,TOWER-897
CDR-EB8D52ED,CASE-0048,+910555731731,+919458484561,2023-02-03T02:16:00,3566,Bandra Kurla Complex,TOWER-727
CDR-C53B6426,CASE-0067,+914074236407,+911201086949,2023-04-03T10:43:00,2575,Koramangala,TOWER-763
CDR-8FA30DC9,CASE-0446,+914032404397,+911638034185,2023-10-06T10:18:00,1869,T Nagar,TOWER-412
CDR-65F141FC,CASE-0493,+914239058338,+915920116378,2023-03-27T16:14:00,1748,Hinjewadi,TOWER-931
CDR-E83A8ADC,CASE-0141,+919360891878,+910725357057,2023-05-12T23:13:00,3120,Karol Bagh,TOWER-697
CDR-0AB28204,CASE-0447,+916508882389,+910656545616,2023-07-03T15:53:00,2636,Hinjewadi,TOWER-229
CDR-1C215143,CASE-0065,+917156318635,+915233166299,2023-02-16T10:03:00,1406,Jubilee Hills,TOWER-399
CDR-65CDF8D9,CASE-0499,+910134604279,+914359315208,2023-10-10T05:00:00,1690,Gurgaon Sector 29,TOWER-427
CDR-6152B7B4,CASE-0091,+916209181900,+911644471045,2023-09-20T05:02:00,3201,Hinjewadi,TOWER-382
CDR-8D2F45E3,CASE-0176,+913520293182,+910816255060,2023-06-26T19:28:00,3185,Hinjewadi,TOWER-334
CDR-E4971FCB,CASE-0310,+913975433895,+912848587043,2023-01-23T07:08:00,1893,Hinjewadi,TOWER-600
CDR-5AA435C5,CASE-0279,+911130771461,+919599022775,2023-08-07T01:42:00,927,Gachibowli,TOWER-992
CDR-087198EE,CASE-0256,+917284915301,+913621585125,2023-04-06T14:48:00,939,New Town,TOWER-493
CDR-A466D3E5,CASE-0494,+912372888675,+910134604279,2023-03-17T20:59:00,1504,Connaught Place,TOWER-200
CDR-767C0A09,CASE-0168,+913335064912,+916829805235,2023-09-03T12:08:00,272,Bandra Kurla Complex,TOWER-589
CDR-E80D81A2,CASE-0224,+916888532023,+914122022180,2023-06-04T00:41:00,319,Noida Sector 18,TOWER-174
CDR-03E914FF,CASE-0251,+917290393874,+914601929486,2023-10-26T14:34:00,720,Indiranagar,TOWER-349
CDR-95E9F4AE,CASE-0477,+914083834045,+912062619351,2023-07-02T21:24:00,866,Salt Lake City,TOWER-856
CDR-BD4D4D4B,CASE-0021,+918205483873,+910351193387,2023-01-17T04:30:00,1764,Salt Lake City,TOWER-260
CDR-50A11E78,CASE-0156,+916177866980,+912234456403,2023-09-26T07:39:00,2862,Viman Nagar,TOWER-796
CDR-C9D2D2DF,CASE-0286,+913547280012,+917112590470,2023-03-21T17:19:00,77,Jubilee Hills,TOWER-386
CDR-4E03D78D,CASE-0209,+914359315208,+914391671613,2023-03-12T23:48:00,654,Gachibowli,TOWER-926
CDR-30E7535C,CASE-0290,+911782032348,+911156351214,2023-05-25T04:41:00,2677,Hinjewadi,TOWER-874
CDR-7CCC3EEB,CASE-0018,+912061004590,+913565004506,2023-09-11T10:35:00,2767,Salt Lake City,TOWER-676
CDR-6C7E36A0,CASE-0062,+914271636761,+917290393874,2023-01-13T19:20:00,2589,Noida Sector 18,TOWER-612
CDR-46727957,CASE-0013,+912300975400,+918967764494,2023-09-26T17:25:00,3306,Secunderabad Railway Station,TOWER-401
CDR-C5E92252,CASE-0304,+911782032348,+915132397282,2023-04-14T16:33:00,1384,Salt Lake City,TOWER-611
CDR-5287544F,CASE-0211,+911251754409,+919370278307,2023-01-28T21:29:00,507,T Nagar,TOWER-623
CDR-31A053D8,CASE-0409,+917541620441,+914759687387,2023-01-21T14:00:00,619,Hinjewadi,TOWER-871
CDR-218BA7CD,CASE-0229,+912848587043,+914271636761,2023-10-23T07:38:00,3410,Koramangala,TOWER-131
CDR-BD64037A,CASE-0083,+911342158903,+910311946141,2023-01-06T11:53:00,2352,Noida Sector 18,TOWER-838
CDR-D760B977,CASE-0180,+910932627488,+910474243659,2023-03-29T00:31:00,2532,Jubilee Hills,TOWER-223
CDR-C4FF35B8,CASE-0380,+916410588760,+915140721957,2023-07-05T01:13:00,730,New Town,TOWER-535
CDR-57475D11,CASE-0265,+915086549799,+916770388264,2023-08-18T09:39:00,2715,Karol Bagh,TOWER-685
CDR-121CB0D0,CASE-0422,+914200943748,+917460617139,2023-07-05T11:38:00,1950,Andheri West,TOWER-645
CDR-041C2BE6,CASE-0393,+916869796852,+915024878084,2023-08-02T08:09:00,2467,Andheri West,TOWER-883
CDR-9BF61B17,CASE-0134,+912471453602,+911549395749,2023-05-05T04:15:00,1381,Gachibowli,TOWER-987
CDR-49D70351,CASE-0270,+911344878466,+919709469016,2023-06-28T13:21:00,1164,Secunderabad Railway Station,TOWER-762
CDR-1D7D3A8E,CASE-0350,+913872565367,+919711938813,2023-06-04T01:15:00,1393,Vasant Kunj,TOWER-883
CDR-DF2A425C,CASE-0118,+919311749984,+914359315208,2023-06-10T21:38:00,1586,Bandra Kurla Complex,TOWER-738
CDR-8EB3C67D,CASE-0264,+914359315208,+910101173267,2023-09-07T17:48:00,3571,Andheri West,TOWER-345
CDR-EE3CFA9B,CASE-0371,+919458484561,+916502584569,2023-10-13T15:53:00,64,Salt Lake City,TOWER-225
CDR-4918268E,CASE-0378,+916503137494,+913908147758,2023-09-25T11:41:00,1702,Gurgaon Sector 29,TOWER-593
CDR-720405FC,CASE-0039,+916992627603,+919034308250,2023-03-25T12:17:00,518,Connaught Place,TOWER-977
CDR-1A7E2888,CASE-0015,+918037233392,+916796087731,2023-07-11T11:59:00,1622,Anna Nagar,TOWER-469
CDR-16F81563,CASE-0212,+918010384476,+918245260553,2023-01-17T13:26:00,1173,Gachibowli,TOWER-499
CDR-729C7BF0,CASE-0411,+917052444364,+914078215516,2023-06-29T18:53:00,3449,Andheri West,TOWER-872
CDR-2F2D2832,CASE-0013,+911143514686,+915716341535,2023-01-04T07:16:00,2803,Salt Lake City,TOWER-614
CDR-D3153CA5,CASE-0173,+912301663207,+911926711505,2023-03-14T01:31:00,1962,T Nagar,TOWER-122
CDR-2C3BD06D,CASE-0041,+915041435052,+911885956157,2023-09-03T02:29:00,632,Anna Nagar,TOWER-337
CDR-6919AAA6,CASE-0020,+914783867144,+917221833603,2023-08-07T11:14:00,1448,Karol Bagh,TOWER-597
CDR-FD2AB886,CASE-0310,+913975433895,+917856744823,2023-04-10T20:57:00,2324,Noida Sector 18,TOWER-437
CDR-43F1ED7C,CASE-0484,+915905078828,+911885956157,2023-09-01T03:49:00,705,Hinjewadi,TOWER-419
CDR-64032406,CASE-0408,+913975433895,+914271636761,2023-05-30T06:42:00,2375,Andheri West,TOWER-830
CDR-0DEBAA7D,CASE-0019,+911782032348,+915989559990,2023-08-01T16:15:00,2667,Salt Lake City,TOWER-882
CDR-D5DFA9F1,CASE-0344,+917290393874,+917290393874,2023-09-26T23:22:00,3163,Koramangala,TOWER-361
CDR-13E06CA1,CASE-0286,+913547280012,+916009623091,2023-07-18T10:10:00,1010,Andheri West,TOWER-432
CDR-D91C08F7,CASE-0061,+911341083704,+916901019661,2023-01-28T22:24:00,1617,Connaught Place,TOWER-322
CDR-DD97F832,CASE-0263,+917199989968,+912215053235,2023-06-28T23:38:00,874,T Nagar,TOWER-314
CDR-41E1A473,CASE-0275,+918545155824,+911885956157,2023-06-02T22:48:00,3450,Gachibowli,TOWER-285
CDR-FAB69068,CASE-0462,+913852811985,+916854971322,2023-07-31T15:57:00,853,Anna Nagar,TOWER-623
CDR-499855F8,CASE-0179,+913975433895,+910226429721,2023-08-03T12:34:00,1262,Karol Bagh,TOWER-347
CDR-D034561A,CASE-0408,+914271636761,+918843545700,2023-05-04T20:16:00,3294,Salt Lake City,TOWER-303
CDR-301233F3,CASE-0404,+910997589692,+918985940260,2023-05-31T17:01:00,1076,Anna Nagar,TOWER-540
CDR-56A392B1,CASE-0232,+910276666490,+912658368785,2023-07-29T15:31:00,192,Salt Lake City,TOWER-880
CDR-D5F18C90,CASE-0315,+910770357861,+911885956157,2023-10-22T14:50:00,2855,Connaught Place,TOWER-734
CDR-4A6A8283,CASE-0275,+918545155824,+910542618484,2023-03-03T04:30:00,2175,Noida Sector 18,TOWER-573
CDR-F8EEBC3A,CASE-0074,+912479049051,+911015063446,2023-01-04T18:32:00,2603,Secunderabad Railway Station,TOWER-784
CDR-DCD0A35E,CASE-0291,+915720825366,+917361104861,2023-08-08T13:02:00,929,Gurgaon Sector 29,TOWER-787
CDR-8EDE1D8E,CASE-0263,+911350676473,+913695509189,2023-06-09T19:09:00,1775,Jubilee Hills,TOWER-594
CDR-AC4EDA5E,CASE-0171,+911782032348,+914319176232,2023-05-06T17:14:00,755,T Nagar,TOWER-652
CDR-A38A0216,CASE-0448,+918616736041,+916790467030,2023-07-03T14:25:00,2847,Bandra Kurla Complex,TOWER-314
CDR-08C8D0AD,CASE-0465,+918899459084,+915140721957,2023-04-08T19:10:00,523,Andheri West,TOWER-567
CDR-9304D314,CASE-0185,+912062619351,+917290393874,2023-01-07T11:18:00,3534,Andheri West,TOWER-558
CDR-1EE9417A,CASE-0057,+916643480779,+912184155870,2023-08-17T16:48:00,1452,Connaught Place,TOWER-282
CDR-742CF094,CASE-0314,+918545155824,+910381584853,2023-07-06T15:58:00,1164,New Town,TOWER-107
CDR-0C073743,CASE-0336,+912616913585,+912634049351,2023-04-17T06:40:00,1196,Anna Nagar,TOWER-304
CDR-BB1E616B,CASE-0343,+915616876987,+916980364277,2023-09-18T02:44:00,2998,Salt Lake City,TOWER-282
CDR-6906B929,CASE-0252,+917522334112,+913254464119,2023-10-24T04:56:00,1275,Secunderabad Railway Station,TOWER-569
CDR-B720B82F,CASE-0248,+912056713332,+918801432464,2023-08-15T20:33:00,3469,Vasant Kunj,TOWER-470
CDR-6FB7B05A,CASE-0063,+913967092791,+914625685489,2023-02-05T04:58:00,1379,Vasant Kunj,TOWER-675
CDR-485208EF,CASE-0145,+911661966550,+917435422425,2023-04-08T14:41:00,1926,Indiranagar,TOWER-470
CDR-64F41893,CASE-0257,+911885956157,+918545155824,2023-08-15T08:29:00,334,Salt Lake City,TOWER-949
CDR-6A574BB1,CASE-0101,+910582788962,+910848714151,2023-07-27T04:00:00,1787,Gurgaon Sector 29,TOWER-174
CDR-A4D5A591,CASE-0314,+918545155824,+917773952900,2023-07-23T02:08:00,849,Noida Sector 18,TOWER-750
CDR-1BF874D1,CASE-0265,+917174127261,+914571041000,2023-04-09T02:32:00,295,Koramangala,TOWER-455
CDR-ACA4215B,CASE-0268,+910629220881,+911532050573,2023-08-22T06:03:00,957,Connaught Place,TOWER-562
CDR-BB2DF1D9,CASE-0107,+913020737937,+910101173267,2023-07-16T23:17:00,3119,Indiranagar,TOWER-171
CDR-0FB86D18,CASE-0081,+911322995558,+911376268325,2023-07-08T03:38:00,1780,New Town,TOWER-817
CDR-FB0D49C0,CASE-0012,+916209181900,+919107666933,2023-03-05T01:06:00,3458,Anna Nagar,TOWER-750
CDR-55D8D090,CASE-0192,+914271636761,+912356825453,2023-08-05T17:24:00,771,Viman Nagar,TOWER-203
CDR-A4774AEE,CASE-0096,+919209133168,+913608715525,2023-01-24T13:19:00,1490,Anna Nagar,TOWER-770
CDR-E1F20526,CASE-0437,+911400672608,+913625465309,2023-06-05T06:28:00,2628,Indiranagar,TOWER-697
CDR-6EEFBC7E,CASE-0170,+917143716217,+919713102395,2023-02-20T09:01:00,820,New Town,TOWER-763
CDR-58DB4862,CASE-0453,+910047578748,+910399524970,2023-08-02T09:20:00,545,Jubilee Hills,TOWER-846
CDR-9ECDE6F5,CASE-0471,+917060340842,+917138863079,2023-06-24T04:54:00,238,Viman Nagar,TOWER-425
CDR-114387F0,CASE-0245,+918471175283,+910539363533,2023-04-30T19:05:00,2347,Hinjewadi,TOWER-741
CDR-F45A29AC,CASE-0200,+917290393874,+915148982381,2023-01-02T18:58:00,163,Vasant Kunj,TOWER-247
CDR-AE4A8D9F,CASE-0276,+917900138637,+916012841489,2023-08-23T03:25:00,3070,Bandra Kurla Complex,TOWER-114
CDR-CA700A5B,CASE-0345,+913676586202,+912442181388,2023-01-17T04:48:00,492,Vasant Kunj,TOWER-204
CDR-392335F6,CASE-0348,+918646745808,+914601447140,2023-05-03T13:19:00,1559,Koramangala,TOWER-379
CDR-6C3E1F51,CASE-0429,+917043408035,+917013258548,2023-10-18T10:36:00,1010,Koramangala,TOWER-726
CDR-7EE8BFE0,CASE-0315,+910770357861,+914300051625,2023-08-15T14:32:00,1779,Hinjewadi,TOWER-882
CDR-2E69EB82,CASE-0342,+919668738453,+912773176006,2023-09-06T03:46:00,457,Connaught Place,TOWER-594
CDR-264A22B6,CASE-0355,+916185779059,+911545086444,2023-01-26T20:28:00,355,T Nagar,TOWER-178
CDR-61EE0F63,CASE-0403,+913664321609,+917903548477,2023-01-18T10:31:00,1860,Hinjewadi,TOWER-506
CDR-6748030F,CASE-0245,+913975433895,+914271636761,2023-03-03T05:49:00,2444,Anna Nagar,TOWER-489
CDR-3E140CDD,CASE-0227,+911210916951,+913059154216,2023-08-16T15:00:00,2390,Gurgaon Sector 29,TOWER-449
CDR-370EEE6F,CASE-0109,+914239058338,+918050129419,2023-04-07T09:57:00,1776,Gachibowli,TOWER-839
CDR-44F16679,CASE-0172,+912390045150,+918907704277,2023-01-12T09:07:00,717,Gachibowli,TOWER-933
CDR-B0AFB1F1,CASE-0356,+912496471378,+913950297840,2023-01-30T09:44:00,2480,Koramangala,TOWER-682
CDR-006BE725,CASE-0485,+910186905491,+913547280012,2023-02-11T22:19:00,287,Gurgaon Sector 29,TOWER-467
CDR-02433258,CASE-0490,+919458484561,+916642562064,2023-09-04T22:51:00,721,Salt Lake City,TOWER-758
CDR-A697D83A,CASE-0475,+911274645020,+911884141523,2023-02-02T07:02:00,3558,New Town,TOWER-291
CDR-1651913E,CASE-0296,+913547280012,+913030777573,2023-01-02T03:50:00,2586,Jubilee Hills,TOWER-248
CDR-9A54D54C,CASE-0293,+915726661994,+916242417417,2023-07-31T07:25:00,3062,Connaught Place,TOWER-128
CDR-205881A3,CASE-0029,+913803683866,+916209181900,2023-09-03T22:32:00,3139,Koramangala,TOWER-962
CDR-9421FEAE,CASE-0170,+912140051171,+910350654402,2023-02-15T04:41:00,1794,Anna Nagar,TOWER-693
CDR-FD5F1447,CASE-0457,+912307915163,+916957952937,2023-08-08T12:09:00,2031,Vasant Kunj,TOWER-210
CDR-8C0CC3D8,CASE-0482,+918170620626,+910932627488,2023-04-16T08:39:00,323,Koramangala,TOWER-498
CDR-24102E46,CASE-0474,+911685532300,+913631452032,2023-07-03T02:58:00,2973,Bandra Kurla Complex,TOWER-118
CDR-EAC64C80,CASE-0017,+919788257535,+913313839036,2023-09-07T12:39:00,2154,Jubilee Hills,TOWER-567
CDR-6C40B73E,CASE-0196,+914271636761,+911073594316,2023-01-26T02:29:00,1787,Gachibowli,TOWER-286
CDR-E2DB7097,CASE-0145,+911661966550,+917225259434,2023-01-09T15:11:00,2648,Secunderabad Railway Station,TOWER-417
CDR-9FDF3BCB,CASE-0315,+917654524724,+912440682429,2023-03-18T20:58:00,2257,Jubilee Hills,TOWER-155
CDR-EBC4258A,CASE-0372,+918373992937,+915148982381,2023-09-27T06:58:00,1486,Koramangala,TOWER-889
CDR-31C202B3,CASE-0301,+915414089782,+913434035093,2023-02-17T18:46:00,370,Indiranagar,TOWER-140
CDR-71DDF875,CASE-0123,+918089443741,+917560516393,2023-07-07T02:02:00,2216,T Nagar,TOWER-699
CDR-3BA7A422,CASE-0111,+915920116378,+912867958283,2023-02-03T08:04:00,289,Jubilee Hills,TOWER-265
CDR-97D70F59,CASE-0064,+918545155824,+910932627488,2023-10-25T06:04:00,793,Connaught Place,TOWER-602
CDR-F79F643C,CASE-0148,+917428769944,+919529329159,2023-07-20T17:14:00,76,Gurgaon Sector 29,TOWER-575
CDR-64AF981A,CASE-0444,+915527465681,+915527465681,2023-02-27T09:05:00,992,Noida Sector 18,TOWER-924
CDR-0FA5C0C6,CASE-0297,+917862588927,+911246754064,2023-07-12T06:31:00,3042,Connaught Place,TOWER-233
CDR-0EEBA5CD,CASE-0349,+916021101710,+912704070075,2023-01-13T09:51:00,2149,Andheri West,TOWER-196
CDR-CDC7DCAB,CASE-0448,+919041176242,+919663974476,2023-08-02T15:15:00,3329,Vasant Kunj,TOWER-780
CDR-48F70437,CASE-0428,+917393767205,+919483994061,2023-09-18T19:37:00,487,Koramangala,TOWER-819
CDR-354C4850,CASE-0109,+912391736606,+911526123378,2023-06-15T02:41:00,1176,Viman Nagar,TOWER-978
CDR-BB6707E2,CASE-0258,+912891254249,+912565209879,2023-10-02T14:07:00,2013,Noida Sector 18,TOWER-959
CDR-6852ED5C,CASE-0306,+914271636761,+919088335065,2023-03-08T12:03:00,700,Vasant Kunj,TOWER-319
CDR-F227DE03,CASE-0290,+911782032348,+910479536037,2023-03-05T13:05:00,743,Connaught Place,TOWER-338
CDR-8FDDE529,CASE-0450,+919666116013,+910097603841,2023-07-11T04:54:00,1529,Salt Lake City,TOWER-486
CDR-76CE1EC3,CASE-0158,+914577803160,+914242352525,2023-02-28T12:15:00,976,Jubilee Hills,TOWER-690
CDR-8F9378CC,CASE-0063,+911560601272,+914476669287,2023-01-16T15:04:00,168,Hinjewadi,TOWER-358
CDR-39149EAD,CASE-0321,+915625490131,+919366160742,2023-08-20T03:33:00,756,Vasant Kunj,TOWER-280
CDR-7A88A7D1,CASE-0316,+910351193387,+919454432079,2023-06-30T11:31:00,252,T Nagar,TOWER-477
CDR-F1509983,CASE-0412,+917092126831,+919595655219,2023-02-15T02:12:00,1249,Connaught Place,TOWER-446
CDR-32D65015,CASE-0176,+910891830455,+912999459928,2023-02-05T07:40:00,604,Karol Bagh,TOWER-953
CDR-E6C4BB17,CASE-0392,+916591365609,+914560493677,2023-10-27T20:38:00,2113,Jubilee Hills,TOWER-569
CDR-A462B074,CASE-0307,+912233322981,+914271636761,2023-10-18T23:52:00,3047,Gachibowli,TOWER-432
CDR-356EC5C0,CASE-0185,+912808757164,+915148982381,2023-05-02T16:14:00,2678,Gurgaon Sector 29,TOWER-203
CDR-E959BF30,CASE-0159,+910656672423,+912751258538,2023-10-02T18:53:00,544,Indiranagar,TOWER-121
CDR-9986C1A3,CASE-0036,+919767934534,+910693440525,2023-03-23T01:19:00,2567,Salt Lake City,TOWER-712
CDR-8FBE3486,CASE-0328,+910351193387,+910694492530,2023-08-30T04:37:00,1218,Indiranagar,TOWER-307
CDR-FF83105F,CASE-0065,+911558653448,+919668738453,2023-07-24T19:54:00,1564,Hinjewadi,TOWER-780
CDR-8D4E1318,CASE-0191,+915148982381,+918187069564,2023-07-17T20:16:00,3050,Hinjewadi,TOWER-981
CDR-25568158,CASE-0446,+914032404397,+916245705589,2023-01-29T12:03:00,409,Karol Bagh,TOWER-785
CDR-11AD6556,CASE-0497,+913434377478,+915743446274,2023-04-13T09:05:00,2898,T Nagar,TOWER-843
CDR-DD009922,CASE-0327,+910351193387,+919291663170,2023-01-11T03:46:00,2736,T Nagar,TOWER-817
CDR-F7B1AED0,CASE-0255,+912485629252,+914873906041,2023-05-30T21:56:00,3215,Gachibowli,TOWER-106
CDR-0D16204D,CASE-0115,+910194795271,+915687440094,2023-05-31T21:08:00,736,Jubilee Hills,TOWER-572
CDR-5EB7AE01,CASE-0018,+916702126035,+911189468970,2023-04-13T22:29:00,3412,Bandra Kurla Complex,TOWER-484
CDR-2BD0E8A7,CASE-0167,+915148982381,+916836823883,2023-02-06T00:25:00,3340,Indiranagar,TOWER-442
CDR-59064494,CASE-0312,+911885956157,+911885956157,2023-01-19T23:54:00,2426,New Town,TOWER-715
CDR-43BEFCAD,CASE-0209,+912440682429,+916811011930,2023-07-04T15:53:00,592,Noida Sector 18,TOWER-126
CDR-2DBD48C5,CASE-0475,+914399993108,+915071149600,2023-03-22T09:23:00,2560,T Nagar,TOWER-888
CDR-F06AB336,CASE-0141,+914054528588,+911010829674,2023-01-02T17:13:00,3442,Salt Lake City,TOWER-778
CDR-AB742158,CASE-0143,+912935565536,+911307871587,2023-10-13T13:25:00,849,Indiranagar,TOWER-320
CDR-A266083E,CASE-0337,+914607548714,+918696316297,2023-08-03T00:48:00,2773,Indiranagar,TOWER-789
CDR-2B13AF62,CASE-0242,+915354377108,+917934858429,2023-09-23T09:10:00,975,Koramangala,TOWER-320
CDR-5DAB3FDF,CASE-0429,+917043408035,+913825745012,2023-03-23T21:34:00,122,Jubilee Hills,TOWER-195
CDR-2C4299D7,CASE-0336,+912828162167,+913725968731,2023-06-10T19:19:00,1251,Connaught Place,TOWER-937
CDR-6C25DFD7,CASE-0269,+917290393874,+911782032348,2023-09-20T18:50:00,3123,Connaught Place,TOWER-811
CDR-222BD149,CASE-0286,+916237146645,+913908047102,2023-10-05T15:03:00,798,T Nagar,TOWER-901
CDR-1CD7EF70,CASE-0070,+913608715525,+911799615468,2023-08-19T02:55:00,46,Jubilee Hills,TOWER-187
CDR-0503C81F,CASE-0016,+918958454550,+918545155824,2023-10-12T20:30:00,399,Koramangala,TOWER-585
CDR-E783F4A9,CASE-0142,+919606541892,+918139796247,2023-06-05T19:02:00,461,Andheri West,TOWER-363
CDR-21D6AAE1,CASE-0499,+911810040089,+918545155824,2023-02-17T07:30:00,961,Gachibowli,TOWER-493
CDR-1A9BBA3A,CASE-0342,+919668738453,+919512978602,2023-04-25T04:40:00,1006,Gurgaon Sector 29,TOWER-630
CDR-696EEAEC,CASE-0320,+916716078468,+918466051455,2023-02-03T02:44:00,1807,Salt Lake City,TOWER-940
CDR-C1372A7C,CASE-0398,+917459717441,+915412002934,2023-04-22T21:55:00,1271,T Nagar,TOWER-487
CDR-11628D53,CASE-0462,+914635031611,+918624564306,2023-09-20T14:23:00,3296,Viman Nagar,TOWER-597
CDR-7C7F9EB2,CASE-0438,+917290393874,+918545155824,2023-06-29T21:22:00,3487,Viman Nagar,TOWER-953
CDR-7D3D2AC6,CASE-0071,+911614562294,+912657202913,2023-08-27T19:08:00,1053,Andheri West,TOWER-932
CDR-2E0D5D13,CASE-0422,+919017225084,+915527465681,2023-04-16T12:35:00,2718,Andheri West,TOWER-428
CDR-F5882ACC,CASE-0238,+912937949136,+915135279451,2023-06-11T12:26:00,898,Viman Nagar,TOWER-682
CDR-83D9CE80,CASE-0404,+915850796909,+910500404916,2023-10-25T04:02:00,1920,Anna Nagar,TOWER-340
CDR-67757101,CASE-0126,+912655514057,+915291324746,2023-01-26T17:52:00,268,Vasant Kunj,TOWER-711
CDR-E6287025,CASE-0409,+917541620441,+913102909195,2023-01-01T14:54:00,3306,Secunderabad Railway Station,TOWER-115
CDR-88DBC8B4,CASE-0308,+912047292195,+914478067103,2023-02-24T19:09:00,42,Karol Bagh,TOWER-642
CDR-618D5698,CASE-0331,+914378066013,+913865706728,2023-01-29T10:44:00,480,Gachibowli,TOWER-501
CDR-D5D41BE9,CASE-0160,+918684724500,+917597762157,2023-03-11T11:27:00,1495,Koramangala,TOWER-272
CDR-75B68F4A,CASE-0033,+916066400598,+913773670862,2023-06-19T01:26:00,1088,Hinjewadi,TOWER-806
CDR-FF97E531,CASE-0404,+915850796909,+919827621778,2023-06-18T02:48:00,876,Indiranagar,TOWER-935
CDR-512032C1,CASE-0296,+918540985063,+914184202037,2023-02-28T04:12:00,1171,Connaught Place,TOWER-896
CDR-04E7E387,CASE-0429,+910401764153,+911615026947,2023-08-11T21:13:00,3083,New Town,TOWER-856
CDR-6310FAA2,CASE-0243,+911402256863,+916791060183,2023-02-14T14:16:00,856,Vasant Kunj,TOWER-737
CDR-DF8C565D,CASE-0301,+914994347457,+917972578918,2023-06-19T06:54:00,2819,T Nagar,TOWER-662
CDR-C468AC92,CASE-0232,+910291344594,+915041958250,2023-03-14T04:59:00,3229,Connaught Place,TOWER-724
CDR-22274A54,CASE-0405,+914794870857,+916749313010,2023-02-16T08:56:00,2927,New Town,TOWER-714
CDR-397D2BF5,CASE-0436,+911863208954,+912848587043,2023-04-22T09:54:00,2331,Indiranagar,TOWER-221
CDR-0CAEDCAE,CASE-0490,+913897500780,+910932627488,2023-04-19T21:40:00,1673,Anna Nagar,TOWER-199
CDR-CF8FA2F4,CASE-0117,+914813120521,+914813120521,2023-09-28T21:10:00,859,Secunderabad Railway Station,TOWER-839
CDR-6C178FBB,CASE-0323,+913111730435,+916790107231,2023-03-09T21:27:00,2833,Andheri West,TOWER-645
CDR-211819F8,CASE-0368,+917485241563,+911338492460,2023-03-02T21:03:00,1586,Bandra Kurla Complex,TOWER-483
CDR-58F9FF29,CASE-0242,+915750870070,+917471559689,2023-09-17T01:47:00,694,T Nagar,TOWER-350
CDR-EDC32C57,CASE-0008,+917498717859,+915915433376,2023-05-03T22:48:00,2683,Koramangala,TOWER-575
CDR-357B5F50,CASE-0290,+911782032348,+911885956157,2023-02-07T23:35:00,802,Bandra Kurla Complex,TOWER-531
CDR-4A26BFBA,CASE-0458,+913547280012,+910753540823,2023-10-07T10:29:00,1742,Gurgaon Sector 29,TOWER-862
CDR-DF90DEAA,CASE-0330,+918327654482,+917438519639,2023-08-31T07:49:00,2973,Andheri West,TOWER-766
CDR-DCB6CC11,CASE-0061,+919749396273,+914911020327,2023-10-18T01:37:00,378,Anna Nagar,TOWER-722
CDR-D5F9DFEA,CASE-0027,+917209157503,+911860559023,2023-05-19T11:12:00,2785,Andheri West,TOWER-349
CDR-01269A64,CASE-0071,+911614562294,+918952262927,2023-05-16T14:30:00,2691,Karol Bagh,TOWER-540
CDR-F6DBEBCF,CASE-0202,+913122827821,+915596997697,2023-01-11T05:20:00,2157,Viman Nagar,TOWER-113
CDR-70565634,CASE-0352,+910941491188,+916419561860,2023-03-02T20:36:00,2041,Salt Lake City,TOWER-482
CDR-BB90FE75,CASE-0116,+917608417208,+919823397859,2023-01-27T19:28:00,3475,Bandra Kurla Complex,TOWER-835
CDR-877F213F,CASE-0352,+919791240535,+913690418294,2023-10-17T05:05:00,1385,Vasant Kunj,TOWER-284
CDR-A1730BC0,CASE-0115,+910194795271,+912546038232,2023-05-09T10:54:00,1028,Noida Sector 18,TOWER-341
CDR-83B9AAB3,CASE-0330,+915047064620,+916818556236,2023-05-17T08:48:00,2341,Connaught Place,TOWER-300
CDR-DBCE247E,CASE-0258,+912891254249,+913403660289,2023-08-26T23:46:00,1082,Karol Bagh,TOWER-920
CDR-C762DF98,CASE-0169,+910539363533,+911885956157,2023-09-23T04:45:00,1179,Indiranagar,TOWER-487
CDR-3B3B11D3,CASE-0110,+912848587043,+914335173242,2023-05-04T14:37:00,1080,New Town,TOWER-664
CDR-DB74CA3F,CASE-0033,+911842451336,+912031274343,2023-05-14T03:16:00,2773,Gachibowli,TOWER-986
CDR-6A3B8F74,CASE-0149,+916209181900,+919750886561,2023-01-12T05:39:00,2973,Anna Nagar,TOWER-838
CDR-6A5FD6AE,CASE-0346,+918527671998,+914813120521,2023-07-31T04:54:00,1325,Hinjewadi,TOWER-527
CDR-4E5D1F71,CASE-0216,+916607948271,+911156055106,2023-04-10T23:33:00,2589,Secunderabad Railway Station,TOWER-482
CDR-19E1EF30,CASE-0387,+915401475726,+919345912958,2023-03-15T08:32:00,2338,Andheri West,TOWER-242
CDR-6E82E6D3,CASE-0100,+916010922190,+913874898529,2023-01-18T13:56:00,3375,Bandra Kurla Complex,TOWER-643
CDR-CC2E53DE,CASE-0250,+915867724943,+910932627488,2023-07-11T03:08:00,2984,Connaught Place,TOWER-165
CDR-F04E5F76,CASE-0482,+915148982381,+915148982381,2023-05-24T22:22:00,1491,Viman Nagar,TOWER-483
CDR-10A982CE,CASE-0217,+918994187632,+916584206058,2023-01-13T15:25:00,2403,Andheri West,TOWER-822
CDR-FD6DD844,CASE-0393,+910753540823,+911424482329,2023-04-09T00:55:00,3475,Jubilee Hills,TOWER-564
CDR-F94E097E,CASE-0394,+914811049809,+914757268752,2023-04-11T22:55:00,1676,Karol Bagh,TOWER-743
CDR-AE20C1E0,CASE-0257,+911885956157,+911782032348,2023-05-02T23:45:00,306,Viman Nagar,TOWER-785
CDR-7A4C5BC1,CASE-0214,+912599338749,+915140721957,2023-01-27T05:48:00,959,Connaught Place,TOWER-298
CDR-3A23B99A,CASE-0231,+916780341720,+912899858263,2023-02-21T09:29:00,2571,Andheri West,TOWER-561
CDR-61DD9B2C,CASE-0121,+910945335815,+915500882178,2023-02-21T06:25:00,1036,Koramangala,TOWER-447
CDR-6E96DACA,CASE-0074,+915024878084,+914271636761,2023-08-05T00:03:00,2131,Noida Sector 18,TOWER-965
CDR-D2CC3733,CASE-0437,+915776047285,+911182250902,2023-01-01T01:30:00,2092,Secunderabad Railway Station,TOWER-489
CDR-21153BE1,CASE-0273,+915920116378,+917634283325,2023-03-23T13:14:00,1143,Viman Nagar,TOWER-452
CDR-AFAF4E53,CASE-0409,+917541620441,+917127950813,2023-01-28T06:24:00,1232,Secunderabad Railway Station,TOWER-747
CDR-29A72D0A,CASE-0003,+913291506542,+917602236501,2023-10-09T03:21:00,2185,Vasant Kunj,TOWER-905
CDR-A0C9ECBD,CASE-0379,+918263049035,+915015802581,2023-03-22T05:47:00,288,Viman Nagar,TOWER-332
CDR-A6633BA4,CASE-0210,+912933843345,+917787932465,2023-04-16T14:57:00,3397,Indiranagar,TOWER-375
CDR-DCE4C442,CASE-0317,+918058757512,+910236000298,2023-08-11T03:26:00,2601,Secunderabad Railway Station,TOWER-795
CDR-F27300EC,CASE-0364,+910532420734,+914367060210,2023-05-12T09:29:00,2461,Karol Bagh,TOWER-143
CDR-50029F86,CASE-0213,+914271636761,+918843545700,2023-05-08T20:39:00,1888,Indiranagar,TOWER-471
CDR-1DFE5854,CASE-0021,+915999606810,+914391470591,2023-09-28T09:29:00,1226,Connaught Place,TOWER-987
CDR-C72C532F,CASE-0356,+915264012168,+914434033884,2023-07-02T11:28:00,643,Andheri West,TOWER-577
CDR-5542382C,CASE-0372,+918373992937,+918656681446,2023-04-06T08:52:00,780,New Town,TOWER-101
CDR-DF86AAEE,CASE-0466,+912062619351,+910932627488,2023-09-26T00:58:00,2414,Secunderabad Railway Station,TOWER-911
CDR-43BE1B95,CASE-0044,+913287294594,+911952520926,2023-01-28T00:00:00,1771,Bandra Kurla Complex,TOWER-873
CDR-DE366E01,CASE-0327,+910351193387,+914497598144,2023-03-14T05:13:00,2618,Anna Nagar,TOWER-345
CDR-54529541,CASE-0470,+915920116378,+914239058338,2023-01-11T12:09:00,1442,Indiranagar,TOWER-435
CDR-2BC8790E,CASE-0405,+919504574367,+911181804842,2023-03-17T07:32:00,1441,Karol Bagh,TOWER-691
CDR-93E1BDA5,CASE-0349,+916021101710,+913327169210,2023-03-24T11:49:00,1098,Jubilee Hills,TOWER-754
CDR-67161349,CASE-0245,+913975433895,+918843545700,2023-10-14T12:30:00,1301,Vasant Kunj,TOWER-429
CDR-4CF01BDE,CASE-0166,+916507148294,+914271636761,2023-03-08T03:33:00,3146,Gachibowli,TOWER-727
CDR-D524BF4C,CASE-0195,+914813120521,+912935565536,2023-05-01T02:56:00,1152,Indiranagar,TOWER-930
CDR-19691634,CASE-0038,+914738380186,+912287976639,2023-09-27T14:05:00,1896,Gurgaon Sector 29,TOWER-524
CDR-F4032B70,CASE-0314,+918545155824,+910998756135,2023-03-10T08:29:00,269,Secunderabad Railway Station,TOWER-230
CDR-C7D755CB,CASE-0067,+912457101849,+912110288951,2023-09-29T03:48:00,1462,Gachibowli,TOWER-293
CDR-E86534B8,CASE-0087,+915835366118,+915312665063,2023-08-11T01:23:00,388,Vasant Kunj,TOWER-312
CDR-5C1A87D2,CASE-0186,+916367870316,+915854532632,2023-09-28T13:48:00,2915,Secunderabad Railway Station,TOWER-806
CDR-7BE9D4D0,CASE-0373,+914331414522,+916353095381,2023-08-01T09:30:00,1107,Noida Sector 18,TOWER-614
CDR-3EC4459E,CASE-0307,+914239058338,+917413042420,2023-08-15T14:01:00,348,Gachibowli,TOWER-348
CDR-27C66468,CASE-0407,+915066807942,+914861954492,2023-05-14T15:21:00,454,Anna Nagar,TOWER-436
CDR-9A37D272,CASE-0116,+914149551047,+912160255076,2023-02-13T19:42:00,3329,Vasant Kunj,TOWER-322
CDR-2BC3BB58,CASE-0381,+918236906110,+915153001462,2023-09-12T05:51:00,2802,New Town,TOWER-585
CDR-42883868,CASE-0016,+915074430503,+911782032348,2023-09-16T21:09:00,3359,Jubilee Hills,TOWER-310
CDR-463A7981,CASE-0415,+911782032348,+912759614083,2023-01-16T18:13:00,1831,Indiranagar,TOWER-889
CDR-13FFF322,CASE-0121,+910945335815,+912254486872,2023-07-30T20:07:00,3044,New Town,TOWER-478
CDR-E0490541,CASE-0179,+913975433895,+915373157378,2023-02-17T18:43:00,2366,Salt Lake City,TOWER-992
CDR-E525E0DB,CASE-0063,+913967092791,+916209181900,2023-01-08T08:29:00,786,Jubilee Hills,TOWER-997
CDR-5F88D3C2,CASE-0344,+919031064973,+910932627488,2023-08-08T19:22:00,2516,Secunderabad Railway Station,TOWER-115
CDR-14411919,CASE-0498,+914359315208,+915291498865,2023-06-23T17:31:00,2142,Viman Nagar,TOWER-499
CDR-8648A0AD,CASE-0499,+910134604279,+918660959873,2023-03-07T18:58:00,1617,Hinjewadi,TOWER-256
CDR-BB9009A7,CASE-0457,+912307915163,+918656988371,2023-04-30T10:17:00,2685,T Nagar,TOWER-599
CDR-A08A6494,CASE-0187,+918843545700,+913927846543,2023-01-09T01:51:00,1577,Viman Nagar,TOWER-920
CDR-CC2751DE,CASE-0157,+913965686271,+914813120521,2023-08-18T14:37:00,3316,Vasant Kunj,TOWER-377
CDR-6A16B06E,CASE-0316,+910351193387,+913197321761,2023-06-14T15:27:00,2511,Hinjewadi,TOWER-278
CDR-7A8FB37B,CASE-0118,+919311749984,+919518635326,2023-01-17T17:40:00,572,Hinjewadi,TOWER-687
CDR-875CAFB9,CASE-0271,+911946934274,+910932627488,2023-05-04T02:00:00,1196,T Nagar,TOWER-509
CDR-4D882AC4,CASE-0491,+918235993460,+911915615550,2023-04-22T00:28:00,1798,Salt Lake City,TOWER-205
CDR-80CB2F75,CASE-0384,+912465017878,+915720084125,2023-02-15T00:55:00,1296,Secunderabad Railway Station,TOWER-951
CDR-6409C338,CASE-0367,+910860263703,+918967117367,2023-01-09T09:58:00,1815,Gachibowli,TOWER-227
CDR-2F3E61E7,CASE-0344,+910932627488,+917807810363,2023-03-10T16:39:00,1130,Viman Nagar,TOWER-891
CDR-C591ED6A,CASE-0448,+918616736041,+917378688773,2023-10-23T11:35:00,1357,Viman Nagar,TOWER-328
CDR-443C28F1,CASE-0454,+910753540823,+915776696091,2023-04-04T10:52:00,2947,Anna Nagar,TOWER-393
CDR-775E02F2,CASE-0357,+914078836069,+913760971978,2023-09-10T21:01:00,680,Connaught Place,TOWER-162
CDR-6D02835B,CASE-0098,+910753540823,+910150973265,2023-07-11T02:06:00,2424,Koramangala,TOWER-972
CDR-D0410901,CASE-0284,+910932627488,+919458484561,2023-02-08T10:44:00,2866,Andheri West,TOWER-647
CDR-038348C5,CASE-0331,+910753540823,+916535703686,2023-06-04T23:48:00,2103,New Town,TOWER-950
CDR-6D577D03,CASE-0061,+911341083704,+918330012164,2023-06-18T05:42:00,2675,Vasant Kunj,TOWER-232
CDR-FEF45171,CASE-0069,+916209181900,+916209181900,2023-06-04T19:08:00,725,Bandra Kurla Complex,TOWER-248
CDR-E2CA9DA5,CASE-0463,+915024878084,+916209181900,2023-02-09T01:18:00,2709,Indiranagar,TOWER-673
CDR-B6E1AB82,CASE-0070,+913608715525,+912440682429,2023-02-13T22:36:00,1493,Gurgaon Sector 29,TOWER-418
CDR-26516B18,CASE-0050,+918931744045,+919772819393,2023-04-12T00:10:00,1432,Vasant Kunj,TOWER-498
CDR-0F1D0BE2,CASE-0166,+918843545700,+918411947137,2023-05-09T08:18:00,108,Andheri West,TOWER-429
CDR-CDD86DB9,CASE-0068,+914239058338,+910101173267,2023-10-12T01:08:00,3085,Noida Sector 18,TOWER-105
CDR-4C118285,CASE-0077,+917186478103,+913140784936,2023-10-09T04:18:00,767,Anna Nagar,TOWER-929
CDR-55F8F821,CASE-0250,+915867724943,+913386310380,2023-10-25T17:28:00,1328,Connaught Place,TOWER-500
CDR-F4B44969,CASE-0360,+919458484561,+919458484561,2023-03-31T10:17:00,3514,Indiranagar,TOWER-944
CDR-EE245086,CASE-0006,+915965792198,+918545155824,2023-04-02T22:50:00,500,Salt Lake City,TOWER-715
CDR-298FEB4A,CASE-0071,+911614562294,+917073528301,2023-07-24T00:52:00,2718,Noida Sector 18,TOWER-822
CDR-3766652D,CASE-0330,+911782032348,+917290393874,2023-09-14T10:55:00,1248,Viman Nagar,TOWER-706
CDR-96262BB0,CASE-0382,+912259128381,+914175868877,2023-02-19T17:51:00,2241,Secunderabad Railway Station,TOWER-575
CDR-631869AF,CASE-0355,+915240512444,+918095512427,2023-02-24T01:42:00,2022,Anna Nagar,TOWER-636
CDR-3C63942D,CASE-0236,+913067876211,+916268533782,2023-06-30T19:55:00,1967,Secunderabad Railway Station,TOWER-612
CDR-6255E26D,CASE-0004,+917060975106,+919644561283,2023-05-09T02:46:00,1304,Anna Nagar,TOWER-138
CDR-16C954E1,CASE-0425,+915920116378,+914596402904,2023-09-15T01:18:00,2309,Anna Nagar,TOWER-620
CDR-FD3ABE23,CASE-0342,+916574928438,+917763960883,2023-09-11T21:45:00,551,Andheri West,TOWER-371
CDR-9C1D84FD,CASE-0288,+910269220812,+911608696155,2023-06-08T07:17:00,2463,Indiranagar,TOWER-603
CDR-02B2D572,CASE-0221,+912135016998,+914844705137,2023-04-04T20:30:00,1920,Salt Lake City,TOWER-631
CDR-8F575034,CASE-0102,+918793232992,+918810215362,2023-04-13T09:06:00,85,Karol Bagh,TOWER-928
CDR-5B9BA91A,CASE-0302,+913494002295,+914657404828,2023-08-20T11:23:00,111,Hinjewadi,TOWER-405
CDR-3598EDCE,CASE-0146,+910932627488,+917290393874,2023-07-06T06:11:00,1756,Connaught Place,TOWER-695
CDR-43580A72,CASE-0103,+912749757820,+910863878511,2023-08-04T16:46:00,3204,Salt Lake City,TOWER-165
CDR-C472596C,CASE-0287,+917290393874,+911836662020,2023-01-05T13:42:00,2713,Gachibowli,TOWER-625
CDR-D7D81C47,CASE-0330,+915527465681,+911617376345,2023-09-03T02:22:00,1038,T Nagar,TOWER-427
CDR-B0D7ACD6,CASE-0319,+910753540823,+916209181900,2023-03-24T02:21:00,283,Gurgaon Sector 29,TOWER-424
CDR-5F7D4F57,CASE-0174,+910539363533,+914271636761,2023-10-17T13:16:00,214,Viman Nagar,TOWER-852
CDR-D20BEDD4,CASE-0075,+912848587043,+914580296638,2023-05-22T22:02:00,109,New Town,TOWER-439
CDR-7D752DCA,CASE-0482,+916692302577,+913121201754,2023-10-03T14:22:00,1723,Anna Nagar,TOWER-587
CDR-F5D9AD16,CASE-0384,+917945810484,+913147683997,2023-05-08T08:09:00,2512,Koramangala,TOWER-869
CDR-2FC0252C,CASE-0331,+910753540823,+919755304639,2023-10-16T22:03:00,3559,Viman Nagar,TOWER-780
CDR-F90A8C62,CASE-0245,+913975433895,+915888691887,2023-08-16T09:44:00,1567,New Town,TOWER-153
CDR-67C4D771,CASE-0245,+913975433895,+916029307396,2023-06-12T21:02:00,1772,Karol Bagh,TOWER-262
CDR-5F3CB871,CASE-0351,+917406192979,+919848863851,2023-10-02T13:31:00,3134,Noida Sector 18,TOWER-811
CDR-58EC40A2,CASE-0301,+914689928547,+912627422130,2023-06-26T15:33:00,1839,Secunderabad Railway Station,TOWER-785
CDR-C311B382,CASE-0159,+915024878084,+913547280012,2023-04-17T19:36:00,2180,Viman Nagar,TOWER-811
CDR-10842DF0,CASE-0464,+916695826357,+919668738453,2023-03-07T07:54:00,488,Gurgaon Sector 29,TOWER-814
CDR-771A7FD5,CASE-0221,+916328336327,+917545143427,2023-08-12T07:34:00,2141,Noida Sector 18,TOWER-612
CDR-EF648B0D,CASE-0197,+918545155824,+919746790492,2023-09-17T07:37:00,3409,Koramangala,TOWER-355
CDR-D2C7E7CD,CASE-0007,+915213454690,+917654441593,2023-06-06T12:58:00,746,Indiranagar,TOWER-188
CDR-B809F0A7,CASE-0159,+914103465713,+911981935554,2023-06-30T12:42:00,1148,T Nagar,TOWER-259
CDR-37E54D9C,CASE-0018,+910017966136,+918245260553,2023-01-06T10:27:00,1218,Gurgaon Sector 29,TOWER-955
CDR-81A3BD3E,CASE-0305,+914359315208,+914239058338,2023-08-22T06:53:00,2801,Connaught Place,TOWER-884
CDR-11A29D0F,CASE-0242,+915750870070,+916229713298,2023-02-23T19:09:00,902,Gurgaon Sector 29,TOWER-585
CDR-B0FDD49E,CASE-0430,+910029817679,+910435779839,2023-09-11T02:12:00,2471,Bandra Kurla Complex,TOWER-940
CDR-ADDA8E84,CASE-0259,+912062619351,+919273641184,2023-09-25T04:21:00,843,Indiranagar,TOWER-432
CDR-4CB1770F,CASE-0453,+910047578748,+910274457530,2023-02-03T07:27:00,1879,Gurgaon Sector 29,TOWER-188
CDR-98AB7DFA,CASE-0366,+911109103307,+914103329044,2023-03-01T17:33:00,3053,Viman Nagar,TOWER-416
CDR-455C58AD,CASE-0239,+918343190114,+915649166720,2023-06-27T02:22:00,1525,Viman Nagar,TOWER-819
CDR-B9495BF3,CASE-0043,+910872782445,+911892265023,2023-08-13T00:51:00,1968,New Town,TOWER-138
CDR-3E257BCD,CASE-0285,+918939472482,+919851556196,2023-10-03T15:08:00,3369,Jubilee Hills,TOWER-903
CDR-E89926FB,CASE-0324,+917290393874,+910932627488,2023-04-07T16:45:00,2298,Salt Lake City,TOWER-237
CDR-206718DD,CASE-0316,+910351193387,+916189868238,2023-02-04T07:05:00,70,Andheri West,TOWER-874
CDR-EABDC4CD,CASE-0086,+913494425741,+916961635133,2023-07-31T08:54:00,1046,Vasant Kunj,TOWER-907
CDR-15BCAD42,CASE-0180,+910932627488,+915148982381,2023-03-26T16:56:00,260,T Nagar,TOWER-421
CDR-7CA6183E,CASE-0147,+912848587043,+915531793910,2023-08-13T00:33:00,2848,Bandra Kurla Complex,TOWER-588
CDR-A6CEEE03,CASE-0357,+919293842309,+912501088718,2023-01-26T22:21:00,561,Salt Lake City,TOWER-832
CDR-7496C56C,CASE-0067,+914074236407,+911479542309,2023-02-17T05:16:00,3097,Secunderabad Railway Station,TOWER-445
CDR-8E2AC02D,CASE-0410,+910753540823,+914749611035,2023-07-10T17:48:00,3581,New Town,TOWER-273
CDR-38992B8F,CASE-0372,+918373992937,+910101173267,2023-04-17T22:43:00,399,Andheri West,TOWER-500
CDR-131F4062,CASE-0474,+911685532300,+914153306272,2023-07-23T09:51:00,1093,Salt Lake City,TOWER-359
CDR-CBCE27C3,CASE-0113,+914066333245,+915024878084,2023-05-07T02:14:00,1382,Jubilee Hills,TOWER-916
CDR-295A07DB,CASE-0134,+919386662193,+918007892027,2023-07-19T14:10:00,2485,Koramangala,TOWER-641
CDR-62B65958,CASE-0180,+911347448326,+912062619351,2023-04-29T23:31:00,3081,Karol Bagh,TOWER-419
CDR-60098083,CASE-0056,+914271636761,+919209521983,2023-08-22T05:16:00,2816,Noida Sector 18,TOWER-824
CDR-6C2EDC99,CASE-0297,+917862588927,+918909761521,2023-10-02T03:23:00,140,Noida Sector 18,TOWER-935
CDR-8806E2B9,CASE-0353,+917290393874,+919618547415,2023-02-04T02:33:00,2466,New Town,TOWER-561
CDR-A9327623,CASE-0163,+915428164594,+916184438130,2023-07-30T09:48:00,2924,Karol Bagh,TOWER-953
CDR-4E5EEA5F,CASE-0266,+911782032348,+916560174744,2023-01-03T08:03:00,1198,Salt Lake City,TOWER-467
CDR-E95AA55F,CASE-0488,+911340095113,+917475333704,2023-10-07T18:02:00,1604,Connaught Place,TOWER-653
CDR-708CC54F,CASE-0304,+911885956157,+917290393874,2023-01-12T17:31:00,2881,Koramangala,TOWER-707
CDR-340B1638,CASE-0151,+912273170905,+917008673119,2023-01-06T10:22:00,2031,Noida Sector 18,TOWER-770
CDR-5BB9C893,CASE-0452,+916475062786,+912062619351,2023-01-30T12:32:00,105,Vasant Kunj,TOWER-332
CDR-5B594663,CASE-0385,+916570504537,+910279331218,2023-07-28T15:38:00,2619,Gachibowli,TOWER-820
CDR-F32E4BDF,CASE-0333,+917879811619,+918877688147,2023-07-29T22:44:00,1855,Anna Nagar,TOWER-153
CDR-9944818F,CASE-0361,+914718173079,+914359315208,2023-07-30T16:24:00,1893,Vasant Kunj,TOWER-451
CDR-30936DEF,CASE-0343,+911613233800,+917817224953,2023-07-29T04:02:00,2933,Anna Nagar,TOWER-976
CDR-FF8C4435,CASE-0390,+912285794390,+918300340430,2023-07-23T22:33:00,1395,Gachibowli,TOWER-702
CDR-7AA6341C,CASE-0317,+915765697117,+919406092116,2023-04-21T02:26:00,682,Jubilee Hills,TOWER-913
CDR-1B10F1BC,CASE-0245,+910995243158,+910539363533,2023-08-29T12:51:00,1961,Connaught Place,TOWER-483
CDR-6A65AF17,CASE-0447,+912812426203,+918189779059,2023-09-11T18:22:00,338,Noida Sector 18,TOWER-507
CDR-4A66E356,CASE-0207,+915191308126,+915761995460,2023-06-29T00:43:00,1221,Bandra Kurla Complex,TOWER-720
CDR-9F3F77E0,CASE-0167,+919458484561,+916032973073,2023-03-20T17:49:00,2631,Hinjewadi,TOWER-950
CDR-AC32E552,CASE-0049,+919901813215,+913791439174,2023-08-15T10:23:00,3346,Bandra Kurla Complex,TOWER-932
CDR-7CDE6BB6,CASE-0432,+918189968272,+913547280012,2023-07-13T11:57:00,3149,T Nagar,TOWER-863
CDR-8350DE0C,CASE-0154,+914239058338,+915995395460,2023-09-20T13:29:00,3012,Connaught Place,TOWER-172
CDR-4558C810,CASE-0346,+914239058338,+915920116378,2023-01-26T17:45:00,1653,Hinjewadi,TOWER-132
CDR-B30433C4,CASE-0002,+918913096158,+912018762478,2023-04-26T09:29:00,1538,Salt Lake City,TOWER-303
CDR-F25CB360,CASE-0169,+910539363533,+913975433895,2023-01-10T08:11:00,2864,Hinjewadi,TOWER-576
CDR-6217324C,CASE-0461,+917007752067,+911738382165,2023-04-08T17:15:00,536,Noida Sector 18,TOWER-822
CDR-75CA5577,CASE-0346,+911093366328,+914359315208,2023-05-03T06:39:00,2940,Connaught Place,TOWER-288
CDR-2592389B,CASE-0285,+913401365438,+914724359659,2023-01-14T23:17:00,67,Anna Nagar,TOWER-886
CDR-8345DCBE,CASE-0072,+915041435052,+914175868877,2023-06-24T16:03:00,708,Connaught Place,TOWER-194
CDR-AE17CEAB,CASE-0091,+916209181900,+918156357994,2023-06-29T06:20:00,1746,Gurgaon Sector 29,TOWER-341
CDR-598DE63C,CASE-0002,+916303790785,+910940435832,2023-08-22T00:41:00,902,Noida Sector 18,TOWER-913
CDR-FEB98C17,CASE-0321,+911885956157,+914937671991,2023-06-17T01:21:00,3166,Indiranagar,TOWER-355
CDR-AB5CA6EB,CASE-0363,+916799420672,+919515339396,2023-02-17T01:24:00,1209,Connaught Place,TOWER-429
CDR-D04457CC,CASE-0306,+914271636761,+913857058475,2023-09-14T12:15:00,2543,Jubilee Hills,TOWER-501
CDR-4A749D9A,CASE-0073,+910753540823,+910753540823,2023-06-30T08:55:00,2678,Hinjewadi,TOWER-570
CDR-58A5F698,CASE-0140,+914159939818,+918615946859,2023-03-07T14:22:00,802,Anna Nagar,TOWER-402
CDR-DE9BB20B,CASE-0483,+918624564306,+914518760494,2023-10-14T06:40:00,1275,Anna Nagar,TOWER-340
CDR-F53C866D,CASE-0100,+916010922190,+914235432636,2023-09-08T07:36:00,1805,Karol Bagh,TOWER-111
CDR-257F4F44,CASE-0296,+918642179199,+914271636761,2023-10-18T22:17:00,3093,Jubilee Hills,TOWER-418
CDR-82F88466,CASE-0058,+912431925172,+915439154564,2023-05-28T10:44:00,869,Secunderabad Railway Station,TOWER-441
CDR-CB5624DB,CASE-0336,+915515908200,+916181656061,2023-01-23T22:18:00,627,Gurgaon Sector 29,TOWER-326
CDR-A620BCE4,CASE-0240,+916786288566,+919122311036,2023-05-31T16:13:00,1251,Anna Nagar,TOWER-865
CDR-469D81C6,CASE-0258,+912916379424,+914276229403,2023-07-28T18:41:00,1267,Andheri West,TOWER-479
CDR-206A3761,CASE-0297,+917862588927,+917320189263,2023-05-19T00:49:00,2592,Hinjewadi,TOWER-431
CDR-1BBB53B6,CASE-0327,+913550793271,+914021571071,2023-01-06T21:11:00,1026,Hinjewadi,TOWER-591
CDR-0D80F459,CASE-0105,+915920116378,+918860836981,2023-10-18T19:52:00,3203,Indiranagar,TOWER-819
CDR-54B458DA,CASE-0162,+916691117955,+918545155824,2023-06-09T12:08:00,137,New Town,TOWER-536
CDR-7F456B09,CASE-0059,+911182887465,+913336027204,2023-03-12T06:43:00,1737,Gurgaon Sector 29,TOWER-411
CDR-41FEEF26,CASE-0468,+911939948440,+919747412633,2023-05-10T04:06:00,2810,Koramangala,TOWER-235
CDR-EEF46A9C,CASE-0026,+912210326902,+911781185953,2023-04-19T21:52:00,3287,Connaught Place,TOWER-111
CDR-C4A69D20,CASE-0056,+912848587043,+918843545700,2023-01-21T21:51:00,507,Gachibowli,TOWER-497
CDR-25887282,CASE-0096,+919209133168,+912841388534,2023-07-09T05:21:00,1616,Andheri West,TOWER-911
CDR-03DEDA01,CASE-0391,+915148982381,+916648266958,2023-09-03T15:36:00,825,New Town,TOWER-676
CDR-F2E2FC40,CASE-0174,+910539363533,+912413464004,2023-02-16T17:13:00,3515,Secunderabad Railway Station,TOWER-702
CDR-EF64CB3C,CASE-0209,+914359315208,+910162396951,2023-08-14T10:11:00,634,Noida Sector 18,TOWER-703
CDR-4B9B2965,CASE-0053,+910344747960,+910226037671,2023-08-06T22:50:00,1656,Gachibowli,TOWER-750
CDR-14775417,CASE-0205,+910539363533,+915252526399,2023-07-31T05:10:00,2996,New Town,TOWER-747
CDR-80A5ED46,CASE-0376,+918115030210,+912232702459,2023-05-07T14:00:00,1377,Salt Lake City,TOWER-263
CDR-4726905C,CASE-0486,+913408322377,+915031209925,2023-05-21T07:38:00,82,Salt Lake City,TOWER-948
CDR-6A9F224C,CASE-0038,+913961941329,+912889961086,2023-03-23T16:56:00,714,Bandra Kurla Complex,TOWER-302
CDR-B454298F,CASE-0318,+911889234321,+911072768927,2023-08-23T08:12:00,135,Viman Nagar,TOWER-950
CDR-6F7C572D,CASE-0382,+913058305013,+910753540823,2023-01-16T16:40:00,2138,Viman Nagar,TOWER-254
CDR-D1F4796E,CASE-0171,+911782032348,+910079634922,2023-06-11T21:53:00,593,Vasant Kunj,TOWER-545
CDR-3844BB47,CASE-0124,+918331054098,+919362942865,2023-02-17T23:03:00,1384,Koramangala,TOWER-730
CDR-136EB3C8,CASE-0042,+919691238826,+910355405882,2023-06-14T15:44:00,1917,Karol Bagh,TOWER-138
CDR-936F160F,CASE-0435,+913812604825,+916209181900,2023-05-30T10:48:00,1475,Koramangala,TOWER-365
CDR-3F0E409B,CASE-0499,+910134604279,+917113045085,2023-07-19T11:40:00,1126,Hinjewadi,TOWER-785
CDR-F0D2C334,CASE-0320,+916716078468,+918003055337,2023-05-20T14:55:00,720,Vasant Kunj,TOWER-774
CDR-A5E834B6,CASE-0299,+910122351319,+912036482339,2023-07-29T11:13:00,923,Indiranagar,TOWER-676
CDR-481F8BFD,CASE-0332,+915176348723,+913666551246,2023-01-13T11:05:00,1039,Gurgaon Sector 29,TOWER-117
CDR-F1547F37,CASE-0392,+916591365609,+919017772855,2023-10-06T18:01:00,3163,Connaught Place,TOWER-945
CDR-0F162D01,CASE-0133,+915920116378,+919204610753,2023-07-30T18:51:00,168,Andheri West,TOWER-131
CDR-69810443,CASE-0265,+917174127261,+911579864710,2023-09-24T07:27:00,3127,Noida Sector 18,TOWER-824
CDR-42439741,CASE-0154,+914239058338,+910969723180,2023-03-16T15:21:00,2043,Gachibowli,TOWER-983
CDR-2399EE02,CASE-0454,+913547280012,+913547280012,2023-04-05T01:34:00,1321,Koramangala,TOWER-145
CDR-44EE429E,CASE-0045,+918340539942,+913242095563,2023-10-21T05:34:00,937,Gachibowli,TOWER-471
CDR-A95A50E1,CASE-0215,+911699904611,+916507073051,2023-03-19T12:51:00,2330,Bandra Kurla Complex,TOWER-737
CDR-5F42EF99,CASE-0473,+919613352549,+910276720237,2023-01-29T01:16:00,997,Gurgaon Sector 29,TOWER-103
CDR-05AF5DB6,CASE-0469,+914738894715,+910531043517,2023-01-27T02:54:00,1143,T Nagar,TOWER-791
CDR-9C4F1608,CASE-0086,+913494425741,+913568530258,2023-02-08T00:42:00,1011,Koramangala,TOWER-612
CDR-0223E503,CASE-0158,+914577803160,+911132586271,2023-08-19T18:31:00,1328,Indiranagar,TOWER-452
CDR-9EFB729D,CASE-0397,+913238975924,+913364783085,2023-05-27T23:47:00,1988,Koramangala,TOWER-701
CDR-8A389069,CASE-0038,+913961941329,+911756004059,2023-01-25T16:22:00,295,Karol Bagh,TOWER-526
CDR-68C29381,CASE-0302,+916395473740,+914920760093,2023-04-21T06:10:00,3404,Gachibowli,TOWER-850
CDR-F1D02D25,CASE-0463,+915024878084,+916582863585,2023-09-27T00:43:00,361,Andheri West,TOWER-666
CDR-35D7217E,CASE-0462,+913852811985,+911891654007,2023-08-12T09:16:00,3111,Andheri West,TOWER-138
CDR-E685C878,CASE-0365,+919458484561,+915148982381,2023-09-20T18:11:00,797,New Town,TOWER-870
CDR-673303FF,CASE-0271,+915148982381,+915148982381,2023-06-08T08:32:00,255,Bandra Kurla Complex,TOWER-142
CDR-0F3494D2,CASE-0120,+919468912214,+910281748573,2023-03-11T05:38:00,1232,Gurgaon Sector 29,TOWER-727
CDR-36B7FA95,CASE-0204,+918646444887,+917604525170,2023-03-15T01:00:00,1435,Jubilee Hills,TOWER-621
CDR-68D3AEE0,CASE-0171,+911782032348,+919039720164,2023-01-03T20:19:00,1494,Secunderabad Railway Station,TOWER-730
CDR-24C3481E,CASE-0220,+915920116378,+914239058338,2023-07-13T10:33:00,2069,Gurgaon Sector 29,TOWER-619
CDR-C87B2684,CASE-0191,+915148982381,+919854208992,2023-08-12T00:10:00,530,Vasant Kunj,TOWER-288
CDR-2DF7FAA0,CASE-0494,+911332806117,+914514120286,2023-04-30T14:44:00,1482,Indiranagar,TOWER-686
CDR-561C5D8A,CASE-0303,+915183757959,+914304233239,2023-09-25T07:59:00,3109,Noida Sector 18,TOWER-433
CDR-DE1819EF,CASE-0047,+914622269215,+913491786788,2023-01-01T03:53:00,828,Viman Nagar,TOWER-911
CDR-7D146B99,CASE-0076,+911782032348,+911885956157,2023-02-08T04:07:00,1358,Gurgaon Sector 29,TOWER-318
CDR-AC14ED33,CASE-0306,+914271636761,+914324558418,2023-09-24T23:45:00,1089,Connaught Place,TOWER-658
CDR-B711CA41,CASE-0443,+911023410054,+915888691887,2023-05-19T03:09:00,1617,Viman Nagar,TOWER-761
CDR-D130CF0A,CASE-0178,+915041435052,+914554517736,2023-07-31T12:43:00,2421,Gurgaon Sector 29,TOWER-428
CDR-327DEBAB,CASE-0494,+911332806117,+911221937233,2023-01-18T17:09:00,3150,Indiranagar,TOWER-202
CDR-C5AC0102,CASE-0137,+911885956157,+917290393874,2023-04-04T18:47:00,2230,Noida Sector 18,TOWER-832
CDR-CEAB0E32,CASE-0379,+918263049035,+915148982381,2023-02-26T00:50:00,2343,Andheri West,TOWER-347
CDR-98192D81,CASE-0358,+919918558107,+919531437482,2023-03-14T18:31:00,1520,Vasant Kunj,TOWER-255
CDR-BBBF7E5A,CASE-0100,+916010922190,+914239058338,2023-05-06T23:37:00,1328,Gachibowli,TOWER-625
CDR-29AACC51,CASE-0226,+919301892874,+910647207221,2023-06-18T14:11:00,166,Bandra Kurla Complex,TOWER-521
CDR-17AA2CF7,CASE-0266,+911782032348,+911002761316,2023-09-30T09:33:00,303,Salt Lake City,TOWER-757
CDR-EA351E43,CASE-0008,+917498717859,+918640089357,2023-07-30T18:56:00,960,Koramangala,TOWER-898
CDR-39044A3E,CASE-0393,+910753540823,+916209181900,2023-06-26T00:48:00,643,Viman Nagar,TOWER-506
CDR-7D756E4C,CASE-0468,+913975433895,+910757893906,2023-06-04T03:56:00,717,New Town,TOWER-179
CDR-4EE05098,CASE-0301,+917034845743,+915888691887,2023-02-14T21:21:00,653,Koramangala,TOWER-488
CDR-8F96BECA,CASE-0094,+913975433895,+910134604279,2023-01-10T00:14:00,235,Hinjewadi,TOWER-725
CDR-559F0D9B,CASE-0162,+915527465681,+911885956157,2023-05-27T10:39:00,1616,Koramangala,TOWER-320
CDR-45077049,CASE-0164,+915527465681,+914345095232,2023-08-04T21:48:00,747,Karol Bagh,TOWER-372
CDR-B4BC9348,CASE-0191,+915148982381,+910757872046,2023-08-18T07:20:00,2504,Gachibowli,TOWER-302
CDR-4C8724A2,CASE-0437,+918624564306,+917015798293,2023-01-30T12:57:00,1534,Secunderabad Railway Station,TOWER-386
CDR-95B94492,CASE-0257,+911885956157,+918545155824,2023-02-26T14:09:00,2616,Anna Nagar,TOWER-688
CDR-93FF047F,CASE-0006,+915527465681,+911918952026,2023-07-26T22:48:00,1973,Jubilee Hills,TOWER-359
CDR-B419D1D8,CASE-0083,+911563803393,+911602554997,2023-07-23T06:23:00,903,Andheri West,TOWER-786
CDR-67AA4446,CASE-0187,+912603921201,+910218391191,2023-07-13T21:57:00,1108,Anna Nagar,TOWER-224
CDR-3A69DB08,CASE-0033,+916066400598,+916601962208,2023-06-26T08:03:00,3449,Noida Sector 18,TOWER-810
CDR-343B76EC,CASE-0030,+914594923745,+912951147980,2023-10-03T12:07:00,831,Salt Lake City,TOWER-845
CDR-23115034,CASE-0022,+914864867942,+914622959371,2023-03-31T02:56:00,1714,Connaught Place,TOWER-157
