case_id,fir_id,case_number,title,description,fir_text,district,station,filing_date
CASE-0001,FIR-5F973ED6,CR-2023-0001,Investigation regarding Anjali Gupta,Case involves suspicious activities near Andheri West,A complaint was filed against Anjali Gupta who allegedly operates under a shell company. Financial trails led to a transaction made to anjali6963@oksbi.,Central District,Main Station,2023-08-19
CASE-0002,FIR-A040E600,CR-2023-0002,Investigation regarding Prakash Jha,Case involves suspicious activities near Vasant Kunj,A complaint was filed against Prakash Jha who allegedly operates under a shell company. Financial trails led to a transaction made to divya7548@paytm.,Central District,Main Station,2023-08-11
CASE-0003,FIR-13742995,CR-2023-0003,Investigation regarding Ritu Saxena,Case involves suspicious activities near Jubilee Hills,"During the investigation, it was found that Ritu Saxena was in contact with unknown individuals using the number +913291506542. The suspect was seen near Jubilee Hills.",Central District,Main Station,2023-01-12
CASE-0004,FIR-5AAD45CF,CR-2023-0004,Investigation regarding Suresh Rao,Case involves suspicious activities near Anna Nagar,Investigators intercepted a call to +918545155824 near Anna Nagar. Suspect Suresh Rao was observed fleeing in vehicle WB33BF1724.,Central District,Main Station,2023-01-19
CASE-0005,FIR-29B6FD20,CR-2023-0005,Investigation regarding Prakash Jha,Case involves suspicious activities near T Nagar,Investigators intercepted a call to +916378163815 near T Nagar. Suspect Prakash Jha was observed fleeing in vehicle KA45ME4398.,Central District,Main Station,2023-08-19
CASE-0006,FIR-3589DA5B,CR-2023-0006,Investigation regarding Suresh Rao,Case involves suspicious activities near Hinjewadi,Suresh Rao from Vertex Imports reported suspicious activity. Money was fraudulently transferred to priya7684@upi. The suspect's phone +915527465681 was switched off.,Central District,Main Station,2023-04-14
CASE-0007,FIR-8F51450A,CR-2023-0007,Investigation regarding Anjali Gupta,Case involves suspicious activities near Vasant Kunj,Anjali Gupta from Apex Trading reported suspicious activity. Money was fraudulently transferred to anjali8093@paytm. The suspect's phone +910290034167 was switched off.,Central District,Main Station,2023-03-10
CASE-0008,FIR-6A153DC2,CR-2023-0008,Investigation regarding Prakash Jha,Case involves suspicious activities near Bandra Kurla Complex,"During the investigation, it was found that Prakash Jha was in contact with unknown individuals using the number +917498717859. The suspect was seen near Bandra Kurla Complex.",Central District,Main Station,2023-04-09
CASE-0009,FIR-B4E3FA64,CR-2023-0009,Investigation regarding Rajesh Kumar,Case involves suspicious activities near Noida Sector 18,Rajesh Kumar from a shell company reported suspicious activity. Money was fraudulently transferred to rajesh9555@paytm. The suspect's phone +919743316415 was switched off.,Central District,Main Station,2023-01-14
CASE-0010,FIR-7177B4A4,CR-2023-0010,Investigation regarding Divya Jain,Case involves suspicious activities near Indiranagar,A complaint was filed against Divya Jain who allegedly operates under a shell company. Financial trails led to a transaction made to divya4399@upi.,Central District,Main Station,2023-01-27
CASE-0011,FIR-CC4D0F02,CR-2023-0011,Investigation regarding Kavita Rathi,Case involves suspicious activities near Gachibowli,Kavita Rathi from a shell company reported suspicious activity. Money was fraudulently transferred to kavita953@paytm. The suspect's phone +911168345357 was switched off.,Central District,Main Station,2023-10-18
CASE-0012,FIR-4BB63751,CR-2023-0012,Investigation regarding Divya Jain,Case involves suspicious activities near Vasant Kunj,Divya Jain from Metro Exporters reported suspicious activity. Money was fraudulently transferred to swati3371@okicici. The suspect's phone +915024878084 was switched off.,Central District,Main Station,2023-08-31
CASE-0013,FIR-0D28D2C2,CR-2023-0013,Investigation regarding Karthik Iyer,Case involves suspicious activities near Connaught Place,A complaint was filed against Karthik Iyer who allegedly operates under a shell company. Financial trails led to a transaction made to karthik6712@okhdfcbank.,Central District,Main Station,2023-03-03
CASE-0014,FIR-6B9F5979,CR-2023-0014,Investigation regarding Nitin Agarwal,Case involves suspicious activities near Gurgaon Sector 29,A complaint was filed against Nitin Agarwal who allegedly operates under a shell company. Financial trails led to a transaction made to rahul6041@oksbi.,Central District,Main Station,2023-03-28
CASE-0015,FIR-FEB22E2B,CR-2023-0015,Investigation regarding Rajesh Kumar,Case involves suspicious activities near Hinjewadi,"A vehicle an unknown vehicle was found abandoned at Hinjewadi. Evidence links it to Rajesh Kumar, who was previously contacted via +918646745808. A ransom was demanded via rajesh2998@paytm.",Central District,Main Station,2023-04-05
CASE-0016,FIR-FE7CD96B,CR-2023-0016,Investigation regarding Sanjay Mishra,Case involves suspicious activities near Hinjewadi,Investigators intercepted a call to +911885956157 near Hinjewadi. Suspect Sanjay Mishra was observed fleeing in vehicle an unknown vehicle.,Central District,Main Station,2023-01-23
CASE-0017,FIR-1475B975,CR-2023-0017,Investigation regarding Deepak Chawla,Case involves suspicious activities near Andheri West,"A vehicle an unknown vehicle was found abandoned at Andheri West. Evidence links it to Deepak Chawla, who was previously contacted via +919788257535. A ransom was demanded via deepak7767@upi.",Central District,Main Station,2023-03-01
CASE-0018,FIR-1E606B3B,CR-2023-0018,Investigation regarding Vishal Anand,Case involves suspicious activities near Karol Bagh,Vishal Anand from Omega Networks reported suspicious activity. Money was fraudulently transferred to vishal8922@upi. The suspect's phone +913632681752 was switched off.,Central District,Main Station,2023-04-03
CASE-0019,FIR-D46BE2D7,CR-2023-0019,Investigation regarding Anil Kadam,Case involves suspicious activities near Viman Nagar,Anil Kadam from a shell company reported suspicious activity. Money was fraudulently transferred to nitin2739@okicici. The suspect's phone +911782032348 was switched off.,Central District,Main Station,2023-07-02
CASE-0020,FIR-517CDC8F,CR-2023-0020,Investigation regarding Sunita Verma,Case involves suspicious activities near Hinjewadi,A complaint was filed against Sunita Verma who allegedly operates under Cyber Corp. Financial trails led to a transaction made to amit4927@oksbi.,Central District,Main Station,2023-03-15
CASE-0021,FIR-E5E0372E,CR-2023-0021,Investigation regarding Deepak Chawla,Case involves suspicious activities near Hinjewadi,Deepak Chawla from a shell company reported suspicious activity. Money was fraudulently transferred to deepak2568@paytm. The suspect's phone +915999606810 was switched off.,Central District,Main Station,2023-05-22
CASE-0022,FIR-443AB01B,CR-2023-0022,Investigation regarding Priyanka Das,Case involves suspicious activities near Noida Sector 18,"A vehicle TN87IY8710 was found abandoned at Noida Sector 18. Evidence links it to Priyanka Das, who was previously contacted via +911967835346. A ransom was demanded via priyanka8226@upi.",Central District,Main Station,2023-05-06
CASE-0023,FIR-EFD5D201,CR-2023-0023,Investigation regarding Priya Sharma,Case involves suspicious activities near New Town,"During the investigation, it was found that Priya Sharma was in contact with unknown individuals using the number +912848587043. The suspect was seen near New Town.",Central District,Main Station,2023-04-01
CASE-0024,FIR-19190936,CR-2023-0024,Investigation regarding Ritu Saxena,Case involves suspicious activities near Andheri West,A complaint was filed against Ritu Saxena who allegedly operates under a shell company. Financial trails led to a transaction made to priyanka4284@upi.,Central District,Main Station,2023-09-12
CASE-0025,FIR-91300A52,CR-2023-0025,Investigation regarding Arjun Nair,Case involves suspicious activities near New Town,"During the investigation, it was found that Arjun Nair was in contact with unknown individuals using the number +912219274262. The suspect was seen near New Town.",Central District,Main Station,2023-04-04
CASE-0026,FIR-63C8584F,CR-2023-0026,Investigation regarding Gaurav Malhotra,Case involves suspicious activities near Noida Sector 18,Gaurav Malhotra from Omega Networks reported suspicious activity. Money was fraudulently transferred to rahul6041@oksbi. The suspect's phone +910539363533 was switched off.,Central District,Main Station,2023-03-19
CASE-0027,FIR-2E170B9D,CR-2023-0027,Investigation regarding Priya Sharma,Case involves suspicious activities near Andheri West,"A vehicle an unknown vehicle was found abandoned at Andheri West. Evidence links it to Priya Sharma, who was previously contacted via +910134604279. A ransom was demanded via priya8230@upi.",Central District,Main Station,2023-03-15
CASE-0028,FIR-37BEA54B,CR-2023-0028,Investigation regarding Vikram Reddy,Case involves suspicious activities near Secunderabad Railway Station,A complaint was filed against Vikram Reddy who allegedly operates under Metro Exporters. Financial trails led to a transaction made to gaurav6087@okhdfcbank.,Central District,Main Station,2023-09-20
CASE-0029,FIR-6ECC5428,CR-2023-0029,Investigation regarding Sunita Verma,Case involves suspicious activities near Bandra Kurla Complex,A complaint was filed against Sunita Verma who allegedly operates under Cyber Corp. Financial trails led to a transaction made to swati3371@okicici.,Central District,Main Station,2023-10-23
CASE-0030,FIR-12534066,CR-2023-0030,Investigation regarding Nitin Agarwal,Case involves suspicious activities near New Town,Nitin Agarwal from a shell company reported suspicious activity. Money was fraudulently transferred to nitin5220@upi. The suspect's phone +914199127390 was switched off.,Central District,Main Station,2023-01-27
CASE-0031,FIR-AA6D9B30,CR-2023-0031,Investigation regarding Rekha Bose,Case involves suspicious activities near Secunderabad Railway Station,A complaint was filed against Rekha Bose who allegedly operates under Pinnacle Solutions. Financial trails led to a transaction made to rekha6785@okhdfcbank.,Central District,Main Station,2023-04-20
CASE-0032,FIR-476D7822,CR-2023-0032,Investigation regarding Rekha Bose,Case involves suspicious activities near Karol Bagh,Rekha Bose from a shell company reported suspicious activity. Money was fraudulently transferred to rekha1807@upi. The suspect's phone +912440682429 was switched off.,Central District,Main Station,2023-05-09
CASE-0033,FIR-27545A31,CR-2023-0033,Investigation regarding Swati Pillai,Case involves suspicious activities near Connaught Place,"During the investigation, it was found that Swati Pillai was in contact with unknown individuals using the number +911999574663. The suspect was seen near Connaught Place.",Central District,Main Station,2023-08-06
CASE-0034,FIR-EDEFC7F1,CR-2023-0034,Investigation regarding Priya Sharma,Case involves suspicious activities near Vasant Kunj,"During the investigation, it was found that Priya Sharma was in contact with unknown individuals using the number +913792548322. The suspect was seen near Vasant Kunj.",Central District,Main Station,2023-05-05
CASE-0035,FIR-9395D260,CR-2023-0035,Investigation regarding Prakash Jha,Case involves suspicious activities near Salt Lake City,"During the investigation, it was found that Prakash Jha was in contact with unknown individuals using the number +912062619351. The suspect was seen near Salt Lake City.",Central District,Main Station,2023-10-25
CASE-0036,FIR-2CD898A3,CR-2023-0036,Investigation regarding Karthik Iyer,Case involves suspicious activities near Secunderabad Railway Station,Investigators intercepted a call to +919767934534 near Secunderabad Railway Station. Suspect Karthik Iyer was observed fleeing in vehicle an unknown vehicle.,Central District,Main Station,2023-03-26
CASE-0037,FIR-84062B9D,CR-2023-0037,Investigation regarding Priya Sharma,Case involves suspicious activities near Noida Sector 18,"A vehicle KA79EJ4203 was found abandoned at Noida Sector 18. Evidence links it to Priya Sharma, who was previously contacted via +910539363533. A ransom was demanded via gaurav8530@oksbi.",Central District,Main Station,2023-10-27
CASE-0038,FIR-49367B07,CR-2023-0038,Investigation regarding Manoj Tiwari,Case involves suspicious activities near New Town,Manoj Tiwari from a shell company reported suspicious activity. Money was fraudulently transferred to sunita2821@okhdfcbank. The suspect's phone +913961941329 was switched off.,Central District,Main Station,2023-07-26
CASE-0039,FIR-DB387F1B,CR-2023-0039,Investigation regarding Pooja Bhatia,Case involves suspicious activities near Noida Sector 18,"During the investigation, it was found that Pooja Bhatia was in contact with unknown individuals using the number +916992627603. The suspect was seen near Noida Sector 18.",Central District,Main Station,2023-02-05
CASE-0040,FIR-091DBBB3,CR-2023-0040,Investigation regarding Anil Kadam,Case involves suspicious activities near Indiranagar,"A vehicle UP14IN4404 was found abandoned at Indiranagar. Evidence links it to Anil Kadam, who was previously contacted via +910249635097. A ransom was demanded via priyanka3191@upi.",Central District,Main Station,2023-09-05
CASE-0041,FIR-B73E7C0D,CR-2023-0041,Investigation regarding Meera Menon,Case involves suspicious activities near Gurgaon Sector 29,"A vehicle an unknown vehicle was found abandoned at Gurgaon Sector 29. Evidence links it to Meera Menon, who was previously contacted via +915041435052. A ransom was demanded via meera5032@okhdfcbank.",Central District,Main Station,2023-05-19
CASE-0042,FIR-80BE1DB9,CR-2023-0042,Investigation regarding Swati Pillai,Case involves suspicious activities near Jubilee Hills,Investigators intercepted a call to +919691238826 near Jubilee Hills. Suspect Swati Pillai was observed fleeing in vehicle an unknown vehicle.,Central District,Main Station,2023-10-18
CASE-0043,FIR-EFEF6DCD,CR-2023-0043,Investigation regarding Manoj Tiwari,Case involves suspicious activities near New Town,Manoj Tiwari from a shell company reported suspicious activity. Money was fraudulently transferred to manoj2411@okicici. The suspect's phone +910872782445 was switched off.,Central District,Main Station,2023-01-22
CASE-0044,FIR-587D4401,CR-2023-0044,Investigation regarding Anjali Gupta,Case involves suspicious activities near Koramangala,Investigators intercepted a call to +913287294594 near Koramangala. Suspect Anjali Gupta was observed fleeing in vehicle HR03HZ1834.,Central District,Main Station,2023-04-17
CASE-0045,FIR-013DA598,CR-2023-0045,Investigation regarding Vikram Reddy,Case involves suspicious activities near Karol Bagh,"A vehicle AP15KE8311 was found abandoned at Karol Bagh. Evidence links it to Vikram Reddy, who was previously contacted via +918340539942. A ransom was demanded via vikram8725@paytm.",Central District,Main Station,2023-09-18
CASE-0046,FIR-F8FF6687,CR-2023-0046,Investigation regarding Swati Pillai,Case involves suspicious activities near Karol Bagh,A complaint was filed against Swati Pillai who allegedly operates under a shell company. Financial trails led to a transaction made to swati707@paytm.,Central District,Main Station,2023-10-28
CASE-0047,FIR-DB0E7824,CR-2023-0047,Investigation regarding Rajesh Kumar,Case involves suspicious activities near Gurgaon Sector 29,A complaint was filed against Rajesh Kumar who allegedly operates under a shell company. Financial trails led to a transaction made to rajesh5340@upi.,Central District,Main Station,2023-09-21
CASE-0048,FIR-812CB046,CR-2023-0048,Investigation regarding Nitin Agarwal,Case involves suspicious activities near Gachibowli,A complaint was filed against Nitin Agarwal who allegedly operates under a shell company. Financial trails led to a transaction made to karthik5492@okicici.,Central District,Main Station,2023-09-24
CASE-0049,FIR-9BAB1BC9,CR-2023-0049,Investigation regarding Prakash Jha,Case involves suspicious activities near Noida Sector 18,A complaint was filed against Prakash Jha who allegedly operates under a shell company. Financial trails led to a transaction made to prakash6057@upi.,Central District,Main Station,2023-08-23
CASE-0050,FIR-6828EF08,CR-2023-0050,Investigation regarding Sneha Joshi,Case involves suspicious activities near Vasant Kunj,A complaint was filed against Sneha Joshi who allegedly operates under a shell company. Financial trails led to a transaction made to sneha6336@oksbi.,Central District,Main Station,2023-08-11
CASE-0051,FIR-43EFDDFA,CR-2023-0051,Investigation regarding Karthik Iyer,Case involves suspicious activities near Karol Bagh,"A vehicle an unknown vehicle was found abandoned at Karol Bagh. Evidence links it to Karthik Iyer, who was previously contacted via +914851930406. A ransom was demanded via suresh594@okicici.",Central District,Main Station,2023-07-24
CASE-0052,FIR-13A6A548,CR-2023-0052,Investigation regarding Anjali Gupta,Case involves suspicious activities near Koramangala,Investigators intercepted a call to +916866149630 near Koramangala. Suspect Anjali Gupta was observed fleeing in vehicle UP74YW8786.,Central District,Main Station,2023-01-16
CASE-0053,FIR-07C382CB,CR-2023-0053,Investigation regarding Rahul Desai,Case involves suspicious activities near Noida Sector 18,A complaint was filed against Rahul Desai who allegedly operates under Metro Exporters. Financial trails led to a transaction made to rahul1720@okicici.,Central District,Main Station,2023-06-14
CASE-0054,FIR-2EBEA99F,CR-2023-0054,Investigation regarding Swati Pillai,Case involves suspicious activities near New Town,Investigators intercepted a call to +917941313161 near New Town. Suspect Swati Pillai was observed fleeing in vehicle HR89RO8633.,Central District,Main Station,2023-09-29
CASE-0055,FIR-75A3C428,CR-2023-0055,Investigation regarding Deepak Chawla,Case involves suspicious activities near Noida Sector 18,Investigators intercepted a call to +913842157215 near Noida Sector 18. Suspect Deepak Chawla was observed fleeing in vehicle WB56ST1458.,Central District,Main Station,2023-05-10
CASE-0056,FIR-5175A7B1,CR-2023-0056,Investigation regarding Karthik Iyer,Case involves suspicious activities near Jubilee Hills,A complaint was filed against Karthik Iyer who allegedly operates under Omega Networks. Financial trails led to a transaction made to rahul6041@oksbi.,Central District,Main Station,2023-10-13
CASE-0057,FIR-A56FE99E,CR-2023-0057,Investigation regarding Vikram Reddy,Case involves suspicious activities near Koramangala,Investigators intercepted a call to +913547280012 near Koramangala. Suspect Vikram Reddy was observed fleeing in vehicle an unknown vehicle.,Central District,Main Station,2023-08-07
CASE-0058,FIR-BF14A13C,CR-2023-0058,Investigation regarding Rekha Bose,Case involves suspicious activities near T Nagar,Rekha Bose from a shell company reported suspicious activity. Money was fraudulently transferred to rekha2909@paytm. The suspect's phone +916248863117 was switched off.,Central District,Main Station,2023-01-03
CASE-0059,FIR-39499FDF,CR-2023-0059,Investigation regarding Rahul Desai,Case involves suspicious activities near Gachibowli,Rahul Desai from a shell company reported suspicious activity. Money was fraudulently transferred to gaurav7778@paytm. The suspect's phone +911182887465 was switched off.,Central District,Main Station,2023-03-17
CASE-0060,FIR-751FABAA,CR-2023-0060,Investigation regarding Sanjay Mishra,Case involves suspicious activities near Gurgaon Sector 29,"A vehicle an unknown vehicle was found abandoned at Gurgaon Sector 29. Evidence links it to Sanjay Mishra, who was previously contacted via +916056945064. A ransom was demanded via sanjay5324@okhdfcbank.",Central District,Main Station,2023-09-27
CASE-0061,FIR-9B8A5EC5,CR-2023-0061,Investigation regarding Kavita Rathi,Case involves suspicious activities near Andheri West,Investigators intercepted a call to +911341083704 near Andheri West. Suspect Kavita Rathi was observed fleeing in vehicle an unknown vehicle.,Central District,Main Station,2023-05-22
CASE-0062,FIR-EA2C892D,CR-2023-0062,Investigation regarding Vikram Reddy,Case involves suspicious activities near New Town,Investigators intercepted a call to +914271636761 near New Town. Suspect Vikram Reddy was observed fleeing in vehicle an unknown vehicle.,Central District,Main Station,2023-06-08
CASE-0063,FIR-2A4B8FF8,CR-2023-0063,Investigation regarding Anil Kadam,Case involves suspicious activities near Viman Nagar,"During the investigation, it was found that Anil Kadam was in contact with unknown individuals using the number +913967092791. The suspect was seen near Viman Nagar.",Central District,Main Station,2023-08-15
CASE-0064,FIR-2C4F9D22,CR-2023-0064,Investigation regarding Anil Kadam,Case involves suspicious activities near Viman Nagar,Investigators intercepted a call to +918545155824 near Viman Nagar. Suspect Anil Kadam was observed fleeing in vehicle an unknown vehicle.,Central District,Main Station,2023-09-07
CASE-0065,FIR-5533B480,CR-2023-0065,Investigation regarding Swati Pillai,Case involves suspicious activities near Indiranagar,"During the investigation, it was found that Swati Pillai was in contact with unknown individuals using the number +911232633884. The suspect was seen near Indiranagar.",Central District,Main Station,2023-09-17
CASE-0066,FIR-DA3F4510,CR-2023-0066,Investigation regarding Karthik Iyer,Case involves suspicious activities near T Nagar,A complaint was filed against Karthik Iyer who allegedly operates under Omega Networks. Financial trails led to a transaction made to rahul6041@oksbi.,Central District,Main Station,2023-09-15
CASE-0067,FIR-A4536817,CR-2023-0067,Investigation regarding Anil Kadam,Case involves suspicious activities near Jubilee Hills,Anil Kadam from a shell company reported suspicious activity. Money was fraudulently transferred to anil2822@okicici. The suspect's phone +914074236407 was switched off.,Central District,Main Station,2023-07-12
CASE-0068,FIR-DF56E38E,CR-2023-0068,Investigation regarding Vishal Anand,Case involves suspicious activities near Viman Nagar,"During the investigation, it was found that Vishal Anand was in contact with unknown individuals using the number +914239058338. The suspect was seen near Viman Nagar.",Central District,Main Station,2023-01-12
CASE-0069,FIR-4CBBDDB8,CR-2023-0069,Investigation regarding Divya Jain,Case involves suspicious activities near Hinjewadi,"A vehicle MH36FL9722 was found abandoned at Hinjewadi. Evidence links it to Divya Jain, who was previously contacted via +916209181900. A ransom was demanded via gaurav6087@okhdfcbank.",Central District,Main Station,2023-10-11
CASE-0070,FIR-3F8D8356,CR-2023-0070,Investigation regarding Neha Kapoor,Case involves suspicious activities near New Town,"During the investigation, it was found that Neha Kapoor was in contact with unknown individuals using the number +913608715525. The suspect was seen near New Town.",Central District,Main Station,2023-06-25
CASE-0071,FIR-48AB28DB,CR-2023-0071,Investigation regarding Karthik Iyer,Case involves suspicious activities near Karol Bagh,Investigators intercepted a call to +911614562294 near Karol Bagh. Suspect Karthik Iyer was observed fleeing in vehicle MH19OD3748.,Central District,Main Station,2023-02-27
CASE-0072,FIR-BC8266F5,CR-2023-0072,Investigation regarding Priya Sharma,Case involves suspicious activities near Jubilee Hills,Priya Sharma from a shell company reported suspicious activity. Money was fraudulently transferred to priya7943@okhdfcbank. The suspect's phone +915041435052 was switched off.,Central District,Main Station,2023-08-16
CASE-0073,FIR-44F818B5,CR-2023-0073,Investigation regarding Rahul Desai,Case involves suspicious activities near Anna Nagar,"During the investigation, it was found that Rahul Desai was in contact with unknown individuals using the number +910753540823. The suspect was seen near Anna Nagar.",Central District,Main Station,2023-02-05
CASE-0074,FIR-69B949BE,CR-2023-0074,Investigation regarding Vikram Reddy,Case involves suspicious activities near Jubilee Hills,Investigators intercepted a call to +915024878084 near Jubilee Hills. Suspect Vikram Reddy was observed fleeing in vehicle an unknown vehicle.,Central District,Main Station,2023-09-16
CASE-0075,FIR-C36E974A,CR-2023-0075,Investigation regarding Gaurav Malhotra,Case involves suspicious activities near Jubilee Hills,"During the investigation, it was found that Gaurav Malhotra was in contact with unknown individuals using the number +912848587043. The suspect was seen near Jubilee Hills.",Central District,Main Station,2023-08-05
CASE-0076,FIR-D7979077,CR-2023-0076,Investigation regarding Suresh Rao,Case involves suspicious activities near New Town,A complaint was filed against Suresh Rao who allegedly operates under Zenith Traders. Financial trails led to a transaction made to manoj466@oksbi.,Central District,Main Station,2023-05-25
CASE-0077,FIR-7E023070,CR-2023-0077,Investigation regarding Neha Kapoor,Case involves suspicious activities near Hinjewadi,"During the investigation, it was found that Neha Kapoor was in contact with unknown individuals using the number +917186478103. The suspect was seen near Hinjewadi.",Central District,Main Station,2023-08-21
CASE-0078,FIR-814E6A20,CR-2023-0078,Investigation regarding Gaurav Malhotra,Case involves suspicious activities near Connaught Place,Investigators intercepted a call to +910539363533 near Connaught Place. Suspect Gaurav Malhotra was observed fleeing in vehicle HR96TO4821.,Central District,Main Station,2023-06-22
CASE-0079,FIR-3609056E,CR-2023-0079,Investigation regarding Sneha Joshi,Case involves suspicious activities near T Nagar,Sneha Joshi from a shell company reported suspicious activity. Money was fraudulently transferred to sneha8073@okhdfcbank. The suspect's phone +913384557273 was switched off.,Central District,Main Station,2023-05-25
CASE-0080,FIR-33040CC7,CR-2023-0080,Investigation regarding Vishal Anand,Case involves suspicious activities near Indiranagar,"During the investigation, it was found that Vishal Anand was in contact with unknown individuals using the number +917607880395. The suspect was seen near Indiranagar.",Central District,Main Station,2023-06-13
CASE-0081,FIR-352ACB02,CR-2023-0081,Investigation regarding Vikram Reddy,Case involves suspicious activities near Connaught Place,Vikram Reddy from a shell company reported suspicious activity. Money was fraudulently transferred to vikram8056@okicici. The suspect's phone +911322995558 was switched off.,Central District,Main Station,2023-07-28
CASE-0082,FIR-449942C6,CR-2023-0082,Investigation regarding Meera Menon,Case involves suspicious activities near Karol Bagh,"A vehicle DL18SH6482 was found abandoned at Karol Bagh. Evidence links it to Meera Menon, who was previously contacted via +914449595368. A ransom was demanded via sunita754@paytm.",Central District,Main Station,2023-02-17
CASE-0083,FIR-87CAB023,CR-2023-0083,Investigation regarding Amit Singh,Case involves suspicious activities near T Nagar,"A vehicle an unknown vehicle was found abandoned at T Nagar. Evidence links it to Amit Singh, who was previously contacted via +911563803393. A ransom was demanded via amit7692@paytm.",Central District,Main Station,2023-02-22
CASE-0084,FIR-220F7656,CR-2023-0084,Investigation regarding Suresh Rao,Case involves suspicious activities near Connaught Place,Investigators intercepted a call to +913976188626 near Connaught Place. Suspect Suresh Rao was observed fleeing in vehicle an unknown vehicle.,Central District,Main Station,2023-09-18
CASE-0085,FIR-B6DE1776,CR-2023-0085,Investigation regarding Rahul Desai,Case involves suspicious activities near Secunderabad Railway Station,"During the investigation, it was found that Rahul Desai was in contact with unknown individuals using the number +914271636761. The suspect was seen near Secunderabad Railway Station.",Central District,Main Station,2023-10-17
CASE-0086,FIR-342B7619,CR-2023-0086,Investigation regarding Arjun Nair,Case involves suspicious activities near Secunderabad Railway Station,Investigators intercepted a call to +910163525510 near Secunderabad Railway Station. Suspect Arjun Nair was observed fleeing in vehicle DL31CB2666.,Central District,Main Station,2023-10-25
CASE-0087,FIR-B09F8DD8,CR-2023-0087,Investigation regarding Vishal Anand,Case involves suspicious activities near Andheri West,"During the investigation, it was found that Vishal Anand was in contact with unknown individuals using the number +915835366118. The suspect was seen near Andheri West.",Central District,Main Station,2023-09-02
CASE-0088,FIR-9094780E,CR-2023-0088,Investigation regarding Sunita Verma,Case involves suspicious activities near Jubilee Hills,"A vehicle an unknown vehicle was found abandoned at Jubilee Hills. Evidence links it to Sunita Verma, who was previously contacted via +916082178842. A ransom was demanded via sunita7636@oksbi.",Central District,Main Station,2023-02-17
CASE-0089,FIR-3065D192,CR-2023-0089,Investigation regarding Anil Kadam,Case involves suspicious activities near Hinjewadi,Investigators intercepted a call to +919130631889 near Hinjewadi. Suspect Anil Kadam was observed fleeing in vehicle DL47SU5037.,Central District,Main Station,2023-01-18
CASE-0090,FIR-32EB886A,CR-2023-0090,Investigation regarding Tarun Choudhury,Case involves suspicious activities near New Town,"A vehicle an unknown vehicle was found abandoned at New Town. Evidence links it to Tarun Choudhury, who was previously contacted via +914733818239. A ransom was demanded via tarun4735@okhdfcbank.",Central District,Main Station,2023-02-24
CASE-0091,FIR-90A7B96D,CR-2023-0091,Investigation regarding Priya Sharma,Case involves suspicious activities near Koramangala,Priya Sharma from a shell company reported suspicious activity. Money was fraudulently transferred to rahul6041@oksbi. The suspect's phone +916209181900 was switched off.,Central District,Main Station,2023-08-21
CASE-0092,FIR-7C5F8739,CR-2023-0092,Investigation regarding Priya Sharma,Case involves suspicious activities near Noida Sector 18,"A vehicle an unknown vehicle was found abandoned at Noida Sector 18. Evidence links it to Priya Sharma, who was previously contacted via +917493489727. A ransom was demanded via priya9876@upi.",Central District,Main Station,2023-04-24
CASE-0093,FIR-ADC0DDC9,CR-2023-0093,Investigation regarding Meera Menon,Case involves suspicious activities near Hinjewadi,Meera Menon from Cyber Corp reported suspicious activity. Money was fraudulently transferred to priyanka4284@upi. The suspect's phone +913626380693 was switched off.,Central District,Main Station,2023-05-20
CASE-0094,FIR-3A144064,CR-2023-0094,Investigation regarding Vishal Anand,Case involves suspicious activities near Koramangala,Investigators intercepted a call to +913975433895 near Koramangala. Suspect Vishal Anand was observed fleeing in vehicle KA79EJ4203.,Central District,Main Station,2023-02-04
CASE-0095,FIR-E97A0E6A,CR-2023-0095,Investigation regarding Vikram Reddy,Case involves suspicious activities near Gachibowli,"A vehicle GJ75YQ3913 was found abandoned at Gachibowli. Evidence links it to Vikram Reddy, who was previously contacted via +919666422298. A ransom was demanded via vikram9133@upi.",Central District,Main Station,2023-08-18
CASE-0096,FIR-689D93A2,CR-2023-0096,Investigation regarding Prakash Jha,Case involves suspicious activities near Indiranagar,Prakash Jha from a shell company reported suspicious activity. Money was fraudulently transferred to prakash3395@upi. The suspect's phone +919209133168 was switched off.,Central District,Main Station,2023-03-06
CASE-0097,FIR-D3B47444,CR-2023-0097,Investigation regarding Gaurav Malhotra,Case involves suspicious activities near T Nagar,"During the investigation, it was found that Gaurav Malhotra was in contact with unknown individuals using the number +918843545700. The suspect was seen near T Nagar.",Central District,Main Station,2023-07-18
CASE-0098,FIR-242FE999,CR-2023-0098,Investigation regarding Divya Jain,Case involves suspicious activities near Bandra Kurla Complex,Investigators intercepted a call to +916209181900 near Bandra Kurla Complex. Suspect Divya Jain was observed fleeing in vehicle TN58YK2333.,Central District,Main Station,2023-05-06
CASE-0099,FIR-D0AB92CA,CR-2023-0099,Investigation regarding Gaurav Malhotra,Case involves suspicious activities near Andheri West,A complaint was filed against Gaurav Malhotra who allegedly operates under Cyber Corp. Financial trails led to a transaction made to rahul6041@oksbi.,Central District,Main Station,2023-07-07
CASE-0100,FIR-9176A911,CR-2023-0100,Investigation regarding Divya Jain,Case involves suspicious activities near Anna Nagar,Investigators intercepted a call to +916010922190 near Anna Nagar. Suspect Divya Jain was observed fleeing in vehicle KA77ZL1398.,Central District,Main Station,2023-01-05
CASE-0101,FIR-4547841F,CR-2023-0101,Investigation regarding Pooja Bhatia,Case involves suspicious activities near Salt Lake City,Investigators intercepted a call to +910582788962 near Salt Lake City. Suspect Pooja Bhatia was observed fleeing in vehicle an unknown vehicle.,Central District,Main Station,2023-02-20
CASE-0102,FIR-2BE46647,CR-2023-0102,Investigation regarding Manoj Tiwari,Case involves suspicious activities near Gachibowli,Investigators intercepted a call to +918793232992 near Gachibowli. Suspect Manoj Tiwari was observed fleeing in vehicle an unknown vehicle.,Central District,Main Station,2023-03-29
CASE-0103,FIR-8DC01269,CR-2023-0103,Investigation regarding Tarun Choudhury,Case involves suspicious activities near Gachibowli,"A vehicle KA97VL4215 was found abandoned at Gachibowli. Evidence links it to Tarun Choudhury, who was previously contacted via +912749757820. A ransom was demanded via tarun8325@upi.",Central District,Main Station,2023-09-05
CASE-0104,FIR-AE15EB1D,CR-2023-0104,Investigation regarding Vikram Reddy,Case involves suspicious activities near Gachibowli,"During the investigation, it was found that Vikram Reddy was in contact with unknown individuals using the number +915024878084. The suspect was seen near Gachibowli.",Central District,Main Station,2023-02-21
CASE-0105,FIR-2470E3CA,CR-2023-0105,Investigation regarding Gaurav Malhotra,Case involves suspicious activities near Bandra Kurla Complex,Gaurav Malhotra from a shell company reported suspicious activity. Money was fraudulently transferred to swati3371@okicici. The suspect's phone +915920116378 was switched off.,Central District,Main Station,2023-04-08
CASE-0106,FIR-4115A790,CR-2023-0106,Investigation regarding Rekha Bose,Case involves suspicious activities near Anna Nagar,"During the investigation, it was found that Rekha Bose was in contact with unknown individuals using the number +915241522476. The suspect was seen near Anna Nagar.",Central District,Main Station,2023-06-25
CASE-0107,FIR-B1612A6B,CR-2023-0107,Investigation regarding Ramesh Patel,Case involves suspicious activities near Gurgaon Sector 29,"During the investigation, it was found that Ramesh Patel was in contact with unknown individuals using the number +913020737937. The suspect was seen near Gurgaon Sector 29.",Central District,Main Station,2023-09-26
CASE-0108,FIR-B70A765B,CR-2023-0108,Investigation regarding Sunita Verma,Case involves suspicious activities near Noida Sector 18,"A vehicle an unknown vehicle was found abandoned at Noida Sector 18. Evidence links it to Sunita Verma, who was previously contacted via +913547280012. A ransom was demanded via priya2314@oksbi.",Central District,Main Station,2023-04-09
CASE-0109,FIR-E0FAD3CF,CR-2023-0109,Investigation regarding Anjali Gupta,Case involves suspicious activities near Noida Sector 18,"During the investigation, it was found that Anjali Gupta was in contact with unknown individuals using the number +915613029727. The suspect was seen near Noida Sector 18.",Central District,Main Station,2023-07-11
CASE-0110,FIR-0A3B71CB,CR-2023-0110,Investigation regarding Gaurav Malhotra,Case involves suspicious activities near Anna Nagar,"A vehicle TN94SK9309 was found abandoned at Anna Nagar. Evidence links it to Gaurav Malhotra, who was previously contacted via +912848587043. A ransom was demanded via rahul6041@oksbi.",Central District,Main Station,2023-03-26
CASE-0111,FIR-D68BA673,CR-2023-0111,Investigation regarding Karthik Iyer,Case involves suspicious activities near Viman Nagar,"During the investigation, it was found that Karthik Iyer was in contact with unknown individuals using the number +915920116378. The suspect was seen near Viman Nagar.",Central District,Main Station,2023-10-10
CASE-0112,FIR-16E3AF4A,CR-2023-0112,Investigation regarding Priya Sharma,Case involves suspicious activities near Gurgaon Sector 29,Priya Sharma from a shell company reported suspicious activity. Money was fraudulently transferred to suresh594@okicici. The suspect's phone +918947227783 was switched off.,Central District,Main Station,2023-02-09
CASE-0113,FIR-4025EB78,CR-2023-0113,Investigation regarding Vikram Reddy,Case involves suspicious activities near Karol Bagh,"A vehicle TS23EH6401 was found abandoned at Karol Bagh. Evidence links it to Vikram Reddy, who was previously contacted via +910753540823. A ransom was demanded via gaurav6087@okhdfcbank.",Central District,Main Station,2023-04-24
CASE-0114,FIR-6C3D367D,CR-2023-0114,Investigation regarding Divya Jain,Case involves suspicious activities near Indiranagar,"A vehicle TS23EH6401 was found abandoned at Indiranagar. Evidence links it to Divya Jain, who was previously contacted via +914271636761. A ransom was demanded via priya2314@oksbi.",Central District,Main Station,2023-10-27
CASE-0115,FIR-CEA6A30B,CR-2023-0115,Investigation regarding Sunita Verma,Case involves suspicious activities near Vasant Kunj,"A vehicle an unknown vehicle was found abandoned at Vasant Kunj. Evidence links it to Sunita Verma, who was previously contacted via +910194795271. A ransom was demanded via sunita3098@oksbi.",Central District,Main Station,2023-10-13
CASE-0116,FIR-F0C0A03F,CR-2023-0116,Investigation regarding Priyanka Das,Case involves suspicious activities near T Nagar,"A vehicle MH08HO3939 was found abandoned at T Nagar. Evidence links it to Priyanka Das, who was previously contacted via +912012248176. A ransom was demanded via priyanka590@oksbi.",Central District,Main Station,2023-07-22
CASE-0117,FIR-B7F4330B,CR-2023-0117,Investigation regarding Pooja Bhatia,Case involves suspicious activities near Karol Bagh,"A vehicle an unknown vehicle was found abandoned at Karol Bagh. Evidence links it to Pooja Bhatia, who was previously contacted via +914813120521. A ransom was demanded via anil3376@okicici.",Central District,Main Station,2023-04-03
CASE-0118,FIR-2F975768,CR-2023-0118,Investigation regarding Sneha Joshi,Case involves suspicious activities near Jubilee Hills,Sneha Joshi from a shell company reported suspicious activity. Money was fraudulently transferred to sneha8673@okhdfcbank. The suspect's phone +919311749984 was switched off.,Central District,Main Station,2023-09-02
CASE-0119,FIR-F4BCA79E,CR-2023-0119,Investigation regarding Swati Pillai,Case involves suspicious activities near Vasant Kunj,Investigators intercepted a call to +916060484474 near Vasant Kunj. Suspect Swati Pillai was observed fleeing in vehicle an unknown vehicle.,Central District,Main Station,2023-10-09
CASE-0120,FIR-11A9C7F4,CR-2023-0120,Investigation regarding Suresh Rao,Case involves suspicious activities near Gachibowli,Suresh Rao from a shell company reported suspicious activity. Money was fraudulently transferred to kavita3841@okhdfcbank. The suspect's phone +919468912214 was switched off.,Central District,Main Station,2023-08-15
CASE-0121,FIR-9C93E8DC,CR-2023-0121,Investigation regarding Arjun Nair,Case involves suspicious activities near Viman Nagar,A complaint was filed against Arjun Nair who allegedly operates under a shell company. Financial trails led to a transaction made to priyanka4284@upi.,Central District,Main Station,2023-02-28
CASE-0122,FIR-B65CE73F,CR-2023-0122,Investigation regarding Karthik Iyer,Case involves suspicious activities near Secunderabad Railway Station,"A vehicle KA79EJ4203 was found abandoned at Secunderabad Railway Station. Evidence links it to Karthik Iyer, who was previously contacted via +912848587043. A ransom was demanded via gaurav8530@oksbi.",Central District,Main Station,2023-07-02
CASE-0123,FIR-12191550,CR-2023-0123,Investigation regarding Ritu Saxena,Case involves suspicious activities near Salt Lake City,Ritu Saxena from a shell company reported suspicious activity. Money was fraudulently transferred to ritu2254@okhdfcbank. The suspect's phone +912911010547 was switched off.,Central District,Main Station,2023-04-29
CASE-0124,FIR-5240CDAC,CR-2023-0124,Investigation regarding Pooja Bhatia,Case involves suspicious activities near Salt Lake City,"A vehicle HR62XR9304 was found abandoned at Salt Lake City. Evidence links it to Pooja Bhatia, who was previously contacted via +919382751873. A ransom was demanded via pooja6291@paytm.",Central District,Main Station,2023-03-12
CASE-0125,FIR-9320D716,CR-2023-0125,Investigation regarding Rajesh Kumar,Case involves suspicious activities near Jubilee Hills,Rajesh Kumar from a shell company reported suspicious activity. Money was fraudulently transferred to meera6197@oksbi. The suspect's phone +916836823883 was switched off.,Central District,Main Station,2023-01-12
CASE-0126,FIR-3F462F73,CR-2023-0126,Investigation regarding Deepak Chawla,Case involves suspicious activities near Karol Bagh,"A vehicle AP22UM2364 was found abandoned at Karol Bagh. Evidence links it to Deepak Chawla, who was previously contacted via +912655514057. A ransom was demanded via deepak6664@upi.",Central District,Main Station,2023-01-21
CASE-0127,FIR-80179370,CR-2023-0127,Investigation regarding Pooja Bhatia,Case involves suspicious activities near Jubilee Hills,"A vehicle an unknown vehicle was found abandoned at Jubilee Hills. Evidence links it to Pooja Bhatia, who was previously contacted via +912224778735. A ransom was demanded via pooja5113@okhdfcbank.",Central District,Main Station,2023-09-27
CASE-0128,FIR-5E738DE5,CR-2023-0128,Investigation regarding Sneha Joshi,Case involves suspicious activities near Connaught Place,"During the investigation, it was found that Sneha Joshi was in contact with unknown individuals using the number +917875927829. The suspect was seen near Connaught Place.",Central District,Main Station,2023-10-25
CASE-0129,FIR-3B1D9917,CR-2023-0129,Investigation regarding Anjali Gupta,Case involves suspicious activities near Vasant Kunj,A complaint was filed against Anjali Gupta who allegedly operates under a shell company. Financial trails led to a transaction made to amit4927@oksbi.,Central District,Main Station,2023-09-29
CASE-0130,FIR-7253C22C,CR-2023-0130,Investigation regarding Rajesh Kumar,Case involves suspicious activities near Indiranagar,A complaint was filed against Rajesh Kumar who allegedly operates under a shell company. Financial trails led to a transaction made to rajesh3081@okicici.,Central District,Main Station,2023-01-08
CASE-0131,FIR-1941AFBF,CR-2023-0131,Investigation regarding Karthik Iyer,Case involves suspicious activities near Andheri West,Karthik Iyer from a shell company reported suspicious activity. Money was fraudulently transferred to divya9846@upi. The suspect's phone +910956977119 was switched off.,Central District,Main Station,2023-09-09
CASE-0132,FIR-2FDF94EB,CR-2023-0132,Investigation regarding Gaurav Malhotra,Case involves suspicious activities near Vasant Kunj,A complaint was filed against Gaurav Malhotra who allegedly operates under a shell company. Financial trails led to a transaction made to swati1185@upi.,Central District,Main Station,2023-03-20
CASE-0133,FIR-0211B990,CR-2023-0133,Investigation regarding Vishal Anand,Case involves suspicious activities near Andheri West,A complaint was filed against Vishal Anand who allegedly operates under a shell company. Financial trails led to a transaction made to vishal9146@okicici.,Central District,Main Station,2023-08-06
CASE-0134,FIR-235CC885,CR-2023-0134,Investigation regarding Neha Kapoor,Case involves suspicious activities near Connaught Place,Investigators intercepted a call to +919898889852 near Connaught Place. Suspect Neha Kapoor was observed fleeing in vehicle an unknown vehicle.,Central District,Main Station,2023-01-04
CASE-0135,FIR-8DC4EF28,CR-2023-0135,Investigation regarding Gaurav Malhotra,Case involves suspicious activities near Jubilee Hills,A complaint was filed against Gaurav Malhotra who allegedly operates under a shell company. Financial trails led to a transaction made to gaurav2213@okhdfcbank.,Central District,Main Station,2023-10-28
CASE-0136,FIR-C1CC1B7F,CR-2023-0136,Investigation regarding Priya Sharma,Case involves suspicious activities near Connaught Place,Priya Sharma from a shell company reported suspicious activity. Money was fraudulently transferred to priya5567@okicici. The suspect's phone +914000347048 was switched off.,Central District,Main Station,2023-03-31
CASE-0137,FIR-44C2937D,CR-2023-0137,Investigation regarding Deepak Chawla,Case involves suspicious activities near Salt Lake City,"During the investigation, it was found that Deepak Chawla was in contact with unknown individuals using the number +911885956157. The suspect was seen near Salt Lake City.",Central District,Main Station,2023-06-02
CASE-0138,FIR-7960120F,CR-2023-0138,Investigation regarding Divya Jain,Case involves suspicious activities near T Nagar,"During the investigation, it was found that Divya Jain was in contact with unknown individuals using the number +918390351790. The suspect was seen near T Nagar.",Central District,Main Station,2023-08-07
CASE-0139,FIR-814990B1,CR-2023-0139,Investigation regarding Vikram Reddy,Case involves suspicious activities near Jubilee Hills,Investigators intercepted a call to +912998632328 near Jubilee Hills. Suspect Vikram Reddy was observed fleeing in vehicle an unknown vehicle.,Central District,Main Station,2023-09-07
CASE-0140,FIR-662E8FD9,CR-2023-0140,Investigation regarding Pooja Bhatia,Case involves suspicious activities near Vasant Kunj,Investigators intercepted a call to +915060892503 near Vasant Kunj. Suspect Pooja Bhatia was observed fleeing in vehicle an unknown vehicle.,Central District,Main Station,2023-03-21
CASE-0141,FIR-4905A81A,CR-2023-0141,Investigation regarding Prakash Jha,Case involves suspicious activities near Jubilee Hills,Investigators intercepted a call to +912148739181 near Jubilee Hills. Suspect Prakash Jha was observed fleeing in vehicle an unknown vehicle.,Central District,Main Station,2023-10-04
CASE-0142,FIR-FF473974,CR-2023-0142,Investigation regarding Vikram Reddy,Case involves suspicious activities near Secunderabad Railway Station,Investigators intercepted a call to +919606541892 near Secunderabad Railway Station. Suspect Vikram Reddy was observed fleeing in vehicle DL42LT3533.,Central District,Main Station,2023-05-23
CASE-0143,FIR-9B577C80,CR-2023-0143,Investigation regarding Neha Kapoor,Case involves suspicious activities near Koramangala,Neha Kapoor from a shell company reported suspicious activity. Money was fraudulently transferred to neha3559@paytm. The suspect's phone +912935565536 was switched off.,Central District,Main Station,2023-09-11
CASE-0144,FIR-3E585B6C,CR-2023-0144,Investigation regarding Vikram Reddy,Case involves suspicious activities near New Town,"A vehicle TN58YK2333 was found abandoned at New Town. Evidence links it to Vikram Reddy, who was previously contacted via +915024878084. A ransom was demanded via swati3371@okicici.",Central District,Main Station,2023-09-24
CASE-0145,FIR-50C43938,CR-2023-0145,Investigation regarding Sneha Joshi,Case involves suspicious activities near Koramangala,Investigators intercepted a call to +916378723766 near Koramangala. Suspect Sneha Joshi was observed fleeing in vehicle TS09TD1919.,Central District,Main Station,2023-07-13
CASE-0146,FIR-B4CDCD6C,CR-2023-0146,Investigation regarding Nitin Agarwal,Case involves suspicious activities near T Nagar,Investigators intercepted a call to +912062619351 near T Nagar. Suspect Nitin Agarwal was observed fleeing in vehicle TN13OV1008.,Central District,Main Station,2023-09-07
CASE-0147,FIR-DDF93766,CR-2023-0147,Investigation regarding Vishal Anand,Case involves suspicious activities near Secunderabad Railway Station,Investigators intercepted a call to +914271636761 near Secunderabad Railway Station. Suspect Vishal Anand was observed fleeing in vehicle TN94SK9309.,Central District,Main Station,2023-03-25
CASE-0148,FIR-B9AA2A6B,CR-2023-0148,Investigation regarding Karthik Iyer,Case involves suspicious activities near Hinjewadi,Investigators intercepted a call to +913152383180 near Hinjewadi. Suspect Karthik Iyer was observed fleeing in vehicle an unknown vehicle.,Central District,Main Station,2023-08-03
CASE-0149,FIR-D381EFB6,CR-2023-0149,Investigation regarding Swati Pillai,Case involves suspicious activities near Hinjewadi,A complaint was filed against Swati Pillai who allegedly operates under a shell company. Financial trails led to a transaction made to swati6133@okicici.,Central District,Main Station,2023-01-10
CASE-0150,FIR-71B95A12,CR-2023-0150,Investigation regarding Karthik Iyer,Case involves suspicious activities near Gurgaon Sector 29,Investigators intercepted a call to +918843545700 near Gurgaon Sector 29. Suspect Karthik Iyer was observed fleeing in vehicle GJ59JB9997.,Central District,Main Station,2023-10-01
CASE-0151,FIR-65BD3D48,CR-2023-0151,Investigation regarding Sunita Verma,Case involves suspicious activities near Bandra Kurla Complex,Sunita Verma from a shell company reported suspicious activity. Money was fraudulently transferred to sunita1189@oksbi. The suspect's phone +912273170905 was switched off.,Central District,Main Station,2023-08-08
CASE-0152,FIR-FA8437E0,CR-2023-0152,Investigation regarding Rekha Bose,Case involves suspicious activities near Salt Lake City,Rekha Bose from a shell company reported suspicious activity. Money was fraudulently transferred to rekha2822@oksbi. The suspect's phone +915472697341 was switched off.,Central District,Main Station,2023-01-03
CASE-0153,FIR-D91DCD66,CR-2023-0153,Investigation regarding Rahul Desai,Case involves suspicious activities near Gachibowli,Investigators intercepted a call to +910753540823 near Gachibowli. Suspect Rahul Desai was observed fleeing in vehicle MH36FL9722.,Central District,Main Station,2023-01-11
CASE-0154,FIR-F0664414,CR-2023-0154,Investigation regarding Priyanka Das,Case involves suspicious activities near Viman Nagar,"During the investigation, it was found that Priyanka Das was in contact with unknown individuals using the number +914239058338. The suspect was seen near Viman Nagar.",Central District,Main Station,2023-03-16
CASE-0155,FIR-E44FAD86,CR-2023-0155,Investigation regarding Divya Jain,Case involves suspicious activities near Andheri West,Investigators intercepted a call to +913130713069 near Andheri West. Suspect Divya Jain was observed fleeing in vehicle an unknown vehicle.,Central District,Main Station,2023-01-07
CASE-0156,FIR-31A8C3D0,CR-2023-0156,Investigation regarding Vishal Anand,Case involves suspicious activities near Indiranagar,Vishal Anand from a shell company reported suspicious activity. Money was fraudulently transferred to vishal6243@paytm. The suspect's phone +916177866980 was switched off.,Central District,Main Station,2023-10-01
CASE-0157,FIR-C3D0BD7A,CR-2023-0157,Investigation regarding Karthik Iyer,Case involves suspicious activities near Gurgaon Sector 29,Investigators intercepted a call to +913965686271 near Gurgaon Sector 29. Suspect Karthik Iyer was observed fleeing in vehicle an unknown vehicle.,Central District,Main Station,2023-06-27
CASE-0158,FIR-A9866545,CR-2023-0158,Investigation regarding Rahul Desai,Case involves suspicious activities near Connaught Place,"A vehicle DL29UO1177 was found abandoned at Connaught Place. Evidence links it to Rahul Desai, who was previously contacted via +914239058338. A ransom was demanded via rahul8577@okhdfcbank.",Central District,Main Station,2023-09-22
CASE-0159,FIR-4C43C453,CR-2023-0159,Investigation regarding Sunita Verma,Case involves suspicious activities near Andheri West,Investigators intercepted a call to +910753540823 near Andheri West. Suspect Sunita Verma was observed fleeing in vehicle TS23EH6401.,Central District,Main Station,2023-04-18
CASE-0160,FIR-AEDDA7A7,CR-2023-0160,Investigation regarding Rahul Desai,Case involves suspicious activities near Salt Lake City,"During the investigation, it was found that Rahul Desai was in contact with unknown individuals using the number +918684724500. The suspect was seen near Salt Lake City.",Central District,Main Station,2023-07-16
CASE-0161,FIR-2E3CCB34,CR-2023-0161,Investigation regarding Sunita Verma,Case involves suspicious activities near Salt Lake City,"A vehicle AP45BG9635 was found abandoned at Salt Lake City. Evidence links it to Sunita Verma, who was previously contacted via +915148982381. A ransom was demanded via rahul6041@oksbi.",Central District,Main Station,2023-06-23
CASE-0162,FIR-458E6E9E,CR-2023-0162,Investigation regarding Suresh Rao,Case involves suspicious activities near Secunderabad Railway Station,A complaint was filed against Suresh Rao who allegedly operates under a shell company. Financial trails led to a transaction made to nitin2739@okicici.,Central District,Main Station,2023-07-01
CASE-0163,FIR-C917050B,CR-2023-0163,Investigation regarding Sanjay Mishra,Case involves suspicious activities near New Town,Investigators intercepted a call to +913084772999 near New Town. Suspect Sanjay Mishra was observed fleeing in vehicle an unknown vehicle.,Central District,Main Station,2023-04-29
CASE-0164,FIR-BAAC1848,CR-2023-0164,Investigation regarding Deepak Chawla,Case involves suspicious activities near Indiranagar,A complaint was filed against Deepak Chawla who allegedly operates under a shell company. Financial trails led to a transaction made to nitin2739@okicici.,Central District,Main Station,2023-10-21
CASE-0165,FIR-29FE95B3,CR-2023-0165,Investigation regarding Prakash Jha,Case involves suspicious activities near Koramangala,Investigators intercepted a call to +917290393874 near Koramangala. Suspect Prakash Jha was observed fleeing in vehicle AP45BG9635.,Central District,Main Station,2023-03-24
CASE-0166,FIR-D56D164D,CR-2023-0166,Investigation regarding Gaurav Malhotra,Case involves suspicious activities near Andheri West,Gaurav Malhotra from a shell company reported suspicious activity. Money was fraudulently transferred to swati1185@upi. The suspect's phone +914271636761 was switched off.,Central District,Main Station,2023-09-29
CASE-0167,FIR-231ECBC8,CR-2023-0167,Investigation regarding Sunita Verma,Case involves suspicious activities near Gachibowli,"A vehicle TN13OV1008 was found abandoned at Gachibowli. Evidence links it to Sunita Verma, who was previously contacted via +919458484561. A ransom was demanded via sunita2821@okhdfcbank.",Central District,Main Station,2023-08-26
CASE-0168,FIR-2437792E,CR-2023-0168,Investigation regarding Rajesh Kumar,Case involves suspicious activities near Hinjewadi,Rajesh Kumar from a shell company reported suspicious activity. Money was fraudulently transferred to priyanka4284@upi. The suspect's phone +913335064912 was switched off.,Central District,Main Station,2023-01-21
CASE-0169,FIR-14DCB79D,CR-2023-0169,Investigation regarding Karthik Iyer,Case involves suspicious activities near Hinjewadi,A complaint was filed against Karthik Iyer who allegedly operates under Cyber Corp. Financial trails led to a transaction made to rahul6041@oksbi.,Central District,Main Station,2023-01-05
CASE-0170,FIR-31FFDDE6,CR-2023-0170,Investigation regarding Prakash Jha,Case involves suspicious activities near T Nagar,"A vehicle GJ77AQ4740 was found abandoned at T Nagar. Evidence links it to Prakash Jha, who was previously contacted via +911253959415. A ransom was demanded via prakash2585@okhdfcbank.",Central District,Main Station,2023-06-17
CASE-0171,FIR-B6D76AF6,CR-2023-0171,Investigation regarding Rahul Desai,Case involves suspicious activities near Hinjewadi,Investigators intercepted a call to +911782032348 near Hinjewadi. Suspect Rahul Desai was observed fleeing in vehicle an unknown vehicle.,Central District,Main Station,2023-05-02
CASE-0172,FIR-47F95079,CR-2023-0172,Investigation regarding Ramesh Patel,Case involves suspicious activities near Noida Sector 18,Ramesh Patel from Zenith Traders reported suspicious activity. Money was fraudulently transferred to ramesh5919@okicici. The suspect's phone +912390045150 was switched off.,Central District,Main Station,2023-05-06
CASE-0173,FIR-CE57E85E,CR-2023-0173,Investigation regarding Manoj Tiwari,Case involves suspicious activities near Hinjewadi,"During the investigation, it was found that Manoj Tiwari was in contact with unknown individuals using the number +918033191865. The suspect was seen near Hinjewadi.",Central District,Main Station,2023-02-12
CASE-0174,FIR-F8F2D7F9,CR-2023-0174,Investigation regarding Priya Sharma,Case involves suspicious activities near Viman Nagar,Priya Sharma from Omega Networks reported suspicious activity. Money was fraudulently transferred to gaurav8530@oksbi. The suspect's phone +910539363533 was switched off.,Central District,Main Station,2023-09-30
CASE-0175,FIR-F6A0A1C2,CR-2023-0175,Investigation regarding Suresh Rao,Case involves suspicious activities near Noida Sector 18,A complaint was filed against Suresh Rao who allegedly operates under Omega Networks. Financial trails led to a transaction made to meera6197@oksbi.,Central District,Main Station,2023-02-23
CASE-0176,FIR-67E5CAD7,CR-2023-0176,Investigation regarding Arjun Nair,Case involves suspicious activities near Viman Nagar,"During the investigation, it was found that Arjun Nair was in contact with unknown individuals using the number +913520293182. The suspect was seen near Viman Nagar.",Central District,Main Station,2023-03-13
CASE-0177,FIR-2F74BAFD,CR-2023-0177,Investigation regarding Vishal Anand,Case involves suspicious activities near T Nagar,"A vehicle TS56AC5901 was found abandoned at T Nagar. Evidence links it to Vishal Anand, who was previously contacted via +911043729127. A ransom was demanded via vishal8926@okhdfcbank.",Central District,Main Station,2023-06-20
CASE-0178,FIR-C030657B,CR-2023-0178,Investigation regarding Prakash Jha,Case involves suspicious activities near Indiranagar,"During the investigation, it was found that Prakash Jha was in contact with unknown individuals using the number +915041435052. The suspect was seen near Indiranagar.",Central District,Main Station,2023-05-30
CASE-0179,FIR-ED198BD2,CR-2023-0179,Investigation regarding Vishal Anand,Case involves suspicious activities near Viman Nagar,Vishal Anand from Cyber Corp reported suspicious activity. Money was fraudulently transferred to rahul6041@oksbi. The suspect's phone +913975433895 was switched off.,Central District,Main Station,2023-10-22
CASE-0180,FIR-F59DAE8E,CR-2023-0180,Investigation regarding Sunita Verma,Case involves suspicious activities near Jubilee Hills,Investigators intercepted a call to +910932627488 near Jubilee Hills. Suspect Sunita Verma was observed fleeing in vehicle an unknown vehicle.,Central District,Main Station,2023-06-15
CASE-0181,FIR-6D947786,CR-2023-0181,Investigation regarding Priya Sharma,Case involves suspicious activities near Viman Nagar,"A vehicle an unknown vehicle was found abandoned at Viman Nagar. Evidence links it to Priya Sharma, who was previously contacted via +914271636761. A ransom was demanded via rahul6041@oksbi.",Central District,Main Station,2023-07-02
CASE-0182,FIR-166A514F,CR-2023-0182,Investigation regarding Swati Pillai,Case involves suspicious activities near Secunderabad Railway Station,A complaint was filed against Swati Pillai who allegedly operates under a shell company. Financial trails led to a transaction made to priyanka3970@okhdfcbank.,Central District,Main Station,2023-04-27
CASE-0183,FIR-45573F2F,CR-2023-0183,Investigation regarding Rahul Desai,Case involves suspicious activities near Andheri West,"A vehicle MH37MD4349 was found abandoned at Andheri West. Evidence links it to Rahul Desai, who was previously contacted via +917514951472. A ransom was demanded via rahul2881@upi.",Central District,Main Station,2023-08-02
CASE-0184,FIR-F0D1777F,CR-2023-0184,Investigation regarding Prakash Jha,Case involves suspicious activities near Salt Lake City,"During the investigation, it was found that Prakash Jha was in contact with unknown individuals using the number +910932627488. The suspect was seen near Salt Lake City.",Central District,Main Station,2023-07-17
CASE-0185,FIR-5A4F19EF,CR-2023-0185,Investigation regarding Nitin Agarwal,Case involves suspicious activities near Salt Lake City,Nitin Agarwal from a shell company reported suspicious activity. Money was fraudulently transferred to karthik5492@okicici. The suspect's phone +912062619351 was switched off.,Central District,Main Station,2023-06-06
CASE-0186,FIR-C73EDE2B,CR-2023-0186,Investigation regarding Suresh Rao,Case involves suspicious activities near Secunderabad Railway Station,Suresh Rao from a shell company reported suspicious activity. Money was fraudulently transferred to suresh2872@okicici. The suspect's phone +915247497583 was switched off.,Central District,Main Station,2023-01-17
CASE-0187,FIR-CE2DDADB,CR-2023-0187,Investigation regarding Tarun Choudhury,Case involves suspicious activities near Indiranagar,"A vehicle an unknown vehicle was found abandoned at Indiranagar. Evidence links it to Tarun Choudhury, who was previously contacted via +918843545700. A ransom was demanded via rahul9542@okicici.",Central District,Main Station,2023-10-05
CASE-0188,FIR-92E297D5,CR-2023-0188,Investigation regarding Nitin Agarwal,Case involves suspicious activities near Viman Nagar,Investigators intercepted a call to +916459405371 near Viman Nagar. Suspect Nitin Agarwal was observed fleeing in vehicle TN94SK9309.,Central District,Main Station,2023-05-13
CASE-0189,FIR-C1D182BA,CR-2023-0189,Investigation regarding Vikram Reddy,Case involves suspicious activities near Connaught Place,Investigators intercepted a call to +914271636761 near Connaught Place. Suspect Vikram Reddy was observed fleeing in vehicle an unknown vehicle.,Central District,Main Station,2023-02-16
CASE-0190,FIR-C1DDD30C,CR-2023-0190,Investigation regarding Tarun Choudhury,Case involves suspicious activities near Indiranagar,"A vehicle an unknown vehicle was found abandoned at Indiranagar. Evidence links it to Tarun Choudhury, who was previously contacted via +911864346550. A ransom was demanded via tarun4589@upi.",Central District,Main Station,2023-09-24
CASE-0191,FIR-D284373D,CR-2023-0191,Investigation regarding Manoj Tiwari,Case involves suspicious activities near Anna Nagar,Manoj Tiwari from a shell company reported suspicious activity. Money was fraudulently transferred to manoj9611@okhdfcbank. The suspect's phone +915148982381 was switched off.,Central District,Main Station,2023-10-16
CASE-0192,FIR-34AECC1D,CR-2023-0192,Investigation regarding Ramesh Patel,Case involves suspicious activities near New Town,A complaint was filed against Ramesh Patel who allegedly operates under a shell company. Financial trails led to a transaction made to divya3663@paytm.,Central District,Main Station,2023-10-28
CASE-0193,FIR-36BCECF7,CR-2023-0193,Investigation regarding Anil Kadam,Case involves suspicious activities near Koramangala,Anil Kadam from a shell company reported suspicious activity. Money was fraudulently transferred to anil4044@upi. The suspect's phone +912616150370 was switched off.,Central District,Main Station,2023-07-17
CASE-0194,FIR-D6144407,CR-2023-0194,Investigation regarding Suresh Rao,Case involves suspicious activities near Anna Nagar,"A vehicle UP20EW6481 was found abandoned at Anna Nagar. Evidence links it to Suresh Rao, who was previously contacted via +913975433895. A ransom was demanded via suresh6057@paytm.",Central District,Main Station,2023-07-15
CASE-0195,FIR-5C96DF5D,CR-2023-0195,Investigation regarding Priyanka Das,Case involves suspicious activities near Karol Bagh,Priyanka Das from a shell company reported suspicious activity. Money was fraudulently transferred to sunita2821@okhdfcbank. The suspect's phone +914359315208 was switched off.,Central District,Main Station,2023-10-18
CASE-0196,FIR-91AD11EE,CR-2023-0196,Investigation regarding Rajesh Kumar,Case involves suspicious activities near Bandra Kurla Complex,"A vehicle an unknown vehicle was found abandoned at Bandra Kurla Complex. Evidence links it to Rajesh Kumar, who was previously contacted via +914271636761. A ransom was demanded via rajesh1314@upi.",Central District,Main Station,2023-01-14
CASE-0197,FIR-DD6BCDAF,CR-2023-0197,Investigation regarding Suresh Rao,Case involves suspicious activities near Anna Nagar,A complaint was filed against Suresh Rao who allegedly operates under a shell company. Financial trails led to a transaction made to priya2314@oksbi.,Central District,Main Station,2023-06-07
CASE-0198,FIR-5495E52F,CR-2023-0198,Investigation regarding Priyanka Das,Case involves suspicious activities near Karol Bagh,"A vehicle an unknown vehicle was found abandoned at Karol Bagh. Evidence links it to Priyanka Das, who was previously contacted via +916325484698. A ransom was demanded via priyanka1433@upi.",Central District,Main Station,2023-04-18
CASE-0199,FIR-E54F58CB,CR-2023-0199,Investigation regarding Kavita Rathi,Case involves suspicious activities near Jubilee Hills,Investigators intercepted a call to +910854897643 near Jubilee Hills. Suspect Kavita Rathi was observed fleeing in vehicle HR62HJ8982.,Central District,Main Station,2023-07-25
CASE-0200,FIR-A3112DA7,CR-2023-0200,Investigation regarding Anjali Gupta,Case involves suspicious activities near Karol Bagh,Investigators intercepted a call to +917290393874 near Karol Bagh. Suspect Anjali Gupta was observed fleeing in vehicle an unknown vehicle.,Central District,Main Station,2023-08-01
CASE-0201,FIR-C4982006,CR-2023-0201,Investigation regarding Anil Kadam,Case involves suspicious activities near Gurgaon Sector 29,"A vehicle an unknown vehicle was found abandoned at Gurgaon Sector 29. Evidence links it to Anil Kadam, who was previously contacted via +915950179837. A ransom was demanded via anil8400@upi.",Central District,Main Station,2023-08-21
CASE-0202,FIR-227E08C1,CR-2023-0202,Investigation regarding Priya Sharma,Case involves suspicious activities near T Nagar,"During the investigation, it was found that Priya Sharma was in contact with unknown individuals using the number +910534435001. The suspect was seen near T Nagar.",Central District,Main Station,2023-04-11
CASE-0203,FIR-F744C4B1,CR-2023-0203,Investigation regarding Priya Sharma,Case involves suspicious activities near Karol Bagh,Priya Sharma from a shell company reported suspicious activity. Money was fraudulently transferred to gaurav8530@oksbi. The suspect's phone +918843545700 was switched off.,Central District,Main Station,2023-01-03
CASE-0204,FIR-D9BEF745,CR-2023-0204,Investigation regarding Deepak Chawla,Case involves suspicious activities near Noida Sector 18,"During the investigation, it was found that Deepak Chawla was in contact with unknown individuals using the number +919629244313. The suspect was seen near Noida Sector 18.",Central District,Main Station,2023-06-25
CASE-0205,FIR-A503310A,CR-2023-0205,Investigation regarding Priya Sharma,Case involves suspicious activities near Gachibowli,Priya Sharma from Cyber Corp reported suspicious activity. Money was fraudulently transferred to gaurav8530@oksbi. The suspect's phone +910539363533 was switched off.,Central District,Main Station,2023-03-06
CASE-0206,FIR-29521CA9,CR-2023-0206,Investigation regarding Rahul Desai,Case involves suspicious activities near Karol Bagh,"During the investigation, it was found that Rahul Desai was in contact with unknown individuals using the number +913547280012. The suspect was seen near Karol Bagh.",Central District,Main Station,2023-08-18
CASE-0207,FIR-230192A9,CR-2023-0207,Investigation regarding Rekha Bose,Case involves suspicious activities near Salt Lake City,Investigators intercepted a call to +915191308126 near Salt Lake City. Suspect Rekha Bose was observed fleeing in vehicle an unknown vehicle.,Central District,Main Station,2023-10-08
CASE-0208,FIR-7AF23FE0,CR-2023-0208,Investigation regarding Swati Pillai,Case involves suspicious activities near Viman Nagar,"A vehicle HR73SE7329 was found abandoned at Viman Nagar. Evidence links it to Swati Pillai, who was previously contacted via +910862010900. A ransom was demanded via swati2799@paytm.",Central District,Main Station,2023-02-27
CASE-0209,FIR-9DCCD7F9,CR-2023-0209,Investigation regarding Priyanka Das,Case involves suspicious activities near Jubilee Hills,A complaint was filed against Priyanka Das who allegedly operates under Omega Networks. Financial trails led to a transaction made to anil3376@okicici.,Central District,Main Station,2023-03-30
CASE-0210,FIR-CC0A34F4,CR-2023-0210,Investigation regarding Deepak Chawla,Case involves suspicious activities near Indiranagar,"A vehicle an unknown vehicle was found abandoned at Indiranagar. Evidence links it to Deepak Chawla, who was previously contacted via +912848587043. A ransom was demanded via deepak1279@oksbi.",Central District,Main Station,2023-04-14
CASE-0211,FIR-261D4F97,CR-2023-0211,Investigation regarding Gaurav Malhotra,Case involves suspicious activities near Viman Nagar,Investigators intercepted a call to +911251754409 near Viman Nagar. Suspect Gaurav Malhotra was observed fleeing in vehicle an unknown vehicle.,Central District,Main Station,2023-06-10
CASE-0212,FIR-BC7F15AA,CR-2023-0212,Investigation regarding Deepak Chawla,Case involves suspicious activities near Hinjewadi,Deepak Chawla from a shell company reported suspicious activity. Money was fraudulently transferred to deepak722@paytm. The suspect's phone +918010384476 was switched off.,Central District,Main Station,2023-08-17
CASE-0213,FIR-FE56FC7B,CR-2023-0213,Investigation regarding Gaurav Malhotra,Case involves suspicious activities near Secunderabad Railway Station,Gaurav Malhotra from a shell company reported suspicious activity. Money was fraudulently transferred to swati1185@upi. The suspect's phone +914271636761 was switched off.,Central District,Main Station,2023-08-19
CASE-0214,FIR-DC24E82F,CR-2023-0214,Investigation regarding Divya Jain,Case involves suspicious activities near Bandra Kurla Complex,"A vehicle an unknown vehicle was found abandoned at Bandra Kurla Complex. Evidence links it to Divya Jain, who was previously contacted via +912599338749. A ransom was demanded via divya5526@paytm.",Central District,Main Station,2023-04-05
CASE-0215,FIR-10F5AF08,CR-2023-0215,Investigation regarding Sneha Joshi,Case involves suspicious activities near Gurgaon Sector 29,Investigators intercepted a call to +917289286553 near Gurgaon Sector 29. Suspect Sneha Joshi was observed fleeing in vehicle TN07CC7087.,Central District,Main Station,2023-01-30
CASE-0216,FIR-85E85543,CR-2023-0216,Investigation regarding Swati Pillai,Case involves suspicious activities near Koramangala,Investigators intercepted a call to +916607948271 near Koramangala. Suspect Swati Pillai was observed fleeing in vehicle an unknown vehicle.,Central District,Main Station,2023-05-25
CASE-0217,FIR-12DBDC0A,CR-2023-0217,Investigation regarding Nitin Agarwal,Case involves suspicious activities near Secunderabad Railway Station,Nitin Agarwal from a shell company reported suspicious activity. Money was fraudulently transferred to gaurav7778@paytm. The suspect's phone +918994187632 was switched off.,Central District,Main Station,2023-05-18
CASE-0218,FIR-4947A6AC,CR-2023-0218,Investigation regarding Suresh Rao,Case involves suspicious activities near New Town,Investigators intercepted a call to +916853957256 near New Town. Suspect Suresh Rao was observed fleeing in vehicle an unknown vehicle.,Central District,Main Station,2023-09-29
CASE-0219,FIR-F0E00978,CR-2023-0219,Investigation regarding Arjun Nair,Case involves suspicious activities near Koramangala,Investigators intercepted a call to +912780496936 near Koramangala. Suspect Arjun Nair was observed fleeing in vehicle an unknown vehicle.,Central District,Main Station,2023-07-03
CASE-0220,FIR-EDE278B7,CR-2023-0220,Investigation regarding Vishal Anand,Case involves suspicious activities near Bandra Kurla Complex,"During the investigation, it was found that Vishal Anand was in contact with unknown individuals using the number +914359315208. The suspect was seen near Bandra Kurla Complex.",Central District,Main Station,2023-06-20
CASE-0221,FIR-75B8488F,CR-2023-0221,Investigation regarding Priyanka Das,Case involves suspicious activities near T Nagar,"A vehicle AP35WD2090 was found abandoned at T Nagar. Evidence links it to Priyanka Das, who was previously contacted via +912135016998. A ransom was demanded via priyanka9087@paytm.",Central District,Main Station,2023-06-14
CASE-0222,FIR-1E7CD7DA,CR-2023-0222,Investigation regarding Vishal Anand,Case involves suspicious activities near Secunderabad Railway Station,A complaint was filed against Vishal Anand who allegedly operates under Omega Networks. Financial trails led to a transaction made to vishal6171@okhdfcbank.,Central District,Main Station,2023-05-31
CASE-0223,FIR-906A9015,CR-2023-0223,Investigation regarding Sneha Joshi,Case involves suspicious activities near Connaught Place,"During the investigation, it was found that Sneha Joshi was in contact with unknown individuals using the number +917437514483. The suspect was seen near Connaught Place.",Central District,Main Station,2023-10-09
CASE-0224,FIR-C8C676AF,CR-2023-0224,Investigation regarding Sunita Verma,Case involves suspicious activities near Vasant Kunj,"During the investigation, it was found that Sunita Verma was in contact with unknown individuals using the number +916209181900. The suspect was seen near Vasant Kunj.",Central District,Main Station,2023-07-28
CASE-0225,FIR-A7E1E996,CR-2023-0225,Investigation regarding Pooja Bhatia,Case involves suspicious activities near Salt Lake City,Pooja Bhatia from a shell company reported suspicious activity. Money was fraudulently transferred to pooja7106@paytm. The suspect's phone +911658299659 was switched off.,Central District,Main Station,2023-06-07
CASE-0226,FIR-6496E673,CR-2023-0226,Investigation regarding Tarun Choudhury,Case involves suspicious activities near Secunderabad Railway Station,Investigators intercepted a call to +916853038279 near Secunderabad Railway Station. Suspect Tarun Choudhury was observed fleeing in vehicle an unknown vehicle.,Central District,Main Station,2023-09-08
CASE-0227,FIR-FA15E61E,CR-2023-0227,Investigation regarding Arjun Nair,Case involves suspicious activities near Koramangala,"During the investigation, it was found that Arjun Nair was in contact with unknown individuals using the number +911210916951. The suspect was seen near Koramangala.",Central District,Main Station,2023-07-12
CASE-0228,FIR-CF8FD98A,CR-2023-0228,Investigation regarding Amit Singh,Case involves suspicious activities near Hinjewadi,Investigators intercepted a call to +912344716822 near Hinjewadi. Suspect Amit Singh was observed fleeing in vehicle AP30WG4800.,Central District,Main Station,2023-04-02
CASE-0229,FIR-B171AE37,CR-2023-0229,Investigation regarding Priya Sharma,Case involves suspicious activities near Karol Bagh,"A vehicle an unknown vehicle was found abandoned at Karol Bagh. Evidence links it to Priya Sharma, who was previously contacted via +912848587043. A ransom was demanded via vishal4819@okicici.",Central District,Main Station,2023-04-17
CASE-0230,FIR-90023A08,CR-2023-0230,Investigation regarding Anil Kadam,Case involves suspicious activities near Secunderabad Railway Station,"A vehicle HR27KO8226 was found abandoned at Secunderabad Railway Station. Evidence links it to Anil Kadam, who was previously contacted via +911182887465. A ransom was demanded via anil8477@oksbi.",Central District,Main Station,2023-06-27
CASE-0231,FIR-80DECBC5,CR-2023-0231,Investigation regarding Vikram Reddy,Case involves suspicious activities near Salt Lake City,"During the investigation, it was found that Vikram Reddy was in contact with unknown individuals using the number +916780341720. The suspect was seen near Salt Lake City.",Central District,Main Station,2023-04-20
CASE-0232,FIR-4F62CC36,CR-2023-0232,Investigation regarding Rajesh Kumar,Case involves suspicious activities near Bandra Kurla Complex,A complaint was filed against Rajesh Kumar who allegedly operates under a shell company. Financial trails led to a transaction made to rajesh1393@okhdfcbank.,Central District,Main Station,2023-03-19
CASE-0233,FIR-151F08F3,CR-2023-0233,Investigation regarding Prakash Jha,Case involves suspicious activities near Hinjewadi,Investigators intercepted a call to +916307331452 near Hinjewadi. Suspect Prakash Jha was observed fleeing in vehicle WB25IP8029.,Central District,Main Station,2023-09-26
CASE-0234,FIR-3EBA5F9E,CR-2023-0234,Investigation regarding Vikram Reddy,Case involves suspicious activities near Salt Lake City,Vikram Reddy from a shell company reported suspicious activity. Money was fraudulently transferred to vikram7433@upi. The suspect's phone +910000103705 was switched off.,Central District,Main Station,2023-04-10
CASE-0235,FIR-43347690,CR-2023-0235,Investigation regarding Vishal Anand,Case involves suspicious activities near Jubilee Hills,A complaint was filed against Vishal Anand who allegedly operates under Omega Networks. Financial trails led to a transaction made to priya8904@oksbi.,Central District,Main Station,2023-03-23
CASE-0236,FIR-FCA1E418,CR-2023-0236,Investigation regarding Gaurav Malhotra,Case involves suspicious activities near Secunderabad Railway Station,"During the investigation, it was found that Gaurav Malhotra was in contact with unknown individuals using the number +913067876211. The suspect was seen near Secunderabad Railway Station.",Central District,Main Station,2023-05-15
CASE-0237,FIR-DE63352C,CR-2023-0237,Investigation regarding Gaurav Malhotra,Case involves suspicious activities near Noida Sector 18,"A vehicle WB55EL4412 was found abandoned at Noida Sector 18. Evidence links it to Gaurav Malhotra, who was previously contacted via +918073322302. A ransom was demanded via gaurav2867@okicici.",Central District,Main Station,2023-08-22
CASE-0238,FIR-0832DCE7,CR-2023-0238,Investigation regarding Karthik Iyer,Case involves suspicious activities near Jubilee Hills,"During the investigation, it was found that Karthik Iyer was in contact with unknown individuals using the number +917559680968. The suspect was seen near Jubilee Hills.",Central District,Main Station,2023-07-03
CASE-0239,FIR-416E0421,CR-2023-0239,Investigation regarding Vishal Anand,Case involves suspicious activities near T Nagar,"A vehicle an unknown vehicle was found abandoned at T Nagar. Evidence links it to Vishal Anand, who was previously contacted via +918343190114. A ransom was demanded via vishal4358@okhdfcbank.",Central District,Main Station,2023-07-27
CASE-0240,FIR-07373943,CR-2023-0240,Investigation regarding Sneha Joshi,Case involves suspicious activities near Viman Nagar,Investigators intercepted a call to +916454824897 near Viman Nagar. Suspect Sneha Joshi was observed fleeing in vehicle AP23OJ2305.,Central District,Main Station,2023-03-11
CASE-0241,FIR-3FE0B926,CR-2023-0241,Investigation regarding Divya Jain,Case involves suspicious activities near T Nagar,"A vehicle an unknown vehicle was found abandoned at T Nagar. Evidence links it to Divya Jain, who was previously contacted via +913121201754. A ransom was demanded via divya8968@okhdfcbank.",Central District,Main Station,2023-05-26
CASE-0242,FIR-E6182521,CR-2023-0242,Investigation regarding Sneha Joshi,Case involves suspicious activities near Gachibowli,A complaint was filed against Sneha Joshi who allegedly operates under Pinnacle Solutions. Financial trails led to a transaction made to sneha9056@upi.,Central District,Main Station,2023-05-02
CASE-0243,FIR-8E0C0BE6,CR-2023-0243,Investigation regarding Neha Kapoor,Case involves suspicious activities near Vasant Kunj,"A vehicle WB28RG3059 was found abandoned at Vasant Kunj. Evidence links it to Neha Kapoor, who was previously contacted via +911402256863. A ransom was demanded via neha3112@okhdfcbank.",Central District,Main Station,2023-04-12
CASE-0244,FIR-4D11286A,CR-2023-0244,Investigation regarding Suresh Rao,Case involves suspicious activities near Noida Sector 18,"A vehicle WB33BF1724 was found abandoned at Noida Sector 18. Evidence links it to Suresh Rao, who was previously contacted via +913828987535. A ransom was demanded via suresh7520@paytm.",Central District,Main Station,2023-07-02
CASE-0245,FIR-656D49C9,CR-2023-0245,Investigation regarding Priya Sharma,Case involves suspicious activities near Hinjewadi,"A vehicle an unknown vehicle was found abandoned at Hinjewadi. Evidence links it to Priya Sharma, who was previously contacted via +913975433895. A ransom was demanded via vishal6171@okhdfcbank.",Central District,Main Station,2023-08-19
CASE-0246,FIR-FDC22FB5,CR-2023-0246,Investigation regarding Vishal Anand,Case involves suspicious activities near Vasant Kunj,Vishal Anand from a shell company reported suspicious activity. Money was fraudulently transferred to vishal6171@okhdfcbank. The suspect's phone +918843545700 was switched off.,Central District,Main Station,2023-08-17
CASE-0247,FIR-FCC3D109,CR-2023-0247,Investigation regarding Neha Kapoor,Case involves suspicious activities near Secunderabad Railway Station,"A vehicle MH54RE4789 was found abandoned at Secunderabad Railway Station. Evidence links it to Neha Kapoor, who was previously contacted via +916763791614. A ransom was demanded via neha5936@oksbi.",Central District,Main Station,2023-06-27
CASE-0248,FIR-3DE25C49,CR-2023-0248,Investigation regarding Vishal Anand,Case involves suspicious activities near Bandra Kurla Complex,Vishal Anand from a shell company reported suspicious activity. Money was fraudulently transferred to vishal249@oksbi. The suspect's phone +918646745808 was switched off.,Central District,Main Station,2023-08-14
CASE-0249,FIR-99E6349B,CR-2023-0249,Investigation regarding Suresh Rao,Case involves suspicious activities near Vasant Kunj,Investigators intercepted a call to +915527465681 near Vasant Kunj. Suspect Suresh Rao was observed fleeing in vehicle an unknown vehicle.,Central District,Main Station,2023-08-21
CASE-0250,FIR-D045E88C,CR-2023-0250,Investigation regarding Arjun Nair,Case involves suspicious activities near Connaught Place,Arjun Nair from a shell company reported suspicious activity. Money was fraudulently transferred to arjun8494@upi. The suspect's phone +915867724943 was switched off.,Central District,Main Station,2023-09-18
CASE-0251,FIR-73ABAC1C,CR-2023-0251,Investigation regarding Suresh Rao,Case involves suspicious activities near Gachibowli,"During the investigation, it was found that Suresh Rao was in contact with unknown individuals using the number +917290393874. The suspect was seen near Gachibowli.",Central District,Main Station,2023-03-09
CASE-0252,FIR-68203E1F,CR-2023-0252,Investigation regarding Tarun Choudhury,Case involves suspicious activities near Koramangala,"During the investigation, it was found that Tarun Choudhury was in contact with unknown individuals using the number +916804483483. The suspect was seen near Koramangala.",Central District,Main Station,2023-07-31
CASE-0253,FIR-779A13C3,CR-2023-0253,Investigation regarding Sneha Joshi,Case involves suspicious activities near Vasant Kunj,Sneha Joshi from a shell company reported suspicious activity. Money was fraudulently transferred to sneha1636@paytm. The suspect's phone +912905227010 was switched off.,Central District,Main Station,2023-04-26
CASE-0254,FIR-727A64E4,CR-2023-0254,Investigation regarding Nitin Agarwal,Case involves suspicious activities near New Town,A complaint was filed against Nitin Agarwal who allegedly operates under a shell company. Financial trails led to a transaction made to nitin549@upi.,Central District,Main Station,2023-07-27
CASE-0255,FIR-22E5E5A4,CR-2023-0255,Investigation regarding Amit Singh,Case involves suspicious activities near Anna Nagar,"A vehicle WB26OM8970 was found abandoned at Anna Nagar. Evidence links it to Amit Singh, who was previously contacted via +912485629252. A ransom was demanded via kavita3841@okhdfcbank.",Central District,Main Station,2023-03-22
CASE-0256,FIR-57E77BD5,CR-2023-0256,Investigation regarding Arjun Nair,Case involves suspicious activities near Koramangala,"During the investigation, it was found that Arjun Nair was in contact with unknown individuals using the number +912871668936. The suspect was seen near Koramangala.",Central District,Main Station,2023-03-31
CASE-0257,FIR-549BECE9,CR-2023-0257,Investigation regarding Deepak Chawla,Case involves suspicious activities near Andheri West,A complaint was filed against Deepak Chawla who allegedly operates under a shell company. Financial trails led to a transaction made to nitin2739@okicici.,Central District,Main Station,2023-01-28
CASE-0258,FIR-65DC8718,CR-2023-0258,Investigation regarding Suresh Rao,Case involves suspicious activities near Noida Sector 18,Suresh Rao from a shell company reported suspicious activity. Money was fraudulently transferred to vishal3205@oksbi. The suspect's phone +912891254249 was switched off.,Central District,Main Station,2023-03-31
CASE-0259,FIR-D54CE867,CR-2023-0259,Investigation regarding Pooja Bhatia,Case involves suspicious activities near Gachibowli,Pooja Bhatia from a shell company reported suspicious activity. Money was fraudulently transferred to gaurav6087@okhdfcbank. The suspect's phone +912062619351 was switched off.,Central District,Main Station,2023-10-20
CASE-0260,FIR-9B40A398,CR-2023-0260,Investigation regarding Meera Menon,Case involves suspicious activities near Noida Sector 18,Investigators intercepted a call to +911444441476 near Noida Sector 18. Suspect Meera Menon was observed fleeing in vehicle an unknown vehicle.,Central District,Main Station,2023-09-04
CASE-0261,FIR-FEE2B914,CR-2023-0261,Investigation regarding Priyanka Das,Case involves suspicious activities near T Nagar,Priyanka Das from a shell company reported suspicious activity. Money was fraudulently transferred to karthik1915@upi. The suspect's phone +912440682429 was switched off.,Central District,Main Station,2023-06-06
CASE-0262,FIR-66704C28,CR-2023-0262,Investigation regarding Nitin Agarwal,Case involves suspicious activities near Vasant Kunj,Nitin Agarwal from a shell company reported suspicious activity. Money was fraudulently transferred to nitin5839@okicici. The suspect's phone +915799261605 was switched off.,Central District,Main Station,2023-03-21
CASE-0263,FIR-31EAE8C4,CR-2023-0263,Investigation regarding Amit Singh,Case involves suspicious activities near Secunderabad Railway Station,Investigators intercepted a call to +912789947990 near Secunderabad Railway Station. Suspect Amit Singh was observed fleeing in vehicle TS42AI8566.,Central District,Main Station,2023-02-11
CASE-0264,FIR-C001ED82,CR-2023-0264,Investigation regarding Karthik Iyer,Case involves suspicious activities near Secunderabad Railway Station,A complaint was filed against Karthik Iyer who allegedly operates under a shell company. Financial trails led to a transaction made to sunita2821@okhdfcbank.,Central District,Main Station,2023-02-24
CASE-0265,FIR-5051E4A1,CR-2023-0265,Investigation regarding Vikram Reddy,Case involves suspicious activities near Gurgaon Sector 29,A complaint was filed against Vikram Reddy who allegedly operates under a shell company. Financial trails led to a transaction made to vikram1980@upi.,Central District,Main Station,2023-09-26
CASE-0266,FIR-FDE4453A,CR-2023-0266,Investigation regarding Anil Kadam,Case involves suspicious activities near Gachibowli,A complaint was filed against Anil Kadam who allegedly operates under a shell company. Financial trails led to a transaction made to priyanka4284@upi.,Central District,Main Station,2023-02-15
CASE-0267,FIR-FDAE9BC6,CR-2023-0267,Investigation regarding Sanjay Mishra,Case involves suspicious activities near T Nagar,Investigators intercepted a call to +917290393874 near T Nagar. Suspect Sanjay Mishra was observed fleeing in vehicle WB33BF1724.,Central District,Main Station,2023-03-08
CASE-0268,FIR-876A3F47,CR-2023-0268,Investigation regarding Ritu Saxena,Case involves suspicious activities near Secunderabad Railway Station,"A vehicle an unknown vehicle was found abandoned at Secunderabad Railway Station. Evidence links it to Ritu Saxena, who was previously contacted via +910629220881. A ransom was demanded via swati1185@upi.",Central District,Main Station,2023-05-11
CASE-0269,FIR-329B2714,CR-2023-0269,Investigation regarding Deepak Chawla,Case involves suspicious activities near Vasant Kunj,Investigators intercepted a call to +917290393874 near Vasant Kunj. Suspect Deepak Chawla was observed fleeing in vehicle an unknown vehicle.,Central District,Main Station,2023-03-06
CASE-0270,FIR-38E17E0C,CR-2023-0270,Investigation regarding Priya Sharma,Case involves suspicious activities near Andheri West,"A vehicle an unknown vehicle was found abandoned at Andheri West. Evidence links it to Priya Sharma, who was previously contacted via +911344878466. A ransom was demanded via priya2804@upi.",Central District,Main Station,2023-05-11
CASE-0271,FIR-5CE95020,CR-2023-0271,Investigation regarding Sunita Verma,Case involves suspicious activities near Jubilee Hills,"During the investigation, it was found that Sunita Verma was in contact with unknown individuals using the number +917290393874. The suspect was seen near Jubilee Hills.",Central District,Main Station,2023-04-30
CASE-0272,FIR-6BB6AF4A,CR-2023-0272,Investigation regarding Priya Sharma,Case involves suspicious activities near Karol Bagh,Priya Sharma from a shell company reported suspicious activity. Money was fraudulently transferred to rahul6041@oksbi. The suspect's phone +914271636761 was switched off.,Central District,Main Station,2023-06-24
CASE-0273,FIR-40269B4B,CR-2023-0273,Investigation regarding Karthik Iyer,Case involves suspicious activities near Salt Lake City,"During the investigation, it was found that Karthik Iyer was in contact with unknown individuals using the number +914359315208. The suspect was seen near Salt Lake City.",Central District,Main Station,2023-01-29
CASE-0274,FIR-F9AF0524,CR-2023-0274,Investigation regarding Vikram Reddy,Case involves suspicious activities near Vasant Kunj,Vikram Reddy from a shell company reported suspicious activity. Money was fraudulently transferred to vikram5358@oksbi. The suspect's phone +914897219099 was switched off.,Central District,Main Station,2023-09-14
CASE-0275,FIR-1D34535A,CR-2023-0275,Investigation regarding Sanjay Mishra,Case involves suspicious activities near Bandra Kurla Complex,A complaint was filed against Sanjay Mishra who allegedly operates under Zenith Traders. Financial trails led to a transaction made to manoj466@oksbi.,Central District,Main Station,2023-07-22
CASE-0276,FIR-F64C72CB,CR-2023-0276,Investigation regarding Anil Kadam,Case involves suspicious activities near Gurgaon Sector 29,A complaint was filed against Anil Kadam who allegedly operates under a shell company. Financial trails led to a transaction made to anil3865@upi.,Central District,Main Station,2023-04-15
CASE-0277,FIR-C7155B85,CR-2023-0277,Investigation regarding Sunita Verma,Case involves suspicious activities near Vasant Kunj,Investigators intercepted a call to +915437501020 near Vasant Kunj. Suspect Sunita Verma was observed fleeing in vehicle UP05XO1009.,Central District,Main Station,2023-03-25
CASE-0278,FIR-5234532D,CR-2023-0278,Investigation regarding Divya Jain,Case involves suspicious activities near Vasant Kunj,Investigators intercepted a call to +910753540823 near Vasant Kunj. Suspect Divya Jain was observed fleeing in vehicle an unknown vehicle.,Central District,Main Station,2023-08-07
CASE-0279,FIR-550136B1,CR-2023-0279,Investigation regarding Sunita Verma,Case involves suspicious activities near Indiranagar,Sunita Verma from a shell company reported suspicious activity. Money was fraudulently transferred to sunita5102@upi. The suspect's phone +910932627488 was switched off.,Central District,Main Station,2023-09-21
CASE-0280,FIR-BE59B7E9,CR-2023-0280,Investigation regarding Suresh Rao,Case involves suspicious activities near Hinjewadi,A complaint was filed against Suresh Rao who allegedly operates under a shell company. Financial trails led to a transaction made to suresh8882@upi.,Central District,Main Station,2023-04-27
CASE-0281,FIR-E836FB58,CR-2023-0281,Investigation regarding Meera Menon,Case involves suspicious activities near Connaught Place,"A vehicle an unknown vehicle was found abandoned at Connaught Place. Evidence links it to Meera Menon, who was previously contacted via +919868700701. A ransom was demanded via meera3525@okhdfcbank.",Central District,Main Station,2023-10-10
CASE-0282,FIR-FF0CC2AD,CR-2023-0282,Investigation regarding Rahul Desai,Case involves suspicious activities near Hinjewadi,Investigators intercepted a call to +914271636761 near Hinjewadi. Suspect Rahul Desai was observed fleeing in vehicle an unknown vehicle.,Central District,Main Station,2023-03-29
CASE-0283,FIR-ABAAF234,CR-2023-0283,Investigation regarding Vishal Anand,Case involves suspicious activities near Anna Nagar,Investigators intercepted a call to +913426117548 near Anna Nagar. Suspect Vishal Anand was observed fleeing in vehicle an unknown vehicle.,Central District,Main Station,2023-09-27
CASE-0284,FIR-4080EF64,CR-2023-0284,Investigation regarding Prakash Jha,Case involves suspicious activities near Noida Sector 18,Prakash Jha from a shell company reported suspicious activity. Money was fraudulently transferred to amit4927@oksbi. The suspect's phone +910932627488 was switched off.,Central District,Main Station,2023-06-11
CASE-0285,FIR-69C024C2,CR-2023-0285,Investigation regarding Priya Sharma,Case involves suspicious activities near Koramangala,"A vehicle UP70RR9340 was found abandoned at Koramangala. Evidence links it to Priya Sharma, who was previously contacted via +918939472482. A ransom was demanded via nitin2739@okicici.",Central District,Main Station,2023-08-29
CASE-0286,FIR-F9908CC7,CR-2023-0286,Investigation regarding Rahul Desai,Case involves suspicious activities near Bandra Kurla Complex,Rahul Desai from a shell company reported suspicious activity. Money was fraudulently transferred to priyanka9666@oksbi. The suspect's phone +913547280012 was switched off.,Central District,Main Station,2023-03-16
CASE-0287,FIR-8E51457C,CR-2023-0287,Investigation regarding Anjali Gupta,Case involves suspicious activities near Koramangala,A complaint was filed against Anjali Gupta who allegedly operates under a shell company. Financial trails led to a transaction made to rahul6041@oksbi.,Central District,Main Station,2023-09-18
CASE-0288,FIR-5005116D,CR-2023-0288,Investigation regarding Anjali Gupta,Case involves suspicious activities near Gachibowli,"A vehicle TS27RY8275 was found abandoned at Gachibowli. Evidence links it to Anjali Gupta, who was previously contacted via +917055900798. A ransom was demanded via priya8904@oksbi.",Central District,Main Station,2023-09-08
CASE-0289,FIR-48D306F8,CR-2023-0289,Investigation regarding Suresh Rao,Case involves suspicious activities near Noida Sector 18,"During the investigation, it was found that Suresh Rao was in contact with unknown individuals using the number +914573281467. The suspect was seen near Noida Sector 18.",Central District,Main Station,2023-06-25
CASE-0290,FIR-75954DAF,CR-2023-0290,Investigation regarding Suresh Rao,Case involves suspicious activities near Gachibowli,Investigators intercepted a call to +911782032348 near Gachibowli. Suspect Suresh Rao was observed fleeing in vehicle an unknown vehicle.,Central District,Main Station,2023-02-01
CASE-0291,FIR-2B207F53,CR-2023-0291,Investigation regarding Anjali Gupta,Case involves suspicious activities near Noida Sector 18,Anjali Gupta from a shell company reported suspicious activity. Money was fraudulently transferred to deepak3146@oksbi. The suspect's phone +915720825366 was switched off.,Central District,Main Station,2023-05-28
CASE-0292,FIR-58FEA878,CR-2023-0292,Investigation regarding Ritu Saxena,Case involves suspicious activities near Karol Bagh,"A vehicle GJ12EC3311 was found abandoned at Karol Bagh. Evidence links it to Ritu Saxena, who was previously contacted via +915041435052. A ransom was demanded via ritu4936@okhdfcbank.",Central District,Main Station,2023-02-16
CASE-0293,FIR-B14FFEB9,CR-2023-0293,Investigation regarding Pooja Bhatia,Case involves suspicious activities near Secunderabad Railway Station,"A vehicle UP30QB6627 was found abandoned at Secunderabad Railway Station. Evidence links it to Pooja Bhatia, who was previously contacted via +915726661994. A ransom was demanded via pooja1904@upi.",Central District,Main Station,2023-05-10
CASE-0294,FIR-58A74F4B,CR-2023-0294,Investigation regarding Rekha Bose,Case involves suspicious activities near Bandra Kurla Complex,A complaint was filed against Rekha Bose who allegedly operates under a shell company. Financial trails led to a transaction made to rekha6996@oksbi.,Central District,Main Station,2023-07-16
CASE-0295,FIR-2741CD7C,CR-2023-0295,Investigation regarding Rekha Bose,Case involves suspicious activities near T Nagar,A complaint was filed against Rekha Bose who allegedly operates under a shell company. Financial trails led to a transaction made to meera8430@okhdfcbank.,Central District,Main Station,2023-08-22
CASE-0296,FIR-53C0C326,CR-2023-0296,Investigation regarding Rahul Desai,Case involves suspicious activities near Bandra Kurla Complex,"A vehicle TN58YK2333 was found abandoned at Bandra Kurla Complex. Evidence links it to Rahul Desai, who was previously contacted via +913547280012. A ransom was demanded via priya7684@upi.",Central District,Main Station,2023-06-11
CASE-0297,FIR-DC9B0067,CR-2023-0297,Investigation regarding Divya Jain,Case involves suspicious activities near Bandra Kurla Complex,A complaint was filed against Divya Jain who allegedly operates under a shell company. Financial trails led to a transaction made to divya1747@okhdfcbank.,Central District,Main Station,2023-10-08
CASE-0298,FIR-D51684DC,CR-2023-0298,Investigation regarding Rekha Bose,Case involves suspicious activities near Bandra Kurla Complex,Rekha Bose from a shell company reported suspicious activity. Money was fraudulently transferred to rekha8155@upi. The suspect's phone +919209629821 was switched off.,Central District,Main Station,2023-08-03
CASE-0299,FIR-7C279E0E,CR-2023-0299,Investigation regarding Nitin Agarwal,Case involves suspicious activities near Vasant Kunj,"A vehicle an unknown vehicle was found abandoned at Vasant Kunj. Evidence links it to Nitin Agarwal, who was previously contacted via +910122351319. A ransom was demanded via nitin2074@paytm.",Central District,Main Station,2023-02-01
CASE-0300,FIR-31BA7243,CR-2023-0300,Investigation regarding Rajesh Kumar,Case involves suspicious activities near Bandra Kurla Complex,A complaint was filed against Rajesh Kumar who allegedly operates under a shell company. Financial trails led to a transaction made to rajesh1325@paytm.,Central District,Main Station,2023-10-20
CASE-0301,FIR-1192264C,CR-2023-0301,Investigation regarding Sunita Verma,Case involves suspicious activities near Anna Nagar,A complaint was filed against Sunita Verma who allegedly operates under a shell company. Financial trails led to a transaction made to sunita949@upi.,Central District,Main Station,2023-07-22
CASE-0302,FIR-52097D13,CR-2023-0302,Investigation regarding Prakash Jha,Case involves suspicious activities near Gachibowli,"During the investigation, it was found that Prakash Jha was in contact with unknown individuals using the number +918341046989. The suspect was seen near Gachibowli.",Central District,Main Station,2023-10-27
CASE-0303,FIR-1DF2C5C1,CR-2023-0303,Investigation regarding Anjali Gupta,Case involves suspicious activities near Vasant Kunj,"During the investigation, it was found that Anjali Gupta was in contact with unknown individuals using the number +912209263659. The suspect was seen near Vasant Kunj.",Central District,Main Station,2023-04-13
CASE-0304,FIR-0ECBBF7C,CR-2023-0304,Investigation regarding Suresh Rao,Case involves suspicious activities near Karol Bagh,A complaint was filed against Suresh Rao who allegedly operates under Vertex Imports. Financial trails led to a transaction made to priya2314@oksbi.,Central District,Main Station,2023-02-01
CASE-0305,FIR-D6F08C1A,CR-2023-0305,Investigation regarding Karthik Iyer,Case involves suspicious activities near New Town,"During the investigation, it was found that Karthik Iyer was in contact with unknown individuals using the number +914359315208. The suspect was seen near New Town.",Central District,Main Station,2023-05-18
CASE-0306,FIR-B7DFD87A,CR-2023-0306,Investigation regarding Deepak Chawla,Case involves suspicious activities near Vasant Kunj,"A vehicle AP92SR1885 was found abandoned at Vasant Kunj. Evidence links it to Deepak Chawla, who was previously contacted via +914271636761. A ransom was demanded via deepak4703@oksbi.",Central District,Main Station,2023-03-18
CASE-0307,FIR-12BBAD54,CR-2023-0307,Investigation regarding Pooja Bhatia,Case involves suspicious activities near Gurgaon Sector 29,Investigators intercepted a call to +914239058338 near Gurgaon Sector 29. Suspect Pooja Bhatia was observed fleeing in vehicle an unknown vehicle.,Central District,Main Station,2023-06-13
CASE-0308,FIR-94F6A5C3,CR-2023-0308,Investigation regarding Nitin Agarwal,Case involves suspicious activities near Connaught Place,"A vehicle MH50RL7831 was found abandoned at Connaught Place. Evidence links it to Nitin Agarwal, who was previously contacted via +912047292195. A ransom was demanded via nitin2642@oksbi.",Central District,Main Station,2023-02-07
CASE-0309,FIR-1AB77DDD,CR-2023-0309,Investigation regarding Kavita Rathi,Case involves suspicious activities near Koramangala,Kavita Rathi from Zenith Traders reported suspicious activity. Money was fraudulently transferred to kavita9148@oksbi. The suspect's phone +918624564306 was switched off.,Central District,Main Station,2023-06-23
CASE-0310,FIR-F63CAF5E,CR-2023-0310,Investigation regarding Priya Sharma,Case involves suspicious activities near Hinjewadi,"During the investigation, it was found that Priya Sharma was in contact with unknown individuals using the number +913975433895. The suspect was seen near Hinjewadi.",Central District,Main Station,2023-02-03
CASE-0311,FIR-9B306598,CR-2023-0311,Investigation regarding Pooja Bhatia,Case involves suspicious activities near Gurgaon Sector 29,"During the investigation, it was found that Pooja Bhatia was in contact with unknown individuals using the number +915920116378. The suspect was seen near Gurgaon Sector 29.",Central District,Main Station,2023-05-08
CASE-0312,FIR-B5647A67,CR-2023-0312,Investigation regarding Anil Kadam,Case involves suspicious activities near Connaught Place,"During the investigation, it was found that Anil Kadam was in contact with unknown individuals using the number +911885956157. The suspect was seen near Connaught Place.",Central District,Main Station,2023-09-30
CASE-0313,FIR-71E4C5A9,CR-2023-0313,Investigation regarding Gaurav Malhotra,Case involves suspicious activities near Gurgaon Sector 29,Investigators intercepted a call to +912848587043 near Gurgaon Sector 29. Suspect Gaurav Malhotra was observed fleeing in vehicle KA79EJ4203.,Central District,Main Station,2023-03-18
CASE-0314,FIR-E05523C8,CR-2023-0314,Investigation regarding Ritu Saxena,Case involves suspicious activities near Andheri West,Ritu Saxena from a shell company reported suspicious activity. Money was fraudulently transferred to ritu9361@okhdfcbank. The suspect's phone +918545155824 was switched off.,Central District,Main Station,2023-05-08
CASE-0315,FIR-225C9BB4,CR-2023-0315,Investigation regarding Neha Kapoor,Case involves suspicious activities near T Nagar,Investigators intercepted a call to +910770357861 near T Nagar. Suspect Neha Kapoor was observed fleeing in vehicle HR33SE7104.,Central District,Main Station,2023-03-12
CASE-0316,FIR-921E56BC,CR-2023-0316,Investigation regarding Tarun Choudhury,Case involves suspicious activities near Salt Lake City,Tarun Choudhury from a shell company reported suspicious activity. Money was fraudulently transferred to tarun6134@oksbi. The suspect's phone +910351193387 was switched off.,Central District,Main Station,2023-02-03
CASE-0317,FIR-FA6E0D41,CR-2023-0317,Investigation regarding Meera Menon,Case involves suspicious activities near Karol Bagh,"A vehicle HR16LF4662 was found abandoned at Karol Bagh. Evidence links it to Meera Menon, who was previously contacted via +915765697117. A ransom was demanded via meera2566@paytm.",Central District,Main Station,2023-09-27
CASE-0318,FIR-3FE28941,CR-2023-0318,Investigation regarding Neha Kapoor,Case involves suspicious activities near Viman Nagar,"During the investigation, it was found that Neha Kapoor was in contact with unknown individuals using the number +915333219201. The suspect was seen near Viman Nagar.",Central District,Main Station,2023-09-19
CASE-0319,FIR-9E54A675,CR-2023-0319,Investigation regarding Rahul Desai,Case involves suspicious activities near Connaught Place,"A vehicle TN58YK2333 was found abandoned at Connaught Place. Evidence links it to Rahul Desai, who was previously contacted via +910753540823. A ransom was demanded via gaurav6087@okhdfcbank.",Central District,Main Station,2023-05-30
CASE-0320,FIR-0F1CD560,CR-2023-0320,Investigation regarding Rahul Desai,Case involves suspicious activities near T Nagar,A complaint was filed against Rahul Desai who allegedly operates under Apex Trading. Financial trails led to a transaction made to rahul1975@paytm.,Central District,Main Station,2023-04-02
CASE-0321,FIR-523267D6,CR-2023-0321,Investigation regarding Deepak Chawla,Case involves suspicious activities near Gachibowli,Investigators intercepted a call to +911885956157 near Gachibowli. Suspect Deepak Chawla was observed fleeing in vehicle GJ56IV1697.,Central District,Main Station,2023-02-20
CASE-0322,FIR-8AAD1288,CR-2023-0322,Investigation regarding Meera Menon,Case involves suspicious activities near Jubilee Hills,Investigators intercepted a call to +911151048469 near Jubilee Hills. Suspect Meera Menon was observed fleeing in vehicle an unknown vehicle.,Central District,Main Station,2023-04-21
CASE-0323,FIR-92E0722C,CR-2023-0323,Investigation regarding Rajesh Kumar,Case involves suspicious activities near Bandra Kurla Complex,A complaint was filed against Rajesh Kumar who allegedly operates under a shell company. Financial trails led to a transaction made to rajesh9973@upi.,Central District,Main Station,2023-04-25
CASE-0324,FIR-84CDEF34,CR-2023-0324,Investigation regarding Nitin Agarwal,Case involves suspicious activities near Gurgaon Sector 29,A complaint was filed against Nitin Agarwal who allegedly operates under Pinnacle Solutions. Financial trails led to a transaction made to karthik5492@okicici.,Central District,Main Station,2023-09-15
CASE-0325,FIR-0D8435ED,CR-2023-0325,Investigation regarding Amit Singh,Case involves suspicious activities near Indiranagar,Investigators intercepted a call to +912652774044 near Indiranagar. Suspect Amit Singh was observed fleeing in vehicle an unknown vehicle.,Central District,Main Station,2023-09-05
CASE-0326,FIR-AE9C4BA9,CR-2023-0326,Investigation regarding Prakash Jha,Case involves suspicious activities near Secunderabad Railway Station,"A vehicle HR18ZW7934 was found abandoned at Secunderabad Railway Station. Evidence links it to Prakash Jha, who was previously contacted via +910938543884. A ransom was demanded via prakash1705@okhdfcbank.",Central District,Main Station,2023-09-27
CASE-0327,FIR-844860D9,CR-2023-0327,Investigation regarding Kavita Rathi,Case involves suspicious activities near Indiranagar,Kavita Rathi from a shell company reported suspicious activity. Money was fraudulently transferred to kavita4256@okicici. The suspect's phone +910351193387 was switched off.,Central District,Main Station,2023-01-23
CASE-0328,FIR-D5955E8A,CR-2023-0328,Investigation regarding Tarun Choudhury,Case involves suspicious activities near Hinjewadi,A complaint was filed against Tarun Choudhury who allegedly operates under a shell company. Financial trails led to a transaction made to gaurav8853@okicici.,Central District,Main Station,2023-10-13
CASE-0329,FIR-ED5E6D33,CR-2023-0329,Investigation regarding Tarun Choudhury,Case involves suspicious activities near Vasant Kunj,"During the investigation, it was found that Tarun Choudhury was in contact with unknown individuals using the number +914359315208. The suspect was seen near Vasant Kunj.",Central District,Main Station,2023-09-04
CASE-0330,FIR-839AC629,CR-2023-0330,Investigation regarding Sanjay Mishra,Case involves suspicious activities near Jubilee Hills,Investigators intercepted a call to +915527465681 near Jubilee Hills. Suspect Sanjay Mishra was observed fleeing in vehicle an unknown vehicle.,Central District,Main Station,2023-07-28
CASE-0331,FIR-02BA8C96,CR-2023-0331,Investigation regarding Pooja Bhatia,Case involves suspicious activities near Hinjewadi,Pooja Bhatia from a shell company reported suspicious activity. Money was fraudulently transferred to rahul6041@oksbi. The suspect's phone +914378066013 was switched off.,Central District,Main Station,2023-10-27
CASE-0332,FIR-7D4A6697,CR-2023-0332,Investigation regarding Kavita Rathi,Case involves suspicious activities near Jubilee Hills,Kavita Rathi from Zenith Traders reported suspicious activity. Money was fraudulently transferred to kavita8396@oksbi. The suspect's phone +912320285188 was switched off.,Central District,Main Station,2023-04-12
CASE-0333,FIR-FF2B5AB1,CR-2023-0333,Investigation regarding Rekha Bose,Case involves suspicious activities near Gachibowli,"A vehicle TS38XQ4159 was found abandoned at Gachibowli. Evidence links it to Rekha Bose, who was previously contacted via +917879811619. A ransom was demanded via rekha4291@okhdfcbank.",Central District,Main Station,2023-01-07
CASE-0334,FIR-FC6756FB,CR-2023-0334,Investigation regarding Sanjay Mishra,Case involves suspicious activities near Viman Nagar,"During the investigation, it was found that Sanjay Mishra was in contact with unknown individuals using the number +911782032348. The suspect was seen near Viman Nagar.",Central District,Main Station,2023-07-02
CASE-0335,FIR-3248524E,CR-2023-0335,Investigation regarding Anjali Gupta,Case involves suspicious activities near Koramangala,A complaint was filed against Anjali Gupta who allegedly operates under a shell company. Financial trails led to a transaction made to anjali128@paytm.,Central District,Main Station,2023-10-26
CASE-0336,FIR-37227D5A,CR-2023-0336,Investigation regarding Gaurav Malhotra,Case involves suspicious activities near Koramangala,"A vehicle an unknown vehicle was found abandoned at Koramangala. Evidence links it to Gaurav Malhotra, who was previously contacted via +912616913585. A ransom was demanded via meera2472@oksbi.",Central District,Main Station,2023-06-21
CASE-0337,FIR-2A113225,CR-2023-0337,Investigation regarding Rahul Desai,Case involves suspicious activities near Salt Lake City,Investigators intercepted a call to +916953741440 near Salt Lake City. Suspect Rahul Desai was observed fleeing in vehicle KA01SA3334.,Central District,Main Station,2023-05-08
CASE-0338,FIR-5591646D,CR-2023-0338,Investigation regarding Anjali Gupta,Case involves suspicious activities near Vasant Kunj,Investigators intercepted a call to +914609507226 near Vasant Kunj. Suspect Anjali Gupta was observed fleeing in vehicle an unknown vehicle.,Central District,Main Station,2023-05-05
CASE-0339,FIR-D1598A10,CR-2023-0339,Investigation regarding Tarun Choudhury,Case involves suspicious activities near Salt Lake City,"During the investigation, it was found that Tarun Choudhury was in contact with unknown individuals using the number +911655903639. The suspect was seen near Salt Lake City.",Central District,Main Station,2023-04-07
CASE-0340,FIR-1EBF0E50,CR-2023-0340,Investigation regarding Tarun Choudhury,Case involves suspicious activities near Connaught Place,Tarun Choudhury from a shell company reported suspicious activity. Money was fraudulently transferred to tarun4422@okicici. The suspect's phone +914206370446 was switched off.,Central District,Main Station,2023-10-13
CASE-0341,FIR-57F2912C,CR-2023-0341,Investigation regarding Karthik Iyer,Case involves suspicious activities near Secunderabad Railway Station,"A vehicle TN88GK3594 was found abandoned at Secunderabad Railway Station. Evidence links it to Karthik Iyer, who was previously contacted via +914239058338. A ransom was demanded via sunita2821@okhdfcbank.",Central District,Main Station,2023-10-21
CASE-0342,FIR-2D412698,CR-2023-0342,Investigation regarding Arjun Nair,Case involves suspicious activities near T Nagar,Arjun Nair from Metro Exporters reported suspicious activity. Money was fraudulently transferred to arjun7728@upi. The suspect's phone +919668738453 was switched off.,Central District,Main Station,2023-10-16
CASE-0343,FIR-48955510,CR-2023-0343,Investigation regarding Sanjay Mishra,Case involves suspicious activities near Bandra Kurla Complex,"During the investigation, it was found that Sanjay Mishra was in contact with unknown individuals using the number +911613233800. The suspect was seen near Bandra Kurla Complex.",Central District,Main Station,2023-03-18
CASE-0344,FIR-9440F0A8,CR-2023-0344,Investigation regarding Anjali Gupta,Case involves suspicious activities near Bandra Kurla Complex,Investigators intercepted a call to +917290393874 near Bandra Kurla Complex. Suspect Anjali Gupta was observed fleeing in vehicle an unknown vehicle.,Central District,Main Station,2023-10-26
CASE-0345,FIR-4FFD028E,CR-2023-0345,Investigation regarding Manoj Tiwari,Case involves suspicious activities near Salt Lake City,"A vehicle an unknown vehicle was found abandoned at Salt Lake City. Evidence links it to Manoj Tiwari, who was previously contacted via +913676586202. A ransom was demanded via manoj7456@upi.",Central District,Main Station,2023-10-22
CASE-0346,FIR-85A70303,CR-2023-0346,Investigation regarding Vishal Anand,Case involves suspicious activities near Bandra Kurla Complex,Investigators intercepted a call to +914239058338 near Bandra Kurla Complex. Suspect Vishal Anand was observed fleeing in vehicle TN88GK3594.,Central District,Main Station,2023-07-24
CASE-0347,FIR-D7BAC7CB,CR-2023-0347,Investigation regarding Anil Kadam,Case involves suspicious activities near T Nagar,A complaint was filed against Anil Kadam who allegedly operates under Zenith Traders. Financial trails led to a transaction made to manoj466@oksbi.,Central District,Main Station,2023-06-02
CASE-0348,FIR-C0ECC48F,CR-2023-0348,Investigation regarding Arjun Nair,Case involves suspicious activities near New Town,Investigators intercepted a call to +918646745808 near New Town. Suspect Arjun Nair was observed fleeing in vehicle an unknown vehicle.,Central District,Main Station,2023-07-11
CASE-0349,FIR-9BEB7355,CR-2023-0349,Investigation regarding Karthik Iyer,Case involves suspicious activities near Hinjewadi,"During the investigation, it was found that Karthik Iyer was in contact with unknown individuals using the number +916021101710. The suspect was seen near Hinjewadi.",Central District,Main Station,2023-02-26
CASE-0350,FIR-A57ACEAF,CR-2023-0350,Investigation regarding Sanjay Mishra,Case involves suspicious activities near Hinjewadi,A complaint was filed against Sanjay Mishra who allegedly operates under Vertex Imports. Financial trails led to a transaction made to sanjay8455@okhdfcbank.,Central District,Main Station,2023-09-02
CASE-0351,FIR-3745BED5,CR-2023-0351,Investigation regarding Sanjay Mishra,Case involves suspicious activities near T Nagar,"During the investigation, it was found that Sanjay Mishra was in contact with unknown individuals using the number +917406192979. The suspect was seen near T Nagar.",Central District,Main Station,2023-04-13
CASE-0352,FIR-B0CAF5C4,CR-2023-0352,Investigation regarding Gaurav Malhotra,Case involves suspicious activities near Noida Sector 18,Gaurav Malhotra from a shell company reported suspicious activity. Money was fraudulently transferred to divya7548@paytm. The suspect's phone +910941491188 was switched off.,Central District,Main Station,2023-01-12
CASE-0353,FIR-CD15B9E5,CR-2023-0353,Investigation regarding Anil Kadam,Case involves suspicious activities near Andheri West,"A vehicle an unknown vehicle was found abandoned at Andheri West. Evidence links it to Anil Kadam, who was previously contacted via +915527465681. A ransom was demanded via nitin2739@okicici.",Central District,Main Station,2023-09-28
CASE-0354,FIR-3E8EB1DC,CR-2023-0354,Investigation regarding Amit Singh,Case involves suspicious activities near Hinjewadi,"A vehicle KA89JD9671 was found abandoned at Hinjewadi. Evidence links it to Amit Singh, who was previously contacted via +917104875947. A ransom was demanded via amit8208@okicici.",Central District,Main Station,2023-04-16
CASE-0355,FIR-6B887157,CR-2023-0355,Investigation regarding Neha Kapoor,Case involves suspicious activities near Vasant Kunj,Neha Kapoor from a shell company reported suspicious activity. Money was fraudulently transferred to neha7076@okicici. The suspect's phone +917006373142 was switched off.,Central District,Main Station,2023-03-07
CASE-0356,FIR-7CD90415,CR-2023-0356,Investigation regarding Swati Pillai,Case involves suspicious activities near Hinjewadi,Swati Pillai from a shell company reported suspicious activity. Money was fraudulently transferred to swati7176@paytm. The suspect's phone +913892283443 was switched off.,Central District,Main Station,2023-10-05
CASE-0357,FIR-C1F67FC7,CR-2023-0357,Investigation regarding Anjali Gupta,Case involves suspicious activities near Noida Sector 18,"During the investigation, it was found that Anjali Gupta was in contact with unknown individuals using the number +914078836069. The suspect was seen near Noida Sector 18.",Central District,Main Station,2023-04-17
CASE-0358,FIR-46D5DC70,CR-2023-0358,Investigation regarding Meera Menon,Case involves suspicious activities near Viman Nagar,"During the investigation, it was found that Meera Menon was in contact with unknown individuals using the number +919872870214. The suspect was seen near Viman Nagar.",Central District,Main Station,2023-08-28
CASE-0359,FIR-40F824EC,CR-2023-0359,Investigation regarding Prakash Jha,Case involves suspicious activities near Andheri West,Investigators intercepted a call to +912062619351 near Andheri West. Suspect Prakash Jha was observed fleeing in vehicle an unknown vehicle.,Central District,Main Station,2023-07-09
CASE-0360,FIR-E584D8A7,CR-2023-0360,Investigation regarding Prakash Jha,Case involves suspicious activities near Gachibowli,"During the investigation, it was found that Prakash Jha was in contact with unknown individuals using the number +919458484561. The suspect was seen near Gachibowli.",Central District,Main Station,2023-04-17
CASE-0361,FIR-5B80ECB5,CR-2023-0361,Investigation regarding Pooja Bhatia,Case involves suspicious activities near New Town,"During the investigation, it was found that Pooja Bhatia was in contact with unknown individuals using the number +914359315208. The suspect was seen near New Town.",Central District,Main Station,2023-03-31
CASE-0362,FIR-51BE8B13,CR-2023-0362,Investigation regarding Prakash Jha,Case involves suspicious activities near Viman Nagar,"During the investigation, it was found that Prakash Jha was in contact with unknown individuals using the number +917290393874. The suspect was seen near Viman Nagar.",Central District,Main Station,2023-05-03
CASE-0363,FIR-6A397943,CR-2023-0363,Investigation regarding Priyanka Das,Case involves suspicious activities near Andheri West,"During the investigation, it was found that Priyanka Das was in contact with unknown individuals using the number +914938616598. The suspect was seen near Andheri West.",Central District,Main Station,2023-08-04
CASE-0364,FIR-93860E43,CR-2023-0364,Investigation regarding Pooja Bhatia,Case involves suspicious activities near Salt Lake City,A complaint was filed against Pooja Bhatia who allegedly operates under a shell company. Financial trails led to a transaction made to pooja2245@oksbi.,Central District,Main Station,2023-07-23
CASE-0365,FIR-C560C2B9,CR-2023-0365,Investigation regarding Nitin Agarwal,Case involves suspicious activities near New Town,"During the investigation, it was found that Nitin Agarwal was in contact with unknown individuals using the number +910932627488. The suspect was seen near New Town.",Central District,Main Station,2023-06-03
CASE-0366,FIR-080C6741,CR-2023-0366,Investigation regarding Neha Kapoor,Case involves suspicious activities near Hinjewadi,Investigators intercepted a call to +917378067955 near Hinjewadi. Suspect Neha Kapoor was observed fleeing in vehicle an unknown vehicle.,Central District,Main Station,2023-01-08
CASE-0367,FIR-49A34821,CR-2023-0367,Investigation regarding Amit Singh,Case involves suspicious activities near Salt Lake City,Amit Singh from a shell company reported suspicious activity. Money was fraudulently transferred to amit7776@upi. The suspect's phone +910860263703 was switched off.,Central District,Main Station,2023-02-24
CASE-0368,FIR-F5A23864,CR-2023-0368,Investigation regarding Deepak Chawla,Case involves suspicious activities near Salt Lake City,Investigators intercepted a call to +917485241563 near Salt Lake City. Suspect Deepak Chawla was observed fleeing in vehicle an unknown vehicle.,Central District,Main Station,2023-08-23
CASE-0369,FIR-4C589BD5,CR-2023-0369,Investigation regarding Vishal Anand,Case involves suspicious activities near Vasant Kunj,"A vehicle an unknown vehicle was found abandoned at Vasant Kunj. Evidence links it to Vishal Anand, who was previously contacted via +914271636761. A ransom was demanded via nitin6363@oksbi.",Central District,Main Station,2023-07-05
CASE-0370,FIR-98C40184,CR-2023-0370,Investigation regarding Rajesh Kumar,Case involves suspicious activities near Viman Nagar,"A vehicle TN21KC3343 was found abandoned at Viman Nagar. Evidence links it to Rajesh Kumar, who was previously contacted via +918388825721. A ransom was demanded via rajesh8360@oksbi.",Central District,Main Station,2023-01-03
CASE-0371,FIR-EF6BFF08,CR-2023-0371,Investigation regarding Nitin Agarwal,Case involves suspicious activities near T Nagar,A complaint was filed against Nitin Agarwal who allegedly operates under a shell company. Financial trails led to a transaction made to sunita5102@upi.,Central District,Main Station,2023-03-25
CASE-0372,FIR-4DD29F8B,CR-2023-0372,Investigation regarding Tarun Choudhury,Case involves suspicious activities near Gurgaon Sector 29,"A vehicle an unknown vehicle was found abandoned at Gurgaon Sector 29. Evidence links it to Tarun Choudhury, who was previously contacted via +918373992937. A ransom was demanded via tarun8403@okhdfcbank.",Central District,Main Station,2023-03-29
CASE-0373,FIR-A8013329,CR-2023-0373,Investigation regarding Ramesh Patel,Case involves suspicious activities near Gurgaon Sector 29,A complaint was filed against Ramesh Patel who allegedly operates under Pinnacle Solutions. Financial trails led to a transaction made to ramesh3352@oksbi.,Central District,Main Station,2023-08-13
CASE-0374,FIR-A12B2EC3,CR-2023-0374,Investigation regarding Priya Sharma,Case involves suspicious activities near New Town,Priya Sharma from a shell company reported suspicious activity. Money was fraudulently transferred to priya4557@upi. The suspect's phone +914206370446 was switched off.,Central District,Main Station,2023-09-23
CASE-0375,FIR-D5309B26,CR-2023-0375,Investigation regarding Divya Jain,Case involves suspicious activities near New Town,"A vehicle an unknown vehicle was found abandoned at New Town. Evidence links it to Divya Jain, who was previously contacted via +915285622937. A ransom was demanded via divya9027@oksbi.",Central District,Main Station,2023-06-12
CASE-0376,FIR-8AFDC711,CR-2023-0376,Investigation regarding Karthik Iyer,Case involves suspicious activities near Viman Nagar,Karthik Iyer from a shell company reported suspicious activity. Money was fraudulently transferred to gaurav8853@okicici. The suspect's phone +914675877093 was switched off.,Central District,Main Station,2023-10-28
CASE-0377,FIR-3152B6BE,CR-2023-0377,Investigation regarding Nitin Agarwal,Case involves suspicious activities near Andheri West,Investigators intercepted a call to +914577212430 near Andheri West. Suspect Nitin Agarwal was observed fleeing in vehicle an unknown vehicle.,Central District,Main Station,2023-01-22
CASE-0378,FIR-81F7DD90,CR-2023-0378,Investigation regarding Tarun Choudhury,Case involves suspicious activities near T Nagar,A complaint was filed against Tarun Choudhury who allegedly operates under a shell company. Financial trails led to a transaction made to tarun4524@oksbi.,Central District,Main Station,2023-06-18
CASE-0379,FIR-24DB0FDA,CR-2023-0379,Investigation regarding Rekha Bose,Case involves suspicious activities near Gachibowli,Rekha Bose from Vertex Imports reported suspicious activity. Money was fraudulently transferred to rekha4496@okicici. The suspect's phone +918263049035 was switched off.,Central District,Main Station,2023-05-08
CASE-0380,FIR-16E5ACC7,CR-2023-0380,Investigation regarding Amit Singh,Case involves suspicious activities near Anna Nagar,"During the investigation, it was found that Amit Singh was in contact with unknown individuals using the number +917863804088. The suspect was seen near Anna Nagar.",Central District,Main Station,2023-01-16
CASE-0381,FIR-901E9783,CR-2023-0381,Investigation regarding Priyanka Das,Case involves suspicious activities near Jubilee Hills,Investigators intercepted a call to +918236906110 near Jubilee Hills. Suspect Priyanka Das was observed fleeing in vehicle an unknown vehicle.,Central District,Main Station,2023-03-10
CASE-0382,FIR-7FCCDA2B,CR-2023-0382,Investigation regarding Sunita Verma,Case involves suspicious activities near Koramangala,A complaint was filed against Sunita Verma who allegedly operates under a shell company. Financial trails led to a transaction made to priyanka3970@okhdfcbank.,Central District,Main Station,2023-01-01
CASE-0383,FIR-CFB9FA3C,CR-2023-0383,Investigation regarding Vishal Anand,Case involves suspicious activities near Viman Nagar,"During the investigation, it was found that Vishal Anand was in contact with unknown individuals using the number +915867724943. The suspect was seen near Viman Nagar.",Central District,Main Station,2023-08-19
CASE-0384,FIR-55D7A0B0,CR-2023-0384,Investigation regarding Vishal Anand,Case involves suspicious activities near Viman Nagar,Investigators intercepted a call to +915222093094 near Viman Nagar. Suspect Vishal Anand was observed fleeing in vehicle an unknown vehicle.,Central District,Main Station,2023-08-26
CASE-0385,FIR-102F5FB5,CR-2023-0385,Investigation regarding Karthik Iyer,Case involves suspicious activities near Anna Nagar,Karthik Iyer from a shell company reported suspicious activity. Money was fraudulently transferred to karthik1915@upi. The suspect's phone +910134604279 was switched off.,Central District,Main Station,2023-06-18
CASE-0386,FIR-E7682F8E,CR-2023-0386,Investigation regarding Amit Singh,Case involves suspicious activities near Jubilee Hills,Amit Singh from Metro Exporters reported suspicious activity. Money was fraudulently transferred to amit1110@oksbi. The suspect's phone +917823819126 was switched off.,Central District,Main Station,2023-09-06
CASE-0387,FIR-6B0D24CE,CR-2023-0387,Investigation regarding Suresh Rao,Case involves suspicious activities near Connaught Place,Investigators intercepted a call to +915401475726 near Connaught Place. Suspect Suresh Rao was observed fleeing in vehicle an unknown vehicle.,Central District,Main Station,2023-08-23
CASE-0388,FIR-1FEC1BA4,CR-2023-0388,Investigation regarding Priya Sharma,Case involves suspicious activities near Andheri West,A complaint was filed against Priya Sharma who allegedly operates under Sunrise Enterprises. Financial trails led to a transaction made to priya6509@oksbi.,Central District,Main Station,2023-04-18
CASE-0389,FIR-B9E423AB,CR-2023-0389,Investigation regarding Anjali Gupta,Case involves suspicious activities near Bandra Kurla Complex,"During the investigation, it was found that Anjali Gupta was in contact with unknown individuals using the number +918741001772. The suspect was seen near Bandra Kurla Complex.",Central District,Main Station,2023-07-09
CASE-0390,FIR-19AF96EF,CR-2023-0390,Investigation regarding Swati Pillai,Case involves suspicious activities near Vasant Kunj,"A vehicle an unknown vehicle was found abandoned at Vasant Kunj. Evidence links it to Swati Pillai, who was previously contacted via +912596986383. A ransom was demanded via swati2591@okhdfcbank.",Central District,Main Station,2023-04-28
CASE-0391,FIR-B40E4298,CR-2023-0391,Investigation regarding Nitin Agarwal,Case involves suspicious activities near Andheri West,"During the investigation, it was found that Nitin Agarwal was in contact with unknown individuals using the number +915148982381. The suspect was seen near Andheri West.",Central District,Main Station,2023-08-03
CASE-0392,FIR-D643D9BC,CR-2023-0392,Investigation regarding Deepak Chawla,Case involves suspicious activities near Bandra Kurla Complex,Deepak Chawla from a shell company reported suspicious activity. Money was fraudulently transferred to deepak9753@okicici. The suspect's phone +916591365609 was switched off.,Central District,Main Station,2023-06-05
CASE-0393,FIR-8DA793A6,CR-2023-0393,Investigation regarding Divya Jain,Case involves suspicious activities near Karol Bagh,Divya Jain from a shell company reported suspicious activity. Money was fraudulently transferred to gaurav6087@okhdfcbank. The suspect's phone +910753540823 was switched off.,Central District,Main Station,2023-10-09
CASE-0394,FIR-BFE73A51,CR-2023-0394,Investigation regarding Ritu Saxena,Case involves suspicious activities near Koramangala,Ritu Saxena from Omega Networks reported suspicious activity. Money was fraudulently transferred to ritu7055@paytm. The suspect's phone +917749462059 was switched off.,Central District,Main Station,2023-07-21
CASE-0395,FIR-C26CBEF0,CR-2023-0395,Investigation regarding Sunita Verma,Case involves suspicious activities near Salt Lake City,"A vehicle TN58YK2333 was found abandoned at Salt Lake City. Evidence links it to Sunita Verma, who was previously contacted via +913547280012. A ransom was demanded via priya2314@oksbi.",Central District,Main Station,2023-03-28
CASE-0396,FIR-62477B47,CR-2023-0396,Investigation regarding Vishal Anand,Case involves suspicious activities near Connaught Place,Investigators intercepted a call to +916239336735 near Connaught Place. Suspect Vishal Anand was observed fleeing in vehicle WB68VS4418.,Central District,Main Station,2023-06-14
CASE-0397,FIR-8362A56A,CR-2023-0397,Investigation regarding Anjali Gupta,Case involves suspicious activities near New Town,"During the investigation, it was found that Anjali Gupta was in contact with unknown individuals using the number +913238975924. The suspect was seen near New Town.",Central District,Main Station,2023-05-08
CASE-0398,FIR-E4D0369E,CR-2023-0398,Investigation regarding Rahul Desai,Case involves suspicious activities near Salt Lake City,"A vehicle an unknown vehicle was found abandoned at Salt Lake City. Evidence links it to Rahul Desai, who was previously contacted via +912790928367. A ransom was demanded via rahul9092@paytm.",Central District,Main Station,2023-01-20
CASE-0399,FIR-F4B767E6,CR-2023-0399,Investigation regarding Ritu Saxena,Case involves suspicious activities near Koramangala,"A vehicle an unknown vehicle was found abandoned at Koramangala. Evidence links it to Ritu Saxena, who was previously contacted via +913470946835. A ransom was demanded via ramesh5384@oksbi.",Central District,Main Station,2023-03-11
CASE-0400,FIR-D75D692E,CR-2023-0400,Investigation regarding Kavita Rathi,Case involves suspicious activities near Gachibowli,"A vehicle GJ45QJ6796 was found abandoned at Gachibowli. Evidence links it to Kavita Rathi, who was previously contacted via +912541217249. A ransom was demanded via kavita8436@okicici.",Central District,Main Station,2023-02-08
CASE-0401,FIR-BF4776FA,CR-2023-0401,Investigation regarding Rajesh Kumar,Case involves suspicious activities near Indiranagar,"A vehicle an unknown vehicle was found abandoned at Indiranagar. Evidence links it to Rajesh Kumar, who was previously contacted via +914606673509. A ransom was demanded via rajesh9269@oksbi.",Central District,Main Station,2023-01-04
CASE-0402,FIR-7E3A59C2,CR-2023-0402,Investigation regarding Swati Pillai,Case involves suspicious activities near Vasant Kunj,Investigators intercepted a call to +918742614667 near Vasant Kunj. Suspect Swati Pillai was observed fleeing in vehicle MH13JW8123.,Central District,Main Station,2023-05-13
CASE-0403,FIR-F946509E,CR-2023-0403,Investigation regarding Anjali Gupta,Case involves suspicious activities near Connaught Place,A complaint was filed against Anjali Gupta who allegedly operates under a shell company. Financial trails led to a transaction made to anjali5032@upi.,Central District,Main Station,2023-07-05
CASE-0404,FIR-2D6D12A1,CR-2023-0404,Investigation regarding Sneha Joshi,Case involves suspicious activities near Karol Bagh,Sneha Joshi from Omega Networks reported suspicious activity. Money was fraudulently transferred to sneha7250@paytm. The suspect's phone +915850796909 was switched off.,Central District,Main Station,2023-07-27
CASE-0405,FIR-F0C63FC0,CR-2023-0405,Investigation regarding Rekha Bose,Case involves suspicious activities near Koramangala,Rekha Bose from a shell company reported suspicious activity. Money was fraudulently transferred to rekha6343@oksbi. The suspect's phone +919571945536 was switched off.,Central District,Main Station,2023-01-04
CASE-0406,FIR-B35D2205,CR-2023-0406,Investigation regarding Amit Singh,Case involves suspicious activities near Viman Nagar,Investigators intercepted a call to +918937142305 near Viman Nagar. Suspect Amit Singh was observed fleeing in vehicle an unknown vehicle.,Central District,Main Station,2023-10-19
CASE-0407,FIR-D839A686,CR-2023-0407,Investigation regarding Pooja Bhatia,Case involves suspicious activities near Anna Nagar,A complaint was filed against Pooja Bhatia who allegedly operates under a shell company. Financial trails led to a transaction made to pooja6506@okhdfcbank.,Central District,Main Station,2023-09-20
CASE-0408,FIR-4213C09F,CR-2023-0408,Investigation regarding Gaurav Malhotra,Case involves suspicious activities near Bandra Kurla Complex,Gaurav Malhotra from a shell company reported suspicious activity. Money was fraudulently transferred to swati1185@upi. The suspect's phone +914271636761 was switched off.,Central District,Main Station,2023-06-17
CASE-0409,FIR-73E19018,CR-2023-0409,Investigation regarding Nitin Agarwal,Case involves suspicious activities near Anna Nagar,"A vehicle DL20YQ1982 was found abandoned at Anna Nagar. Evidence links it to Nitin Agarwal, who was previously contacted via +919780086645. A ransom was demanded via nitin4328@upi.",Central District,Main Station,2023-09-23
CASE-0410,FIR-86E1D695,CR-2023-0410,Investigation regarding Sunita Verma,Case involves suspicious activities near New Town,"A vehicle an unknown vehicle was found abandoned at New Town. Evidence links it to Sunita Verma, who was previously contacted via +910753540823. A ransom was demanded via priyanka3970@okhdfcbank.",Central District,Main Station,2023-06-06
CASE-0411,FIR-E37B64E3,CR-2023-0411,Investigation regarding Neha Kapoor,Case involves suspicious activities near Connaught Place,Investigators intercepted a call to +917052444364 near Connaught Place. Suspect Neha Kapoor was observed fleeing in vehicle an unknown vehicle.,Central District,Main Station,2023-04-13
CASE-0412,FIR-B4E2C3F0,CR-2023-0412,Investigation regarding Anjali Gupta,Case involves suspicious activities near Bandra Kurla Complex,"During the investigation, it was found that Anjali Gupta was in contact with unknown individuals using the number +917092126831. The suspect was seen near Bandra Kurla Complex.",Central District,Main Station,2023-04-20
CASE-0413,FIR-97195ABA,CR-2023-0413,Investigation regarding Karthik Iyer,Case involves suspicious activities near Gurgaon Sector 29,Karthik Iyer from a shell company reported suspicious activity. Money was fraudulently transferred to karthik9066@okicici. The suspect's phone +912652392093 was switched off.,Central District,Main Station,2023-08-20
CASE-0414,FIR-88DE1B53,CR-2023-0414,Investigation regarding Sanjay Mishra,Case involves suspicious activities near Noida Sector 18,Investigators intercepted a call to +910698567496 near Noida Sector 18. Suspect Sanjay Mishra was observed fleeing in vehicle an unknown vehicle.,Central District,Main Station,2023-07-01
CASE-0415,FIR-A056FD1E,CR-2023-0415,Investigation regarding Tarun Choudhury,Case involves suspicious activities near Karol Bagh,Investigators intercepted a call to +911782032348 near Karol Bagh. Suspect Tarun Choudhury was observed fleeing in vehicle an unknown vehicle.,Central District,Main Station,2023-05-26
CASE-0416,FIR-D0904118,CR-2023-0416,Investigation regarding Karthik Iyer,Case involves suspicious activities near Salt Lake City,Investigators intercepted a call to +914359315208 near Salt Lake City. Suspect Karthik Iyer was observed fleeing in vehicle TN88GK3594.,Central District,Main Station,2023-03-06
CASE-0417,FIR-A9D5336C,CR-2023-0417,Investigation regarding Prakash Jha,Case involves suspicious activities near Bandra Kurla Complex,Prakash Jha from Pinnacle Solutions reported suspicious activity. Money was fraudulently transferred to rahul6041@oksbi. The suspect's phone +919458484561 was switched off.,Central District,Main Station,2023-08-30
CASE-0418,FIR-DE6E7F0D,CR-2023-0418,Investigation regarding Suresh Rao,Case involves suspicious activities near Jubilee Hills,Suresh Rao from a shell company reported suspicious activity. Money was fraudulently transferred to suresh4916@paytm. The suspect's phone +919618547415 was switched off.,Central District,Main Station,2023-10-03
CASE-0419,FIR-10DF9E8D,CR-2023-0419,Investigation regarding Prakash Jha,Case involves suspicious activities near Bandra Kurla Complex,Prakash Jha from a shell company reported suspicious activity. Money was fraudulently transferred to sunita5102@upi. The suspect's phone +915148982381 was switched off.,Central District,Main Station,2023-02-08
CASE-0420,FIR-F88AC5A4,CR-2023-0420,Investigation regarding Rahul Desai,Case involves suspicious activities near New Town,"A vehicle an unknown vehicle was found abandoned at New Town. Evidence links it to Rahul Desai, who was previously contacted via +912688732077. A ransom was demanded via rahul843@okhdfcbank.",Central District,Main Station,2023-05-12
CASE-0421,FIR-2B259377,CR-2023-0421,Investigation regarding Gaurav Malhotra,Case involves suspicious activities near Koramangala,Investigators intercepted a call to +918843545700 near Koramangala. Suspect Gaurav Malhotra was observed fleeing in vehicle TN49DU4668.,Central District,Main Station,2023-03-04
CASE-0422,FIR-A00E0BC1,CR-2023-0422,Investigation regarding Sanjay Mishra,Case involves suspicious activities near Bandra Kurla Complex,Investigators intercepted a call to +918545155824 near Bandra Kurla Complex. Suspect Sanjay Mishra was observed fleeing in vehicle UP05JT9320.,Central District,Main Station,2023-02-04
CASE-0423,FIR-77A2FDFA,CR-2023-0423,Investigation regarding Prakash Jha,Case involves suspicious activities near Salt Lake City,Prakash Jha from Cyber Corp reported suspicious activity. Money was fraudulently transferred to karthik5492@okicici. The suspect's phone +915148982381 was switched off.,Central District,Main Station,2023-04-07
CASE-0424,FIR-A4C3FC3E,CR-2023-0424,Investigation regarding Sunita Verma,Case involves suspicious activities near Connaught Place,"During the investigation, it was found that Sunita Verma was in contact with unknown individuals using the number +912062619351. The suspect was seen near Connaught Place.",Central District,Main Station,2023-03-22
CASE-0425,FIR-F112F827,CR-2023-0425,Investigation regarding Meera Menon,Case involves suspicious activities near Viman Nagar,Meera Menon from a shell company reported suspicious activity. Money was fraudulently transferred to meera2472@oksbi. The suspect's phone +910760034534 was switched off.,Central District,Main Station,2023-09-21
CASE-0426,FIR-772FF0DA,CR-2023-0426,Investigation regarding Rahul Desai,Case involves suspicious activities near Gachibowli,"A vehicle MH49PB2279 was found abandoned at Gachibowli. Evidence links it to Rahul Desai, who was previously contacted via +910753540823. A ransom was demanded via rahul6086@paytm.",Central District,Main Station,2023-02-06
CASE-0427,FIR-F3EA640C,CR-2023-0427,Investigation regarding Vikram Reddy,Case involves suspicious activities near Hinjewadi,Investigators intercepted a call to +911749668311 near Hinjewadi. Suspect Vikram Reddy was observed fleeing in vehicle an unknown vehicle.,Central District,Main Station,2023-03-01
CASE-0428,FIR-1AB08962,CR-2023-0428,Investigation regarding Anil Kadam,Case involves suspicious activities near Indiranagar,A complaint was filed against Anil Kadam who allegedly operates under a shell company. Financial trails led to a transaction made to anil327@okicici.,Central District,Main Station,2023-09-13
CASE-0429,FIR-7BF1E85D,CR-2023-0429,Investigation regarding Nitin Agarwal,Case involves suspicious activities near Indiranagar,Nitin Agarwal from a shell company reported suspicious activity. Money was fraudulently transferred to nitin155@paytm. The suspect's phone +917043408035 was switched off.,Central District,Main Station,2023-06-11
CASE-0430,FIR-C9BBCDEF,CR-2023-0430,Investigation regarding Swati Pillai,Case involves suspicious activities near Hinjewadi,"A vehicle DL73KT8264 was found abandoned at Hinjewadi. Evidence links it to Swati Pillai, who was previously contacted via +912779166231. A ransom was demanded via swati7165@upi.",Central District,Main Station,2023-03-13
CASE-0431,FIR-8A567E90,CR-2023-0431,Investigation regarding Meera Menon,Case involves suspicious activities near Noida Sector 18,Investigators intercepted a call to +911977332202 near Noida Sector 18. Suspect Meera Menon was observed fleeing in vehicle an unknown vehicle.,Central District,Main Station,2023-10-07
CASE-0432,FIR-4FC4551B,CR-2023-0432,Investigation regarding Prakash Jha,Case involves suspicious activities near Gachibowli,Investigators intercepted a call to +919458484561 near Gachibowli. Suspect Prakash Jha was observed fleeing in vehicle TN13OV1008.,Central District,Main Station,2023-02-27
CASE-0433,FIR-43E1A91F,CR-2023-0433,Investigation regarding Deepak Chawla,Case involves suspicious activities near Gachibowli,"A vehicle an unknown vehicle was found abandoned at Gachibowli. Evidence links it to Deepak Chawla, who was previously contacted via +912308290480. A ransom was demanded via deepak5481@okhdfcbank.",Central District,Main Station,2023-08-01
CASE-0434,FIR-81EFF348,CR-2023-0434,Investigation regarding Vishal Anand,Case involves suspicious activities near Hinjewadi,Vishal Anand from a shell company reported suspicious activity. Money was fraudulently transferred to priya8904@oksbi. The suspect's phone +914239058338 was switched off.,Central District,Main Station,2023-07-30
CASE-0435,FIR-4EF844FC,CR-2023-0435,Investigation regarding Rahul Desai,Case involves suspicious activities near Connaught Place,Investigators intercepted a call to +916209181900 near Connaught Place. Suspect Rahul Desai was observed fleeing in vehicle TN58YK2333.,Central District,Main Station,2023-04-11
CASE-0436,FIR-A40FFB2F,CR-2023-0436,Investigation regarding Priya Sharma,Case involves suspicious activities near Anna Nagar,Priya Sharma from Omega Networks reported suspicious activity. Money was fraudulently transferred to vishal6171@okhdfcbank. The suspect's phone +914271636761 was switched off.,Central District,Main Station,2023-01-06
CASE-0437,FIR-EBE5F6F4,CR-2023-0437,Investigation regarding Sunita Verma,Case involves suspicious activities near Salt Lake City,Investigators intercepted a call to +918624564306 near Salt Lake City. Suspect Sunita Verma was observed fleeing in vehicle TN12SP2967.,Central District,Main Station,2023-05-22
CASE-0438,FIR-1610890D,CR-2023-0438,Investigation regarding Sanjay Mishra,Case involves suspicious activities near Jubilee Hills,Investigators intercepted a call to +917290393874 near Jubilee Hills. Suspect Sanjay Mishra was observed fleeing in vehicle MH36FL9722.,Central District,Main Station,2023-04-29
CASE-0439,FIR-1301E187,CR-2023-0439,Investigation regarding Pooja Bhatia,Case involves suspicious activities near Bandra Kurla Complex,"A vehicle an unknown vehicle was found abandoned at Bandra Kurla Complex. Evidence links it to Pooja Bhatia, who was previously contacted via +914359315208. A ransom was demanded via priya8904@oksbi.",Central District,Main Station,2023-06-13
CASE-0440,FIR-A4014844,CR-2023-0440,Investigation regarding Neha Kapoor,Case involves suspicious activities near Gurgaon Sector 29,A complaint was filed against Neha Kapoor who allegedly operates under Zenith Traders. Financial trails led to a transaction made to neha9693@okhdfcbank.,Central District,Main Station,2023-07-21
CASE-0441,FIR-ADF85F90,CR-2023-0441,Investigation regarding Suresh Rao,Case involves suspicious activities near Bandra Kurla Complex,A complaint was filed against Suresh Rao who allegedly operates under a shell company. Financial trails led to a transaction made to suresh6614@paytm.,Central District,Main Station,2023-09-20
CASE-0442,FIR-9AFEB24D,CR-2023-0442,Investigation regarding Karthik Iyer,Case involves suspicious activities near Connaught Place,Investigators intercepted a call to +912440682429 near Connaught Place. Suspect Karthik Iyer was observed fleeing in vehicle an unknown vehicle.,Central District,Main Station,2023-07-01
CASE-0443,FIR-8910C6A6,CR-2023-0443,Investigation regarding Tarun Choudhury,Case involves suspicious activities near Bandra Kurla Complex,"During the investigation, it was found that Tarun Choudhury was in contact with unknown individuals using the number +916064841186. The suspect was seen near Bandra Kurla Complex.",Central District,Main Station,2023-05-07
CASE-0444,FIR-61F6E38E,CR-2023-0444,Investigation regarding Anil Kadam,Case involves suspicious activities near Bandra Kurla Complex,"A vehicle WB33BF1724 was found abandoned at Bandra Kurla Complex. Evidence links it to Anil Kadam, who was previously contacted via +918545155824. A ransom was demanded via priyanka4284@upi.",Central District,Main Station,2023-02-09
CASE-0445,FIR-D8FF8989,CR-2023-0445,Investigation regarding Rahul Desai,Case involves suspicious activities near T Nagar,A complaint was filed against Rahul Desai who allegedly operates under Metro Exporters. Financial trails led to a transaction made to gaurav6087@okhdfcbank.,Central District,Main Station,2023-01-12
CASE-0446,FIR-02FC9CD9,CR-2023-0446,Investigation regarding Meera Menon,Case involves suspicious activities near Secunderabad Railway Station,"During the investigation, it was found that Meera Menon was in contact with unknown individuals using the number +916835699095. The suspect was seen near Secunderabad Railway Station.",Central District,Main Station,2023-01-23
CASE-0447,FIR-56305336,CR-2023-0447,Investigation regarding Rahul Desai,Case involves suspicious activities near Jubilee Hills,"A vehicle MH36FL9722 was found abandoned at Jubilee Hills. Evidence links it to Rahul Desai, who was previously contacted via +917942103685. A ransom was demanded via rahul9627@okhdfcbank.",Central District,Main Station,2023-03-01
CASE-0448,FIR-13AF4B15,CR-2023-0448,Investigation regarding Rekha Bose,Case involves suspicious activities near Indiranagar,Rekha Bose from a shell company reported suspicious activity. Money was fraudulently transferred to rekha3271@oksbi. The suspect's phone +918616736041 was switched off.,Central District,Main Station,2023-10-22
CASE-0449,FIR-ABF4331B,CR-2023-0449,Investigation regarding Vishal Anand,Case involves suspicious activities near Salt Lake City,"A vehicle an unknown vehicle was found abandoned at Salt Lake City. Evidence links it to Vishal Anand, who was previously contacted via +914813120521. A ransom was demanded via sunita2821@okhdfcbank.",Central District,Main Station,2023-03-14
CASE-0450,FIR-4F04742D,CR-2023-0450,Investigation regarding Amit Singh,Case involves suspicious activities near Gachibowli,"A vehicle AP80II6685 was found abandoned at Gachibowli. Evidence links it to Amit Singh, who was previously contacted via +911983879998. A ransom was demanded via sanjay7460@paytm.",Central District,Main Station,2023-10-12
CASE-0451,FIR-E1553187,CR-2023-0451,Investigation regarding Priya Sharma,Case involves suspicious activities near T Nagar,Investigators intercepted a call to +914271636761 near T Nagar. Suspect Priya Sharma was observed fleeing in vehicle an unknown vehicle.,Central District,Main Station,2023-04-24
CASE-0452,FIR-CF1D97F8,CR-2023-0452,Investigation regarding Sunita Verma,Case involves suspicious activities near Secunderabad Railway Station,Investigators intercepted a call to +912062619351 near Secunderabad Railway Station. Suspect Sunita Verma was observed fleeing in vehicle an unknown vehicle.,Central District,Main Station,2023-05-19
CASE-0453,FIR-0A205515,CR-2023-0453,Investigation regarding Ritu Saxena,Case involves suspicious activities near Noida Sector 18,"During the investigation, it was found that Ritu Saxena was in contact with unknown individuals using the number +910047578748. The suspect was seen near Noida Sector 18.",Central District,Main Station,2023-07-13
CASE-0454,FIR-DAF81386,CR-2023-0454,Investigation regarding Divya Jain,Case involves suspicious activities near New Town,"During the investigation, it was found that Divya Jain was in contact with unknown individuals using the number +910753540823. The suspect was seen near New Town.",Central District,Main Station,2023-04-18
CASE-0455,FIR-19387601,CR-2023-0455,Investigation regarding Rajesh Kumar,Case involves suspicious activities near Gurgaon Sector 29,A complaint was filed against Rajesh Kumar who allegedly operates under a shell company. Financial trails led to a transaction made to rajesh5028@oksbi.,Central District,Main Station,2023-06-21
CASE-0456,FIR-C9D7D282,CR-2023-0456,Investigation regarding Vikram Reddy,Case involves suspicious activities near Koramangala,Vikram Reddy from a shell company reported suspicious activity. Money was fraudulently transferred to vikram2527@paytm. The suspect's phone +910351193387 was switched off.,Central District,Main Station,2023-07-11
CASE-0457,FIR-73317774,CR-2023-0457,Investigation regarding Karthik Iyer,Case involves suspicious activities near Karol Bagh,A complaint was filed against Karthik Iyer who allegedly operates under a shell company. Financial trails led to a transaction made to rahul9542@okicici.,Central District,Main Station,2023-02-13
CASE-0458,FIR-B6C75776,CR-2023-0458,Investigation regarding Rahul Desai,Case involves suspicious activities near Connaught Place,"A vehicle TS23EH6401 was found abandoned at Connaught Place. Evidence links it to Rahul Desai, who was previously contacted via +913547280012. A ransom was demanded via priyanka3970@okhdfcbank.",Central District,Main Station,2023-05-06
CASE-0459,FIR-BBDE67C8,CR-2023-0459,Investigation regarding Gaurav Malhotra,Case involves suspicious activities near Jubilee Hills,A complaint was filed against Gaurav Malhotra who allegedly operates under a shell company. Financial trails led to a transaction made to divya3663@paytm.,Central District,Main Station,2023-10-20
CASE-0460,FIR-358080AE,CR-2023-0460,Investigation regarding Manoj Tiwari,Case involves suspicious activities near Viman Nagar,"During the investigation, it was found that Manoj Tiwari was in contact with unknown individuals using the number +915170419060. The suspect was seen near Viman Nagar.",Central District,Main Station,2023-04-12
CASE-0461,FIR-F27FE90D,CR-2023-0461,Investigation regarding Nitin Agarwal,Case involves suspicious activities near Secunderabad Railway Station,A complaint was filed against Nitin Agarwal who allegedly operates under a shell company. Financial trails led to a transaction made to nitin8755@paytm.,Central District,Main Station,2023-01-06
CASE-0462,FIR-C6BDBBAF,CR-2023-0462,Investigation regarding Suresh Rao,Case involves suspicious activities near New Town,Suresh Rao from a shell company reported suspicious activity. Money was fraudulently transferred to suresh6984@oksbi. The suspect's phone +914635031611 was switched off.,Central District,Main Station,2023-08-23
CASE-0463,FIR-754D8B4E,CR-2023-0463,Investigation regarding Rahul Desai,Case involves suspicious activities near Andheri West,Investigators intercepted a call to +915024878084 near Andheri West. Suspect Rahul Desai was observed fleeing in vehicle an unknown vehicle.,Central District,Main Station,2023-04-15
CASE-0464,FIR-66279639,CR-2023-0464,Investigation regarding Rajesh Kumar,Case involves suspicious activities near Koramangala,"A vehicle an unknown vehicle was found abandoned at Koramangala. Evidence links it to Rajesh Kumar, who was previously contacted via +919744029431. A ransom was demanded via rajesh9610@upi.",Central District,Main Station,2023-07-16
CASE-0465,FIR-228315F7,CR-2023-0465,Investigation regarding Anjali Gupta,Case involves suspicious activities near Gachibowli,"During the investigation, it was found that Anjali Gupta was in contact with unknown individuals using the number +917458978757. The suspect was seen near Gachibowli.",Central District,Main Station,2023-07-23
CASE-0466,FIR-B60BC331,CR-2023-0466,Investigation regarding Prakash Jha,Case involves suspicious activities near Viman Nagar,"During the investigation, it was found that Prakash Jha was in contact with unknown individuals using the number +912062619351. The suspect was seen near Viman Nagar.",Central District,Main Station,2023-04-11
CASE-0467,FIR-B88C43FA,CR-2023-0467,Investigation regarding Karthik Iyer,Case involves suspicious activities near Hinjewadi,Karthik Iyer from Omega Networks reported suspicious activity. Money was fraudulently transferred to rahul6041@oksbi. The suspect's phone +918843545700 was switched off.,Central District,Main Station,2023-07-20
CASE-0468,FIR-23C689CE,CR-2023-0468,Investigation regarding Vishal Anand,Case involves suspicious activities near Bandra Kurla Complex,"During the investigation, it was found that Vishal Anand was in contact with unknown individuals using the number +913975433895. The suspect was seen near Bandra Kurla Complex.",Central District,Main Station,2023-05-03
CASE-0469,FIR-9FC8B489,CR-2023-0469,Investigation regarding Karthik Iyer,Case involves suspicious activities near Noida Sector 18,"During the investigation, it was found that Karthik Iyer was in contact with unknown individuals using the number +916467269393. The suspect was seen near Noida Sector 18.",Central District,Main Station,2023-04-16
CASE-0470,FIR-7BF41D18,CR-2023-0470,Investigation regarding Priyanka Das,Case involves suspicious activities near Secunderabad Railway Station,"A vehicle an unknown vehicle was found abandoned at Secunderabad Railway Station. Evidence links it to Priyanka Das, who was previously contacted via +912440682429. A ransom was demanded via priya8904@oksbi.",Central District,Main Station,2023-06-28
CASE-0471,FIR-E7F3D570,CR-2023-0471,Investigation regarding Amit Singh,Case involves suspicious activities near Karol Bagh,Investigators intercepted a call to +917060340842 near Karol Bagh. Suspect Amit Singh was observed fleeing in vehicle GJ33GN9578.,Central District,Main Station,2023-07-20
CASE-0472,FIR-5EF54DB7,CR-2023-0472,Investigation regarding Divya Jain,Case involves suspicious activities near Secunderabad Railway Station,"A vehicle TN13OV1008 was found abandoned at Secunderabad Railway Station. Evidence links it to Divya Jain, who was previously contacted via +910753540823. A ransom was demanded via divya9491@paytm.",Central District,Main Station,2023-05-07
CASE-0473,FIR-4B422707,CR-2023-0473,Investigation regarding Neha Kapoor,Case involves suspicious activities near Gachibowli,Investigators intercepted a call to +919613352549 near Gachibowli. Suspect Neha Kapoor was observed fleeing in vehicle an unknown vehicle.,Central District,Main Station,2023-07-21
CASE-0474,FIR-D6A0A57A,CR-2023-0474,Investigation regarding Deepak Chawla,Case involves suspicious activities near Gachibowli,A complaint was filed against Deepak Chawla who allegedly operates under a shell company. Financial trails led to a transaction made to deepak688@okicici.,Central District,Main Station,2023-06-29
CASE-0475,FIR-0E7AAC1B,CR-2023-0475,Investigation regarding Sunita Verma,Case involves suspicious activities near Koramangala,Investigators intercepted a call to +914399993108 near Koramangala. Suspect Sunita Verma was observed fleeing in vehicle an unknown vehicle.,Central District,Main Station,2023-03-29
CASE-0476,FIR-D4B16332,CR-2023-0476,Investigation regarding Divya Jain,Case involves suspicious activities near Viman Nagar,Investigators intercepted a call to +915024878084 near Viman Nagar. Suspect Divya Jain was observed fleeing in vehicle MH36FL9722.,Central District,Main Station,2023-02-24
CASE-0477,FIR-2447019A,CR-2023-0477,Investigation regarding Sunita Verma,Case involves suspicious activities near Anna Nagar,Sunita Verma from a shell company reported suspicious activity. Money was fraudulently transferred to karthik5492@okicici. The suspect's phone +910932627488 was switched off.,Central District,Main Station,2023-02-17
CASE-0478,FIR-A1F20686,CR-2023-0478,Investigation regarding Sunita Verma,Case involves suspicious activities near Hinjewadi,"A vehicle MH36FL9722 was found abandoned at Hinjewadi. Evidence links it to Sunita Verma, who was previously contacted via +910753540823. A ransom was demanded via swati3371@okicici.",Central District,Main Station,2023-05-23
CASE-0479,FIR-8EDA05E6,CR-2023-0479,Investigation regarding Priyanka Das,Case involves suspicious activities near Secunderabad Railway Station,Investigators intercepted a call to +911944555315 near Secunderabad Railway Station. Suspect Priyanka Das was observed fleeing in vehicle GJ41ZK7298.,Central District,Main Station,2023-07-15
CASE-0480,FIR-D332F1F7,CR-2023-0480,Investigation regarding Sunita Verma,Case involves suspicious activities near Karol Bagh,Sunita Verma from a shell company reported suspicious activity. Money was fraudulently transferred to amit4927@oksbi. The suspect's phone +912062619351 was switched off.,Central District,Main Station,2023-02-23
CASE-0481,FIR-5EF6826A,CR-2023-0481,Investigation regarding Prakash Jha,Case involves suspicious activities near Indiranagar,"During the investigation, it was found that Prakash Jha was in contact with unknown individuals using the number +911917950043. The suspect was seen near Indiranagar.",Central District,Main Station,2023-03-13
CASE-0482,FIR-9F9DFF94,CR-2023-0482,Investigation regarding Prakash Jha,Case involves suspicious activities near Andheri West,"During the investigation, it was found that Prakash Jha was in contact with unknown individuals using the number +917290393874. The suspect was seen near Andheri West.",Central District,Main Station,2023-07-07
CASE-0483,FIR-FDFEEC98,CR-2023-0483,Investigation regarding Manoj Tiwari,Case involves suspicious activities near Hinjewadi,Investigators intercepted a call to +918624564306 near Hinjewadi. Suspect Manoj Tiwari was observed fleeing in vehicle AP48IH6969.,Central District,Main Station,2023-08-11
CASE-0484,FIR-02E014C2,CR-2023-0484,Investigation regarding Neha Kapoor,Case involves suspicious activities near Koramangala,Investigators intercepted a call to +915905078828 near Koramangala. Suspect Neha Kapoor was observed fleeing in vehicle AP88XB7076.,Central District,Main Station,2023-09-28
CASE-0485,FIR-905EEDD3,CR-2023-0485,Investigation regarding Divya Jain,Case involves suspicious activities near Indiranagar,Investigators intercepted a call to +913547280012 near Indiranagar. Suspect Divya Jain was observed fleeing in vehicle MH36FL9722.,Central District,Main Station,2023-02-23
CASE-0486,FIR-D3D2E61D,CR-2023-0486,Investigation regarding Rekha Bose,Case involves suspicious activities near Salt Lake City,"A vehicle DL77RW6358 was found abandoned at Salt Lake City. Evidence links it to Rekha Bose, who was previously contacted via +910868338542. A ransom was demanded via rekha6108@paytm.",Central District,Main Station,2023-08-18
CASE-0487,FIR-E8B6D801,CR-2023-0487,Investigation regarding Neha Kapoor,Case involves suspicious activities near Vasant Kunj,"During the investigation, it was found that Neha Kapoor was in contact with unknown individuals using the number +914076184115. The suspect was seen near Vasant Kunj.",Central District,Main Station,2023-06-12
CASE-0488,FIR-4BD5BE0E,CR-2023-0488,Investigation regarding Meera Menon,Case involves suspicious activities near Hinjewadi,Investigators intercepted a call to +911340095113 near Hinjewadi. Suspect Meera Menon was observed fleeing in vehicle HR67LY9490.,Central District,Main Station,2023-07-31
CASE-0489,FIR-49A96972,CR-2023-0489,Investigation regarding Vishal Anand,Case involves suspicious activities near Vasant Kunj,A complaint was filed against Vishal Anand who allegedly operates under Cyber Corp. Financial trails led to a transaction made to vishal3982@oksbi.,Central District,Main Station,2023-04-03
CASE-0490,FIR-C16195B5,CR-2023-0490,Investigation regarding Anjali Gupta,Case involves suspicious activities near Viman Nagar,A complaint was filed against Anjali Gupta who allegedly operates under a shell company. Financial trails led to a transaction made to sunita5102@upi.,Central District,Main Station,2023-06-24
CASE-0491,FIR-7216539E,CR-2023-0491,Investigation regarding Ritu Saxena,Case involves suspicious activities near Noida Sector 18,"During the investigation, it was found that Ritu Saxena was in contact with unknown individuals using the number +918235993460. The suspect was seen near Noida Sector 18.",Central District,Main Station,2023-06-27
CASE-0492,FIR-F0E051A7,CR-2023-0492,Investigation regarding Tarun Choudhury,Case involves suspicious activities near Koramangala,"During the investigation, it was found that Tarun Choudhury was in contact with unknown individuals using the number +911069703138. The suspect was seen near Koramangala.",Central District,Main Station,2023-01-27
CASE-0493,FIR-39F2702A,CR-2023-0493,Investigation regarding Vishal Anand,Case involves suspicious activities near Anna Nagar,Vishal Anand from Omega Networks reported suspicious activity. Money was fraudulently transferred to sunita2821@okhdfcbank. The suspect's phone +914359315208 was switched off.,Central District,Main Station,2023-04-22
CASE-0494,FIR-FB892C5E,CR-2023-0494,Investigation regarding Priyanka Das,Case involves suspicious activities near Gachibowli,"A vehicle an unknown vehicle was found abandoned at Gachibowli. Evidence links it to Priyanka Das, who was previously contacted via +911332806117. A ransom was demanded via karthik5492@okicici.",Central District,Main Station,2023-05-23
CASE-0495,FIR-5135D6BF,CR-2023-0495,Investigation regarding Kavita Rathi,Case involves suspicious activities near Viman Nagar,Kavita Rathi from a shell company reported suspicious activity. Money was fraudulently transferred to priyanka3970@okhdfcbank. The suspect's phone +913842374484 was switched off.,Central District,Main Station,2023-02-24
CASE-0496,FIR-5EC666FC,CR-2023-0496,Investigation regarding Vishal Anand,Case involves suspicious activities near Karol Bagh,"A vehicle TN88GK3594 was found abandoned at Karol Bagh. Evidence links it to Vishal Anand, who was previously contacted via +914239058338. A ransom was demanded via priya8904@oksbi.",Central District,Main Station,2023-06-16
CASE-0497,FIR-02DE3D62,CR-2023-0497,Investigation regarding Anil Kadam,Case involves suspicious activities near Jubilee Hills,"During the investigation, it was found that Anil Kadam was in contact with unknown individuals using the number +919941356537. The suspect was seen near Jubilee Hills.",Central District,Main Station,2023-05-26
CASE-0498,FIR-351AC299,CR-2023-0498,Investigation regarding Vishal Anand,Case involves suspicious activities near Secunderabad Railway Station,Vishal Anand from Pinnacle Solutions reported suspicious activity. Money was fraudulently transferred to suresh8992@paytm. The suspect's phone +914359315208 was switched off.,Central District,Main Station,2023-06-05
CASE-0499,FIR-9B6DBCA4,CR-2023-0499,Investigation regarding Neha Kapoor,Case involves suspicious activities near Andheri West,"During the investigation, it was found that Neha Kapoor was in contact with unknown individuals using the number +910134604279. The suspect was seen near Andheri West.",Central District,Main Station,2023-01-02
CASE-0500,FIR-F37F9831,CR-2023-0500,Investigation regarding Manoj Tiwari,Case involves suspicious activities near Salt Lake City,Investigators intercepted a call to +911447827924 near Salt Lake City. Suspect Manoj Tiwari was observed fleeing in vehicle WB84ZA3826.,Central District,Main Station,2023-06-29
