case_id,complaint,persons,phone,vehicle,upi_id,location,date
FIR-2026-0001,"On 2026-01-01, complainant reported suspect Aarav Agarwal near Bengaluru Central. The suspect used phone +917000000000, vehicle DL01AB1000, UPI aarav.0001@oksbi, bank account number 510000000000, Aadhaar 2000 0000 0000, PAN CLNAI0001A, and contacted associate Aditi Agarwal. Offences were recorded under IPC section 420.",Aarav Agarwal|Aditi Agarwal,+917000000000,DL01AB1000,aarav.0001@oksbi,Bengaluru Central,2026-01-01
FIR-2026-0002,"On 2026-01-01, complainant reported suspect Deepak Agarwal near Chandni Chowk Delhi. The suspect used phone +917000039595, vehicle KA02AB1007, UPI deepak.0006@upi, bank account number 510000017855, Aadhaar 2000 0003 9595, PAN CLNAI0006F, and contacted associate Divya Agarwal. Offences were recorded under IPC section 420.",Deepak Agarwal|Divya Agarwal,+917000039595,KA02AB1007,deepak.0006@upi,Chandni Chowk Delhi,2026-01-01
FIR-2026-0003,"On 2026-01-02, complainant reported suspect Kavya Agarwal near Charminar Hyderabad. The suspect used phone +917000079190, vehicle MH03AB1014, UPI kavya.0011@paytm, bank account number 510000035710, Aadhaar 2000 0007 9190, PAN CLNAI0011K, and contacted associate Manoj Agarwal. Offences were recorded under IPC section 420.",Kavya Agarwal|Manoj Agarwal,+917000079190,MH03AB1014,kavya.0011@paytm,Charminar Hyderabad,2026-01-02
FIR-2026-0004,"On 2026-01-02, complainant reported suspect Pooja Agarwal near Gomti Nagar Lucknow. The suspect used phone +917000118785, vehicle TN04AB1021, UPI pooja.0016@ybl, bank account number 510000053565, Aadhaar 2000 0011 8785, PAN CLNAI0016P, and contacted associate Pranav Agarwal. Offences were recorded under IPC section 420.",Pooja Agarwal|Pranav Agarwal,+917000118785,TN04AB1021,pooja.0016@ybl,Gomti Nagar Lucknow,2026-01-02
FIR-2026-0005,"On 2026-01-03, complainant reported suspect Rakesh Agarwal near Howrah Kolkata. The suspect used phone +917000158380, vehicle TS05AB1028, UPI rakesh.0021@okicici, bank account number 510000071420, Aadhaar 2000 0015 8380, PAN CLNAI0021U, and contacted associate Riya Agarwal. Offences were recorded under IPC section 420.",Rakesh Agarwal|Riya Agarwal,+917000158380,TS05AB1028,rakesh.0021@okicici,Howrah Kolkata,2026-01-03
FIR-2026-0006,"On 2026-01-03, complainant reported suspect Shreya Agarwal near Indiranagar Bengaluru. The suspect used phone +917000197975, vehicle UP06AB1035, UPI shreya.0026@okaxis, bank account number 510000089275, Aadhaar 2000 0019 7975, PAN CLNAI0026Z, and contacted associate Suresh Agarwal. Offences were recorded under IPC section 420.",Shreya Agarwal|Suresh Agarwal,+917000197975,UP06AB1035,shreya.0026@okaxis,Indiranagar Bengaluru,2026-01-03
FIR-2026-0007,"On 2026-01-04, complainant reported suspect Aarav Bansal near Kochi Marine Drive. The suspect used phone +917000237570, vehicle WB07AB1042, UPI aarav.0031@oksbi, bank account number 510000107130, Aadhaar 2000 0023 7570, PAN CLNAI0031E, and contacted associate Aditi Bansal. Offences were recorded under IPC section 420.",Aarav Bansal|Aditi Bansal,+917000237570,WB07AB1042,aarav.0031@oksbi,Kochi Marine Drive,2026-01-04
FIR-2026-0008,"On 2026-01-04, complainant reported suspect Deepak Bansal near Mumbai Central. The suspect used phone +917000277165, vehicle GJ08AB1049, UPI deepak.0036@upi, bank account number 510000124985, Aadhaar 2000 0027 7165, PAN CLNAI0036J, and contacted associate Divya Bansal. Offences were recorded under IPC section 420.",Deepak Bansal|Divya Bansal,+917000277165,GJ08AB1049,deepak.0036@upi,Mumbai Central,2026-01-04
FIR-2026-0009,"On 2026-01-05, complainant reported suspect Kavya Bansal near Pune Camp. The suspect used phone +917000316760, vehicle RJ09AB1056, UPI kavya.0041@paytm, bank account number 510000142840, Aadhaar 2000 0031 6760, PAN CLNAI0041O, and contacted associate Manoj Bansal. Offences were recorded under IPC section 420.",Kavya Bansal|Manoj Bansal,+917000316760,RJ09AB1056,kavya.0041@paytm,Pune Camp,2026-01-05
FIR-2026-0010,"On 2026-01-05, complainant reported suspect Pooja Bansal near Sector 17 Chandigarh. The suspect used phone +917000356355, vehicle KL10AB1063, UPI pooja.0046@ybl, bank account number 510000160695, Aadhaar 2000 0035 6355, PAN CLNAI0046T, and contacted associate Pranav Bansal. Offences were recorded under IPC section 420.",Pooja Bansal|Pranav Bansal,+917000356355,KL10AB1063,pooja.0046@ybl,Sector 17 Chandigarh,2026-01-05
FIR-2026-0011,"On 2026-01-06, complainant reported suspect Rakesh Bansal near T Nagar Chennai. The suspect used phone +917000395950, vehicle DL11AB1070, UPI rakesh.0051@okicici, bank account number 510000178550, Aadhaar 2000 0039 5950, PAN CLNAI0051Y, and contacted associate Riya Bansal. Offences were recorded under IPC section 420.",Rakesh Bansal|Riya Bansal,+917000395950,DL11AB1070,rakesh.0051@okicici,T Nagar Chennai,2026-01-06
FIR-2026-0012,"On 2026-01-06, complainant reported suspect Shreya Bansal near Vaishali Ghaziabad. The suspect used phone +917000435545, vehicle KA12AB1077, UPI shreya.0056@okaxis, bank account number 510000196405, Aadhaar 2000 0043 5545, PAN CLNAI0056D, and contacted associate Suresh Bansal. Offences were recorded under IPC section 420.",Shreya Bansal|Suresh Bansal,+917000435545,KA12AB1077,shreya.0056@okaxis,Vaishali Ghaziabad,2026-01-06
FIR-2026-0013,"On 2026-01-07, complainant reported suspect Aarav Chauhan near Bengaluru Central. The suspect used phone +917000475140, vehicle MH13AB1084, UPI aarav.0061@oksbi, bank account number 510000214260, Aadhaar 2000 0047 5140, PAN CLNAI0061I, and contacted associate Aditi Chauhan. Offences were recorded under IPC section 420.",Aarav Chauhan|Aditi Chauhan,+917000475140,MH13AB1084,aarav.0061@oksbi,Bengaluru Central,2026-01-07
FIR-2026-0014,"On 2026-01-07, complainant reported suspect Deepak Chauhan near Chandni Chowk Delhi. The suspect used phone +917000514735, vehicle TN14AB1091, UPI deepak.0066@upi, bank account number 510000232115, Aadhaar 2000 0051 4735, PAN CLNAI0066N, and contacted associate Divya Chauhan. Offences were recorded under IPC section 420.",Deepak Chauhan|Divya Chauhan,+917000514735,TN14AB1091,deepak.0066@upi,Chandni Chowk Delhi,2026-01-07
FIR-2026-0015,"On 2026-01-08, complainant reported suspect Kavya Chauhan near Charminar Hyderabad. The suspect used phone +917000554330, vehicle TS15AB1098, UPI kavya.0071@paytm, bank account number 510000249970, Aadhaar 2000 0055 4330, PAN CLNAI0071S, and contacted associate Manoj Chauhan. Offences were recorded under IPC section 420.",Kavya Chauhan|Manoj Chauhan,+917000554330,TS15AB1098,kavya.0071@paytm,Charminar Hyderabad,2026-01-08
FIR-2026-0016,"On 2026-01-08, complainant reported suspect Pooja Chauhan near Gomti Nagar Lucknow. The suspect used phone +917000593925, vehicle UP16AB1105, UPI pooja.0076@ybl, bank account number 510000267825, Aadhaar 2000 0059 3925, PAN CLNAI0076X, and contacted associate Pranav Chauhan. Offences were recorded under IPC section 420.",Pooja Chauhan|Pranav Chauhan,+917000593925,UP16AB1105,pooja.0076@ybl,Gomti Nagar Lucknow,2026-01-08
FIR-2026-0017,"On 2026-01-09, complainant reported suspect Rakesh Chauhan near Howrah Kolkata. The suspect used phone +917000633520, vehicle WB17AB1112, UPI rakesh.0081@okicici, bank account number 510000285680, Aadhaar 2000 0063 3520, PAN CLNAI0081C, and contacted associate Riya Chauhan. Offences were recorded under IPC section 420.",Rakesh Chauhan|Riya Chauhan,+917000633520,WB17AB1112,rakesh.0081@okicici,Howrah Kolkata,2026-01-09
FIR-2026-0018,"On 2026-01-09, complainant reported suspect Shreya Chauhan near Indiranagar Bengaluru. The suspect used phone +917000673115, vehicle GJ18AB1119, UPI shreya.0086@okaxis, bank account number 510000303535, Aadhaar 2000 0067 3115, PAN CLNAI0086H, and contacted associate Suresh Chauhan. Offences were recorded under IPC section 420.",Shreya Chauhan|Suresh Chauhan,+917000673115,GJ18AB1119,shreya.0086@okaxis,Indiranagar Bengaluru,2026-01-09
FIR-2026-0019,"On 2026-01-10, complainant reported suspect Aarav Das near Kochi Marine Drive. The suspect used phone +917000712710, vehicle RJ19AB1126, UPI aarav.0091@oksbi, bank account number 510000321390, Aadhaar 2000 0071 2710, PAN CLNAI0091M, and contacted associate Aditi Das. Offences were recorded under IPC section 420.",Aarav Das|Aditi Das,+917000712710,RJ19AB1126,aarav.0091@oksbi,Kochi Marine Drive,2026-01-10
FIR-2026-0020,"On 2026-01-10, complainant reported suspect Deepak Das near Mumbai Central. The suspect used phone +917000752305, vehicle KL20AB1133, UPI deepak.0096@upi, bank account number 510000339245, Aadhaar 2000 0075 2305, PAN CLNAI0096R, and contacted associate Divya Das. Offences were recorded under IPC section 420.",Deepak Das|Divya Das,+917000752305,KL20AB1133,deepak.0096@upi,Mumbai Central,2026-01-10
FIR-2026-0021,"On 2026-01-11, complainant reported suspect Kavya Das near Pune Camp. The suspect used phone +917000791900, vehicle DL21AB1140, UPI kavya.0101@paytm, bank account number 510000357100, Aadhaar 2000 0079 1900, PAN CLNAI0101W, and contacted associate Manoj Das. Offences were recorded under IPC section 420.",Kavya Das|Manoj Das,+917000791900,DL21AB1140,kavya.0101@paytm,Pune Camp,2026-01-11
FIR-2026-0022,"On 2026-01-11, complainant reported suspect Pooja Das near Sector 17 Chandigarh. The suspect used phone +917000831495, vehicle KA22AB1147, UPI pooja.0106@ybl, bank account number 510000374955, Aadhaar 2000 0083 1495, PAN CLNAI0106B, and contacted associate Pranav Das. Offences were recorded under IPC section 420.",Pooja Das|Pranav Das,+917000831495,KA22AB1147,pooja.0106@ybl,Sector 17 Chandigarh,2026-01-11
FIR-2026-0023,"On 2026-01-12, complainant reported suspect Rakesh Das near T Nagar Chennai. The suspect used phone +917000871090, vehicle MH23AB1154, UPI rakesh.0111@okicici, bank account number 510000392810, Aadhaar 2000 0087 1090, PAN CLNAI0111G, and contacted associate Riya Das. Offences were recorded under IPC section 420.",Rakesh Das|Riya Das,+917000871090,MH23AB1154,rakesh.0111@okicici,T Nagar Chennai,2026-01-12
FIR-2026-0024,"On 2026-01-12, complainant reported suspect Shreya Das near Vaishali Ghaziabad. The suspect used phone +917000910685, vehicle TN24AB1161, UPI shreya.0116@okaxis, bank account number 510000410665, Aadhaar 2000 0091 0685, PAN CLNAI0116L, and contacted associate Suresh Das. Offences were recorded under IPC section 420.",Shreya Das|Suresh Das,+917000910685,TN24AB1161,shreya.0116@okaxis,Vaishali Ghaziabad,2026-01-12
FIR-2026-0025,"On 2026-01-13, complainant reported suspect Aarav Gupta near Bengaluru Central. The suspect used phone +917000950280, vehicle TS25AB1168, UPI aarav.0121@oksbi, bank account number 510000428520, Aadhaar 2000 0095 0280, PAN CLNAI0121Q, and contacted associate Aditi Gupta. Offences were recorded under IPC section 420.",Aarav Gupta|Aditi Gupta,+917000950280,TS25AB1168,aarav.0121@oksbi,Bengaluru Central,2026-01-13
FIR-2026-0026,"On 2026-01-13, complainant reported suspect Deepak Gupta near Chandni Chowk Delhi. The suspect used phone +917000989875, vehicle UP26AB1175, UPI deepak.0126@upi, bank account number 510000446375, Aadhaar 2000 0098 9875, PAN CLNAI0126V, and contacted associate Divya Gupta. Offences were recorded under IPC section 420.",Deepak Gupta|Divya Gupta,+917000989875,UP26AB1175,deepak.0126@upi,Chandni Chowk Delhi,2026-01-13
FIR-2026-0027,"On 2026-01-14, complainant reported suspect Kavya Gupta near Charminar Hyderabad. The suspect used phone +917001029470, vehicle WB27AB1182, UPI kavya.0131@paytm, bank account number 510000464230, Aadhaar 2000 0102 9470, PAN CLNAI0131A, and contacted associate Manoj Gupta. Offences were recorded under IPC section 420.",Kavya Gupta|Manoj Gupta,+917001029470,WB27AB1182,kavya.0131@paytm,Charminar Hyderabad,2026-01-14
FIR-2026-0028,"On 2026-01-14, complainant reported suspect Pooja Gupta near Gomti Nagar Lucknow. The suspect used phone +917001069065, vehicle GJ28AB1189, UPI pooja.0136@ybl, bank account number 510000482085, Aadhaar 2000 0106 9065, PAN CLNAI0136F, and contacted associate Pranav Gupta. Offences were recorded under IPC section 420.",Pooja Gupta|Pranav Gupta,+917001069065,GJ28AB1189,pooja.0136@ybl,Gomti Nagar Lucknow,2026-01-14
FIR-2026-0029,"On 2026-01-15, complainant reported suspect Rakesh Gupta near Howrah Kolkata. The suspect used phone +917001108660, vehicle RJ29AB1196, UPI rakesh.0141@okicici, bank account number 510000499940, Aadhaar 2000 0110 8660, PAN CLNAI0141K, and contacted associate Riya Gupta. Offences were recorded under IPC section 420.",Rakesh Gupta|Riya Gupta,+917001108660,RJ29AB1196,rakesh.0141@okicici,Howrah Kolkata,2026-01-15
FIR-2026-0030,"On 2026-01-15, complainant reported suspect Shreya Gupta near Indiranagar Bengaluru. The suspect used phone +917001148255, vehicle KL30AB1203, UPI shreya.0146@okaxis, bank account number 510000517795, Aadhaar 2000 0114 8255, PAN CLNAI0146P, and contacted associate Suresh Gupta. Offences were recorded under IPC section 420.",Shreya Gupta|Suresh Gupta,+917001148255,KL30AB1203,shreya.0146@okaxis,Indiranagar Bengaluru,2026-01-15
FIR-2026-0031,"On 2026-01-16, complainant reported suspect Aarav Iyer near Kochi Marine Drive. The suspect used phone +917001187850, vehicle DL31AB1210, UPI aarav.0151@oksbi, bank account number 510000535650, Aadhaar 2000 0118 7850, PAN CLNAI0151U, and contacted associate Aditi Iyer. Offences were recorded under IPC section 420.",Aarav Iyer|Aditi Iyer,+917001187850,DL31AB1210,aarav.0151@oksbi,Kochi Marine Drive,2026-01-16
FIR-2026-0032,"On 2026-01-16, complainant reported suspect Deepak Iyer near Mumbai Central. The suspect used phone +917001227445, vehicle KA32AB1217, UPI deepak.0156@upi, bank account number 510000553505, Aadhaar 2000 0122 7445, PAN CLNAI0156Z, and contacted associate Divya Iyer. Offences were recorded under IPC section 420.",Deepak Iyer|Divya Iyer,+917001227445,KA32AB1217,deepak.0156@upi,Mumbai Central,2026-01-16
FIR-2026-0033,"On 2026-01-17, complainant reported suspect Kavya Iyer near Pune Camp. The suspect used phone +917001267040, vehicle MH33AB1224, UPI kavya.0161@paytm, bank account number 510000571360, Aadhaar 2000 0126 7040, PAN CLNAI0161E, and contacted associate Manoj Iyer. Offences were recorded under IPC section 420.",Kavya Iyer|Manoj Iyer,+917001267040,MH33AB1224,kavya.0161@paytm,Pune Camp,2026-01-17
FIR-2026-0034,"On 2026-01-17, complainant reported suspect Pooja Iyer near Sector 17 Chandigarh. The suspect used phone +917001306635, vehicle TN34AB1231, UPI pooja.0166@ybl, bank account number 510000589215, Aadhaar 2000 0130 6635, PAN CLNAI0166J, and contacted associate Pranav Iyer. Offences were recorded under IPC section 420.",Pooja Iyer|Pranav Iyer,+917001306635,TN34AB1231,pooja.0166@ybl,Sector 17 Chandigarh,2026-01-17
FIR-2026-0035,"On 2026-01-18, complainant reported suspect Rakesh Iyer near T Nagar Chennai. The suspect used phone +917001346230, vehicle TS35AB1238, UPI rakesh.0171@okicici, bank account number 510000607070, Aadhaar 2000 0134 6230, PAN CLNAI0171O, and contacted associate Riya Iyer. Offences were recorded under IPC section 420.",Rakesh Iyer|Riya Iyer,+917001346230,TS35AB1238,rakesh.0171@okicici,T Nagar Chennai,2026-01-18
FIR-2026-0036,"On 2026-01-18, complainant reported suspect Shreya Iyer near Vaishali Ghaziabad. The suspect used phone +917001385825, vehicle UP01AB1245, UPI shreya.0176@okaxis, bank account number 510000624925, Aadhaar 2000 0138 5825, PAN CLNAI0176T, and contacted associate Suresh Iyer. Offences were recorded under IPC section 420.",Shreya Iyer|Suresh Iyer,+917001385825,UP01AB1245,shreya.0176@okaxis,Vaishali Ghaziabad,2026-01-18
FIR-2026-0037,"On 2026-01-19, complainant reported suspect Aarav Jain near Bengaluru Central. The suspect used phone +917001425420, vehicle WB02AB1252, UPI aarav.0181@oksbi, bank account number 510000642780, Aadhaar 2000 0142 5420, PAN CLNAI0181Y, and contacted associate Aditi Jain. Offences were recorded under IPC section 420.",Aarav Jain|Aditi Jain,+917001425420,WB02AB1252,aarav.0181@oksbi,Bengaluru Central,2026-01-19
FIR-2026-0038,"On 2026-01-19, complainant reported suspect Deepak Jain near Chandni Chowk Delhi. The suspect used phone +917001465015, vehicle GJ03AB1259, UPI deepak.0186@upi, bank account number 510000660635, Aadhaar 2000 0146 5015, PAN CLNAI0186D, and contacted associate Divya Jain. Offences were recorded under IPC section 420.",Deepak Jain|Divya Jain,+917001465015,GJ03AB1259,deepak.0186@upi,Chandni Chowk Delhi,2026-01-19
FIR-2026-0039,"On 2026-01-20, complainant reported suspect Kavya Jain near Charminar Hyderabad. The suspect used phone +917001504610, vehicle RJ04AB1266, UPI kavya.0191@paytm, bank account number 510000678490, Aadhaar 2000 0150 4610, PAN CLNAI0191I, and contacted associate Manoj Jain. Offences were recorded under IPC section 420.",Kavya Jain|Manoj Jain,+917001504610,RJ04AB1266,kavya.0191@paytm,Charminar Hyderabad,2026-01-20
FIR-2026-0040,"On 2026-01-20, complainant reported suspect Pooja Jain near Gomti Nagar Lucknow. The suspect used phone +917001544205, vehicle KL05AB1273, UPI pooja.0196@ybl, bank account number 510000696345, Aadhaar 2000 0154 4205, PAN CLNAI0196N, and contacted associate Pranav Jain. Offences were recorded under IPC section 420.",Pooja Jain|Pranav Jain,+917001544205,KL05AB1273,pooja.0196@ybl,Gomti Nagar Lucknow,2026-01-20
FIR-2026-0041,"On 2026-01-21, complainant reported suspect Aditi Agarwal near Bengaluru Central. The suspect used phone +917000007919, vehicle DL01AB1001, UPI aditi.0002@okaxis, bank account number 510000003571, Aadhaar 2000 0000 7919, PAN CLNAI0002B, and contacted associate Akash Agarwal. Offences were recorded under IPC section 420.",Aditi Agarwal|Akash Agarwal,+917000007919,DL01AB1001,aditi.0002@okaxis,Bengaluru Central,2026-01-21
FIR-2026-0042,"On 2026-01-21, complainant reported suspect Divya Agarwal near Chandni Chowk Delhi. The suspect used phone +917000047514, vehicle KA02AB1008, UPI divya.0007@oksbi, bank account number 510000021426, Aadhaar 2000 0004 7514, PAN CLNAI0007G, and contacted associate Farhan Agarwal. Offences were recorded under IPC section 420.",Divya Agarwal|Farhan Agarwal,+917000047514,KA02AB1008,divya.0007@oksbi,Chandni Chowk Delhi,2026-01-21
FIR-2026-0043,"On 2026-01-22, complainant reported suspect Manoj Agarwal near Charminar Hyderabad. The suspect used phone +917000087109, vehicle MH03AB1015, UPI manoj.0012@upi, bank account number 510000039281, Aadhaar 2000 0008 7109, PAN CLNAI0012L, and contacted associate Meera Agarwal. Offences were recorded under IPC section 420.",Manoj Agarwal|Meera Agarwal,+917000087109,MH03AB1015,manoj.0012@upi,Charminar Hyderabad,2026-01-22
FIR-2026-0044,"On 2026-01-22, complainant reported suspect Pranav Agarwal near Gomti Nagar Lucknow. The suspect used phone +917000126704, vehicle TN04AB1022, UPI pranav.0017@paytm, bank account number 510000057136, Aadhaar 2000 0012 6704, PAN CLNAI0017Q, and contacted associate Priya Agarwal. Offences were recorded under IPC section 420.",Pranav Agarwal|Priya Agarwal,+917000126704,TN04AB1022,pranav.0017@paytm,Gomti Nagar Lucknow,2026-01-22
FIR-2026-0045,"On 2026-01-23, complainant reported suspect Riya Agarwal near Howrah Kolkata. The suspect used phone +917000166299, vehicle TS05AB1029, UPI riya.0022@ybl, bank account number 510000074991, Aadhaar 2000 0016 6299, PAN CLNAI0022V, and contacted associate Rohan Agarwal. Offences were recorded under IPC section 420.",Riya Agarwal|Rohan Agarwal,+917000166299,TS05AB1029,riya.0022@ybl,Howrah Kolkata,2026-01-23
FIR-2026-0046,"On 2026-01-23, complainant reported suspect Suresh Agarwal near Indiranagar Bengaluru. The suspect used phone +917000205894, vehicle UP06AB1036, UPI suresh.0027@okicici, bank account number 510000092846, Aadhaar 2000 0020 5894, PAN CLNAI0027A, and contacted associate Tanvi Agarwal. Offences were recorded under IPC section 420.",Suresh Agarwal|Tanvi Agarwal,+917000205894,UP06AB1036,suresh.0027@okicici,Indiranagar Bengaluru,2026-01-23
FIR-2026-0047,"On 2026-01-24, complainant reported suspect Aditi Bansal near Kochi Marine Drive. The suspect used phone +917000245489, vehicle WB07AB1043, UPI aditi.0032@okaxis, bank account number 510000110701, Aadhaar 2000 0024 5489, PAN CLNAI0032F, and contacted associate Akash Bansal. Offences were recorded under IPC section 420.",Aditi Bansal|Akash Bansal,+917000245489,WB07AB1043,aditi.0032@okaxis,Kochi Marine Drive,2026-01-24
FIR-2026-0048,"On 2026-01-24, complainant reported suspect Divya Bansal near Mumbai Central. The suspect used phone +917000285084, vehicle GJ08AB1050, UPI divya.0037@oksbi, bank account number 510000128556, Aadhaar 2000 0028 5084, PAN CLNAI0037K, and contacted associate Farhan Bansal. Offences were recorded under IPC section 420.",Divya Bansal|Farhan Bansal,+917000285084,GJ08AB1050,divya.0037@oksbi,Mumbai Central,2026-01-24
FIR-2026-0049,"On 2026-01-25, complainant reported suspect Manoj Bansal near Pune Camp. The suspect used phone +917000324679, vehicle RJ09AB1057, UPI manoj.0042@upi, bank account number 510000146411, Aadhaar 2000 0032 4679, PAN CLNAI0042P, and contacted associate Meera Bansal. Offences were recorded under IPC section 420.",Manoj Bansal|Meera Bansal,+917000324679,RJ09AB1057,manoj.0042@upi,Pune Camp,2026-01-25
FIR-2026-0050,"On 2026-01-25, complainant reported suspect Pranav Bansal near Sector 17 Chandigarh. The suspect used phone +917000364274, vehicle KL10AB1064, UPI pranav.0047@paytm, bank account number 510000164266, Aadhaar 2000 0036 4274, PAN CLNAI0047U, and contacted associate Priya Bansal. Offences were recorded under IPC section 420.",Pranav Bansal|Priya Bansal,+917000364274,KL10AB1064,pranav.0047@paytm,Sector 17 Chandigarh,2026-01-25
FIR-2026-0051,"On 2026-01-26, complainant reported suspect Riya Bansal near T Nagar Chennai. The suspect used phone +917000403869, vehicle DL11AB1071, UPI riya.0052@ybl, bank account number 510000182121, Aadhaar 2000 0040 3869, PAN CLNAI0052Z, and contacted associate Rohan Bansal. Offences were recorded under IPC section 420.",Riya Bansal|Rohan Bansal,+917000403869,DL11AB1071,riya.0052@ybl,T Nagar Chennai,2026-01-26
FIR-2026-0052,"On 2026-01-26, complainant reported suspect Suresh Bansal near Vaishali Ghaziabad. The suspect used phone +917000443464, vehicle KA12AB1078, UPI suresh.0057@okicici, bank account number 510000199976, Aadhaar 2000 0044 3464, PAN CLNAI0057E, and contacted associate Tanvi Bansal. Offences were recorded under IPC section 420.",Suresh Bansal|Tanvi Bansal,+917000443464,KA12AB1078,suresh.0057@okicici,Vaishali Ghaziabad,2026-01-26
FIR-2026-0053,"On 2026-01-27, complainant reported suspect Aditi Chauhan near Bengaluru Central. The suspect used phone +917000483059, vehicle MH13AB1085, UPI aditi.0062@okaxis, bank account number 510000217831, Aadhaar 2000 0048 3059, PAN CLNAI0062J, and contacted associate Akash Chauhan. Offences were recorded under IPC section 420.",Aditi Chauhan|Akash Chauhan,+917000483059,MH13AB1085,aditi.0062@okaxis,Bengaluru Central,2026-01-27
FIR-2026-0054,"On 2026-01-27, complainant reported suspect Divya Chauhan near Chandni Chowk Delhi. The suspect used phone +917000522654, vehicle TN14AB1092, UPI divya.0067@oksbi, bank account number 510000235686, Aadhaar 2000 0052 2654, PAN CLNAI0067O, and contacted associate Farhan Chauhan. Offences were recorded under IPC section 420.",Divya Chauhan|Farhan Chauhan,+917000522654,TN14AB1092,divya.0067@oksbi,Chandni Chowk Delhi,2026-01-27
FIR-2026-0055,"On 2026-01-28, complainant reported suspect Manoj Chauhan near Charminar Hyderabad. The suspect used phone +917000562249, vehicle TS15AB1099, UPI manoj.0072@upi, bank account number 510000253541, Aadhaar 2000 0056 2249, PAN CLNAI0072T, and contacted associate Meera Chauhan. Offences were recorded under IPC section 420.",Manoj Chauhan|Meera Chauhan,+917000562249,TS15AB1099,manoj.0072@upi,Charminar Hyderabad,2026-01-28
FIR-2026-0056,"On 2026-01-28, complainant reported suspect Pranav Chauhan near Gomti Nagar Lucknow. The suspect used phone +917000601844, vehicle UP16AB1106, UPI pranav.0077@paytm, bank account number 510000271396, Aadhaar 2000 0060 1844, PAN CLNAI0077Y, and contacted associate Priya Chauhan. Offences were recorded under IPC section 420.",Pranav Chauhan|Priya Chauhan,+917000601844,UP16AB1106,pranav.0077@paytm,Gomti Nagar Lucknow,2026-01-28
FIR-2026-0057,"On 2026-01-29, complainant reported suspect Riya Chauhan near Howrah Kolkata. The suspect used phone +917000641439, vehicle WB17AB1113, UPI riya.0082@ybl, bank account number 510000289251, Aadhaar 2000 0064 1439, PAN CLNAI0082D, and contacted associate Rohan Chauhan. Offences were recorded under IPC section 420.",Riya Chauhan|Rohan Chauhan,+917000641439,WB17AB1113,riya.0082@ybl,Howrah Kolkata,2026-01-29
FIR-2026-0058,"On 2026-01-29, complainant reported suspect Suresh Chauhan near Indiranagar Bengaluru. The suspect used phone +917000681034, vehicle GJ18AB1120, UPI suresh.0087@okicici, bank account number 510000307106, Aadhaar 2000 0068 1034, PAN CLNAI0087I, and contacted associate Tanvi Chauhan. Offences were recorded under IPC section 420.",Suresh Chauhan|Tanvi Chauhan,+917000681034,GJ18AB1120,suresh.0087@okicici,Indiranagar Bengaluru,2026-01-29
FIR-2026-0059,"On 2026-01-30, complainant reported suspect Aditi Das near Kochi Marine Drive. The suspect used phone +917000720629, vehicle RJ19AB1127, UPI aditi.0092@okaxis, bank account number 510000324961, Aadhaar 2000 0072 0629, PAN CLNAI0092N, and contacted associate Akash Das. Offences were recorded under IPC section 420.",Aditi Das|Akash Das,+917000720629,RJ19AB1127,aditi.0092@okaxis,Kochi Marine Drive,2026-01-30
FIR-2026-0060,"On 2026-01-30, complainant reported suspect Divya Das near Mumbai Central. The suspect used phone +917000760224, vehicle KL20AB1134, UPI divya.0097@oksbi, bank account number 510000342816, Aadhaar 2000 0076 0224, PAN CLNAI0097S, and contacted associate Farhan Das. Offences were recorded under IPC section 420.",Divya Das|Farhan Das,+917000760224,KL20AB1134,divya.0097@oksbi,Mumbai Central,2026-01-30
FIR-2026-0061,"On 2026-01-31, complainant reported suspect Manoj Das near Pune Camp. The suspect used phone +917000799819, vehicle DL21AB1141, UPI manoj.0102@upi, bank account number 510000360671, Aadhaar 2000 0079 9819, PAN CLNAI0102X, and contacted associate Meera Das. Offences were recorded under IPC section 420.",Manoj Das|Meera Das,+917000799819,DL21AB1141,manoj.0102@upi,Pune Camp,2026-01-31
FIR-2026-0062,"On 2026-01-31, complainant reported suspect Pranav Das near Sector 17 Chandigarh. The suspect used phone +917000839414, vehicle KA22AB1148, UPI pranav.0107@paytm, bank account number 510000378526, Aadhaar 2000 0083 9414, PAN CLNAI0107C, and contacted associate Priya Das. Offences were recorded under IPC section 420.",Pranav Das|Priya Das,+917000839414,KA22AB1148,pranav.0107@paytm,Sector 17 Chandigarh,2026-01-31
FIR-2026-0063,"On 2026-02-01, complainant reported suspect Riya Das near T Nagar Chennai. The suspect used phone +917000879009, vehicle MH23AB1155, UPI riya.0112@ybl, bank account number 510000396381, Aadhaar 2000 0087 9009, PAN CLNAI0112H, and contacted associate Rohan Das. Offences were recorded under IPC section 420.",Riya Das|Rohan Das,+917000879009,MH23AB1155,riya.0112@ybl,T Nagar Chennai,2026-02-01
FIR-2026-0064,"On 2026-02-01, complainant reported suspect Suresh Das near Vaishali Ghaziabad. The suspect used phone +917000918604, vehicle TN24AB1162, UPI suresh.0117@okicici, bank account number 510000414236, Aadhaar 2000 0091 8604, PAN CLNAI0117M, and contacted associate Tanvi Das. Offences were recorded under IPC section 420.",Suresh Das|Tanvi Das,+917000918604,TN24AB1162,suresh.0117@okicici,Vaishali Ghaziabad,2026-02-01
FIR-2026-0065,"On 2026-02-02, complainant reported suspect Aditi Gupta near Bengaluru Central. The suspect used phone +917000958199, vehicle TS25AB1169, UPI aditi.0122@okaxis, bank account number 510000432091, Aadhaar 2000 0095 8199, PAN CLNAI0122R, and contacted associate Akash Gupta. Offences were recorded under IPC section 420.",Aditi Gupta|Akash Gupta,+917000958199,TS25AB1169,aditi.0122@okaxis,Bengaluru Central,2026-02-02
FIR-2026-0066,"On 2026-02-02, complainant reported suspect Divya Gupta near Chandni Chowk Delhi. The suspect used phone +917000997794, vehicle UP26AB1176, UPI divya.0127@oksbi, bank account number 510000449946, Aadhaar 2000 0099 7794, PAN CLNAI0127W, and contacted associate Farhan Gupta. Offences were recorded under IPC section 420.",Divya Gupta|Farhan Gupta,+917000997794,UP26AB1176,divya.0127@oksbi,Chandni Chowk Delhi,2026-02-02
FIR-2026-0067,"On 2026-02-03, complainant reported suspect Manoj Gupta near Charminar Hyderabad. The suspect used phone +917001037389, vehicle WB27AB1183, UPI manoj.0132@upi, bank account number 510000467801, Aadhaar 2000 0103 7389, PAN CLNAI0132B, and contacted associate Meera Gupta. Offences were recorded under IPC section 420.",Manoj Gupta|Meera Gupta,+917001037389,WB27AB1183,manoj.0132@upi,Charminar Hyderabad,2026-02-03
FIR-2026-0068,"On 2026-02-03, complainant reported suspect Pranav Gupta near Gomti Nagar Lucknow. The suspect used phone +917001076984, vehicle GJ28AB1190, UPI pranav.0137@paytm, bank account number 510000485656, Aadhaar 2000 0107 6984, PAN CLNAI0137G, and contacted associate Priya Gupta. Offences were recorded under IPC section 420.",Pranav Gupta|Priya Gupta,+917001076984,GJ28AB1190,pranav.0137@paytm,Gomti Nagar Lucknow,2026-02-03
FIR-2026-0069,"On 2026-02-04, complainant reported suspect Riya Gupta near Howrah Kolkata. The suspect used phone +917001116579, vehicle RJ29AB1197, UPI riya.0142@ybl, bank account number 510000503511, Aadhaar 2000 0111 6579, PAN CLNAI0142L, and contacted associate Rohan Gupta. Offences were recorded under IPC section 420.",Riya Gupta|Rohan Gupta,+917001116579,RJ29AB1197,riya.0142@ybl,Howrah Kolkata,2026-02-04
FIR-2026-0070,"On 2026-02-04, complainant reported suspect Suresh Gupta near Indiranagar Bengaluru. The suspect used phone +917001156174, vehicle KL30AB1204, UPI suresh.0147@okicici, bank account number 510000521366, Aadhaar 2000 0115 6174, PAN CLNAI0147Q, and contacted associate Tanvi Gupta. Offences were recorded under IPC section 420.",Suresh Gupta|Tanvi Gupta,+917001156174,KL30AB1204,suresh.0147@okicici,Indiranagar Bengaluru,2026-02-04
FIR-2026-0071,"On 2026-02-05, complainant reported suspect Aditi Iyer near Kochi Marine Drive. The suspect used phone +917001195769, vehicle DL31AB1211, UPI aditi.0152@okaxis, bank account number 510000539221, Aadhaar 2000 0119 5769, PAN CLNAI0152V, and contacted associate Akash Iyer. Offences were recorded under IPC section 420.",Aditi Iyer|Akash Iyer,+917001195769,DL31AB1211,aditi.0152@okaxis,Kochi Marine Drive,2026-02-05
FIR-2026-0072,"On 2026-02-05, complainant reported suspect Divya Iyer near Mumbai Central. The suspect used phone +917001235364, vehicle KA32AB1218, UPI divya.0157@oksbi, bank account number 510000557076, Aadhaar 2000 0123 5364, PAN CLNAI0157A, and contacted associate Farhan Iyer. Offences were recorded under IPC section 420.",Divya Iyer|Farhan Iyer,+917001235364,KA32AB1218,divya.0157@oksbi,Mumbai Central,2026-02-05
FIR-2026-0073,"On 2026-02-06, complainant reported suspect Manoj Iyer near Pune Camp. The suspect used phone +917001274959, vehicle MH33AB1225, UPI manoj.0162@upi, bank account number 510000574931, Aadhaar 2000 0127 4959, PAN CLNAI0162F, and contacted associate Meera Iyer. Offences were recorded under IPC section 420.",Manoj Iyer|Meera Iyer,+917001274959,MH33AB1225,manoj.0162@upi,Pune Camp,2026-02-06
FIR-2026-0074,"On 2026-02-06, complainant reported suspect Pranav Iyer near Sector 17 Chandigarh. The suspect used phone +917001314554, vehicle TN34AB1232, UPI pranav.0167@paytm, bank account number 510000592786, Aadhaar 2000 0131 4554, PAN CLNAI0167K, and contacted associate Priya Iyer. Offences were recorded under IPC section 420.",Pranav Iyer|Priya Iyer,+917001314554,TN34AB1232,pranav.0167@paytm,Sector 17 Chandigarh,2026-02-06
FIR-2026-0075,"On 2026-02-07, complainant reported suspect Riya Iyer near T Nagar Chennai. The suspect used phone +917001354149, vehicle TS35AB1239, UPI riya.0172@ybl, bank account number 510000610641, Aadhaar 2000 0135 4149, PAN CLNAI0172P, and contacted associate Rohan Iyer. Offences were recorded under IPC section 420.",Riya Iyer|Rohan Iyer,+917001354149,TS35AB1239,riya.0172@ybl,T Nagar Chennai,2026-02-07
FIR-2026-0076,"On 2026-02-07, complainant reported suspect Suresh Iyer near Vaishali Ghaziabad. The suspect used phone +917001393744, vehicle UP01AB1246, UPI suresh.0177@okicici, bank account number 510000628496, Aadhaar 2000 0139 3744, PAN CLNAI0177U, and contacted associate Tanvi Iyer. Offences were recorded under IPC section 420.",Suresh Iyer|Tanvi Iyer,+917001393744,UP01AB1246,suresh.0177@okicici,Vaishali Ghaziabad,2026-02-07
FIR-2026-0077,"On 2026-02-08, complainant reported suspect Aditi Jain near Bengaluru Central. The suspect used phone +917001433339, vehicle WB02AB1253, UPI aditi.0182@okaxis, bank account number 510000646351, Aadhaar 2000 0143 3339, PAN CLNAI0182Z, and contacted associate Akash Jain. Offences were recorded under IPC section 420.",Aditi Jain|Akash Jain,+917001433339,WB02AB1253,aditi.0182@okaxis,Bengaluru Central,2026-02-08
FIR-2026-0078,"On 2026-02-08, complainant reported suspect Divya Jain near Chandni Chowk Delhi. The suspect used phone +917001472934, vehicle GJ03AB1260, UPI divya.0187@oksbi, bank account number 510000664206, Aadhaar 2000 0147 2934, PAN CLNAI0187E, and contacted associate Farhan Jain. Offences were recorded under IPC section 420.",Divya Jain|Farhan Jain,+917001472934,GJ03AB1260,divya.0187@oksbi,Chandni Chowk Delhi,2026-02-08
FIR-2026-0079,"On 2026-02-09, complainant reported suspect Manoj Jain near Charminar Hyderabad. The suspect used phone +917001512529, vehicle RJ04AB1267, UPI manoj.0192@upi, bank account number 510000682061, Aadhaar 2000 0151 2529, PAN CLNAI0192J, and contacted associate Meera Jain. Offences were recorded under IPC section 420.",Manoj Jain|Meera Jain,+917001512529,RJ04AB1267,manoj.0192@upi,Charminar Hyderabad,2026-02-09
FIR-2026-0080,"On 2026-02-09, complainant reported suspect Pranav Jain near Gomti Nagar Lucknow. The suspect used phone +917001552124, vehicle KL05AB1274, UPI pranav.0197@paytm, bank account number 510000699916, Aadhaar 2000 0155 2124, PAN CLNAI0197O, and contacted associate Priya Jain. Offences were recorded under IPC section 420.",Pranav Jain|Priya Jain,+917001552124,KL05AB1274,pranav.0197@paytm,Gomti Nagar Lucknow,2026-02-09
FIR-2026-0081,"On 2026-02-10, complainant reported suspect Akash Agarwal near Bengaluru Central. The suspect used phone +917000015838, vehicle DL01AB1002, UPI akash.0003@okicici, bank account number 510000007142, Aadhaar 2000 0001 5838, PAN CLNAI0003C, and contacted associate Ananya Agarwal. Offences were recorded under IPC section 420.",Akash Agarwal|Ananya Agarwal,+917000015838,DL01AB1002,akash.0003@okicici,Bengaluru Central,2026-02-10
FIR-2026-0082,"On 2026-02-10, complainant reported suspect Farhan Agarwal near Chandni Chowk Delhi. The suspect used phone +917000055433, vehicle KA02AB1009, UPI farhan.0008@okaxis, bank account number 510000024997, Aadhaar 2000 0005 5433, PAN CLNAI0008H, and contacted associate Ishita Agarwal. Offences were recorded under IPC section 420.",Farhan Agarwal|Ishita Agarwal,+917000055433,KA02AB1009,farhan.0008@okaxis,Chandni Chowk Delhi,2026-02-10
FIR-2026-0083,"On 2026-02-11, complainant reported suspect Meera Agarwal near Charminar Hyderabad. The suspect used phone +917000095028, vehicle MH03AB1016, UPI meera.0013@oksbi, bank account number 510000042852, Aadhaar 2000 0009 5028, PAN CLNAI0013M, and contacted associate Neha Agarwal. Offences were recorded under IPC section 420.",Meera Agarwal|Neha Agarwal,+917000095028,MH03AB1016,meera.0013@oksbi,Charminar Hyderabad,2026-02-11
FIR-2026-0084,"On 2026-02-11, complainant reported suspect Priya Agarwal near Gomti Nagar Lucknow. The suspect used phone +917000134623, vehicle TN04AB1023, UPI priya.0018@upi, bank account number 510000060707, Aadhaar 2000 0013 4623, PAN CLNAI0018R, and contacted associate Rahul Agarwal. Offences were recorded under IPC section 420.",Priya Agarwal|Rahul Agarwal,+917000134623,TN04AB1023,priya.0018@upi,Gomti Nagar Lucknow,2026-02-11
FIR-2026-0085,"On 2026-02-12, complainant reported suspect Rohan Agarwal near Howrah Kolkata. The suspect used phone +917000174218, vehicle TS05AB1030, UPI rohan.0023@paytm, bank account number 510000078562, Aadhaar 2000 0017 4218, PAN CLNAI0023W, and contacted associate Sameer Agarwal. Offences were recorded under IPC section 420.",Rohan Agarwal|Sameer Agarwal,+917000174218,TS05AB1030,rohan.0023@paytm,Howrah Kolkata,2026-02-12
FIR-2026-0086,"On 2026-02-12, complainant reported suspect Tanvi Agarwal near Indiranagar Bengaluru. The suspect used phone +917000213813, vehicle UP06AB1037, UPI tanvi.0028@ybl, bank account number 510000096417, Aadhaar 2000 0021 3813, PAN CLNAI0028B, and contacted associate Varun Agarwal. Offences were recorded under IPC section 420.",Tanvi Agarwal|Varun Agarwal,+917000213813,UP06AB1037,tanvi.0028@ybl,Indiranagar Bengaluru,2026-02-12
FIR-2026-0087,"On 2026-02-13, complainant reported suspect Akash Bansal near Kochi Marine Drive. The suspect used phone +917000253408, vehicle WB07AB1044, UPI akash.0033@okicici, bank account number 510000114272, Aadhaar 2000 0025 3408, PAN CLNAI0033G, and contacted associate Ananya Bansal. Offences were recorded under IPC section 420.",Akash Bansal|Ananya Bansal,+917000253408,WB07AB1044,akash.0033@okicici,Kochi Marine Drive,2026-02-13
FIR-2026-0088,"On 2026-02-13, complainant reported suspect Farhan Bansal near Mumbai Central. The suspect used phone +917000293003, vehicle GJ08AB1051, UPI farhan.0038@okaxis, bank account number 510000132127, Aadhaar 2000 0029 3003, PAN CLNAI0038L, and contacted associate Ishita Bansal. Offences were recorded under IPC section 420.",Farhan Bansal|Ishita Bansal,+917000293003,GJ08AB1051,farhan.0038@okaxis,Mumbai Central,2026-02-13
FIR-2026-0089,"On 2026-02-14, complainant reported suspect Meera Bansal near Pune Camp. The suspect used phone +917000332598, vehicle RJ09AB1058, UPI meera.0043@oksbi, bank account number 510000149982, Aadhaar 2000 0033 2598, PAN CLNAI0043Q, and contacted associate Neha Bansal. Offences were recorded under IPC section 420.",Meera Bansal|Neha Bansal,+917000332598,RJ09AB1058,meera.0043@oksbi,Pune Camp,2026-02-14
FIR-2026-0090,"On 2026-02-14, complainant reported suspect Priya Bansal near Sector 17 Chandigarh. The suspect used phone +917000372193, vehicle KL10AB1065, UPI priya.0048@upi, bank account number 510000167837, Aadhaar 2000 0037 2193, PAN CLNAI0048V, and contacted associate Rahul Bansal. Offences were recorded under IPC section 420.",Priya Bansal|Rahul Bansal,+917000372193,KL10AB1065,priya.0048@upi,Sector 17 Chandigarh,2026-02-14
FIR-2026-0091,"On 2026-02-15, complainant reported suspect Rohan Bansal near T Nagar Chennai. The suspect used phone +917000411788, vehicle DL11AB1072, UPI rohan.0053@paytm, bank account number 510000185692, Aadhaar 2000 0041 1788, PAN CLNAI0053A, and contacted associate Sameer Bansal. Offences were recorded under IPC section 420.",Rohan Bansal|Sameer Bansal,+917000411788,DL11AB1072,rohan.0053@paytm,T Nagar Chennai,2026-02-15
FIR-2026-0092,"On 2026-02-15, complainant reported suspect Tanvi Bansal near Vaishali Ghaziabad. The suspect used phone +917000451383, vehicle KA12AB1079, UPI tanvi.0058@ybl, bank account number 510000203547, Aadhaar 2000 0045 1383, PAN CLNAI0058F, and contacted associate Varun Bansal. Offences were recorded under IPC section 420.",Tanvi Bansal|Varun Bansal,+917000451383,KA12AB1079,tanvi.0058@ybl,Vaishali Ghaziabad,2026-02-15
FIR-2026-0093,"On 2026-02-16, complainant reported suspect Akash Chauhan near Bengaluru Central. The suspect used phone +917000490978, vehicle MH13AB1086, UPI akash.0063@okicici, bank account number 510000221402, Aadhaar 2000 0049 0978, PAN CLNAI0063K, and contacted associate Ananya Chauhan. Offences were recorded under IPC section 420.",Akash Chauhan|Ananya Chauhan,+917000490978,MH13AB1086,akash.0063@okicici,Bengaluru Central,2026-02-16
FIR-2026-0094,"On 2026-02-16, complainant reported suspect Farhan Chauhan near Chandni Chowk Delhi. The suspect used phone +917000530573, vehicle TN14AB1093, UPI farhan.0068@okaxis, bank account number 510000239257, Aadhaar 2000 0053 0573, PAN CLNAI0068P, and contacted associate Ishita Chauhan. Offences were recorded under IPC section 420.",Farhan Chauhan|Ishita Chauhan,+917000530573,TN14AB1093,farhan.0068@okaxis,Chandni Chowk Delhi,2026-02-16
FIR-2026-0095,"On 2026-02-17, complainant reported suspect Meera Chauhan near Charminar Hyderabad. The suspect used phone +917000570168, vehicle TS15AB1100, UPI meera.0073@oksbi, bank account number 510000257112, Aadhaar 2000 0057 0168, PAN CLNAI0073U, and contacted associate Neha Chauhan. Offences were recorded under IPC section 420.",Meera Chauhan|Neha Chauhan,+917000570168,TS15AB1100,meera.0073@oksbi,Charminar Hyderabad,2026-02-17
FIR-2026-0096,"On 2026-02-17, complainant reported suspect Priya Chauhan near Gomti Nagar Lucknow. The suspect used phone +917000609763, vehicle UP16AB1107, UPI priya.0078@upi, bank account number 510000274967, Aadhaar 2000 0060 9763, PAN CLNAI0078Z, and contacted associate Rahul Chauhan. Offences were recorded under IPC section 420.",Priya Chauhan|Rahul Chauhan,+917000609763,UP16AB1107,priya.0078@upi,Gomti Nagar Lucknow,2026-02-17
FIR-2026-0097,"On 2026-02-18, complainant reported suspect Rohan Chauhan near Howrah Kolkata. The suspect used phone +917000649358, vehicle WB17AB1114, UPI rohan.0083@paytm, bank account number 510000292822, Aadhaar 2000 0064 9358, PAN CLNAI0083E, and contacted associate Sameer Chauhan. Offences were recorded under IPC section 420.",Rohan Chauhan|Sameer Chauhan,+917000649358,WB17AB1114,rohan.0083@paytm,Howrah Kolkata,2026-02-18
FIR-2026-0098,"On 2026-02-18, complainant reported suspect Tanvi Chauhan near Indiranagar Bengaluru. The suspect used phone +917000688953, vehicle GJ18AB1121, UPI tanvi.0088@ybl, bank account number 510000310677, Aadhaar 2000 0068 8953, PAN CLNAI0088J, and contacted associate Varun Chauhan. Offences were recorded under IPC section 420.",Tanvi Chauhan|Varun Chauhan,+917000688953,GJ18AB1121,tanvi.0088@ybl,Indiranagar Bengaluru,2026-02-18
FIR-2026-0099,"On 2026-02-19, complainant reported suspect Akash Das near Kochi Marine Drive. The suspect used phone +917000728548, vehicle RJ19AB1128, UPI akash.0093@okicici, bank account number 510000328532, Aadhaar 2000 0072 8548, PAN CLNAI0093O, and contacted associate Ananya Das. Offences were recorded under IPC section 420.",Akash Das|Ananya Das,+917000728548,RJ19AB1128,akash.0093@okicici,Kochi Marine Drive,2026-02-19
FIR-2026-0100,"On 2026-02-19, complainant reported suspect Farhan Das near Mumbai Central. The suspect used phone +917000768143, vehicle KL20AB1135, UPI farhan.0098@okaxis, bank account number 510000346387, Aadhaar 2000 0076 8143, PAN CLNAI0098T, and contacted associate Ishita Das. Offences were recorded under IPC section 420.",Farhan Das|Ishita Das,+917000768143,KL20AB1135,farhan.0098@okaxis,Mumbai Central,2026-02-19
FIR-2026-0101,"On 2026-02-20, complainant reported suspect Meera Das near Pune Camp. The suspect used phone +917000807738, vehicle DL21AB1142, UPI meera.0103@oksbi, bank account number 510000364242, Aadhaar 2000 0080 7738, PAN CLNAI0103Y, and contacted associate Neha Das. Offences were recorded under IPC section 420.",Meera Das|Neha Das,+917000807738,DL21AB1142,meera.0103@oksbi,Pune Camp,2026-02-20
FIR-2026-0102,"On 2026-02-20, complainant reported suspect Priya Das near Sector 17 Chandigarh. The suspect used phone +917000847333, vehicle KA22AB1149, UPI priya.0108@upi, bank account number 510000382097, Aadhaar 2000 0084 7333, PAN CLNAI0108D, and contacted associate Rahul Das. Offences were recorded under IPC section 420.",Priya Das|Rahul Das,+917000847333,KA22AB1149,priya.0108@upi,Sector 17 Chandigarh,2026-02-20
FIR-2026-0103,"On 2026-02-21, complainant reported suspect Rohan Das near T Nagar Chennai. The suspect used phone +917000886928, vehicle MH23AB1156, UPI rohan.0113@paytm, bank account number 510000399952, Aadhaar 2000 0088 6928, PAN CLNAI0113I, and contacted associate Sameer Das. Offences were recorded under IPC section 420.",Rohan Das|Sameer Das,+917000886928,MH23AB1156,rohan.0113@paytm,T Nagar Chennai,2026-02-21
FIR-2026-0104,"On 2026-02-21, complainant reported suspect Tanvi Das near Vaishali Ghaziabad. The suspect used phone +917000926523, vehicle TN24AB1163, UPI tanvi.0118@ybl, bank account number 510000417807, Aadhaar 2000 0092 6523, PAN CLNAI0118N, and contacted associate Varun Das. Offences were recorded under IPC section 420.",Tanvi Das|Varun Das,+917000926523,TN24AB1163,tanvi.0118@ybl,Vaishali Ghaziabad,2026-02-21
FIR-2026-0105,"On 2026-02-22, complainant reported suspect Akash Gupta near Bengaluru Central. The suspect used phone +917000966118, vehicle TS25AB1170, UPI akash.0123@okicici, bank account number 510000435662, Aadhaar 2000 0096 6118, PAN CLNAI0123S, and contacted associate Ananya Gupta. Offences were recorded under IPC section 420.",Akash Gupta|Ananya Gupta,+917000966118,TS25AB1170,akash.0123@okicici,Bengaluru Central,2026-02-22
FIR-2026-0106,"On 2026-02-22, complainant reported suspect Farhan Gupta near Chandni Chowk Delhi. The suspect used phone +917001005713, vehicle UP26AB1177, UPI farhan.0128@okaxis, bank account number 510000453517, Aadhaar 2000 0100 5713, PAN CLNAI0128X, and contacted associate Ishita Gupta. Offences were recorded under IPC section 420.",Farhan Gupta|Ishita Gupta,+917001005713,UP26AB1177,farhan.0128@okaxis,Chandni Chowk Delhi,2026-02-22
FIR-2026-0107,"On 2026-02-23, complainant reported suspect Meera Gupta near Charminar Hyderabad. The suspect used phone +917001045308, vehicle WB27AB1184, UPI meera.0133@oksbi, bank account number 510000471372, Aadhaar 2000 0104 5308, PAN CLNAI0133C, and contacted associate Neha Gupta. Offences were recorded under IPC section 420.",Meera Gupta|Neha Gupta,+917001045308,WB27AB1184,meera.0133@oksbi,Charminar Hyderabad,2026-02-23
FIR-2026-0108,"On 2026-02-23, complainant reported suspect Priya Gupta near Gomti Nagar Lucknow. The suspect used phone +917001084903, vehicle GJ28AB1191, UPI priya.0138@upi, bank account number 510000489227, Aadhaar 2000 0108 4903, PAN CLNAI0138H, and contacted associate Rahul Gupta. Offences were recorded under IPC section 420.",Priya Gupta|Rahul Gupta,+917001084903,GJ28AB1191,priya.0138@upi,Gomti Nagar Lucknow,2026-02-23
FIR-2026-0109,"On 2026-02-24, complainant reported suspect Rohan Gupta near Howrah Kolkata. The suspect used phone +917001124498, vehicle RJ29AB1198, UPI rohan.0143@paytm, bank account number 510000507082, Aadhaar 2000 0112 4498, PAN CLNAI0143M, and contacted associate Sameer Gupta. Offences were recorded under IPC section 420.",Rohan Gupta|Sameer Gupta,+917001124498,RJ29AB1198,rohan.0143@paytm,Howrah Kolkata,2026-02-24
FIR-2026-0110,"On 2026-02-24, complainant reported suspect Tanvi Gupta near Indiranagar Bengaluru. The suspect used phone +917001164093, vehicle KL30AB1205, UPI tanvi.0148@ybl, bank account number 510000524937, Aadhaar 2000 0116 4093, PAN CLNAI0148R, and contacted associate Varun Gupta. Offences were recorded under IPC section 420.",Tanvi Gupta|Varun Gupta,+917001164093,KL30AB1205,tanvi.0148@ybl,Indiranagar Bengaluru,2026-02-24
FIR-2026-0111,"On 2026-02-25, complainant reported suspect Akash Iyer near Kochi Marine Drive. The suspect used phone +917001203688, vehicle DL31AB1212, UPI akash.0153@okicici, bank account number 510000542792, Aadhaar 2000 0120 3688, PAN CLNAI0153W, and contacted associate Ananya Iyer. Offences were recorded under IPC section 420.",Akash Iyer|Ananya Iyer,+917001203688,DL31AB1212,akash.0153@okicici,Kochi Marine Drive,2026-02-25
FIR-2026-0112,"On 2026-02-25, complainant reported suspect Farhan Iyer near Mumbai Central. The suspect used phone +917001243283, vehicle KA32AB1219, UPI farhan.0158@okaxis, bank account number 510000560647, Aadhaar 2000 0124 3283, PAN CLNAI0158B, and contacted associate Ishita Iyer. Offences were recorded under IPC section 420.",Farhan Iyer|Ishita Iyer,+917001243283,KA32AB1219,farhan.0158@okaxis,Mumbai Central,2026-02-25
FIR-2026-0113,"On 2026-02-26, complainant reported suspect Meera Iyer near Pune Camp. The suspect used phone +917001282878, vehicle MH33AB1226, UPI meera.0163@oksbi, bank account number 510000578502, Aadhaar 2000 0128 2878, PAN CLNAI0163G, and contacted associate Neha Iyer. Offences were recorded under IPC section 420.",Meera Iyer|Neha Iyer,+917001282878,MH33AB1226,meera.0163@oksbi,Pune Camp,2026-02-26
FIR-2026-0114,"On 2026-02-26, complainant reported suspect Priya Iyer near Sector 17 Chandigarh. The suspect used phone +917001322473, vehicle TN34AB1233, UPI priya.0168@upi, bank account number 510000596357, Aadhaar 2000 0132 2473, PAN CLNAI0168L, and contacted associate Rahul Iyer. Offences were recorded under IPC section 420.",Priya Iyer|Rahul Iyer,+917001322473,TN34AB1233,priya.0168@upi,Sector 17 Chandigarh,2026-02-26
FIR-2026-0115,"On 2026-02-27, complainant reported suspect Rohan Iyer near T Nagar Chennai. The suspect used phone +917001362068, vehicle TS35AB1240, UPI rohan.0173@paytm, bank account number 510000614212, Aadhaar 2000 0136 2068, PAN CLNAI0173Q, and contacted associate Sameer Iyer. Offences were recorded under IPC section 420.",Rohan Iyer|Sameer Iyer,+917001362068,TS35AB1240,rohan.0173@paytm,T Nagar Chennai,2026-02-27
FIR-2026-0116,"On 2026-02-27, complainant reported suspect Tanvi Iyer near Vaishali Ghaziabad. The suspect used phone +917001401663, vehicle UP01AB1247, UPI tanvi.0178@ybl, bank account number 510000632067, Aadhaar 2000 0140 1663, PAN CLNAI0178V, and contacted associate Varun Iyer. Offences were recorded under IPC section 420.",Tanvi Iyer|Varun Iyer,+917001401663,UP01AB1247,tanvi.0178@ybl,Vaishali Ghaziabad,2026-02-27
FIR-2026-0117,"On 2026-02-28, complainant reported suspect Akash Jain near Bengaluru Central. The suspect used phone +917001441258, vehicle WB02AB1254, UPI akash.0183@okicici, bank account number 510000649922, Aadhaar 2000 0144 1258, PAN CLNAI0183A, and contacted associate Ananya Jain. Offences were recorded under IPC section 420.",Akash Jain|Ananya Jain,+917001441258,WB02AB1254,akash.0183@okicici,Bengaluru Central,2026-02-28
FIR-2026-0118,"On 2026-02-28, complainant reported suspect Farhan Jain near Chandni Chowk Delhi. The suspect used phone +917001480853, vehicle GJ03AB1261, UPI farhan.0188@okaxis, bank account number 510000667777, Aadhaar 2000 0148 0853, PAN CLNAI0188F, and contacted associate Ishita Jain. Offences were recorded under IPC section 420.",Farhan Jain|Ishita Jain,+917001480853,GJ03AB1261,farhan.0188@okaxis,Chandni Chowk Delhi,2026-02-28
FIR-2026-0119,"On 2026-03-01, complainant reported suspect Meera Jain near Charminar Hyderabad. The suspect used phone +917001520448, vehicle RJ04AB1268, UPI meera.0193@oksbi, bank account number 510000685632, Aadhaar 2000 0152 0448, PAN CLNAI0193K, and contacted associate Neha Jain. Offences were recorded under IPC section 420.",Meera Jain|Neha Jain,+917001520448,RJ04AB1268,meera.0193@oksbi,Charminar Hyderabad,2026-03-01
FIR-2026-0120,"On 2026-03-01, complainant reported suspect Priya Jain near Gomti Nagar Lucknow. The suspect used phone +917001560043, vehicle KL05AB1275, UPI priya.0198@upi, bank account number 510000703487, Aadhaar 2000 0156 0043, PAN CLNAI0198P, and contacted associate Rahul Jain. Offences were recorded under IPC section 420.",Priya Jain|Rahul Jain,+917001560043,KL05AB1275,priya.0198@upi,Gomti Nagar Lucknow,2026-03-01
FIR-2026-0121,"On 2026-03-02, complainant reported suspect Ananya Agarwal near Bengaluru Central. The suspect used phone +917000023757, vehicle DL01AB1003, UPI ananya.0004@ybl, bank account number 510000010713, Aadhaar 2000 0002 3757, PAN CLNAI0004D, and contacted associate Arjun Agarwal. Offences were recorded under IPC section 420.",Ananya Agarwal|Arjun Agarwal,+917000023757,DL01AB1003,ananya.0004@ybl,Bengaluru Central,2026-03-02
FIR-2026-0122,"On 2026-03-02, complainant reported suspect Ishita Agarwal near Chandni Chowk Delhi. The suspect used phone +917000063352, vehicle KA02AB1010, UPI ishita.0009@okicici, bank account number 510000028568, Aadhaar 2000 0006 3352, PAN CLNAI0009I, and contacted associate Kabir Agarwal. Offences were recorded under IPC section 420.",Ishita Agarwal|Kabir Agarwal,+917000063352,KA02AB1010,ishita.0009@okicici,Chandni Chowk Delhi,2026-03-02
FIR-2026-0123,"On 2026-03-03, complainant reported suspect Neha Agarwal near Charminar Hyderabad. The suspect used phone +917000102947, vehicle MH03AB1017, UPI neha.0014@okaxis, bank account number 510000046423, Aadhaar 2000 0010 2947, PAN CLNAI0014N, and contacted associate Nikhil Agarwal. Offences were recorded under IPC section 420.",Neha Agarwal|Nikhil Agarwal,+917000102947,MH03AB1017,neha.0014@okaxis,Charminar Hyderabad,2026-03-03
FIR-2026-0124,"On 2026-03-03, complainant reported suspect Rahul Agarwal near Gomti Nagar Lucknow. The suspect used phone +917000142542, vehicle TN04AB1024, UPI rahul.0019@oksbi, bank account number 510000064278, Aadhaar 2000 0014 2542, PAN CLNAI0019S, and contacted associate Rajesh Agarwal. Offences were recorded under IPC section 420.",Rahul Agarwal|Rajesh Agarwal,+917000142542,TN04AB1024,rahul.0019@oksbi,Gomti Nagar Lucknow,2026-03-03
FIR-2026-0125,"On 2026-03-04, complainant reported suspect Sameer Agarwal near Howrah Kolkata. The suspect used phone +917000182137, vehicle TS05AB1031, UPI sameer.0024@upi, bank account number 510000082133, Aadhaar 2000 0018 2137, PAN CLNAI0024X, and contacted associate Sanjay Agarwal. Offences were recorded under IPC section 420.",Sameer Agarwal|Sanjay Agarwal,+917000182137,TS05AB1031,sameer.0024@upi,Howrah Kolkata,2026-03-04
FIR-2026-0126,"On 2026-03-04, complainant reported suspect Varun Agarwal near Indiranagar Bengaluru. The suspect used phone +917000221732, vehicle UP06AB1038, UPI varun.0029@paytm, bank account number 510000099988, Aadhaar 2000 0022 1732, PAN CLNAI0029C, and contacted associate Vikram Agarwal. Offences were recorded under IPC section 420.",Varun Agarwal|Vikram Agarwal,+917000221732,UP06AB1038,varun.0029@paytm,Indiranagar Bengaluru,2026-03-04
FIR-2026-0127,"On 2026-03-05, complainant reported suspect Ananya Bansal near Kochi Marine Drive. The suspect used phone +917000261327, vehicle WB07AB1045, UPI ananya.0034@ybl, bank account number 510000117843, Aadhaar 2000 0026 1327, PAN CLNAI0034H, and contacted associate Arjun Bansal. Offences were recorded under IPC section 420.",Ananya Bansal|Arjun Bansal,+917000261327,WB07AB1045,ananya.0034@ybl,Kochi Marine Drive,2026-03-05
FIR-2026-0128,"On 2026-03-05, complainant reported suspect Ishita Bansal near Mumbai Central. The suspect used phone +917000300922, vehicle GJ08AB1052, UPI ishita.0039@okicici, bank account number 510000135698, Aadhaar 2000 0030 0922, PAN CLNAI0039M, and contacted associate Kabir Bansal. Offences were recorded under IPC section 420.",Ishita Bansal|Kabir Bansal,+917000300922,GJ08AB1052,ishita.0039@okicici,Mumbai Central,2026-03-05
FIR-2026-0129,"On 2026-03-06, complainant reported suspect Neha Bansal near Pune Camp. The suspect used phone +917000340517, vehicle RJ09AB1059, UPI neha.0044@okaxis, bank account number 510000153553, Aadhaar 2000 0034 0517, PAN CLNAI0044R, and contacted associate Nikhil Bansal. Offences were recorded under IPC section 420.",Neha Bansal|Nikhil Bansal,+917000340517,RJ09AB1059,neha.0044@okaxis,Pune Camp,2026-03-06
FIR-2026-0130,"On 2026-03-06, complainant reported suspect Rahul Bansal near Sector 17 Chandigarh. The suspect used phone +917000380112, vehicle KL10AB1066, UPI rahul.0049@oksbi, bank account number 510000171408, Aadhaar 2000 0038 0112, PAN CLNAI0049W, and contacted associate Rajesh Bansal. Offences were recorded under IPC section 420.",Rahul Bansal|Rajesh Bansal,+917000380112,KL10AB1066,rahul.0049@oksbi,Sector 17 Chandigarh,2026-03-06
FIR-2026-0131,"On 2026-03-07, complainant reported suspect Sameer Bansal near T Nagar Chennai. The suspect used phone +917000419707, vehicle DL11AB1073, UPI sameer.0054@upi, bank account number 510000189263, Aadhaar 2000 0041 9707, PAN CLNAI0054B, and contacted associate Sanjay Bansal. Offences were recorded under IPC section 420.",Sameer Bansal|Sanjay Bansal,+917000419707,DL11AB1073,sameer.0054@upi,T Nagar Chennai,2026-03-07
FIR-2026-0132,"On 2026-03-07, complainant reported suspect Varun Bansal near Vaishali Ghaziabad. The suspect used phone +917000459302, vehicle KA12AB1080, UPI varun.0059@paytm, bank account number 510000207118, Aadhaar 2000 0045 9302, PAN CLNAI0059G, and contacted associate Vikram Bansal. Offences were recorded under IPC section 420.",Varun Bansal|Vikram Bansal,+917000459302,KA12AB1080,varun.0059@paytm,Vaishali Ghaziabad,2026-03-07
FIR-2026-0133,"On 2026-03-08, complainant reported suspect Ananya Chauhan near Bengaluru Central. The suspect used phone +917000498897, vehicle MH13AB1087, UPI ananya.0064@ybl, bank account number 510000224973, Aadhaar 2000 0049 8897, PAN CLNAI0064L, and contacted associate Arjun Chauhan. Offences were recorded under IPC section 420.",Ananya Chauhan|Arjun Chauhan,+917000498897,MH13AB1087,ananya.0064@ybl,Bengaluru Central,2026-03-08
FIR-2026-0134,"On 2026-03-08, complainant reported suspect Ishita Chauhan near Chandni Chowk Delhi. The suspect used phone +917000538492, vehicle TN14AB1094, UPI ishita.0069@okicici, bank account number 510000242828, Aadhaar 2000 0053 8492, PAN CLNAI0069Q, and contacted associate Kabir Chauhan. Offences were recorded under IPC section 420.",Ishita Chauhan|Kabir Chauhan,+917000538492,TN14AB1094,ishita.0069@okicici,Chandni Chowk Delhi,2026-03-08
FIR-2026-0135,"On 2026-03-09, complainant reported suspect Neha Chauhan near Charminar Hyderabad. The suspect used phone +917000578087, vehicle TS15AB1101, UPI neha.0074@okaxis, bank account number 510000260683, Aadhaar 2000 0057 8087, PAN CLNAI0074V, and contacted associate Nikhil Chauhan. Offences were recorded under IPC section 420.",Neha Chauhan|Nikhil Chauhan,+917000578087,TS15AB1101,neha.0074@okaxis,Charminar Hyderabad,2026-03-09
FIR-2026-0136,"On 2026-03-09, complainant reported suspect Rahul Chauhan near Gomti Nagar Lucknow. The suspect used phone +917000617682, vehicle UP16AB1108, UPI rahul.0079@oksbi, bank account number 510000278538, Aadhaar 2000 0061 7682, PAN CLNAI0079A, and contacted associate Rajesh Chauhan. Offences were recorded under IPC section 420.",Rahul Chauhan|Rajesh Chauhan,+917000617682,UP16AB1108,rahul.0079@oksbi,Gomti Nagar Lucknow,2026-03-09
FIR-2026-0137,"On 2026-03-10, complainant reported suspect Sameer Chauhan near Howrah Kolkata. The suspect used phone +917000657277, vehicle WB17AB1115, UPI sameer.0084@upi, bank account number 510000296393, Aadhaar 2000 0065 7277, PAN CLNAI0084F, and contacted associate Sanjay Chauhan. Offences were recorded under IPC section 420.",Sameer Chauhan|Sanjay Chauhan,+917000657277,WB17AB1115,sameer.0084@upi,Howrah Kolkata,2026-03-10
FIR-2026-0138,"On 2026-03-10, complainant reported suspect Varun Chauhan near Indiranagar Bengaluru. The suspect used phone +917000696872, vehicle GJ18AB1122, UPI varun.0089@paytm, bank account number 510000314248, Aadhaar 2000 0069 6872, PAN CLNAI0089K, and contacted associate Vikram Chauhan. Offences were recorded under IPC section 420.",Varun Chauhan|Vikram Chauhan,+917000696872,GJ18AB1122,varun.0089@paytm,Indiranagar Bengaluru,2026-03-10
FIR-2026-0139,"On 2026-03-11, complainant reported suspect Ananya Das near Kochi Marine Drive. The suspect used phone +917000736467, vehicle RJ19AB1129, UPI ananya.0094@ybl, bank account number 510000332103, Aadhaar 2000 0073 6467, PAN CLNAI0094P, and contacted associate Arjun Das. Offences were recorded under IPC section 420.",Ananya Das|Arjun Das,+917000736467,RJ19AB1129,ananya.0094@ybl,Kochi Marine Drive,2026-03-11
FIR-2026-0140,"On 2026-03-11, complainant reported suspect Ishita Das near Mumbai Central. The suspect used phone +917000776062, vehicle KL20AB1136, UPI ishita.0099@okicici, bank account number 510000349958, Aadhaar 2000 0077 6062, PAN CLNAI0099U, and contacted associate Kabir Das. Offences were recorded under IPC section 420.",Ishita Das|Kabir Das,+917000776062,KL20AB1136,ishita.0099@okicici,Mumbai Central,2026-03-11
FIR-2026-0141,"On 2026-03-12, complainant reported suspect Neha Das near Pune Camp. The suspect used phone +917000815657, vehicle DL21AB1143, UPI neha.0104@okaxis, bank account number 510000367813, Aadhaar 2000 0081 5657, PAN CLNAI0104Z, and contacted associate Nikhil Das. Offences were recorded under IPC section 420.",Neha Das|Nikhil Das,+917000815657,DL21AB1143,neha.0104@okaxis,Pune Camp,2026-03-12
FIR-2026-0142,"On 2026-03-12, complainant reported suspect Rahul Das near Sector 17 Chandigarh. The suspect used phone +917000855252, vehicle KA22AB1150, UPI rahul.0109@oksbi, bank account number 510000385668, Aadhaar 2000 0085 5252, PAN CLNAI0109E, and contacted associate Rajesh Das. Offences were recorded under IPC section 420.",Rahul Das|Rajesh Das,+917000855252,KA22AB1150,rahul.0109@oksbi,Sector 17 Chandigarh,2026-03-12
FIR-2026-0143,"On 2026-03-13, complainant reported suspect Sameer Das near T Nagar Chennai. The suspect used phone +917000894847, vehicle MH23AB1157, UPI sameer.0114@upi, bank account number 510000403523, Aadhaar 2000 0089 4847, PAN CLNAI0114J, and contacted associate Sanjay Das. Offences were recorded under IPC section 420.",Sameer Das|Sanjay Das,+917000894847,MH23AB1157,sameer.0114@upi,T Nagar Chennai,2026-03-13
FIR-2026-0144,"On 2026-03-13, complainant reported suspect Varun Das near Vaishali Ghaziabad. The suspect used phone +917000934442, vehicle TN24AB1164, UPI varun.0119@paytm, bank account number 510000421378, Aadhaar 2000 0093 4442, PAN CLNAI0119O, and contacted associate Vikram Das. Offences were recorded under IPC section 420.",Varun Das|Vikram Das,+917000934442,TN24AB1164,varun.0119@paytm,Vaishali Ghaziabad,2026-03-13
FIR-2026-0145,"On 2026-03-14, complainant reported suspect Ananya Gupta near Bengaluru Central. The suspect used phone +917000974037, vehicle TS25AB1171, UPI ananya.0124@ybl, bank account number 510000439233, Aadhaar 2000 0097 4037, PAN CLNAI0124T, and contacted associate Arjun Gupta. Offences were recorded under IPC section 420.",Ananya Gupta|Arjun Gupta,+917000974037,TS25AB1171,ananya.0124@ybl,Bengaluru Central,2026-03-14
FIR-2026-0146,"On 2026-03-14, complainant reported suspect Ishita Gupta near Chandni Chowk Delhi. The suspect used phone +917001013632, vehicle UP26AB1178, UPI ishita.0129@okicici, bank account number 510000457088, Aadhaar 2000 0101 3632, PAN CLNAI0129Y, and contacted associate Kabir Gupta. Offences were recorded under IPC section 420.",Ishita Gupta|Kabir Gupta,+917001013632,UP26AB1178,ishita.0129@okicici,Chandni Chowk Delhi,2026-03-14
FIR-2026-0147,"On 2026-03-15, complainant reported suspect Neha Gupta near Charminar Hyderabad. The suspect used phone +917001053227, vehicle WB27AB1185, UPI neha.0134@okaxis, bank account number 510000474943, Aadhaar 2000 0105 3227, PAN CLNAI0134D, and contacted associate Nikhil Gupta. Offences were recorded under IPC section 420.",Neha Gupta|Nikhil Gupta,+917001053227,WB27AB1185,neha.0134@okaxis,Charminar Hyderabad,2026-03-15
FIR-2026-0148,"On 2026-03-15, complainant reported suspect Rahul Gupta near Gomti Nagar Lucknow. The suspect used phone +917001092822, vehicle GJ28AB1192, UPI rahul.0139@oksbi, bank account number 510000492798, Aadhaar 2000 0109 2822, PAN CLNAI0139I, and contacted associate Rajesh Gupta. Offences were recorded under IPC section 420.",Rahul Gupta|Rajesh Gupta,+917001092822,GJ28AB1192,rahul.0139@oksbi,Gomti Nagar Lucknow,2026-03-15
FIR-2026-0149,"On 2026-03-16, complainant reported suspect Sameer Gupta near Howrah Kolkata. The suspect used phone +917001132417, vehicle RJ29AB1199, UPI sameer.0144@upi, bank account number 510000510653, Aadhaar 2000 0113 2417, PAN CLNAI0144N, and contacted associate Sanjay Gupta. Offences were recorded under IPC section 420.",Sameer Gupta|Sanjay Gupta,+917001132417,RJ29AB1199,sameer.0144@upi,Howrah Kolkata,2026-03-16
FIR-2026-0150,"On 2026-03-16, complainant reported suspect Varun Gupta near Indiranagar Bengaluru. The suspect used phone +917001172012, vehicle KL30AB1206, UPI varun.0149@paytm, bank account number 510000528508, Aadhaar 2000 0117 2012, PAN CLNAI0149S, and contacted associate Vikram Gupta. Offences were recorded under IPC section 420.",Varun Gupta|Vikram Gupta,+917001172012,KL30AB1206,varun.0149@paytm,Indiranagar Bengaluru,2026-03-16
FIR-2026-0151,"On 2026-03-17, complainant reported suspect Ananya Iyer near Kochi Marine Drive. The suspect used phone +917001211607, vehicle DL31AB1213, UPI ananya.0154@ybl, bank account number 510000546363, Aadhaar 2000 0121 1607, PAN CLNAI0154X, and contacted associate Arjun Iyer. Offences were recorded under IPC section 420.",Ananya Iyer|Arjun Iyer,+917001211607,DL31AB1213,ananya.0154@ybl,Kochi Marine Drive,2026-03-17
FIR-2026-0152,"On 2026-03-17, complainant reported suspect Ishita Iyer near Mumbai Central. The suspect used phone +917001251202, vehicle KA32AB1220, UPI ishita.0159@okicici, bank account number 510000564218, Aadhaar 2000 0125 1202, PAN CLNAI0159C, and contacted associate Kabir Iyer. Offences were recorded under IPC section 420.",Ishita Iyer|Kabir Iyer,+917001251202,KA32AB1220,ishita.0159@okicici,Mumbai Central,2026-03-17
FIR-2026-0153,"On 2026-03-18, complainant reported suspect Neha Iyer near Pune Camp. The suspect used phone +917001290797, vehicle MH33AB1227, UPI neha.0164@okaxis, bank account number 510000582073, Aadhaar 2000 0129 0797, PAN CLNAI0164H, and contacted associate Nikhil Iyer. Offences were recorded under IPC section 420.",Neha Iyer|Nikhil Iyer,+917001290797,MH33AB1227,neha.0164@okaxis,Pune Camp,2026-03-18
FIR-2026-0154,"On 2026-03-18, complainant reported suspect Rahul Iyer near Sector 17 Chandigarh. The suspect used phone +917001330392, vehicle TN34AB1234, UPI rahul.0169@oksbi, bank account number 510000599928, Aadhaar 2000 0133 0392, PAN CLNAI0169M, and contacted associate Rajesh Iyer. Offences were recorded under IPC section 420.",Rahul Iyer|Rajesh Iyer,+917001330392,TN34AB1234,rahul.0169@oksbi,Sector 17 Chandigarh,2026-03-18
FIR-2026-0155,"On 2026-03-19, complainant reported suspect Sameer Iyer near T Nagar Chennai. The suspect used phone +917001369987, vehicle TS35AB1241, UPI sameer.0174@upi, bank account number 510000617783, Aadhaar 2000 0136 9987, PAN CLNAI0174R, and contacted associate Sanjay Iyer. Offences were recorded under IPC section 420.",Sameer Iyer|Sanjay Iyer,+917001369987,TS35AB1241,sameer.0174@upi,T Nagar Chennai,2026-03-19
FIR-2026-0156,"On 2026-03-19, complainant reported suspect Varun Iyer near Vaishali Ghaziabad. The suspect used phone +917001409582, vehicle UP01AB1248, UPI varun.0179@paytm, bank account number 510000635638, Aadhaar 2000 0140 9582, PAN CLNAI0179W, and contacted associate Vikram Iyer. Offences were recorded under IPC section 420.",Varun Iyer|Vikram Iyer,+917001409582,UP01AB1248,varun.0179@paytm,Vaishali Ghaziabad,2026-03-19
FIR-2026-0157,"On 2026-03-20, complainant reported suspect Ananya Jain near Bengaluru Central. The suspect used phone +917001449177, vehicle WB02AB1255, UPI ananya.0184@ybl, bank account number 510000653493, Aadhaar 2000 0144 9177, PAN CLNAI0184B, and contacted associate Arjun Jain. Offences were recorded under IPC section 420.",Ananya Jain|Arjun Jain,+917001449177,WB02AB1255,ananya.0184@ybl,Bengaluru Central,2026-03-20
FIR-2026-0158,"On 2026-03-20, complainant reported suspect Ishita Jain near Chandni Chowk Delhi. The suspect used phone +917001488772, vehicle GJ03AB1262, UPI ishita.0189@okicici, bank account number 510000671348, Aadhaar 2000 0148 8772, PAN CLNAI0189G, and contacted associate Kabir Jain. Offences were recorded under IPC section 420.",Ishita Jain|Kabir Jain,+917001488772,GJ03AB1262,ishita.0189@okicici,Chandni Chowk Delhi,2026-03-20
FIR-2026-0159,"On 2026-03-21, complainant reported suspect Neha Jain near Charminar Hyderabad. The suspect used phone +917001528367, vehicle RJ04AB1269, UPI neha.0194@okaxis, bank account number 510000689203, Aadhaar 2000 0152 8367, PAN CLNAI0194L, and contacted associate Nikhil Jain. Offences were recorded under IPC section 420.",Neha Jain|Nikhil Jain,+917001528367,RJ04AB1269,neha.0194@okaxis,Charminar Hyderabad,2026-03-21
FIR-2026-0160,"On 2026-03-21, complainant reported suspect Rahul Jain near Gomti Nagar Lucknow. The suspect used phone +917001567962, vehicle KL05AB1276, UPI rahul.0199@oksbi, bank account number 510000707058, Aadhaar 2000 0156 7962, PAN CLNAI0199Q, and contacted associate Rajesh Jain. Offences were recorded under IPC section 420.",Rahul Jain|Rajesh Jain,+917001567962,KL05AB1276,rahul.0199@oksbi,Gomti Nagar Lucknow,2026-03-21
FIR-2026-0161,"On 2026-03-22, complainant reported suspect Arjun Agarwal near Bengaluru Central. The suspect used phone +917000031676, vehicle DL01AB1004, UPI arjun.0005@paytm, bank account number 510000014284, Aadhaar 2000 0003 1676, PAN CLNAI0005E, and contacted associate Aarav Agarwal. Offences were recorded under IPC section 420.",Arjun Agarwal|Aarav Agarwal,+917000031676,DL01AB1004,arjun.0005@paytm,Bengaluru Central,2026-03-22
FIR-2026-0162,"On 2026-03-22, complainant reported suspect Kabir Agarwal near Chandni Chowk Delhi. The suspect used phone +917000071271, vehicle KA02AB1011, UPI kabir.0010@ybl, bank account number 510000032139, Aadhaar 2000 0007 1271, PAN CLNAI0010J, and contacted associate Deepak Agarwal. Offences were recorded under IPC section 420.",Kabir Agarwal|Deepak Agarwal,+917000071271,KA02AB1011,kabir.0010@ybl,Chandni Chowk Delhi,2026-03-22
FIR-2026-0163,"On 2026-03-23, complainant reported suspect Nikhil Agarwal near Charminar Hyderabad. The suspect used phone +917000110866, vehicle MH03AB1018, UPI nikhil.0015@okicici, bank account number 510000049994, Aadhaar 2000 0011 0866, PAN CLNAI0015O, and contacted associate Kavya Agarwal. Offences were recorded under IPC section 420.",Nikhil Agarwal|Kavya Agarwal,+917000110866,MH03AB1018,nikhil.0015@okicici,Charminar Hyderabad,2026-03-23
FIR-2026-0164,"On 2026-03-23, complainant reported suspect Rajesh Agarwal near Gomti Nagar Lucknow. The suspect used phone +917000150461, vehicle TN04AB1025, UPI rajesh.0020@okaxis, bank account number 510000067849, Aadhaar 2000 0015 0461, PAN CLNAI0020T, and contacted associate Pooja Agarwal. Offences were recorded under IPC section 420.",Rajesh Agarwal|Pooja Agarwal,+917000150461,TN04AB1025,rajesh.0020@okaxis,Gomti Nagar Lucknow,2026-03-23
FIR-2026-0165,"On 2026-03-24, complainant reported suspect Sanjay Agarwal near Howrah Kolkata. The suspect used phone +917000190056, vehicle TS05AB1032, UPI sanjay.0025@oksbi, bank account number 510000085704, Aadhaar 2000 0019 0056, PAN CLNAI0025Y, and contacted associate Rakesh Agarwal. Offences were recorded under IPC section 420.",Sanjay Agarwal|Rakesh Agarwal,+917000190056,TS05AB1032,sanjay.0025@oksbi,Howrah Kolkata,2026-03-24
FIR-2026-0166,"On 2026-03-24, complainant reported suspect Vikram Agarwal near Indiranagar Bengaluru. The suspect used phone +917000229651, vehicle UP06AB1039, UPI vikram.0030@upi, bank account number 510000103559, Aadhaar 2000 0022 9651, PAN CLNAI0030D, and contacted associate Shreya Agarwal. Offences were recorded under IPC section 420.",Vikram Agarwal|Shreya Agarwal,+917000229651,UP06AB1039,vikram.0030@upi,Indiranagar Bengaluru,2026-03-24
FIR-2026-0167,"On 2026-03-25, complainant reported suspect Arjun Bansal near Kochi Marine Drive. The suspect used phone +917000269246, vehicle WB07AB1046, UPI arjun.0035@paytm, bank account number 510000121414, Aadhaar 2000 0026 9246, PAN CLNAI0035I, and contacted associate Aarav Bansal. Offences were recorded under IPC section 420.",Arjun Bansal|Aarav Bansal,+917000269246,WB07AB1046,arjun.0035@paytm,Kochi Marine Drive,2026-03-25
FIR-2026-0168,"On 2026-03-25, complainant reported suspect Kabir Bansal near Mumbai Central. The suspect used phone +917000308841, vehicle GJ08AB1053, UPI kabir.0040@ybl, bank account number 510000139269, Aadhaar 2000 0030 8841, PAN CLNAI0040N, and contacted associate Deepak Bansal. Offences were recorded under IPC section 420.",Kabir Bansal|Deepak Bansal,+917000308841,GJ08AB1053,kabir.0040@ybl,Mumbai Central,2026-03-25
FIR-2026-0169,"On 2026-03-26, complainant reported suspect Nikhil Bansal near Pune Camp. The suspect used phone +917000348436, vehicle RJ09AB1060, UPI nikhil.0045@okicici, bank account number 510000157124, Aadhaar 2000 0034 8436, PAN CLNAI0045S, and contacted associate Kavya Bansal. Offences were recorded under IPC section 420.",Nikhil Bansal|Kavya Bansal,+917000348436,RJ09AB1060,nikhil.0045@okicici,Pune Camp,2026-03-26
FIR-2026-0170,"On 2026-03-26, complainant reported suspect Rajesh Bansal near Sector 17 Chandigarh. The suspect used phone +917000388031, vehicle KL10AB1067, UPI rajesh.0050@okaxis, bank account number 510000174979, Aadhaar 2000 0038 8031, PAN CLNAI0050X, and contacted associate Pooja Bansal. Offences were recorded under IPC section 420.",Rajesh Bansal|Pooja Bansal,+917000388031,KL10AB1067,rajesh.0050@okaxis,Sector 17 Chandigarh,2026-03-26
FIR-2026-0171,"On 2026-03-27, complainant reported suspect Sanjay Bansal near T Nagar Chennai. The suspect used phone +917000427626, vehicle DL11AB1074, UPI sanjay.0055@oksbi, bank account number 510000192834, Aadhaar 2000 0042 7626, PAN CLNAI0055C, and contacted associate Rakesh Bansal. Offences were recorded under IPC section 420.",Sanjay Bansal|Rakesh Bansal,+917000427626,DL11AB1074,sanjay.0055@oksbi,T Nagar Chennai,2026-03-27
FIR-2026-0172,"On 2026-03-27, complainant reported suspect Vikram Bansal near Vaishali Ghaziabad. The suspect used phone +917000467221, vehicle KA12AB1081, UPI vikram.0060@upi, bank account number 510000210689, Aadhaar 2000 0046 7221, PAN CLNAI0060H, and contacted associate Shreya Bansal. Offences were recorded under IPC section 420.",Vikram Bansal|Shreya Bansal,+917000467221,KA12AB1081,vikram.0060@upi,Vaishali Ghaziabad,2026-03-27
FIR-2026-0173,"On 2026-03-28, complainant reported suspect Arjun Chauhan near Bengaluru Central. The suspect used phone +917000506816, vehicle MH13AB1088, UPI arjun.0065@paytm, bank account number 510000228544, Aadhaar 2000 0050 6816, PAN CLNAI0065M, and contacted associate Aarav Chauhan. Offences were recorded under IPC section 420.",Arjun Chauhan|Aarav Chauhan,+917000506816,MH13AB1088,arjun.0065@paytm,Bengaluru Central,2026-03-28
FIR-2026-0174,"On 2026-03-28, complainant reported suspect Kabir Chauhan near Chandni Chowk Delhi. The suspect used phone +917000546411, vehicle TN14AB1095, UPI kabir.0070@ybl, bank account number 510000246399, Aadhaar 2000 0054 6411, PAN CLNAI0070R, and contacted associate Deepak Chauhan. Offences were recorded under IPC section 420.",Kabir Chauhan|Deepak Chauhan,+917000546411,TN14AB1095,kabir.0070@ybl,Chandni Chowk Delhi,2026-03-28
FIR-2026-0175,"On 2026-03-29, complainant reported suspect Nikhil Chauhan near Charminar Hyderabad. The suspect used phone +917000586006, vehicle TS15AB1102, UPI nikhil.0075@okicici, bank account number 510000264254, Aadhaar 2000 0058 6006, PAN CLNAI0075W, and contacted associate Kavya Chauhan. Offences were recorded under IPC section 420.",Nikhil Chauhan|Kavya Chauhan,+917000586006,TS15AB1102,nikhil.0075@okicici,Charminar Hyderabad,2026-03-29
FIR-2026-0176,"On 2026-03-29, complainant reported suspect Rajesh Chauhan near Gomti Nagar Lucknow. The suspect used phone +917000625601, vehicle UP16AB1109, UPI rajesh.0080@okaxis, bank account number 510000282109, Aadhaar 2000 0062 5601, PAN CLNAI0080B, and contacted associate Pooja Chauhan. Offences were recorded under IPC section 420.",Rajesh Chauhan|Pooja Chauhan,+917000625601,UP16AB1109,rajesh.0080@okaxis,Gomti Nagar Lucknow,2026-03-29
FIR-2026-0177,"On 2026-03-30, complainant reported suspect Sanjay Chauhan near Howrah Kolkata. The suspect used phone +917000665196, vehicle WB17AB1116, UPI sanjay.0085@oksbi, bank account number 510000299964, Aadhaar 2000 0066 5196, PAN CLNAI0085G, and contacted associate Rakesh Chauhan. Offences were recorded under IPC section 420.",Sanjay Chauhan|Rakesh Chauhan,+917000665196,WB17AB1116,sanjay.0085@oksbi,Howrah Kolkata,2026-03-30
FIR-2026-0178,"On 2026-03-30, complainant reported suspect Vikram Chauhan near Indiranagar Bengaluru. The suspect used phone +917000704791, vehicle GJ18AB1123, UPI vikram.0090@upi, bank account number 510000317819, Aadhaar 2000 0070 4791, PAN CLNAI0090L, and contacted associate Shreya Chauhan. Offences were recorded under IPC section 420.",Vikram Chauhan|Shreya Chauhan,+917000704791,GJ18AB1123,vikram.0090@upi,Indiranagar Bengaluru,2026-03-30
FIR-2026-0179,"On 2026-03-31, complainant reported suspect Arjun Das near Kochi Marine Drive. The suspect used phone +917000744386, vehicle RJ19AB1130, UPI arjun.0095@paytm, bank account number 510000335674, Aadhaar 2000 0074 4386, PAN CLNAI0095Q, and contacted associate Aarav Das. Offences were recorded under IPC section 420.",Arjun Das|Aarav Das,+917000744386,RJ19AB1130,arjun.0095@paytm,Kochi Marine Drive,2026-03-31
FIR-2026-0180,"On 2026-03-31, complainant reported suspect Kabir Das near Mumbai Central. The suspect used phone +917000783981, vehicle KL20AB1137, UPI kabir.0100@ybl, bank account number 510000353529, Aadhaar 2000 0078 3981, PAN CLNAI0100V, and contacted associate Deepak Das. Offences were recorded under IPC section 420.",Kabir Das|Deepak Das,+917000783981,KL20AB1137,kabir.0100@ybl,Mumbai Central,2026-03-31
FIR-2026-0181,"On 2026-04-01, complainant reported suspect Nikhil Das near Pune Camp. The suspect used phone +917000823576, vehicle DL21AB1144, UPI nikhil.0105@okicici, bank account number 510000371384, Aadhaar 2000 0082 3576, PAN CLNAI0105A, and contacted associate Kavya Das. Offences were recorded under IPC section 420.",Nikhil Das|Kavya Das,+917000823576,DL21AB1144,nikhil.0105@okicici,Pune Camp,2026-04-01
FIR-2026-0182,"On 2026-04-01, complainant reported suspect Rajesh Das near Sector 17 Chandigarh. The suspect used phone +917000863171, vehicle KA22AB1151, UPI rajesh.0110@okaxis, bank account number 510000389239, Aadhaar 2000 0086 3171, PAN CLNAI0110F, and contacted associate Pooja Das. Offences were recorded under IPC section 420.",Rajesh Das|Pooja Das,+917000863171,KA22AB1151,rajesh.0110@okaxis,Sector 17 Chandigarh,2026-04-01
FIR-2026-0183,"On 2026-04-02, complainant reported suspect Sanjay Das near T Nagar Chennai. The suspect used phone +917000902766, vehicle MH23AB1158, UPI sanjay.0115@oksbi, bank account number 510000407094, Aadhaar 2000 0090 2766, PAN CLNAI0115K, and contacted associate Rakesh Das. Offences were recorded under IPC section 420.",Sanjay Das|Rakesh Das,+917000902766,MH23AB1158,sanjay.0115@oksbi,T Nagar Chennai,2026-04-02
FIR-2026-0184,"On 2026-04-02, complainant reported suspect Vikram Das near Vaishali Ghaziabad. The suspect used phone +917000942361, vehicle TN24AB1165, UPI vikram.0120@upi, bank account number 510000424949, Aadhaar 2000 0094 2361, PAN CLNAI0120P, and contacted associate Shreya Das. Offences were recorded under IPC section 420.",Vikram Das|Shreya Das,+917000942361,TN24AB1165,vikram.0120@upi,Vaishali Ghaziabad,2026-04-02
FIR-2026-0185,"On 2026-04-03, complainant reported suspect Arjun Gupta near Bengaluru Central. The suspect used phone +917000981956, vehicle TS25AB1172, UPI arjun.0125@paytm, bank account number 510000442804, Aadhaar 2000 0098 1956, PAN CLNAI0125U, and contacted associate Aarav Gupta. Offences were recorded under IPC section 420.",Arjun Gupta|Aarav Gupta,+917000981956,TS25AB1172,arjun.0125@paytm,Bengaluru Central,2026-04-03
FIR-2026-0186,"On 2026-04-03, complainant reported suspect Kabir Gupta near Chandni Chowk Delhi. The suspect used phone +917001021551, vehicle UP26AB1179, UPI kabir.0130@ybl, bank account number 510000460659, Aadhaar 2000 0102 1551, PAN CLNAI0130Z, and contacted associate Deepak Gupta. Offences were recorded under IPC section 420.",Kabir Gupta|Deepak Gupta,+917001021551,UP26AB1179,kabir.0130@ybl,Chandni Chowk Delhi,2026-04-03
FIR-2026-0187,"On 2026-04-04, complainant reported suspect Nikhil Gupta near Charminar Hyderabad. The suspect used phone +917001061146, vehicle WB27AB1186, UPI nikhil.0135@okicici, bank account number 510000478514, Aadhaar 2000 0106 1146, PAN CLNAI0135E, and contacted associate Kavya Gupta. Offences were recorded under IPC section 420.",Nikhil Gupta|Kavya Gupta,+917001061146,WB27AB1186,nikhil.0135@okicici,Charminar Hyderabad,2026-04-04
FIR-2026-0188,"On 2026-04-04, complainant reported suspect Rajesh Gupta near Gomti Nagar Lucknow. The suspect used phone +917001100741, vehicle GJ28AB1193, UPI rajesh.0140@okaxis, bank account number 510000496369, Aadhaar 2000 0110 0741, PAN CLNAI0140J, and contacted associate Pooja Gupta. Offences were recorded under IPC section 420.",Rajesh Gupta|Pooja Gupta,+917001100741,GJ28AB1193,rajesh.0140@okaxis,Gomti Nagar Lucknow,2026-04-04
FIR-2026-0189,"On 2026-04-05, complainant reported suspect Sanjay Gupta near Howrah Kolkata. The suspect used phone +917001140336, vehicle RJ29AB1200, UPI sanjay.0145@oksbi, bank account number 510000514224, Aadhaar 2000 0114 0336, PAN CLNAI0145O, and contacted associate Rakesh Gupta. Offences were recorded under IPC section 420.",Sanjay Gupta|Rakesh Gupta,+917001140336,RJ29AB1200,sanjay.0145@oksbi,Howrah Kolkata,2026-04-05
FIR-2026-0190,"On 2026-04-05, complainant reported suspect Vikram Gupta near Indiranagar Bengaluru. The suspect used phone +917001179931, vehicle KL30AB1207, UPI vikram.0150@upi, bank account number 510000532079, Aadhaar 2000 0117 9931, PAN CLNAI0150T, and contacted associate Shreya Gupta. Offences were recorded under IPC section 420.",Vikram Gupta|Shreya Gupta,+917001179931,KL30AB1207,vikram.0150@upi,Indiranagar Bengaluru,2026-04-05
FIR-2026-0191,"On 2026-04-06, complainant reported suspect Arjun Iyer near Kochi Marine Drive. The suspect used phone +917001219526, vehicle DL31AB1214, UPI arjun.0155@paytm, bank account number 510000549934, Aadhaar 2000 0121 9526, PAN CLNAI0155Y, and contacted associate Aarav Iyer. Offences were recorded under IPC section 420.",Arjun Iyer|Aarav Iyer,+917001219526,DL31AB1214,arjun.0155@paytm,Kochi Marine Drive,2026-04-06
FIR-2026-0192,"On 2026-04-06, complainant reported suspect Kabir Iyer near Mumbai Central. The suspect used phone +917001259121, vehicle KA32AB1221, UPI kabir.0160@ybl, bank account number 510000567789, Aadhaar 2000 0125 9121, PAN CLNAI0160D, and contacted associate Deepak Iyer. Offences were recorded under IPC section 420.",Kabir Iyer|Deepak Iyer,+917001259121,KA32AB1221,kabir.0160@ybl,Mumbai Central,2026-04-06
FIR-2026-0193,"On 2026-04-07, complainant reported suspect Nikhil Iyer near Pune Camp. The suspect used phone +917001298716, vehicle MH33AB1228, UPI nikhil.0165@okicici, bank account number 510000585644, Aadhaar 2000 0129 8716, PAN CLNAI0165I, and contacted associate Kavya Iyer. Offences were recorded under IPC section 420.",Nikhil Iyer|Kavya Iyer,+917001298716,MH33AB1228,nikhil.0165@okicici,Pune Camp,2026-04-07
FIR-2026-0194,"On 2026-04-07, complainant reported suspect Rajesh Iyer near Sector 17 Chandigarh. The suspect used phone +917001338311, vehicle TN34AB1235, UPI rajesh.0170@okaxis, bank account number 510000603499, Aadhaar 2000 0133 8311, PAN CLNAI0170N, and contacted associate Pooja Iyer. Offences were recorded under IPC section 420.",Rajesh Iyer|Pooja Iyer,+917001338311,TN34AB1235,rajesh.0170@okaxis,Sector 17 Chandigarh,2026-04-07
FIR-2026-0195,"On 2026-04-08, complainant reported suspect Sanjay Iyer near T Nagar Chennai. The suspect used phone +917001377906, vehicle TS35AB1242, UPI sanjay.0175@oksbi, bank account number 510000621354, Aadhaar 2000 0137 7906, PAN CLNAI0175S, and contacted associate Rakesh Iyer. Offences were recorded under IPC section 420.",Sanjay Iyer|Rakesh Iyer,+917001377906,TS35AB1242,sanjay.0175@oksbi,T Nagar Chennai,2026-04-08
FIR-2026-0196,"On 2026-04-08, complainant reported suspect Vikram Iyer near Vaishali Ghaziabad. The suspect used phone +917001417501, vehicle UP01AB1249, UPI vikram.0180@upi, bank account number 510000639209, Aadhaar 2000 0141 7501, PAN CLNAI0180X, and contacted associate Shreya Iyer. Offences were recorded under IPC section 420.",Vikram Iyer|Shreya Iyer,+917001417501,UP01AB1249,vikram.0180@upi,Vaishali Ghaziabad,2026-04-08
FIR-2026-0197,"On 2026-04-09, complainant reported suspect Arjun Jain near Bengaluru Central. The suspect used phone +917001457096, vehicle WB02AB1256, UPI arjun.0185@paytm, bank account number 510000657064, Aadhaar 2000 0145 7096, PAN CLNAI0185C, and contacted associate Aarav Jain. Offences were recorded under IPC section 420.",Arjun Jain|Aarav Jain,+917001457096,WB02AB1256,arjun.0185@paytm,Bengaluru Central,2026-04-09
FIR-2026-0198,"On 2026-04-09, complainant reported suspect Kabir Jain near Chandni Chowk Delhi. The suspect used phone +917001496691, vehicle GJ03AB1263, UPI kabir.0190@ybl, bank account number 510000674919, Aadhaar 2000 0149 6691, PAN CLNAI0190H, and contacted associate Deepak Jain. Offences were recorded under IPC section 420.",Kabir Jain|Deepak Jain,+917001496691,GJ03AB1263,kabir.0190@ybl,Chandni Chowk Delhi,2026-04-09
FIR-2026-0199,"On 2026-04-10, complainant reported suspect Nikhil Jain near Charminar Hyderabad. The suspect used phone +917001536286, vehicle RJ04AB1270, UPI nikhil.0195@okicici, bank account number 510000692774, Aadhaar 2000 0153 6286, PAN CLNAI0195M, and contacted associate Kavya Jain. Offences were recorded under IPC section 420.",Nikhil Jain|Kavya Jain,+917001536286,RJ04AB1270,nikhil.0195@okicici,Charminar Hyderabad,2026-04-10
FIR-2026-0200,"On 2026-04-10, complainant reported suspect Rajesh Jain near Gomti Nagar Lucknow. The suspect used phone +917001575881, vehicle KL05AB1277, UPI rajesh.0200@okaxis, bank account number 510000710629, Aadhaar 2000 0157 5881, PAN CLNAI0200R, and contacted associate Pooja Jain. Offences were recorded under IPC section 420.",Rajesh Jain|Pooja Jain,+917001575881,KL05AB1277,rajesh.0200@okaxis,Gomti Nagar Lucknow,2026-04-10
FIR-2026-0201,"On 2026-04-11, complainant reported suspect Aarav Agarwal near Bengaluru Central. The suspect used phone +917000000000, vehicle DL01AB1000, UPI aarav.0001@oksbi, bank account number 510000000000, Aadhaar 2000 0000 0000, PAN CLNAI0001A, and contacted associate Aditi Agarwal. Offences were recorded under IPC section 420.",Aarav Agarwal|Aditi Agarwal,+917000000000,DL01AB1000,aarav.0001@oksbi,Bengaluru Central,2026-04-11
FIR-2026-0202,"On 2026-04-11, complainant reported suspect Deepak Agarwal near Chandni Chowk Delhi. The suspect used phone +917000039595, vehicle KA02AB1007, UPI deepak.0006@upi, bank account number 510000017855, Aadhaar 2000 0003 9595, PAN CLNAI0006F, and contacted associate Divya Agarwal. Offences were recorded under IPC section 420.",Deepak Agarwal|Divya Agarwal,+917000039595,KA02AB1007,deepak.0006@upi,Chandni Chowk Delhi,2026-04-11
FIR-2026-0203,"On 2026-04-12, complainant reported suspect Kavya Agarwal near Charminar Hyderabad. The suspect used phone +917000079190, vehicle MH03AB1014, UPI kavya.0011@paytm, bank account number 510000035710, Aadhaar 2000 0007 9190, PAN CLNAI0011K, and contacted associate Manoj Agarwal. Offences were recorded under IPC section 420.",Kavya Agarwal|Manoj Agarwal,+917000079190,MH03AB1014,kavya.0011@paytm,Charminar Hyderabad,2026-04-12
FIR-2026-0204,"On 2026-04-12, complainant reported suspect Pooja Agarwal near Gomti Nagar Lucknow. The suspect used phone +917000118785, vehicle TN04AB1021, UPI pooja.0016@ybl, bank account number 510000053565, Aadhaar 2000 0011 8785, PAN CLNAI0016P, and contacted associate Pranav Agarwal. Offences were recorded under IPC section 420.",Pooja Agarwal|Pranav Agarwal,+917000118785,TN04AB1021,pooja.0016@ybl,Gomti Nagar Lucknow,2026-04-12
FIR-2026-0205,"On 2026-04-13, complainant reported suspect Rakesh Agarwal near Howrah Kolkata. The suspect used phone +917000158380, vehicle TS05AB1028, UPI rakesh.0021@okicici, bank account number 510000071420, Aadhaar 2000 0015 8380, PAN CLNAI0021U, and contacted associate Riya Agarwal. Offences were recorded under IPC section 420.",Rakesh Agarwal|Riya Agarwal,+917000158380,TS05AB1028,rakesh.0021@okicici,Howrah Kolkata,2026-04-13
FIR-2026-0206,"On 2026-04-13, complainant reported suspect Shreya Agarwal near Indiranagar Bengaluru. The suspect used phone +917000197975, vehicle UP06AB1035, UPI shreya.0026@okaxis, bank account number 510000089275, Aadhaar 2000 0019 7975, PAN CLNAI0026Z, and contacted associate Suresh Agarwal. Offences were recorded under IPC section 420.",Shreya Agarwal|Suresh Agarwal,+917000197975,UP06AB1035,shreya.0026@okaxis,Indiranagar Bengaluru,2026-04-13
FIR-2026-0207,"On 2026-04-14, complainant reported suspect Aarav Bansal near Kochi Marine Drive. The suspect used phone +917000237570, vehicle WB07AB1042, UPI aarav.0031@oksbi, bank account number 510000107130, Aadhaar 2000 0023 7570, PAN CLNAI0031E, and contacted associate Aditi Bansal. Offences were recorded under IPC section 420.",Aarav Bansal|Aditi Bansal,+917000237570,WB07AB1042,aarav.0031@oksbi,Kochi Marine Drive,2026-04-14
FIR-2026-0208,"On 2026-04-14, complainant reported suspect Deepak Bansal near Mumbai Central. The suspect used phone +917000277165, vehicle GJ08AB1049, UPI deepak.0036@upi, bank account number 510000124985, Aadhaar 2000 0027 7165, PAN CLNAI0036J, and contacted associate Divya Bansal. Offences were recorded under IPC section 420.",Deepak Bansal|Divya Bansal,+917000277165,GJ08AB1049,deepak.0036@upi,Mumbai Central,2026-04-14
FIR-2026-0209,"On 2026-04-15, complainant reported suspect Kavya Bansal near Pune Camp. The suspect used phone +917000316760, vehicle RJ09AB1056, UPI kavya.0041@paytm, bank account number 510000142840, Aadhaar 2000 0031 6760, PAN CLNAI0041O, and contacted associate Manoj Bansal. Offences were recorded under IPC section 420.",Kavya Bansal|Manoj Bansal,+917000316760,RJ09AB1056,kavya.0041@paytm,Pune Camp,2026-04-15
FIR-2026-0210,"On 2026-04-15, complainant reported suspect Pooja Bansal near Sector 17 Chandigarh. The suspect used phone +917000356355, vehicle KL10AB1063, UPI pooja.0046@ybl, bank account number 510000160695, Aadhaar 2000 0035 6355, PAN CLNAI0046T, and contacted associate Pranav Bansal. Offences were recorded under IPC section 420.",Pooja Bansal|Pranav Bansal,+917000356355,KL10AB1063,pooja.0046@ybl,Sector 17 Chandigarh,2026-04-15
FIR-2026-0211,"On 2026-04-16, complainant reported suspect Rakesh Bansal near T Nagar Chennai. The suspect used phone +917000395950, vehicle DL11AB1070, UPI rakesh.0051@okicici, bank account number 510000178550, Aadhaar 2000 0039 5950, PAN CLNAI0051Y, and contacted associate Riya Bansal. Offences were recorded under IPC section 420.",Rakesh Bansal|Riya Bansal,+917000395950,DL11AB1070,rakesh.0051@okicici,T Nagar Chennai,2026-04-16
FIR-2026-0212,"On 2026-04-16, complainant reported suspect Shreya Bansal near Vaishali Ghaziabad. The suspect used phone +917000435545, vehicle KA12AB1077, UPI shreya.0056@okaxis, bank account number 510000196405, Aadhaar 2000 0043 5545, PAN CLNAI0056D, and contacted associate Suresh Bansal. Offences were recorded under IPC section 420.",Shreya Bansal|Suresh Bansal,+917000435545,KA12AB1077,shreya.0056@okaxis,Vaishali Ghaziabad,2026-04-16
FIR-2026-0213,"On 2026-04-17, complainant reported suspect Aarav Chauhan near Bengaluru Central. The suspect used phone +917000475140, vehicle MH13AB1084, UPI aarav.0061@oksbi, bank account number 510000214260, Aadhaar 2000 0047 5140, PAN CLNAI0061I, and contacted associate Aditi Chauhan. Offences were recorded under IPC section 420.",Aarav Chauhan|Aditi Chauhan,+917000475140,MH13AB1084,aarav.0061@oksbi,Bengaluru Central,2026-04-17
FIR-2026-0214,"On 2026-04-17, complainant reported suspect Deepak Chauhan near Chandni Chowk Delhi. The suspect used phone +917000514735, vehicle TN14AB1091, UPI deepak.0066@upi, bank account number 510000232115, Aadhaar 2000 0051 4735, PAN CLNAI0066N, and contacted associate Divya Chauhan. Offences were recorded under IPC section 420.",Deepak Chauhan|Divya Chauhan,+917000514735,TN14AB1091,deepak.0066@upi,Chandni Chowk Delhi,2026-04-17
FIR-2026-0215,"On 2026-04-18, complainant reported suspect Kavya Chauhan near Charminar Hyderabad. The suspect used phone +917000554330, vehicle TS15AB1098, UPI kavya.0071@paytm, bank account number 510000249970, Aadhaar 2000 0055 4330, PAN CLNAI0071S, and contacted associate Manoj Chauhan. Offences were recorded under IPC section 420.",Kavya Chauhan|Manoj Chauhan,+917000554330,TS15AB1098,kavya.0071@paytm,Charminar Hyderabad,2026-04-18
FIR-2026-0216,"On 2026-04-18, complainant reported suspect Pooja Chauhan near Gomti Nagar Lucknow. The suspect used phone +917000593925, vehicle UP16AB1105, UPI pooja.0076@ybl, bank account number 510000267825, Aadhaar 2000 0059 3925, PAN CLNAI0076X, and contacted associate Pranav Chauhan. Offences were recorded under IPC section 420.",Pooja Chauhan|Pranav Chauhan,+917000593925,UP16AB1105,pooja.0076@ybl,Gomti Nagar Lucknow,2026-04-18
FIR-2026-0217,"On 2026-04-19, complainant reported suspect Rakesh Chauhan near Howrah Kolkata. The suspect used phone +917000633520, vehicle WB17AB1112, UPI rakesh.0081@okicici, bank account number 510000285680, Aadhaar 2000 0063 3520, PAN CLNAI0081C, and contacted associate Riya Chauhan. Offences were recorded under IPC section 420.",Rakesh Chauhan|Riya Chauhan,+917000633520,WB17AB1112,rakesh.0081@okicici,Howrah Kolkata,2026-04-19
FIR-2026-0218,"On 2026-04-19, complainant reported suspect Shreya Chauhan near Indiranagar Bengaluru. The suspect used phone +917000673115, vehicle GJ18AB1119, UPI shreya.0086@okaxis, bank account number 510000303535, Aadhaar 2000 0067 3115, PAN CLNAI0086H, and contacted associate Suresh Chauhan. Offences were recorded under IPC section 420.",Shreya Chauhan|Suresh Chauhan,+917000673115,GJ18AB1119,shreya.0086@okaxis,Indiranagar Bengaluru,2026-04-19
FIR-2026-0219,"On 2026-04-20, complainant reported suspect Aarav Das near Kochi Marine Drive. The suspect used phone +917000712710, vehicle RJ19AB1126, UPI aarav.0091@oksbi, bank account number 510000321390, Aadhaar 2000 0071 2710, PAN CLNAI0091M, and contacted associate Aditi Das. Offences were recorded under IPC section 420.",Aarav Das|Aditi Das,+917000712710,RJ19AB1126,aarav.0091@oksbi,Kochi Marine Drive,2026-04-20
FIR-2026-0220,"On 2026-04-20, complainant reported suspect Deepak Das near Mumbai Central. The suspect used phone +917000752305, vehicle KL20AB1133, UPI deepak.0096@upi, bank account number 510000339245, Aadhaar 2000 0075 2305, PAN CLNAI0096R, and contacted associate Divya Das. Offences were recorded under IPC section 420.",Deepak Das|Divya Das,+917000752305,KL20AB1133,deepak.0096@upi,Mumbai Central,2026-04-20
FIR-2026-0221,"On 2026-04-21, complainant reported suspect Kavya Das near Pune Camp. The suspect used phone +917000791900, vehicle DL21AB1140, UPI kavya.0101@paytm, bank account number 510000357100, Aadhaar 2000 0079 1900, PAN CLNAI0101W, and contacted associate Manoj Das. Offences were recorded under IPC section 420.",Kavya Das|Manoj Das,+917000791900,DL21AB1140,kavya.0101@paytm,Pune Camp,2026-04-21
FIR-2026-0222,"On 2026-04-21, complainant reported suspect Pooja Das near Sector 17 Chandigarh. The suspect used phone +917000831495, vehicle KA22AB1147, UPI pooja.0106@ybl, bank account number 510000374955, Aadhaar 2000 0083 1495, PAN CLNAI0106B, and contacted associate Pranav Das. Offences were recorded under IPC section 420.",Pooja Das|Pranav Das,+917000831495,KA22AB1147,pooja.0106@ybl,Sector 17 Chandigarh,2026-04-21
FIR-2026-0223,"On 2026-04-22, complainant reported suspect Rakesh Das near T Nagar Chennai. The suspect used phone +917000871090, vehicle MH23AB1154, UPI rakesh.0111@okicici, bank account number 510000392810, Aadhaar 2000 0087 1090, PAN CLNAI0111G, and contacted associate Riya Das. Offences were recorded under IPC section 420.",Rakesh Das|Riya Das,+917000871090,MH23AB1154,rakesh.0111@okicici,T Nagar Chennai,2026-04-22
FIR-2026-0224,"On 2026-04-22, complainant reported suspect Shreya Das near Vaishali Ghaziabad. The suspect used phone +917000910685, vehicle TN24AB1161, UPI shreya.0116@okaxis, bank account number 510000410665, Aadhaar 2000 0091 0685, PAN CLNAI0116L, and contacted associate Suresh Das. Offences were recorded under IPC section 420.",Shreya Das|Suresh Das,+917000910685,TN24AB1161,shreya.0116@okaxis,Vaishali Ghaziabad,2026-04-22
FIR-2026-0225,"On 2026-04-23, complainant reported suspect Aarav Gupta near Bengaluru Central. The suspect used phone +917000950280, vehicle TS25AB1168, UPI aarav.0121@oksbi, bank account number 510000428520, Aadhaar 2000 0095 0280, PAN CLNAI0121Q, and contacted associate Aditi Gupta. Offences were recorded under IPC section 420.",Aarav Gupta|Aditi Gupta,+917000950280,TS25AB1168,aarav.0121@oksbi,Bengaluru Central,2026-04-23
FIR-2026-0226,"On 2026-04-23, complainant reported suspect Deepak Gupta near Chandni Chowk Delhi. The suspect used phone +917000989875, vehicle UP26AB1175, UPI deepak.0126@upi, bank account number 510000446375, Aadhaar 2000 0098 9875, PAN CLNAI0126V, and contacted associate Divya Gupta. Offences were recorded under IPC section 420.",Deepak Gupta|Divya Gupta,+917000989875,UP26AB1175,deepak.0126@upi,Chandni Chowk Delhi,2026-04-23
FIR-2026-0227,"On 2026-04-24, complainant reported suspect Kavya Gupta near Charminar Hyderabad. The suspect used phone +917001029470, vehicle WB27AB1182, UPI kavya.0131@paytm, bank account number 510000464230, Aadhaar 2000 0102 9470, PAN CLNAI0131A, and contacted associate Manoj Gupta. Offences were recorded under IPC section 420.",Kavya Gupta|Manoj Gupta,+917001029470,WB27AB1182,kavya.0131@paytm,Charminar Hyderabad,2026-04-24
FIR-2026-0228,"On 2026-04-24, complainant reported suspect Pooja Gupta near Gomti Nagar Lucknow. The suspect used phone +917001069065, vehicle GJ28AB1189, UPI pooja.0136@ybl, bank account number 510000482085, Aadhaar 2000 0106 9065, PAN CLNAI0136F, and contacted associate Pranav Gupta. Offences were recorded under IPC section 420.",Pooja Gupta|Pranav Gupta,+917001069065,GJ28AB1189,pooja.0136@ybl,Gomti Nagar Lucknow,2026-04-24
FIR-2026-0229,"On 2026-04-25, complainant reported suspect Rakesh Gupta near Howrah Kolkata. The suspect used phone +917001108660, vehicle RJ29AB1196, UPI rakesh.0141@okicici, bank account number 510000499940, Aadhaar 2000 0110 8660, PAN CLNAI0141K, and contacted associate Riya Gupta. Offences were recorded under IPC section 420.",Rakesh Gupta|Riya Gupta,+917001108660,RJ29AB1196,rakesh.0141@okicici,Howrah Kolkata,2026-04-25
FIR-2026-0230,"On 2026-04-25, complainant reported suspect Shreya Gupta near Indiranagar Bengaluru. The suspect used phone +917001148255, vehicle KL30AB1203, UPI shreya.0146@okaxis, bank account number 510000517795, Aadhaar 2000 0114 8255, PAN CLNAI0146P, and contacted associate Suresh Gupta. Offences were recorded under IPC section 420.",Shreya Gupta|Suresh Gupta,+917001148255,KL30AB1203,shreya.0146@okaxis,Indiranagar Bengaluru,2026-04-25
FIR-2026-0231,"On 2026-04-26, complainant reported suspect Aarav Iyer near Kochi Marine Drive. The suspect used phone +917001187850, vehicle DL31AB1210, UPI aarav.0151@oksbi, bank account number 510000535650, Aadhaar 2000 0118 7850, PAN CLNAI0151U, and contacted associate Aditi Iyer. Offences were recorded under IPC section 420.",Aarav Iyer|Aditi Iyer,+917001187850,DL31AB1210,aarav.0151@oksbi,Kochi Marine Drive,2026-04-26
FIR-2026-0232,"On 2026-04-26, complainant reported suspect Deepak Iyer near Mumbai Central. The suspect used phone +917001227445, vehicle KA32AB1217, UPI deepak.0156@upi, bank account number 510000553505, Aadhaar 2000 0122 7445, PAN CLNAI0156Z, and contacted associate Divya Iyer. Offences were recorded under IPC section 420.",Deepak Iyer|Divya Iyer,+917001227445,KA32AB1217,deepak.0156@upi,Mumbai Central,2026-04-26
FIR-2026-0233,"On 2026-04-27, complainant reported suspect Kavya Iyer near Pune Camp. The suspect used phone +917001267040, vehicle MH33AB1224, UPI kavya.0161@paytm, bank account number 510000571360, Aadhaar 2000 0126 7040, PAN CLNAI0161E, and contacted associate Manoj Iyer. Offences were recorded under IPC section 420.",Kavya Iyer|Manoj Iyer,+917001267040,MH33AB1224,kavya.0161@paytm,Pune Camp,2026-04-27
FIR-2026-0234,"On 2026-04-27, complainant reported suspect Pooja Iyer near Sector 17 Chandigarh. The suspect used phone +917001306635, vehicle TN34AB1231, UPI pooja.0166@ybl, bank account number 510000589215, Aadhaar 2000 0130 6635, PAN CLNAI0166J, and contacted associate Pranav Iyer. Offences were recorded under IPC section 420.",Pooja Iyer|Pranav Iyer,+917001306635,TN34AB1231,pooja.0166@ybl,Sector 17 Chandigarh,2026-04-27
FIR-2026-0235,"On 2026-04-28, complainant reported suspect Rakesh Iyer near T Nagar Chennai. The suspect used phone +917001346230, vehicle TS35AB1238, UPI rakesh.0171@okicici, bank account number 510000607070, Aadhaar 2000 0134 6230, PAN CLNAI0171O, and contacted associate Riya Iyer. Offences were recorded under IPC section 420.",Rakesh Iyer|Riya Iyer,+917001346230,TS35AB1238,rakesh.0171@okicici,T Nagar Chennai,2026-04-28
FIR-2026-0236,"On 2026-04-28, complainant reported suspect Shreya Iyer near Vaishali Ghaziabad. The suspect used phone +917001385825, vehicle UP01AB1245, UPI shreya.0176@okaxis, bank account number 510000624925, Aadhaar 2000 0138 5825, PAN CLNAI0176T, and contacted associate Suresh Iyer. Offences were recorded under IPC section 420.",Shreya Iyer|Suresh Iyer,+917001385825,UP01AB1245,shreya.0176@okaxis,Vaishali Ghaziabad,2026-04-28
FIR-2026-0237,"On 2026-04-29, complainant reported suspect Aarav Jain near Bengaluru Central. The suspect used phone +917001425420, vehicle WB02AB1252, UPI aarav.0181@oksbi, bank account number 510000642780, Aadhaar 2000 0142 5420, PAN CLNAI0181Y, and contacted associate Aditi Jain. Offences were recorded under IPC section 420.",Aarav Jain|Aditi Jain,+917001425420,WB02AB1252,aarav.0181@oksbi,Bengaluru Central,2026-04-29
FIR-2026-0238,"On 2026-04-29, complainant reported suspect Deepak Jain near Chandni Chowk Delhi. The suspect used phone +917001465015, vehicle GJ03AB1259, UPI deepak.0186@upi, bank account number 510000660635, Aadhaar 2000 0146 5015, PAN CLNAI0186D, and contacted associate Divya Jain. Offences were recorded under IPC section 420.",Deepak Jain|Divya Jain,+917001465015,GJ03AB1259,deepak.0186@upi,Chandni Chowk Delhi,2026-04-29
FIR-2026-0239,"On 2026-04-30, complainant reported suspect Kavya Jain near Charminar Hyderabad. The suspect used phone +917001504610, vehicle RJ04AB1266, UPI kavya.0191@paytm, bank account number 510000678490, Aadhaar 2000 0150 4610, PAN CLNAI0191I, and contacted associate Manoj Jain. Offences were recorded under IPC section 420.",Kavya Jain|Manoj Jain,+917001504610,RJ04AB1266,kavya.0191@paytm,Charminar Hyderabad,2026-04-30
FIR-2026-0240,"On 2026-04-30, complainant reported suspect Pooja Jain near Gomti Nagar Lucknow. The suspect used phone +917001544205, vehicle KL05AB1273, UPI pooja.0196@ybl, bank account number 510000696345, Aadhaar 2000 0154 4205, PAN CLNAI0196N, and contacted associate Pranav Jain. Offences were recorded under IPC section 420.",Pooja Jain|Pranav Jain,+917001544205,KL05AB1273,pooja.0196@ybl,Gomti Nagar Lucknow,2026-04-30
FIR-2026-0241,"On 2026-05-01, complainant reported suspect Aditi Agarwal near Bengaluru Central. The suspect used phone +917000007919, vehicle DL01AB1001, UPI aditi.0002@okaxis, bank account number 510000003571, Aadhaar 2000 0000 7919, PAN CLNAI0002B, and contacted associate Akash Agarwal. Offences were recorded under IPC section 420.",Aditi Agarwal|Akash Agarwal,+917000007919,DL01AB1001,aditi.0002@okaxis,Bengaluru Central,2026-05-01
FIR-2026-0242,"On 2026-05-01, complainant reported suspect Divya Agarwal near Chandni Chowk Delhi. The suspect used phone +917000047514, vehicle KA02AB1008, UPI divya.0007@oksbi, bank account number 510000021426, Aadhaar 2000 0004 7514, PAN CLNAI0007G, and contacted associate Farhan Agarwal. Offences were recorded under IPC section 420.",Divya Agarwal|Farhan Agarwal,+917000047514,KA02AB1008,divya.0007@oksbi,Chandni Chowk Delhi,2026-05-01
FIR-2026-0243,"On 2026-05-02, complainant reported suspect Manoj Agarwal near Charminar Hyderabad. The suspect used phone +917000087109, vehicle MH03AB1015, UPI manoj.0012@upi, bank account number 510000039281, Aadhaar 2000 0008 7109, PAN CLNAI0012L, and contacted associate Meera Agarwal. Offences were recorded under IPC section 420.",Manoj Agarwal|Meera Agarwal,+917000087109,MH03AB1015,manoj.0012@upi,Charminar Hyderabad,2026-05-02
FIR-2026-0244,"On 2026-05-02, complainant reported suspect Pranav Agarwal near Gomti Nagar Lucknow. The suspect used phone +917000126704, vehicle TN04AB1022, UPI pranav.0017@paytm, bank account number 510000057136, Aadhaar 2000 0012 6704, PAN CLNAI0017Q, and contacted associate Priya Agarwal. Offences were recorded under IPC section 420.",Pranav Agarwal|Priya Agarwal,+917000126704,TN04AB1022,pranav.0017@paytm,Gomti Nagar Lucknow,2026-05-02
FIR-2026-0245,"On 2026-05-03, complainant reported suspect Riya Agarwal near Howrah Kolkata. The suspect used phone +917000166299, vehicle TS05AB1029, UPI riya.0022@ybl, bank account number 510000074991, Aadhaar 2000 0016 6299, PAN CLNAI0022V, and contacted associate Rohan Agarwal. Offences were recorded under IPC section 420.",Riya Agarwal|Rohan Agarwal,+917000166299,TS05AB1029,riya.0022@ybl,Howrah Kolkata,2026-05-03
FIR-2026-0246,"On 2026-05-03, complainant reported suspect Suresh Agarwal near Indiranagar Bengaluru. The suspect used phone +917000205894, vehicle UP06AB1036, UPI suresh.0027@okicici, bank account number 510000092846, Aadhaar 2000 0020 5894, PAN CLNAI0027A, and contacted associate Tanvi Agarwal. Offences were recorded under IPC section 420.",Suresh Agarwal|Tanvi Agarwal,+917000205894,UP06AB1036,suresh.0027@okicici,Indiranagar Bengaluru,2026-05-03
FIR-2026-0247,"On 2026-05-04, complainant reported suspect Aditi Bansal near Kochi Marine Drive. The suspect used phone +917000245489, vehicle WB07AB1043, UPI aditi.0032@okaxis, bank account number 510000110701, Aadhaar 2000 0024 5489, PAN CLNAI0032F, and contacted associate Akash Bansal. Offences were recorded under IPC section 420.",Aditi Bansal|Akash Bansal,+917000245489,WB07AB1043,aditi.0032@okaxis,Kochi Marine Drive,2026-05-04
FIR-2026-0248,"On 2026-05-04, complainant reported suspect Divya Bansal near Mumbai Central. The suspect used phone +917000285084, vehicle GJ08AB1050, UPI divya.0037@oksbi, bank account number 510000128556, Aadhaar 2000 0028 5084, PAN CLNAI0037K, and contacted associate Farhan Bansal. Offences were recorded under IPC section 420.",Divya Bansal|Farhan Bansal,+917000285084,GJ08AB1050,divya.0037@oksbi,Mumbai Central,2026-05-04
FIR-2026-0249,"On 2026-05-05, complainant reported suspect Manoj Bansal near Pune Camp. The suspect used phone +917000324679, vehicle RJ09AB1057, UPI manoj.0042@upi, bank account number 510000146411, Aadhaar 2000 0032 4679, PAN CLNAI0042P, and contacted associate Meera Bansal. Offences were recorded under IPC section 420.",Manoj Bansal|Meera Bansal,+917000324679,RJ09AB1057,manoj.0042@upi,Pune Camp,2026-05-05
FIR-2026-0250,"On 2026-05-05, complainant reported suspect Pranav Bansal near Sector 17 Chandigarh. The suspect used phone +917000364274, vehicle KL10AB1064, UPI pranav.0047@paytm, bank account number 510000164266, Aadhaar 2000 0036 4274, PAN CLNAI0047U, and contacted associate Priya Bansal. Offences were recorded under IPC section 420.",Pranav Bansal|Priya Bansal,+917000364274,KL10AB1064,pranav.0047@paytm,Sector 17 Chandigarh,2026-05-05
FIR-2026-0251,"On 2026-05-06, complainant reported suspect Riya Bansal near T Nagar Chennai. The suspect used phone +917000403869, vehicle DL11AB1071, UPI riya.0052@ybl, bank account number 510000182121, Aadhaar 2000 0040 3869, PAN CLNAI0052Z, and contacted associate Rohan Bansal. Offences were recorded under IPC section 420.",Riya Bansal|Rohan Bansal,+917000403869,DL11AB1071,riya.0052@ybl,T Nagar Chennai,2026-05-06
FIR-2026-0252,"On 2026-05-06, complainant reported suspect Suresh Bansal near Vaishali Ghaziabad. The suspect used phone +917000443464, vehicle KA12AB1078, UPI suresh.0057@okicici, bank account number 510000199976, Aadhaar 2000 0044 3464, PAN CLNAI0057E, and contacted associate Tanvi Bansal. Offences were recorded under IPC section 420.",Suresh Bansal|Tanvi Bansal,+917000443464,KA12AB1078,suresh.0057@okicici,Vaishali Ghaziabad,2026-05-06
FIR-2026-0253,"On 2026-05-07, complainant reported suspect Aditi Chauhan near Bengaluru Central. The suspect used phone +917000483059, vehicle MH13AB1085, UPI aditi.0062@okaxis, bank account number 510000217831, Aadhaar 2000 0048 3059, PAN CLNAI0062J, and contacted associate Akash Chauhan. Offences were recorded under IPC section 420.",Aditi Chauhan|Akash Chauhan,+917000483059,MH13AB1085,aditi.0062@okaxis,Bengaluru Central,2026-05-07
FIR-2026-0254,"On 2026-05-07, complainant reported suspect Divya Chauhan near Chandni Chowk Delhi. The suspect used phone +917000522654, vehicle TN14AB1092, UPI divya.0067@oksbi, bank account number 510000235686, Aadhaar 2000 0052 2654, PAN CLNAI0067O, and contacted associate Farhan Chauhan. Offences were recorded under IPC section 420.",Divya Chauhan|Farhan Chauhan,+917000522654,TN14AB1092,divya.0067@oksbi,Chandni Chowk Delhi,2026-05-07
FIR-2026-0255,"On 2026-05-08, complainant reported suspect Manoj Chauhan near Charminar Hyderabad. The suspect used phone +917000562249, vehicle TS15AB1099, UPI manoj.0072@upi, bank account number 510000253541, Aadhaar 2000 0056 2249, PAN CLNAI0072T, and contacted associate Meera Chauhan. Offences were recorded under IPC section 420.",Manoj Chauhan|Meera Chauhan,+917000562249,TS15AB1099,manoj.0072@upi,Charminar Hyderabad,2026-05-08
FIR-2026-0256,"On 2026-05-08, complainant reported suspect Pranav Chauhan near Gomti Nagar Lucknow. The suspect used phone +917000601844, vehicle UP16AB1106, UPI pranav.0077@paytm, bank account number 510000271396, Aadhaar 2000 0060 1844, PAN CLNAI0077Y, and contacted associate Priya Chauhan. Offences were recorded under IPC section 420.",Pranav Chauhan|Priya Chauhan,+917000601844,UP16AB1106,pranav.0077@paytm,Gomti Nagar Lucknow,2026-05-08
FIR-2026-0257,"On 2026-05-09, complainant reported suspect Riya Chauhan near Howrah Kolkata. The suspect used phone +917000641439, vehicle WB17AB1113, UPI riya.0082@ybl, bank account number 510000289251, Aadhaar 2000 0064 1439, PAN CLNAI0082D, and contacted associate Rohan Chauhan. Offences were recorded under IPC section 420.",Riya Chauhan|Rohan Chauhan,+917000641439,WB17AB1113,riya.0082@ybl,Howrah Kolkata,2026-05-09
FIR-2026-0258,"On 2026-05-09, complainant reported suspect Suresh Chauhan near Indiranagar Bengaluru. The suspect used phone +917000681034, vehicle GJ18AB1120, UPI suresh.0087@okicici, bank account number 510000307106, Aadhaar 2000 0068 1034, PAN CLNAI0087I, and contacted associate Tanvi Chauhan. Offences were recorded under IPC section 420.",Suresh Chauhan|Tanvi Chauhan,+917000681034,GJ18AB1120,suresh.0087@okicici,Indiranagar Bengaluru,2026-05-09
FIR-2026-0259,"On 2026-05-10, complainant reported suspect Aditi Das near Kochi Marine Drive. The suspect used phone +917000720629, vehicle RJ19AB1127, UPI aditi.0092@okaxis, bank account number 510000324961, Aadhaar 2000 0072 0629, PAN CLNAI0092N, and contacted associate Akash Das. Offences were recorded under IPC section 420.",Aditi Das|Akash Das,+917000720629,RJ19AB1127,aditi.0092@okaxis,Kochi Marine Drive,2026-05-10
FIR-2026-0260,"On 2026-05-10, complainant reported suspect Divya Das near Mumbai Central. The suspect used phone +917000760224, vehicle KL20AB1134, UPI divya.0097@oksbi, bank account number 510000342816, Aadhaar 2000 0076 0224, PAN CLNAI0097S, and contacted associate Farhan Das. Offences were recorded under IPC section 420.",Divya Das|Farhan Das,+917000760224,KL20AB1134,divya.0097@oksbi,Mumbai Central,2026-05-10
FIR-2026-0261,"On 2026-05-11, complainant reported suspect Manoj Das near Pune Camp. The suspect used phone +917000799819, vehicle DL21AB1141, UPI manoj.0102@upi, bank account number 510000360671, Aadhaar 2000 0079 9819, PAN CLNAI0102X, and contacted associate Meera Das. Offences were recorded under IPC section 420.",Manoj Das|Meera Das,+917000799819,DL21AB1141,manoj.0102@upi,Pune Camp,2026-05-11
FIR-2026-0262,"On 2026-05-11, complainant reported suspect Pranav Das near Sector 17 Chandigarh. The suspect used phone +917000839414, vehicle KA22AB1148, UPI pranav.0107@paytm, bank account number 510000378526, Aadhaar 2000 0083 9414, PAN CLNAI0107C, and contacted associate Priya Das. Offences were recorded under IPC section 420.",Pranav Das|Priya Das,+917000839414,KA22AB1148,pranav.0107@paytm,Sector 17 Chandigarh,2026-05-11
FIR-2026-0263,"On 2026-05-12, complainant reported suspect Riya Das near T Nagar Chennai. The suspect used phone +917000879009, vehicle MH23AB1155, UPI riya.0112@ybl, bank account number 510000396381, Aadhaar 2000 0087 9009, PAN CLNAI0112H, and contacted associate Rohan Das. Offences were recorded under IPC section 420.",Riya Das|Rohan Das,+917000879009,MH23AB1155,riya.0112@ybl,T Nagar Chennai,2026-05-12
FIR-2026-0264,"On 2026-05-12, complainant reported suspect Suresh Das near Vaishali Ghaziabad. The suspect used phone +917000918604, vehicle TN24AB1162, UPI suresh.0117@okicici, bank account number 510000414236, Aadhaar 2000 0091 8604, PAN CLNAI0117M, and contacted associate Tanvi Das. Offences were recorded under IPC section 420.",Suresh Das|Tanvi Das,+917000918604,TN24AB1162,suresh.0117@okicici,Vaishali Ghaziabad,2026-05-12
FIR-2026-0265,"On 2026-05-13, complainant reported suspect Aditi Gupta near Bengaluru Central. The suspect used phone +917000958199, vehicle TS25AB1169, UPI aditi.0122@okaxis, bank account number 510000432091, Aadhaar 2000 0095 8199, PAN CLNAI0122R, and contacted associate Akash Gupta. Offences were recorded under IPC section 420.",Aditi Gupta|Akash Gupta,+917000958199,TS25AB1169,aditi.0122@okaxis,Bengaluru Central,2026-05-13
FIR-2026-0266,"On 2026-05-13, complainant reported suspect Divya Gupta near Chandni Chowk Delhi. The suspect used phone +917000997794, vehicle UP26AB1176, UPI divya.0127@oksbi, bank account number 510000449946, Aadhaar 2000 0099 7794, PAN CLNAI0127W, and contacted associate Farhan Gupta. Offences were recorded under IPC section 420.",Divya Gupta|Farhan Gupta,+917000997794,UP26AB1176,divya.0127@oksbi,Chandni Chowk Delhi,2026-05-13
FIR-2026-0267,"On 2026-05-14, complainant reported suspect Manoj Gupta near Charminar Hyderabad. The suspect used phone +917001037389, vehicle WB27AB1183, UPI manoj.0132@upi, bank account number 510000467801, Aadhaar 2000 0103 7389, PAN CLNAI0132B, and contacted associate Meera Gupta. Offences were recorded under IPC section 420.",Manoj Gupta|Meera Gupta,+917001037389,WB27AB1183,manoj.0132@upi,Charminar Hyderabad,2026-05-14
FIR-2026-0268,"On 2026-05-14, complainant reported suspect Pranav Gupta near Gomti Nagar Lucknow. The suspect used phone +917001076984, vehicle GJ28AB1190, UPI pranav.0137@paytm, bank account number 510000485656, Aadhaar 2000 0107 6984, PAN CLNAI0137G, and contacted associate Priya Gupta. Offences were recorded under IPC section 420.",Pranav Gupta|Priya Gupta,+917001076984,GJ28AB1190,pranav.0137@paytm,Gomti Nagar Lucknow,2026-05-14
FIR-2026-0269,"On 2026-05-15, complainant reported suspect Riya Gupta near Howrah Kolkata. The suspect used phone +917001116579, vehicle RJ29AB1197, UPI riya.0142@ybl, bank account number 510000503511, Aadhaar 2000 0111 6579, PAN CLNAI0142L, and contacted associate Rohan Gupta. Offences were recorded under IPC section 420.",Riya Gupta|Rohan Gupta,+917001116579,RJ29AB1197,riya.0142@ybl,Howrah Kolkata,2026-05-15
FIR-2026-0270,"On 2026-05-15, complainant reported suspect Suresh Gupta near Indiranagar Bengaluru. The suspect used phone +917001156174, vehicle KL30AB1204, UPI suresh.0147@okicici, bank account number 510000521366, Aadhaar 2000 0115 6174, PAN CLNAI0147Q, and contacted associate Tanvi Gupta. Offences were recorded under IPC section 420.",Suresh Gupta|Tanvi Gupta,+917001156174,KL30AB1204,suresh.0147@okicici,Indiranagar Bengaluru,2026-05-15
FIR-2026-0271,"On 2026-05-16, complainant reported suspect Aditi Iyer near Kochi Marine Drive. The suspect used phone +917001195769, vehicle DL31AB1211, UPI aditi.0152@okaxis, bank account number 510000539221, Aadhaar 2000 0119 5769, PAN CLNAI0152V, and contacted associate Akash Iyer. Offences were recorded under IPC section 420.",Aditi Iyer|Akash Iyer,+917001195769,DL31AB1211,aditi.0152@okaxis,Kochi Marine Drive,2026-05-16
FIR-2026-0272,"On 2026-05-16, complainant reported suspect Divya Iyer near Mumbai Central. The suspect used phone +917001235364, vehicle KA32AB1218, UPI divya.0157@oksbi, bank account number 510000557076, Aadhaar 2000 0123 5364, PAN CLNAI0157A, and contacted associate Farhan Iyer. Offences were recorded under IPC section 420.",Divya Iyer|Farhan Iyer,+917001235364,KA32AB1218,divya.0157@oksbi,Mumbai Central,2026-05-16
FIR-2026-0273,"On 2026-05-17, complainant reported suspect Manoj Iyer near Pune Camp. The suspect used phone +917001274959, vehicle MH33AB1225, UPI manoj.0162@upi, bank account number 510000574931, Aadhaar 2000 0127 4959, PAN CLNAI0162F, and contacted associate Meera Iyer. Offences were recorded under IPC section 420.",Manoj Iyer|Meera Iyer,+917001274959,MH33AB1225,manoj.0162@upi,Pune Camp,2026-05-17
FIR-2026-0274,"On 2026-05-17, complainant reported suspect Pranav Iyer near Sector 17 Chandigarh. The suspect used phone +917001314554, vehicle TN34AB1232, UPI pranav.0167@paytm, bank account number 510000592786, Aadhaar 2000 0131 4554, PAN CLNAI0167K, and contacted associate Priya Iyer. Offences were recorded under IPC section 420.",Pranav Iyer|Priya Iyer,+917001314554,TN34AB1232,pranav.0167@paytm,Sector 17 Chandigarh,2026-05-17
FIR-2026-0275,"On 2026-05-18, complainant reported suspect Riya Iyer near T Nagar Chennai. The suspect used phone +917001354149, vehicle TS35AB1239, UPI riya.0172@ybl, bank account number 510000610641, Aadhaar 2000 0135 4149, PAN CLNAI0172P, and contacted associate Rohan Iyer. Offences were recorded under IPC section 420.",Riya Iyer|Rohan Iyer,+917001354149,TS35AB1239,riya.0172@ybl,T Nagar Chennai,2026-05-18
FIR-2026-0276,"On 2026-05-18, complainant reported suspect Suresh Iyer near Vaishali Ghaziabad. The suspect used phone +917001393744, vehicle UP01AB1246, UPI suresh.0177@okicici, bank account number 510000628496, Aadhaar 2000 0139 3744, PAN CLNAI0177U, and contacted associate Tanvi Iyer. Offences were recorded under IPC section 420.",Suresh Iyer|Tanvi Iyer,+917001393744,UP01AB1246,suresh.0177@okicici,Vaishali Ghaziabad,2026-05-18
FIR-2026-0277,"On 2026-05-19, complainant reported suspect Aditi Jain near Bengaluru Central. The suspect used phone +917001433339, vehicle WB02AB1253, UPI aditi.0182@okaxis, bank account number 510000646351, Aadhaar 2000 0143 3339, PAN CLNAI0182Z, and contacted associate Akash Jain. Offences were recorded under IPC section 420.",Aditi Jain|Akash Jain,+917001433339,WB02AB1253,aditi.0182@okaxis,Bengaluru Central,2026-05-19
FIR-2026-0278,"On 2026-05-19, complainant reported suspect Divya Jain near Chandni Chowk Delhi. The suspect used phone +917001472934, vehicle GJ03AB1260, UPI divya.0187@oksbi, bank account number 510000664206, Aadhaar 2000 0147 2934, PAN CLNAI0187E, and contacted associate Farhan Jain. Offences were recorded under IPC section 420.",Divya Jain|Farhan Jain,+917001472934,GJ03AB1260,divya.0187@oksbi,Chandni Chowk Delhi,2026-05-19
FIR-2026-0279,"On 2026-05-20, complainant reported suspect Manoj Jain near Charminar Hyderabad. The suspect used phone +917001512529, vehicle RJ04AB1267, UPI manoj.0192@upi, bank account number 510000682061, Aadhaar 2000 0151 2529, PAN CLNAI0192J, and contacted associate Meera Jain. Offences were recorded under IPC section 420.",Manoj Jain|Meera Jain,+917001512529,RJ04AB1267,manoj.0192@upi,Charminar Hyderabad,2026-05-20
FIR-2026-0280,"On 2026-05-20, complainant reported suspect Pranav Jain near Gomti Nagar Lucknow. The suspect used phone +917001552124, vehicle KL05AB1274, UPI pranav.0197@paytm, bank account number 510000699916, Aadhaar 2000 0155 2124, PAN CLNAI0197O, and contacted associate Priya Jain. Offences were recorded under IPC section 420.",Pranav Jain|Priya Jain,+917001552124,KL05AB1274,pranav.0197@paytm,Gomti Nagar Lucknow,2026-05-20
FIR-2026-0281,"On 2026-05-21, complainant reported suspect Akash Agarwal near Bengaluru Central. The suspect used phone +917000015838, vehicle DL01AB1002, UPI akash.0003@okicici, bank account number 510000007142, Aadhaar 2000 0001 5838, PAN CLNAI0003C, and contacted associate Ananya Agarwal. Offences were recorded under IPC section 420.",Akash Agarwal|Ananya Agarwal,+917000015838,DL01AB1002,akash.0003@okicici,Bengaluru Central,2026-05-21
FIR-2026-0282,"On 2026-05-21, complainant reported suspect Farhan Agarwal near Chandni Chowk Delhi. The suspect used phone +917000055433, vehicle KA02AB1009, UPI farhan.0008@okaxis, bank account number 510000024997, Aadhaar 2000 0005 5433, PAN CLNAI0008H, and contacted associate Ishita Agarwal. Offences were recorded under IPC section 420.",Farhan Agarwal|Ishita Agarwal,+917000055433,KA02AB1009,farhan.0008@okaxis,Chandni Chowk Delhi,2026-05-21
FIR-2026-0283,"On 2026-05-22, complainant reported suspect Meera Agarwal near Charminar Hyderabad. The suspect used phone +917000095028, vehicle MH03AB1016, UPI meera.0013@oksbi, bank account number 510000042852, Aadhaar 2000 0009 5028, PAN CLNAI0013M, and contacted associate Neha Agarwal. Offences were recorded under IPC section 420.",Meera Agarwal|Neha Agarwal,+917000095028,MH03AB1016,meera.0013@oksbi,Charminar Hyderabad,2026-05-22
FIR-2026-0284,"On 2026-05-22, complainant reported suspect Priya Agarwal near Gomti Nagar Lucknow. The suspect used phone +917000134623, vehicle TN04AB1023, UPI priya.0018@upi, bank account number 510000060707, Aadhaar 2000 0013 4623, PAN CLNAI0018R, and contacted associate Rahul Agarwal. Offences were recorded under IPC section 420.",Priya Agarwal|Rahul Agarwal,+917000134623,TN04AB1023,priya.0018@upi,Gomti Nagar Lucknow,2026-05-22
FIR-2026-0285,"On 2026-05-23, complainant reported suspect Rohan Agarwal near Howrah Kolkata. The suspect used phone +917000174218, vehicle TS05AB1030, UPI rohan.0023@paytm, bank account number 510000078562, Aadhaar 2000 0017 4218, PAN CLNAI0023W, and contacted associate Sameer Agarwal. Offences were recorded under IPC section 420.",Rohan Agarwal|Sameer Agarwal,+917000174218,TS05AB1030,rohan.0023@paytm,Howrah Kolkata,2026-05-23
FIR-2026-0286,"On 2026-05-23, complainant reported suspect Tanvi Agarwal near Indiranagar Bengaluru. The suspect used phone +917000213813, vehicle UP06AB1037, UPI tanvi.0028@ybl, bank account number 510000096417, Aadhaar 2000 0021 3813, PAN CLNAI0028B, and contacted associate Varun Agarwal. Offences were recorded under IPC section 420.",Tanvi Agarwal|Varun Agarwal,+917000213813,UP06AB1037,tanvi.0028@ybl,Indiranagar Bengaluru,2026-05-23
FIR-2026-0287,"On 2026-05-24, complainant reported suspect Akash Bansal near Kochi Marine Drive. The suspect used phone +917000253408, vehicle WB07AB1044, UPI akash.0033@okicici, bank account number 510000114272, Aadhaar 2000 0025 3408, PAN CLNAI0033G, and contacted associate Ananya Bansal. Offences were recorded under IPC section 420.",Akash Bansal|Ananya Bansal,+917000253408,WB07AB1044,akash.0033@okicici,Kochi Marine Drive,2026-05-24
FIR-2026-0288,"On 2026-05-24, complainant reported suspect Farhan Bansal near Mumbai Central. The suspect used phone +917000293003, vehicle GJ08AB1051, UPI farhan.0038@okaxis, bank account number 510000132127, Aadhaar 2000 0029 3003, PAN CLNAI0038L, and contacted associate Ishita Bansal. Offences were recorded under IPC section 420.",Farhan Bansal|Ishita Bansal,+917000293003,GJ08AB1051,farhan.0038@okaxis,Mumbai Central,2026-05-24
FIR-2026-0289,"On 2026-05-25, complainant reported suspect Meera Bansal near Pune Camp. The suspect used phone +917000332598, vehicle RJ09AB1058, UPI meera.0043@oksbi, bank account number 510000149982, Aadhaar 2000 0033 2598, PAN CLNAI0043Q, and contacted associate Neha Bansal. Offences were recorded under IPC section 420.",Meera Bansal|Neha Bansal,+917000332598,RJ09AB1058,meera.0043@oksbi,Pune Camp,2026-05-25
FIR-2026-0290,"On 2026-05-25, complainant reported suspect Priya Bansal near Sector 17 Chandigarh. The suspect used phone +917000372193, vehicle KL10AB1065, UPI priya.0048@upi, bank account number 510000167837, Aadhaar 2000 0037 2193, PAN CLNAI0048V, and contacted associate Rahul Bansal. Offences were recorded under IPC section 420.",Priya Bansal|Rahul Bansal,+917000372193,KL10AB1065,priya.0048@upi,Sector 17 Chandigarh,2026-05-25
FIR-2026-0291,"On 2026-05-26, complainant reported suspect Rohan Bansal near T Nagar Chennai. The suspect used phone +917000411788, vehicle DL11AB1072, UPI rohan.0053@paytm, bank account number 510000185692, Aadhaar 2000 0041 1788, PAN CLNAI0053A, and contacted associate Sameer Bansal. Offences were recorded under IPC section 420.",Rohan Bansal|Sameer Bansal,+917000411788,DL11AB1072,rohan.0053@paytm,T Nagar Chennai,2026-05-26
FIR-2026-0292,"On 2026-05-26, complainant reported suspect Tanvi Bansal near Vaishali Ghaziabad. The suspect used phone +917000451383, vehicle KA12AB1079, UPI tanvi.0058@ybl, bank account number 510000203547, Aadhaar 2000 0045 1383, PAN CLNAI0058F, and contacted associate Varun Bansal. Offences were recorded under IPC section 420.",Tanvi Bansal|Varun Bansal,+917000451383,KA12AB1079,tanvi.0058@ybl,Vaishali Ghaziabad,2026-05-26
FIR-2026-0293,"On 2026-05-27, complainant reported suspect Akash Chauhan near Bengaluru Central. The suspect used phone +917000490978, vehicle MH13AB1086, UPI akash.0063@okicici, bank account number 510000221402, Aadhaar 2000 0049 0978, PAN CLNAI0063K, and contacted associate Ananya Chauhan. Offences were recorded under IPC section 420.",Akash Chauhan|Ananya Chauhan,+917000490978,MH13AB1086,akash.0063@okicici,Bengaluru Central,2026-05-27
FIR-2026-0294,"On 2026-05-27, complainant reported suspect Farhan Chauhan near Chandni Chowk Delhi. The suspect used phone +917000530573, vehicle TN14AB1093, UPI farhan.0068@okaxis, bank account number 510000239257, Aadhaar 2000 0053 0573, PAN CLNAI0068P, and contacted associate Ishita Chauhan. Offences were recorded under IPC section 420.",Farhan Chauhan|Ishita Chauhan,+917000530573,TN14AB1093,farhan.0068@okaxis,Chandni Chowk Delhi,2026-05-27
FIR-2026-0295,"On 2026-05-28, complainant reported suspect Meera Chauhan near Charminar Hyderabad. The suspect used phone +917000570168, vehicle TS15AB1100, UPI meera.0073@oksbi, bank account number 510000257112, Aadhaar 2000 0057 0168, PAN CLNAI0073U, and contacted associate Neha Chauhan. Offences were recorded under IPC section 420.",Meera Chauhan|Neha Chauhan,+917000570168,TS15AB1100,meera.0073@oksbi,Charminar Hyderabad,2026-05-28
FIR-2026-0296,"On 2026-05-28, complainant reported suspect Priya Chauhan near Gomti Nagar Lucknow. The suspect used phone +917000609763, vehicle UP16AB1107, UPI priya.0078@upi, bank account number 510000274967, Aadhaar 2000 0060 9763, PAN CLNAI0078Z, and contacted associate Rahul Chauhan. Offences were recorded under IPC section 420.",Priya Chauhan|Rahul Chauhan,+917000609763,UP16AB1107,priya.0078@upi,Gomti Nagar Lucknow,2026-05-28
FIR-2026-0297,"On 2026-05-29, complainant reported suspect Rohan Chauhan near Howrah Kolkata. The suspect used phone +917000649358, vehicle WB17AB1114, UPI rohan.0083@paytm, bank account number 510000292822, Aadhaar 2000 0064 9358, PAN CLNAI0083E, and contacted associate Sameer Chauhan. Offences were recorded under IPC section 420.",Rohan Chauhan|Sameer Chauhan,+917000649358,WB17AB1114,rohan.0083@paytm,Howrah Kolkata,2026-05-29
FIR-2026-0298,"On 2026-05-29, complainant reported suspect Tanvi Chauhan near Indiranagar Bengaluru. The suspect used phone +917000688953, vehicle GJ18AB1121, UPI tanvi.0088@ybl, bank account number 510000310677, Aadhaar 2000 0068 8953, PAN CLNAI0088J, and contacted associate Varun Chauhan. Offences were recorded under IPC section 420.",Tanvi Chauhan|Varun Chauhan,+917000688953,GJ18AB1121,tanvi.0088@ybl,Indiranagar Bengaluru,2026-05-29
FIR-2026-0299,"On 2026-05-30, complainant reported suspect Akash Das near Kochi Marine Drive. The suspect used phone +917000728548, vehicle RJ19AB1128, UPI akash.0093@okicici, bank account number 510000328532, Aadhaar 2000 0072 8548, PAN CLNAI0093O, and contacted associate Ananya Das. Offences were recorded under IPC section 420.",Akash Das|Ananya Das,+917000728548,RJ19AB1128,akash.0093@okicici,Kochi Marine Drive,2026-05-30
FIR-2026-0300,"On 2026-05-30, complainant reported suspect Farhan Das near Mumbai Central. The suspect used phone +917000768143, vehicle KL20AB1135, UPI farhan.0098@okaxis, bank account number 510000346387, Aadhaar 2000 0076 8143, PAN CLNAI0098T, and contacted associate Ishita Das. Offences were recorded under IPC section 420.",Farhan Das|Ishita Das,+917000768143,KL20AB1135,farhan.0098@okaxis,Mumbai Central,2026-05-30
FIR-2026-0301,"On 2026-05-31, complainant reported suspect Meera Das near Pune Camp. The suspect used phone +917000807738, vehicle DL21AB1142, UPI meera.0103@oksbi, bank account number 510000364242, Aadhaar 2000 0080 7738, PAN CLNAI0103Y, and contacted associate Neha Das. Offences were recorded under IPC section 420.",Meera Das|Neha Das,+917000807738,DL21AB1142,meera.0103@oksbi,Pune Camp,2026-05-31
FIR-2026-0302,"On 2026-05-31, complainant reported suspect Priya Das near Sector 17 Chandigarh. The suspect used phone +917000847333, vehicle KA22AB1149, UPI priya.0108@upi, bank account number 510000382097, Aadhaar 2000 0084 7333, PAN CLNAI0108D, and contacted associate Rahul Das. Offences were recorded under IPC section 420.",Priya Das|Rahul Das,+917000847333,KA22AB1149,priya.0108@upi,Sector 17 Chandigarh,2026-05-31
FIR-2026-0303,"On 2026-06-01, complainant reported suspect Rohan Das near T Nagar Chennai. The suspect used phone +917000886928, vehicle MH23AB1156, UPI rohan.0113@paytm, bank account number 510000399952, Aadhaar 2000 0088 6928, PAN CLNAI0113I, and contacted associate Sameer Das. Offences were recorded under IPC section 420.",Rohan Das|Sameer Das,+917000886928,MH23AB1156,rohan.0113@paytm,T Nagar Chennai,2026-06-01
FIR-2026-0304,"On 2026-06-01, complainant reported suspect Tanvi Das near Vaishali Ghaziabad. The suspect used phone +917000926523, vehicle TN24AB1163, UPI tanvi.0118@ybl, bank account number 510000417807, Aadhaar 2000 0092 6523, PAN CLNAI0118N, and contacted associate Varun Das. Offences were recorded under IPC section 420.",Tanvi Das|Varun Das,+917000926523,TN24AB1163,tanvi.0118@ybl,Vaishali Ghaziabad,2026-06-01
FIR-2026-0305,"On 2026-06-02, complainant reported suspect Akash Gupta near Bengaluru Central. The suspect used phone +917000966118, vehicle TS25AB1170, UPI akash.0123@okicici, bank account number 510000435662, Aadhaar 2000 0096 6118, PAN CLNAI0123S, and contacted associate Ananya Gupta. Offences were recorded under IPC section 420.",Akash Gupta|Ananya Gupta,+917000966118,TS25AB1170,akash.0123@okicici,Bengaluru Central,2026-06-02
FIR-2026-0306,"On 2026-06-02, complainant reported suspect Farhan Gupta near Chandni Chowk Delhi. The suspect used phone +917001005713, vehicle UP26AB1177, UPI farhan.0128@okaxis, bank account number 510000453517, Aadhaar 2000 0100 5713, PAN CLNAI0128X, and contacted associate Ishita Gupta. Offences were recorded under IPC section 420.",Farhan Gupta|Ishita Gupta,+917001005713,UP26AB1177,farhan.0128@okaxis,Chandni Chowk Delhi,2026-06-02
FIR-2026-0307,"On 2026-06-03, complainant reported suspect Meera Gupta near Charminar Hyderabad. The suspect used phone +917001045308, vehicle WB27AB1184, UPI meera.0133@oksbi, bank account number 510000471372, Aadhaar 2000 0104 5308, PAN CLNAI0133C, and contacted associate Neha Gupta. Offences were recorded under IPC section 420.",Meera Gupta|Neha Gupta,+917001045308,WB27AB1184,meera.0133@oksbi,Charminar Hyderabad,2026-06-03
FIR-2026-0308,"On 2026-06-03, complainant reported suspect Priya Gupta near Gomti Nagar Lucknow. The suspect used phone +917001084903, vehicle GJ28AB1191, UPI priya.0138@upi, bank account number 510000489227, Aadhaar 2000 0108 4903, PAN CLNAI0138H, and contacted associate Rahul Gupta. Offences were recorded under IPC section 420.",Priya Gupta|Rahul Gupta,+917001084903,GJ28AB1191,priya.0138@upi,Gomti Nagar Lucknow,2026-06-03
FIR-2026-0309,"On 2026-06-04, complainant reported suspect Rohan Gupta near Howrah Kolkata. The suspect used phone +917001124498, vehicle RJ29AB1198, UPI rohan.0143@paytm, bank account number 510000507082, Aadhaar 2000 0112 4498, PAN CLNAI0143M, and contacted associate Sameer Gupta. Offences were recorded under IPC section 420.",Rohan Gupta|Sameer Gupta,+917001124498,RJ29AB1198,rohan.0143@paytm,Howrah Kolkata,2026-06-04
FIR-2026-0310,"On 2026-06-04, complainant reported suspect Tanvi Gupta near Indiranagar Bengaluru. The suspect used phone +917001164093, vehicle KL30AB1205, UPI tanvi.0148@ybl, bank account number 510000524937, Aadhaar 2000 0116 4093, PAN CLNAI0148R, and contacted associate Varun Gupta. Offences were recorded under IPC section 420.",Tanvi Gupta|Varun Gupta,+917001164093,KL30AB1205,tanvi.0148@ybl,Indiranagar Bengaluru,2026-06-04
FIR-2026-0311,"On 2026-06-05, complainant reported suspect Akash Iyer near Kochi Marine Drive. The suspect used phone +917001203688, vehicle DL31AB1212, UPI akash.0153@okicici, bank account number 510000542792, Aadhaar 2000 0120 3688, PAN CLNAI0153W, and contacted associate Ananya Iyer. Offences were recorded under IPC section 420.",Akash Iyer|Ananya Iyer,+917001203688,DL31AB1212,akash.0153@okicici,Kochi Marine Drive,2026-06-05
FIR-2026-0312,"On 2026-06-05, complainant reported suspect Farhan Iyer near Mumbai Central. The suspect used phone +917001243283, vehicle KA32AB1219, UPI farhan.0158@okaxis, bank account number 510000560647, Aadhaar 2000 0124 3283, PAN CLNAI0158B, and contacted associate Ishita Iyer. Offences were recorded under IPC section 420.",Farhan Iyer|Ishita Iyer,+917001243283,KA32AB1219,farhan.0158@okaxis,Mumbai Central,2026-06-05
FIR-2026-0313,"On 2026-06-06, complainant reported suspect Meera Iyer near Pune Camp. The suspect used phone +917001282878, vehicle MH33AB1226, UPI meera.0163@oksbi, bank account number 510000578502, Aadhaar 2000 0128 2878, PAN CLNAI0163G, and contacted associate Neha Iyer. Offences were recorded under IPC section 420.",Meera Iyer|Neha Iyer,+917001282878,MH33AB1226,meera.0163@oksbi,Pune Camp,2026-06-06
FIR-2026-0314,"On 2026-06-06, complainant reported suspect Priya Iyer near Sector 17 Chandigarh. The suspect used phone +917001322473, vehicle TN34AB1233, UPI priya.0168@upi, bank account number 510000596357, Aadhaar 2000 0132 2473, PAN CLNAI0168L, and contacted associate Rahul Iyer. Offences were recorded under IPC section 420.",Priya Iyer|Rahul Iyer,+917001322473,TN34AB1233,priya.0168@upi,Sector 17 Chandigarh,2026-06-06
FIR-2026-0315,"On 2026-06-07, complainant reported suspect Rohan Iyer near T Nagar Chennai. The suspect used phone +917001362068, vehicle TS35AB1240, UPI rohan.0173@paytm, bank account number 510000614212, Aadhaar 2000 0136 2068, PAN CLNAI0173Q, and contacted associate Sameer Iyer. Offences were recorded under IPC section 420.",Rohan Iyer|Sameer Iyer,+917001362068,TS35AB1240,rohan.0173@paytm,T Nagar Chennai,2026-06-07
FIR-2026-0316,"On 2026-06-07, complainant reported suspect Tanvi Iyer near Vaishali Ghaziabad. The suspect used phone +917001401663, vehicle UP01AB1247, UPI tanvi.0178@ybl, bank account number 510000632067, Aadhaar 2000 0140 1663, PAN CLNAI0178V, and contacted associate Varun Iyer. Offences were recorded under IPC section 420.",Tanvi Iyer|Varun Iyer,+917001401663,UP01AB1247,tanvi.0178@ybl,Vaishali Ghaziabad,2026-06-07
FIR-2026-0317,"On 2026-06-08, complainant reported suspect Akash Jain near Bengaluru Central. The suspect used phone +917001441258, vehicle WB02AB1254, UPI akash.0183@okicici, bank account number 510000649922, Aadhaar 2000 0144 1258, PAN CLNAI0183A, and contacted associate Ananya Jain. Offences were recorded under IPC section 420.",Akash Jain|Ananya Jain,+917001441258,WB02AB1254,akash.0183@okicici,Bengaluru Central,2026-06-08
FIR-2026-0318,"On 2026-06-08, complainant reported suspect Farhan Jain near Chandni Chowk Delhi. The suspect used phone +917001480853, vehicle GJ03AB1261, UPI farhan.0188@okaxis, bank account number 510000667777, Aadhaar 2000 0148 0853, PAN CLNAI0188F, and contacted associate Ishita Jain. Offences were recorded under IPC section 420.",Farhan Jain|Ishita Jain,+917001480853,GJ03AB1261,farhan.0188@okaxis,Chandni Chowk Delhi,2026-06-08
FIR-2026-0319,"On 2026-06-09, complainant reported suspect Meera Jain near Charminar Hyderabad. The suspect used phone +917001520448, vehicle RJ04AB1268, UPI meera.0193@oksbi, bank account number 510000685632, Aadhaar 2000 0152 0448, PAN CLNAI0193K, and contacted associate Neha Jain. Offences were recorded under IPC section 420.",Meera Jain|Neha Jain,+917001520448,RJ04AB1268,meera.0193@oksbi,Charminar Hyderabad,2026-06-09
FIR-2026-0320,"On 2026-06-09, complainant reported suspect Priya Jain near Gomti Nagar Lucknow. The suspect used phone +917001560043, vehicle KL05AB1275, UPI priya.0198@upi, bank account number 510000703487, Aadhaar 2000 0156 0043, PAN CLNAI0198P, and contacted associate Rahul Jain. Offences were recorded under IPC section 420.",Priya Jain|Rahul Jain,+917001560043,KL05AB1275,priya.0198@upi,Gomti Nagar Lucknow,2026-06-09
FIR-2026-0321,"On 2026-06-10, complainant reported suspect Ananya Agarwal near Bengaluru Central. The suspect used phone +917000023757, vehicle DL01AB1003, UPI ananya.0004@ybl, bank account number 510000010713, Aadhaar 2000 0002 3757, PAN CLNAI0004D, and contacted associate Arjun Agarwal. Offences were recorded under IPC section 420.",Ananya Agarwal|Arjun Agarwal,+917000023757,DL01AB1003,ananya.0004@ybl,Bengaluru Central,2026-06-10
FIR-2026-0322,"On 2026-06-10, complainant reported suspect Ishita Agarwal near Chandni Chowk Delhi. The suspect used phone +917000063352, vehicle KA02AB1010, UPI ishita.0009@okicici, bank account number 510000028568, Aadhaar 2000 0006 3352, PAN CLNAI0009I, and contacted associate Kabir Agarwal. Offences were recorded under IPC section 420.",Ishita Agarwal|Kabir Agarwal,+917000063352,KA02AB1010,ishita.0009@okicici,Chandni Chowk Delhi,2026-06-10
FIR-2026-0323,"On 2026-06-11, complainant reported suspect Neha Agarwal near Charminar Hyderabad. The suspect used phone +917000102947, vehicle MH03AB1017, UPI neha.0014@okaxis, bank account number 510000046423, Aadhaar 2000 0010 2947, PAN CLNAI0014N, and contacted associate Nikhil Agarwal. Offences were recorded under IPC section 420.",Neha Agarwal|Nikhil Agarwal,+917000102947,MH03AB1017,neha.0014@okaxis,Charminar Hyderabad,2026-06-11
FIR-2026-0324,"On 2026-06-11, complainant reported suspect Rahul Agarwal near Gomti Nagar Lucknow. The suspect used phone +917000142542, vehicle TN04AB1024, UPI rahul.0019@oksbi, bank account number 510000064278, Aadhaar 2000 0014 2542, PAN CLNAI0019S, and contacted associate Rajesh Agarwal. Offences were recorded under IPC section 420.",Rahul Agarwal|Rajesh Agarwal,+917000142542,TN04AB1024,rahul.0019@oksbi,Gomti Nagar Lucknow,2026-06-11
FIR-2026-0325,"On 2026-06-12, complainant reported suspect Sameer Agarwal near Howrah Kolkata. The suspect used phone +917000182137, vehicle TS05AB1031, UPI sameer.0024@upi, bank account number 510000082133, Aadhaar 2000 0018 2137, PAN CLNAI0024X, and contacted associate Sanjay Agarwal. Offences were recorded under IPC section 420.",Sameer Agarwal|Sanjay Agarwal,+917000182137,TS05AB1031,sameer.0024@upi,Howrah Kolkata,2026-06-12
FIR-2026-0326,"On 2026-06-12, complainant reported suspect Varun Agarwal near Indiranagar Bengaluru. The suspect used phone +917000221732, vehicle UP06AB1038, UPI varun.0029@paytm, bank account number 510000099988, Aadhaar 2000 0022 1732, PAN CLNAI0029C, and contacted associate Vikram Agarwal. Offences were recorded under IPC section 420.",Varun Agarwal|Vikram Agarwal,+917000221732,UP06AB1038,varun.0029@paytm,Indiranagar Bengaluru,2026-06-12
FIR-2026-0327,"On 2026-06-13, complainant reported suspect Ananya Bansal near Kochi Marine Drive. The suspect used phone +917000261327, vehicle WB07AB1045, UPI ananya.0034@ybl, bank account number 510000117843, Aadhaar 2000 0026 1327, PAN CLNAI0034H, and contacted associate Arjun Bansal. Offences were recorded under IPC section 420.",Ananya Bansal|Arjun Bansal,+917000261327,WB07AB1045,ananya.0034@ybl,Kochi Marine Drive,2026-06-13
FIR-2026-0328,"On 2026-06-13, complainant reported suspect Ishita Bansal near Mumbai Central. The suspect used phone +917000300922, vehicle GJ08AB1052, UPI ishita.0039@okicici, bank account number 510000135698, Aadhaar 2000 0030 0922, PAN CLNAI0039M, and contacted associate Kabir Bansal. Offences were recorded under IPC section 420.",Ishita Bansal|Kabir Bansal,+917000300922,GJ08AB1052,ishita.0039@okicici,Mumbai Central,2026-06-13
FIR-2026-0329,"On 2026-06-14, complainant reported suspect Neha Bansal near Pune Camp. The suspect used phone +917000340517, vehicle RJ09AB1059, UPI neha.0044@okaxis, bank account number 510000153553, Aadhaar 2000 0034 0517, PAN CLNAI0044R, and contacted associate Nikhil Bansal. Offences were recorded under IPC section 420.",Neha Bansal|Nikhil Bansal,+917000340517,RJ09AB1059,neha.0044@okaxis,Pune Camp,2026-06-14
FIR-2026-0330,"On 2026-06-14, complainant reported suspect Rahul Bansal near Sector 17 Chandigarh. The suspect used phone +917000380112, vehicle KL10AB1066, UPI rahul.0049@oksbi, bank account number 510000171408, Aadhaar 2000 0038 0112, PAN CLNAI0049W, and contacted associate Rajesh Bansal. Offences were recorded under IPC section 420.",Rahul Bansal|Rajesh Bansal,+917000380112,KL10AB1066,rahul.0049@oksbi,Sector 17 Chandigarh,2026-06-14
FIR-2026-0331,"On 2026-06-15, complainant reported suspect Sameer Bansal near T Nagar Chennai. The suspect used phone +917000419707, vehicle DL11AB1073, UPI sameer.0054@upi, bank account number 510000189263, Aadhaar 2000 0041 9707, PAN CLNAI0054B, and contacted associate Sanjay Bansal. Offences were recorded under IPC section 420.",Sameer Bansal|Sanjay Bansal,+917000419707,DL11AB1073,sameer.0054@upi,T Nagar Chennai,2026-06-15
FIR-2026-0332,"On 2026-06-15, complainant reported suspect Varun Bansal near Vaishali Ghaziabad. The suspect used phone +917000459302, vehicle KA12AB1080, UPI varun.0059@paytm, bank account number 510000207118, Aadhaar 2000 0045 9302, PAN CLNAI0059G, and contacted associate Vikram Bansal. Offences were recorded under IPC section 420.",Varun Bansal|Vikram Bansal,+917000459302,KA12AB1080,varun.0059@paytm,Vaishali Ghaziabad,2026-06-15
FIR-2026-0333,"On 2026-06-16, complainant reported suspect Ananya Chauhan near Bengaluru Central. The suspect used phone +917000498897, vehicle MH13AB1087, UPI ananya.0064@ybl, bank account number 510000224973, Aadhaar 2000 0049 8897, PAN CLNAI0064L, and contacted associate Arjun Chauhan. Offences were recorded under IPC section 420.",Ananya Chauhan|Arjun Chauhan,+917000498897,MH13AB1087,ananya.0064@ybl,Bengaluru Central,2026-06-16
FIR-2026-0334,"On 2026-06-16, complainant reported suspect Ishita Chauhan near Chandni Chowk Delhi. The suspect used phone +917000538492, vehicle TN14AB1094, UPI ishita.0069@okicici, bank account number 510000242828, Aadhaar 2000 0053 8492, PAN CLNAI0069Q, and contacted associate Kabir Chauhan. Offences were recorded under IPC section 420.",Ishita Chauhan|Kabir Chauhan,+917000538492,TN14AB1094,ishita.0069@okicici,Chandni Chowk Delhi,2026-06-16
FIR-2026-0335,"On 2026-06-17, complainant reported suspect Neha Chauhan near Charminar Hyderabad. The suspect used phone +917000578087, vehicle TS15AB1101, UPI neha.0074@okaxis, bank account number 510000260683, Aadhaar 2000 0057 8087, PAN CLNAI0074V, and contacted associate Nikhil Chauhan. Offences were recorded under IPC section 420.",Neha Chauhan|Nikhil Chauhan,+917000578087,TS15AB1101,neha.0074@okaxis,Charminar Hyderabad,2026-06-17
FIR-2026-0336,"On 2026-06-17, complainant reported suspect Rahul Chauhan near Gomti Nagar Lucknow. The suspect used phone +917000617682, vehicle UP16AB1108, UPI rahul.0079@oksbi, bank account number 510000278538, Aadhaar 2000 0061 7682, PAN CLNAI0079A, and contacted associate Rajesh Chauhan. Offences were recorded under IPC section 420.",Rahul Chauhan|Rajesh Chauhan,+917000617682,UP16AB1108,rahul.0079@oksbi,Gomti Nagar Lucknow,2026-06-17
FIR-2026-0337,"On 2026-06-18, complainant reported suspect Sameer Chauhan near Howrah Kolkata. The suspect used phone +917000657277, vehicle WB17AB1115, UPI sameer.0084@upi, bank account number 510000296393, Aadhaar 2000 0065 7277, PAN CLNAI0084F, and contacted associate Sanjay Chauhan. Offences were recorded under IPC section 420.",Sameer Chauhan|Sanjay Chauhan,+917000657277,WB17AB1115,sameer.0084@upi,Howrah Kolkata,2026-06-18
FIR-2026-0338,"On 2026-06-18, complainant reported suspect Varun Chauhan near Indiranagar Bengaluru. The suspect used phone +917000696872, vehicle GJ18AB1122, UPI varun.0089@paytm, bank account number 510000314248, Aadhaar 2000 0069 6872, PAN CLNAI0089K, and contacted associate Vikram Chauhan. Offences were recorded under IPC section 420.",Varun Chauhan|Vikram Chauhan,+917000696872,GJ18AB1122,varun.0089@paytm,Indiranagar Bengaluru,2026-06-18
FIR-2026-0339,"On 2026-06-19, complainant reported suspect Ananya Das near Kochi Marine Drive. The suspect used phone +917000736467, vehicle RJ19AB1129, UPI ananya.0094@ybl, bank account number 510000332103, Aadhaar 2000 0073 6467, PAN CLNAI0094P, and contacted associate Arjun Das. Offences were recorded under IPC section 420.",Ananya Das|Arjun Das,+917000736467,RJ19AB1129,ananya.0094@ybl,Kochi Marine Drive,2026-06-19
FIR-2026-0340,"On 2026-06-19, complainant reported suspect Ishita Das near Mumbai Central. The suspect used phone +917000776062, vehicle KL20AB1136, UPI ishita.0099@okicici, bank account number 510000349958, Aadhaar 2000 0077 6062, PAN CLNAI0099U, and contacted associate Kabir Das. Offences were recorded under IPC section 420.",Ishita Das|Kabir Das,+917000776062,KL20AB1136,ishita.0099@okicici,Mumbai Central,2026-06-19
FIR-2026-0341,"On 2026-06-20, complainant reported suspect Neha Das near Pune Camp. The suspect used phone +917000815657, vehicle DL21AB1143, UPI neha.0104@okaxis, bank account number 510000367813, Aadhaar 2000 0081 5657, PAN CLNAI0104Z, and contacted associate Nikhil Das. Offences were recorded under IPC section 420.",Neha Das|Nikhil Das,+917000815657,DL21AB1143,neha.0104@okaxis,Pune Camp,2026-06-20
FIR-2026-0342,"On 2026-06-20, complainant reported suspect Rahul Das near Sector 17 Chandigarh. The suspect used phone +917000855252, vehicle KA22AB1150, UPI rahul.0109@oksbi, bank account number 510000385668, Aadhaar 2000 0085 5252, PAN CLNAI0109E, and contacted associate Rajesh Das. Offences were recorded under IPC section 420.",Rahul Das|Rajesh Das,+917000855252,KA22AB1150,rahul.0109@oksbi,Sector 17 Chandigarh,2026-06-20
FIR-2026-0343,"On 2026-06-21, complainant reported suspect Sameer Das near T Nagar Chennai. The suspect used phone +917000894847, vehicle MH23AB1157, UPI sameer.0114@upi, bank account number 510000403523, Aadhaar 2000 0089 4847, PAN CLNAI0114J, and contacted associate Sanjay Das. Offences were recorded under IPC section 420.",Sameer Das|Sanjay Das,+917000894847,MH23AB1157,sameer.0114@upi,T Nagar Chennai,2026-06-21
FIR-2026-0344,"On 2026-06-21, complainant reported suspect Varun Das near Vaishali Ghaziabad. The suspect used phone +917000934442, vehicle TN24AB1164, UPI varun.0119@paytm, bank account number 510000421378, Aadhaar 2000 0093 4442, PAN CLNAI0119O, and contacted associate Vikram Das. Offences were recorded under IPC section 420.",Varun Das|Vikram Das,+917000934442,TN24AB1164,varun.0119@paytm,Vaishali Ghaziabad,2026-06-21
FIR-2026-0345,"On 2026-06-22, complainant reported suspect Ananya Gupta near Bengaluru Central. The suspect used phone +917000974037, vehicle TS25AB1171, UPI ananya.0124@ybl, bank account number 510000439233, Aadhaar 2000 0097 4037, PAN CLNAI0124T, and contacted associate Arjun Gupta. Offences were recorded under IPC section 420.",Ananya Gupta|Arjun Gupta,+917000974037,TS25AB1171,ananya.0124@ybl,Bengaluru Central,2026-06-22
FIR-2026-0346,"On 2026-06-22, complainant reported suspect Ishita Gupta near Chandni Chowk Delhi. The suspect used phone +917001013632, vehicle UP26AB1178, UPI ishita.0129@okicici, bank account number 510000457088, Aadhaar 2000 0101 3632, PAN CLNAI0129Y, and contacted associate Kabir Gupta. Offences were recorded under IPC section 420.",Ishita Gupta|Kabir Gupta,+917001013632,UP26AB1178,ishita.0129@okicici,Chandni Chowk Delhi,2026-06-22
FIR-2026-0347,"On 2026-06-23, complainant reported suspect Neha Gupta near Charminar Hyderabad. The suspect used phone +917001053227, vehicle WB27AB1185, UPI neha.0134@okaxis, bank account number 510000474943, Aadhaar 2000 0105 3227, PAN CLNAI0134D, and contacted associate Nikhil Gupta. Offences were recorded under IPC section 420.",Neha Gupta|Nikhil Gupta,+917001053227,WB27AB1185,neha.0134@okaxis,Charminar Hyderabad,2026-06-23
FIR-2026-0348,"On 2026-06-23, complainant reported suspect Rahul Gupta near Gomti Nagar Lucknow. The suspect used phone +917001092822, vehicle GJ28AB1192, UPI rahul.0139@oksbi, bank account number 510000492798, Aadhaar 2000 0109 2822, PAN CLNAI0139I, and contacted associate Rajesh Gupta. Offences were recorded under IPC section 420.",Rahul Gupta|Rajesh Gupta,+917001092822,GJ28AB1192,rahul.0139@oksbi,Gomti Nagar Lucknow,2026-06-23
FIR-2026-0349,"On 2026-06-24, complainant reported suspect Sameer Gupta near Howrah Kolkata. The suspect used phone +917001132417, vehicle RJ29AB1199, UPI sameer.0144@upi, bank account number 510000510653, Aadhaar 2000 0113 2417, PAN CLNAI0144N, and contacted associate Sanjay Gupta. Offences were recorded under IPC section 420.",Sameer Gupta|Sanjay Gupta,+917001132417,RJ29AB1199,sameer.0144@upi,Howrah Kolkata,2026-06-24
FIR-2026-0350,"On 2026-06-24, complainant reported suspect Varun Gupta near Indiranagar Bengaluru. The suspect used phone +917001172012, vehicle KL30AB1206, UPI varun.0149@paytm, bank account number 510000528508, Aadhaar 2000 0117 2012, PAN CLNAI0149S, and contacted associate Vikram Gupta. Offences were recorded under IPC section 420.",Varun Gupta|Vikram Gupta,+917001172012,KL30AB1206,varun.0149@paytm,Indiranagar Bengaluru,2026-06-24
FIR-2026-0351,"On 2026-06-25, complainant reported suspect Ananya Iyer near Kochi Marine Drive. The suspect used phone +917001211607, vehicle DL31AB1213, UPI ananya.0154@ybl, bank account number 510000546363, Aadhaar 2000 0121 1607, PAN CLNAI0154X, and contacted associate Arjun Iyer. Offences were recorded under IPC section 420.",Ananya Iyer|Arjun Iyer,+917001211607,DL31AB1213,ananya.0154@ybl,Kochi Marine Drive,2026-06-25
FIR-2026-0352,"On 2026-06-25, complainant reported suspect Ishita Iyer near Mumbai Central. The suspect used phone +917001251202, vehicle KA32AB1220, UPI ishita.0159@okicici, bank account number 510000564218, Aadhaar 2000 0125 1202, PAN CLNAI0159C, and contacted associate Kabir Iyer. Offences were recorded under IPC section 420.",Ishita Iyer|Kabir Iyer,+917001251202,KA32AB1220,ishita.0159@okicici,Mumbai Central,2026-06-25
FIR-2026-0353,"On 2026-06-26, complainant reported suspect Neha Iyer near Pune Camp. The suspect used phone +917001290797, vehicle MH33AB1227, UPI neha.0164@okaxis, bank account number 510000582073, Aadhaar 2000 0129 0797, PAN CLNAI0164H, and contacted associate Nikhil Iyer. Offences were recorded under IPC section 420.",Neha Iyer|Nikhil Iyer,+917001290797,MH33AB1227,neha.0164@okaxis,Pune Camp,2026-06-26
FIR-2026-0354,"On 2026-06-26, complainant reported suspect Rahul Iyer near Sector 17 Chandigarh. The suspect used phone +917001330392, vehicle TN34AB1234, UPI rahul.0169@oksbi, bank account number 510000599928, Aadhaar 2000 0133 0392, PAN CLNAI0169M, and contacted associate Rajesh Iyer. Offences were recorded under IPC section 420.",Rahul Iyer|Rajesh Iyer,+917001330392,TN34AB1234,rahul.0169@oksbi,Sector 17 Chandigarh,2026-06-26
FIR-2026-0355,"On 2026-06-27, complainant reported suspect Sameer Iyer near T Nagar Chennai. The suspect used phone +917001369987, vehicle TS35AB1241, UPI sameer.0174@upi, bank account number 510000617783, Aadhaar 2000 0136 9987, PAN CLNAI0174R, and contacted associate Sanjay Iyer. Offences were recorded under IPC section 420.",Sameer Iyer|Sanjay Iyer,+917001369987,TS35AB1241,sameer.0174@upi,T Nagar Chennai,2026-06-27
FIR-2026-0356,"On 2026-06-27, complainant reported suspect Varun Iyer near Vaishali Ghaziabad. The suspect used phone +917001409582, vehicle UP01AB1248, UPI varun.0179@paytm, bank account number 510000635638, Aadhaar 2000 0140 9582, PAN CLNAI0179W, and contacted associate Vikram Iyer. Offences were recorded under IPC section 420.",Varun Iyer|Vikram Iyer,+917001409582,UP01AB1248,varun.0179@paytm,Vaishali Ghaziabad,2026-06-27
FIR-2026-0357,"On 2026-06-28, complainant reported suspect Ananya Jain near Bengaluru Central. The suspect used phone +917001449177, vehicle WB02AB1255, UPI ananya.0184@ybl, bank account number 510000653493, Aadhaar 2000 0144 9177, PAN CLNAI0184B, and contacted associate Arjun Jain. Offences were recorded under IPC section 420.",Ananya Jain|Arjun Jain,+917001449177,WB02AB1255,ananya.0184@ybl,Bengaluru Central,2026-06-28
FIR-2026-0358,"On 2026-06-28, complainant reported suspect Ishita Jain near Chandni Chowk Delhi. The suspect used phone +917001488772, vehicle GJ03AB1262, UPI ishita.0189@okicici, bank account number 510000671348, Aadhaar 2000 0148 8772, PAN CLNAI0189G, and contacted associate Kabir Jain. Offences were recorded under IPC section 420.",Ishita Jain|Kabir Jain,+917001488772,GJ03AB1262,ishita.0189@okicici,Chandni Chowk Delhi,2026-06-28
FIR-2026-0359,"On 2026-06-29, complainant reported suspect Neha Jain near Charminar Hyderabad. The suspect used phone +917001528367, vehicle RJ04AB1269, UPI neha.0194@okaxis, bank account number 510000689203, Aadhaar 2000 0152 8367, PAN CLNAI0194L, and contacted associate Nikhil Jain. Offences were recorded under IPC section 420.",Neha Jain|Nikhil Jain,+917001528367,RJ04AB1269,neha.0194@okaxis,Charminar Hyderabad,2026-06-29
FIR-2026-0360,"On 2026-06-29, complainant reported suspect Rahul Jain near Gomti Nagar Lucknow. The suspect used phone +917001567962, vehicle KL05AB1276, UPI rahul.0199@oksbi, bank account number 510000707058, Aadhaar 2000 0156 7962, PAN CLNAI0199Q, and contacted associate Rajesh Jain. Offences were recorded under IPC section 420.",Rahul Jain|Rajesh Jain,+917001567962,KL05AB1276,rahul.0199@oksbi,Gomti Nagar Lucknow,2026-06-29
FIR-2026-0361,"On 2026-06-30, complainant reported suspect Arjun Agarwal near Bengaluru Central. The suspect used phone +917000031676, vehicle DL01AB1004, UPI arjun.0005@paytm, bank account number 510000014284, Aadhaar 2000 0003 1676, PAN CLNAI0005E, and contacted associate Aarav Agarwal. Offences were recorded under IPC section 420.",Arjun Agarwal|Aarav Agarwal,+917000031676,DL01AB1004,arjun.0005@paytm,Bengaluru Central,2026-06-30
FIR-2026-0362,"On 2026-06-30, complainant reported suspect Kabir Agarwal near Chandni Chowk Delhi. The suspect used phone +917000071271, vehicle KA02AB1011, UPI kabir.0010@ybl, bank account number 510000032139, Aadhaar 2000 0007 1271, PAN CLNAI0010J, and contacted associate Deepak Agarwal. Offences were recorded under IPC section 420.",Kabir Agarwal|Deepak Agarwal,+917000071271,KA02AB1011,kabir.0010@ybl,Chandni Chowk Delhi,2026-06-30
FIR-2026-0363,"On 2026-07-01, complainant reported suspect Nikhil Agarwal near Charminar Hyderabad. The suspect used phone +917000110866, vehicle MH03AB1018, UPI nikhil.0015@okicici, bank account number 510000049994, Aadhaar 2000 0011 0866, PAN CLNAI0015O, and contacted associate Kavya Agarwal. Offences were recorded under IPC section 420.",Nikhil Agarwal|Kavya Agarwal,+917000110866,MH03AB1018,nikhil.0015@okicici,Charminar Hyderabad,2026-07-01
FIR-2026-0364,"On 2026-07-01, complainant reported suspect Rajesh Agarwal near Gomti Nagar Lucknow. The suspect used phone +917000150461, vehicle TN04AB1025, UPI rajesh.0020@okaxis, bank account number 510000067849, Aadhaar 2000 0015 0461, PAN CLNAI0020T, and contacted associate Pooja Agarwal. Offences were recorded under IPC section 420.",Rajesh Agarwal|Pooja Agarwal,+917000150461,TN04AB1025,rajesh.0020@okaxis,Gomti Nagar Lucknow,2026-07-01
FIR-2026-0365,"On 2026-07-02, complainant reported suspect Sanjay Agarwal near Howrah Kolkata. The suspect used phone +917000190056, vehicle TS05AB1032, UPI sanjay.0025@oksbi, bank account number 510000085704, Aadhaar 2000 0019 0056, PAN CLNAI0025Y, and contacted associate Rakesh Agarwal. Offences were recorded under IPC section 420.",Sanjay Agarwal|Rakesh Agarwal,+917000190056,TS05AB1032,sanjay.0025@oksbi,Howrah Kolkata,2026-07-02
FIR-2026-0366,"On 2026-07-02, complainant reported suspect Vikram Agarwal near Indiranagar Bengaluru. The suspect used phone +917000229651, vehicle UP06AB1039, UPI vikram.0030@upi, bank account number 510000103559, Aadhaar 2000 0022 9651, PAN CLNAI0030D, and contacted associate Shreya Agarwal. Offences were recorded under IPC section 420.",Vikram Agarwal|Shreya Agarwal,+917000229651,UP06AB1039,vikram.0030@upi,Indiranagar Bengaluru,2026-07-02
FIR-2026-0367,"On 2026-07-03, complainant reported suspect Arjun Bansal near Kochi Marine Drive. The suspect used phone +917000269246, vehicle WB07AB1046, UPI arjun.0035@paytm, bank account number 510000121414, Aadhaar 2000 0026 9246, PAN CLNAI0035I, and contacted associate Aarav Bansal. Offences were recorded under IPC section 420.",Arjun Bansal|Aarav Bansal,+917000269246,WB07AB1046,arjun.0035@paytm,Kochi Marine Drive,2026-07-03
FIR-2026-0368,"On 2026-07-03, complainant reported suspect Kabir Bansal near Mumbai Central. The suspect used phone +917000308841, vehicle GJ08AB1053, UPI kabir.0040@ybl, bank account number 510000139269, Aadhaar 2000 0030 8841, PAN CLNAI0040N, and contacted associate Deepak Bansal. Offences were recorded under IPC section 420.",Kabir Bansal|Deepak Bansal,+917000308841,GJ08AB1053,kabir.0040@ybl,Mumbai Central,2026-07-03
FIR-2026-0369,"On 2026-07-04, complainant reported suspect Nikhil Bansal near Pune Camp. The suspect used phone +917000348436, vehicle RJ09AB1060, UPI nikhil.0045@okicici, bank account number 510000157124, Aadhaar 2000 0034 8436, PAN CLNAI0045S, and contacted associate Kavya Bansal. Offences were recorded under IPC section 420.",Nikhil Bansal|Kavya Bansal,+917000348436,RJ09AB1060,nikhil.0045@okicici,Pune Camp,2026-07-04
FIR-2026-0370,"On 2026-07-04, complainant reported suspect Rajesh Bansal near Sector 17 Chandigarh. The suspect used phone +917000388031, vehicle KL10AB1067, UPI rajesh.0050@okaxis, bank account number 510000174979, Aadhaar 2000 0038 8031, PAN CLNAI0050X, and contacted associate Pooja Bansal. Offences were recorded under IPC section 420.",Rajesh Bansal|Pooja Bansal,+917000388031,KL10AB1067,rajesh.0050@okaxis,Sector 17 Chandigarh,2026-07-04
FIR-2026-0371,"On 2026-07-05, complainant reported suspect Sanjay Bansal near T Nagar Chennai. The suspect used phone +917000427626, vehicle DL11AB1074, UPI sanjay.0055@oksbi, bank account number 510000192834, Aadhaar 2000 0042 7626, PAN CLNAI0055C, and contacted associate Rakesh Bansal. Offences were recorded under IPC section 420.",Sanjay Bansal|Rakesh Bansal,+917000427626,DL11AB1074,sanjay.0055@oksbi,T Nagar Chennai,2026-07-05
FIR-2026-0372,"On 2026-07-05, complainant reported suspect Vikram Bansal near Vaishali Ghaziabad. The suspect used phone +917000467221, vehicle KA12AB1081, UPI vikram.0060@upi, bank account number 510000210689, Aadhaar 2000 0046 7221, PAN CLNAI0060H, and contacted associate Shreya Bansal. Offences were recorded under IPC section 420.",Vikram Bansal|Shreya Bansal,+917000467221,KA12AB1081,vikram.0060@upi,Vaishali Ghaziabad,2026-07-05
FIR-2026-0373,"On 2026-07-06, complainant reported suspect Arjun Chauhan near Bengaluru Central. The suspect used phone +917000506816, vehicle MH13AB1088, UPI arjun.0065@paytm, bank account number 510000228544, Aadhaar 2000 0050 6816, PAN CLNAI0065M, and contacted associate Aarav Chauhan. Offences were recorded under IPC section 420.",Arjun Chauhan|Aarav Chauhan,+917000506816,MH13AB1088,arjun.0065@paytm,Bengaluru Central,2026-07-06
FIR-2026-0374,"On 2026-07-06, complainant reported suspect Kabir Chauhan near Chandni Chowk Delhi. The suspect used phone +917000546411, vehicle TN14AB1095, UPI kabir.0070@ybl, bank account number 510000246399, Aadhaar 2000 0054 6411, PAN CLNAI0070R, and contacted associate Deepak Chauhan. Offences were recorded under IPC section 420.",Kabir Chauhan|Deepak Chauhan,+917000546411,TN14AB1095,kabir.0070@ybl,Chandni Chowk Delhi,2026-07-06
FIR-2026-0375,"On 2026-07-07, complainant reported suspect Nikhil Chauhan near Charminar Hyderabad. The suspect used phone +917000586006, vehicle TS15AB1102, UPI nikhil.0075@okicici, bank account number 510000264254, Aadhaar 2000 0058 6006, PAN CLNAI0075W, and contacted associate Kavya Chauhan. Offences were recorded under IPC section 420.",Nikhil Chauhan|Kavya Chauhan,+917000586006,TS15AB1102,nikhil.0075@okicici,Charminar Hyderabad,2026-07-07
FIR-2026-0376,"On 2026-07-07, complainant reported suspect Rajesh Chauhan near Gomti Nagar Lucknow. The suspect used phone +917000625601, vehicle UP16AB1109, UPI rajesh.0080@okaxis, bank account number 510000282109, Aadhaar 2000 0062 5601, PAN CLNAI0080B, and contacted associate Pooja Chauhan. Offences were recorded under IPC section 420.",Rajesh Chauhan|Pooja Chauhan,+917000625601,UP16AB1109,rajesh.0080@okaxis,Gomti Nagar Lucknow,2026-07-07
FIR-2026-0377,"On 2026-07-08, complainant reported suspect Sanjay Chauhan near Howrah Kolkata. The suspect used phone +917000665196, vehicle WB17AB1116, UPI sanjay.0085@oksbi, bank account number 510000299964, Aadhaar 2000 0066 5196, PAN CLNAI0085G, and contacted associate Rakesh Chauhan. Offences were recorded under IPC section 420.",Sanjay Chauhan|Rakesh Chauhan,+917000665196,WB17AB1116,sanjay.0085@oksbi,Howrah Kolkata,2026-07-08
FIR-2026-0378,"On 2026-07-08, complainant reported suspect Vikram Chauhan near Indiranagar Bengaluru. The suspect used phone +917000704791, vehicle GJ18AB1123, UPI vikram.0090@upi, bank account number 510000317819, Aadhaar 2000 0070 4791, PAN CLNAI0090L, and contacted associate Shreya Chauhan. Offences were recorded under IPC section 420.",Vikram Chauhan|Shreya Chauhan,+917000704791,GJ18AB1123,vikram.0090@upi,Indiranagar Bengaluru,2026-07-08
FIR-2026-0379,"On 2026-07-09, complainant reported suspect Arjun Das near Kochi Marine Drive. The suspect used phone +917000744386, vehicle RJ19AB1130, UPI arjun.0095@paytm, bank account number 510000335674, Aadhaar 2000 0074 4386, PAN CLNAI0095Q, and contacted associate Aarav Das. Offences were recorded under IPC section 420.",Arjun Das|Aarav Das,+917000744386,RJ19AB1130,arjun.0095@paytm,Kochi Marine Drive,2026-07-09
FIR-2026-0380,"On 2026-07-09, complainant reported suspect Kabir Das near Mumbai Central. The suspect used phone +917000783981, vehicle KL20AB1137, UPI kabir.0100@ybl, bank account number 510000353529, Aadhaar 2000 0078 3981, PAN CLNAI0100V, and contacted associate Deepak Das. Offences were recorded under IPC section 420.",Kabir Das|Deepak Das,+917000783981,KL20AB1137,kabir.0100@ybl,Mumbai Central,2026-07-09
FIR-2026-0381,"On 2026-07-10, complainant reported suspect Nikhil Das near Pune Camp. The suspect used phone +917000823576, vehicle DL21AB1144, UPI nikhil.0105@okicici, bank account number 510000371384, Aadhaar 2000 0082 3576, PAN CLNAI0105A, and contacted associate Kavya Das. Offences were recorded under IPC section 420.",Nikhil Das|Kavya Das,+917000823576,DL21AB1144,nikhil.0105@okicici,Pune Camp,2026-07-10
FIR-2026-0382,"On 2026-07-10, complainant reported suspect Rajesh Das near Sector 17 Chandigarh. The suspect used phone +917000863171, vehicle KA22AB1151, UPI rajesh.0110@okaxis, bank account number 510000389239, Aadhaar 2000 0086 3171, PAN CLNAI0110F, and contacted associate Pooja Das. Offences were recorded under IPC section 420.",Rajesh Das|Pooja Das,+917000863171,KA22AB1151,rajesh.0110@okaxis,Sector 17 Chandigarh,2026-07-10
FIR-2026-0383,"On 2026-07-11, complainant reported suspect Sanjay Das near T Nagar Chennai. The suspect used phone +917000902766, vehicle MH23AB1158, UPI sanjay.0115@oksbi, bank account number 510000407094, Aadhaar 2000 0090 2766, PAN CLNAI0115K, and contacted associate Rakesh Das. Offences were recorded under IPC section 420.",Sanjay Das|Rakesh Das,+917000902766,MH23AB1158,sanjay.0115@oksbi,T Nagar Chennai,2026-07-11
FIR-2026-0384,"On 2026-07-11, complainant reported suspect Vikram Das near Vaishali Ghaziabad. The suspect used phone +917000942361, vehicle TN24AB1165, UPI vikram.0120@upi, bank account number 510000424949, Aadhaar 2000 0094 2361, PAN CLNAI0120P, and contacted associate Shreya Das. Offences were recorded under IPC section 420.",Vikram Das|Shreya Das,+917000942361,TN24AB1165,vikram.0120@upi,Vaishali Ghaziabad,2026-07-11
FIR-2026-0385,"On 2026-07-12, complainant reported suspect Arjun Gupta near Bengaluru Central. The suspect used phone +917000981956, vehicle TS25AB1172, UPI arjun.0125@paytm, bank account number 510000442804, Aadhaar 2000 0098 1956, PAN CLNAI0125U, and contacted associate Aarav Gupta. Offences were recorded under IPC section 420.",Arjun Gupta|Aarav Gupta,+917000981956,TS25AB1172,arjun.0125@paytm,Bengaluru Central,2026-07-12
FIR-2026-0386,"On 2026-07-12, complainant reported suspect Kabir Gupta near Chandni Chowk Delhi. The suspect used phone +917001021551, vehicle UP26AB1179, UPI kabir.0130@ybl, bank account number 510000460659, Aadhaar 2000 0102 1551, PAN CLNAI0130Z, and contacted associate Deepak Gupta. Offences were recorded under IPC section 420.",Kabir Gupta|Deepak Gupta,+917001021551,UP26AB1179,kabir.0130@ybl,Chandni Chowk Delhi,2026-07-12
FIR-2026-0387,"On 2026-07-13, complainant reported suspect Nikhil Gupta near Charminar Hyderabad. The suspect used phone +917001061146, vehicle WB27AB1186, UPI nikhil.0135@okicici, bank account number 510000478514, Aadhaar 2000 0106 1146, PAN CLNAI0135E, and contacted associate Kavya Gupta. Offences were recorded under IPC section 420.",Nikhil Gupta|Kavya Gupta,+917001061146,WB27AB1186,nikhil.0135@okicici,Charminar Hyderabad,2026-07-13
FIR-2026-0388,"On 2026-07-13, complainant reported suspect Rajesh Gupta near Gomti Nagar Lucknow. The suspect used phone +917001100741, vehicle GJ28AB1193, UPI rajesh.0140@okaxis, bank account number 510000496369, Aadhaar 2000 0110 0741, PAN CLNAI0140J, and contacted associate Pooja Gupta. Offences were recorded under IPC section 420.",Rajesh Gupta|Pooja Gupta,+917001100741,GJ28AB1193,rajesh.0140@okaxis,Gomti Nagar Lucknow,2026-07-13
FIR-2026-0389,"On 2026-07-14, complainant reported suspect Sanjay Gupta near Howrah Kolkata. The suspect used phone +917001140336, vehicle RJ29AB1200, UPI sanjay.0145@oksbi, bank account number 510000514224, Aadhaar 2000 0114 0336, PAN CLNAI0145O, and contacted associate Rakesh Gupta. Offences were recorded under IPC section 420.",Sanjay Gupta|Rakesh Gupta,+917001140336,RJ29AB1200,sanjay.0145@oksbi,Howrah Kolkata,2026-07-14
FIR-2026-0390,"On 2026-07-14, complainant reported suspect Vikram Gupta near Indiranagar Bengaluru. The suspect used phone +917001179931, vehicle KL30AB1207, UPI vikram.0150@upi, bank account number 510000532079, Aadhaar 2000 0117 9931, PAN CLNAI0150T, and contacted associate Shreya Gupta. Offences were recorded under IPC section 420.",Vikram Gupta|Shreya Gupta,+917001179931,KL30AB1207,vikram.0150@upi,Indiranagar Bengaluru,2026-07-14
FIR-2026-0391,"On 2026-07-15, complainant reported suspect Arjun Iyer near Kochi Marine Drive. The suspect used phone +917001219526, vehicle DL31AB1214, UPI arjun.0155@paytm, bank account number 510000549934, Aadhaar 2000 0121 9526, PAN CLNAI0155Y, and contacted associate Aarav Iyer. Offences were recorded under IPC section 420.",Arjun Iyer|Aarav Iyer,+917001219526,DL31AB1214,arjun.0155@paytm,Kochi Marine Drive,2026-07-15
FIR-2026-0392,"On 2026-07-15, complainant reported suspect Kabir Iyer near Mumbai Central. The suspect used phone +917001259121, vehicle KA32AB1221, UPI kabir.0160@ybl, bank account number 510000567789, Aadhaar 2000 0125 9121, PAN CLNAI0160D, and contacted associate Deepak Iyer. Offences were recorded under IPC section 420.",Kabir Iyer|Deepak Iyer,+917001259121,KA32AB1221,kabir.0160@ybl,Mumbai Central,2026-07-15
FIR-2026-0393,"On 2026-07-16, complainant reported suspect Nikhil Iyer near Pune Camp. The suspect used phone +917001298716, vehicle MH33AB1228, UPI nikhil.0165@okicici, bank account number 510000585644, Aadhaar 2000 0129 8716, PAN CLNAI0165I, and contacted associate Kavya Iyer. Offences were recorded under IPC section 420.",Nikhil Iyer|Kavya Iyer,+917001298716,MH33AB1228,nikhil.0165@okicici,Pune Camp,2026-07-16
FIR-2026-0394,"On 2026-07-16, complainant reported suspect Rajesh Iyer near Sector 17 Chandigarh. The suspect used phone +917001338311, vehicle TN34AB1235, UPI rajesh.0170@okaxis, bank account number 510000603499, Aadhaar 2000 0133 8311, PAN CLNAI0170N, and contacted associate Pooja Iyer. Offences were recorded under IPC section 420.",Rajesh Iyer|Pooja Iyer,+917001338311,TN34AB1235,rajesh.0170@okaxis,Sector 17 Chandigarh,2026-07-16
FIR-2026-0395,"On 2026-07-17, complainant reported suspect Sanjay Iyer near T Nagar Chennai. The suspect used phone +917001377906, vehicle TS35AB1242, UPI sanjay.0175@oksbi, bank account number 510000621354, Aadhaar 2000 0137 7906, PAN CLNAI0175S, and contacted associate Rakesh Iyer. Offences were recorded under IPC section 420.",Sanjay Iyer|Rakesh Iyer,+917001377906,TS35AB1242,sanjay.0175@oksbi,T Nagar Chennai,2026-07-17
FIR-2026-0396,"On 2026-07-17, complainant reported suspect Vikram Iyer near Vaishali Ghaziabad. The suspect used phone +917001417501, vehicle UP01AB1249, UPI vikram.0180@upi, bank account number 510000639209, Aadhaar 2000 0141 7501, PAN CLNAI0180X, and contacted associate Shreya Iyer. Offences were recorded under IPC section 420.",Vikram Iyer|Shreya Iyer,+917001417501,UP01AB1249,vikram.0180@upi,Vaishali Ghaziabad,2026-07-17
FIR-2026-0397,"On 2026-07-18, complainant reported suspect Arjun Jain near Bengaluru Central. The suspect used phone +917001457096, vehicle WB02AB1256, UPI arjun.0185@paytm, bank account number 510000657064, Aadhaar 2000 0145 7096, PAN CLNAI0185C, and contacted associate Aarav Jain. Offences were recorded under IPC section 420.",Arjun Jain|Aarav Jain,+917001457096,WB02AB1256,arjun.0185@paytm,Bengaluru Central,2026-07-18
FIR-2026-0398,"On 2026-07-18, complainant reported suspect Kabir Jain near Chandni Chowk Delhi. The suspect used phone +917001496691, vehicle GJ03AB1263, UPI kabir.0190@ybl, bank account number 510000674919, Aadhaar 2000 0149 6691, PAN CLNAI0190H, and contacted associate Deepak Jain. Offences were recorded under IPC section 420.",Kabir Jain|Deepak Jain,+917001496691,GJ03AB1263,kabir.0190@ybl,Chandni Chowk Delhi,2026-07-18
FIR-2026-0399,"On 2026-07-19, complainant reported suspect Nikhil Jain near Charminar Hyderabad. The suspect used phone +917001536286, vehicle RJ04AB1270, UPI nikhil.0195@okicici, bank account number 510000692774, Aadhaar 2000 0153 6286, PAN CLNAI0195M, and contacted associate Kavya Jain. Offences were recorded under IPC section 420.",Nikhil Jain|Kavya Jain,+917001536286,RJ04AB1270,nikhil.0195@okicici,Charminar Hyderabad,2026-07-19
FIR-2026-0400,"On 2026-07-19, complainant reported suspect Rajesh Jain near Gomti Nagar Lucknow. The suspect used phone +917001575881, vehicle KL05AB1277, UPI rajesh.0200@okaxis, bank account number 510000710629, Aadhaar 2000 0157 5881, PAN CLNAI0200R, and contacted associate Pooja Jain. Offences were recorded under IPC section 420.",Rajesh Jain|Pooja Jain,+917001575881,KL05AB1277,rajesh.0200@okaxis,Gomti Nagar Lucknow,2026-07-19
FIR-2026-0401,"On 2026-07-20, complainant reported suspect Aarav Agarwal near Bengaluru Central. The suspect used phone +917000000000, vehicle DL01AB1000, UPI aarav.0001@oksbi, bank account number 510000000000, Aadhaar 2000 0000 0000, PAN CLNAI0001A, and contacted associate Aditi Agarwal. Offences were recorded under IPC section 420.",Aarav Agarwal|Aditi Agarwal,+917000000000,DL01AB1000,aarav.0001@oksbi,Bengaluru Central,2026-07-20
FIR-2026-0402,"On 2026-07-20, complainant reported suspect Deepak Agarwal near Chandni Chowk Delhi. The suspect used phone +917000039595, vehicle KA02AB1007, UPI deepak.0006@upi, bank account number 510000017855, Aadhaar 2000 0003 9595, PAN CLNAI0006F, and contacted associate Divya Agarwal. Offences were recorded under IPC section 420.",Deepak Agarwal|Divya Agarwal,+917000039595,KA02AB1007,deepak.0006@upi,Chandni Chowk Delhi,2026-07-20
FIR-2026-0403,"On 2026-07-21, complainant reported suspect Kavya Agarwal near Charminar Hyderabad. The suspect used phone +917000079190, vehicle MH03AB1014, UPI kavya.0011@paytm, bank account number 510000035710, Aadhaar 2000 0007 9190, PAN CLNAI0011K, and contacted associate Manoj Agarwal. Offences were recorded under IPC section 420.",Kavya Agarwal|Manoj Agarwal,+917000079190,MH03AB1014,kavya.0011@paytm,Charminar Hyderabad,2026-07-21
FIR-2026-0404,"On 2026-07-21, complainant reported suspect Pooja Agarwal near Gomti Nagar Lucknow. The suspect used phone +917000118785, vehicle TN04AB1021, UPI pooja.0016@ybl, bank account number 510000053565, Aadhaar 2000 0011 8785, PAN CLNAI0016P, and contacted associate Pranav Agarwal. Offences were recorded under IPC section 420.",Pooja Agarwal|Pranav Agarwal,+917000118785,TN04AB1021,pooja.0016@ybl,Gomti Nagar Lucknow,2026-07-21
FIR-2026-0405,"On 2026-07-22, complainant reported suspect Rakesh Agarwal near Howrah Kolkata. The suspect used phone +917000158380, vehicle TS05AB1028, UPI rakesh.0021@okicici, bank account number 510000071420, Aadhaar 2000 0015 8380, PAN CLNAI0021U, and contacted associate Riya Agarwal. Offences were recorded under IPC section 420.",Rakesh Agarwal|Riya Agarwal,+917000158380,TS05AB1028,rakesh.0021@okicici,Howrah Kolkata,2026-07-22
FIR-2026-0406,"On 2026-07-22, complainant reported suspect Shreya Agarwal near Indiranagar Bengaluru. The suspect used phone +917000197975, vehicle UP06AB1035, UPI shreya.0026@okaxis, bank account number 510000089275, Aadhaar 2000 0019 7975, PAN CLNAI0026Z, and contacted associate Suresh Agarwal. Offences were recorded under IPC section 420.",Shreya Agarwal|Suresh Agarwal,+917000197975,UP06AB1035,shreya.0026@okaxis,Indiranagar Bengaluru,2026-07-22
FIR-2026-0407,"On 2026-07-23, complainant reported suspect Aarav Bansal near Kochi Marine Drive. The suspect used phone +917000237570, vehicle WB07AB1042, UPI aarav.0031@oksbi, bank account number 510000107130, Aadhaar 2000 0023 7570, PAN CLNAI0031E, and contacted associate Aditi Bansal. Offences were recorded under IPC section 420.",Aarav Bansal|Aditi Bansal,+917000237570,WB07AB1042,aarav.0031@oksbi,Kochi Marine Drive,2026-07-23
FIR-2026-0408,"On 2026-07-23, complainant reported suspect Deepak Bansal near Mumbai Central. The suspect used phone +917000277165, vehicle GJ08AB1049, UPI deepak.0036@upi, bank account number 510000124985, Aadhaar 2000 0027 7165, PAN CLNAI0036J, and contacted associate Divya Bansal. Offences were recorded under IPC section 420.",Deepak Bansal|Divya Bansal,+917000277165,GJ08AB1049,deepak.0036@upi,Mumbai Central,2026-07-23
FIR-2026-0409,"On 2026-07-24, complainant reported suspect Kavya Bansal near Pune Camp. The suspect used phone +917000316760, vehicle RJ09AB1056, UPI kavya.0041@paytm, bank account number 510000142840, Aadhaar 2000 0031 6760, PAN CLNAI0041O, and contacted associate Manoj Bansal. Offences were recorded under IPC section 420.",Kavya Bansal|Manoj Bansal,+917000316760,RJ09AB1056,kavya.0041@paytm,Pune Camp,2026-07-24
FIR-2026-0410,"On 2026-07-24, complainant reported suspect Pooja Bansal near Sector 17 Chandigarh. The suspect used phone +917000356355, vehicle KL10AB1063, UPI pooja.0046@ybl, bank account number 510000160695, Aadhaar 2000 0035 6355, PAN CLNAI0046T, and contacted associate Pranav Bansal. Offences were recorded under IPC section 420.",Pooja Bansal|Pranav Bansal,+917000356355,KL10AB1063,pooja.0046@ybl,Sector 17 Chandigarh,2026-07-24
FIR-2026-0411,"On 2026-07-25, complainant reported suspect Rakesh Bansal near T Nagar Chennai. The suspect used phone +917000395950, vehicle DL11AB1070, UPI rakesh.0051@okicici, bank account number 510000178550, Aadhaar 2000 0039 5950, PAN CLNAI0051Y, and contacted associate Riya Bansal. Offences were recorded under IPC section 420.",Rakesh Bansal|Riya Bansal,+917000395950,DL11AB1070,rakesh.0051@okicici,T Nagar Chennai,2026-07-25
FIR-2026-0412,"On 2026-07-25, complainant reported suspect Shreya Bansal near Vaishali Ghaziabad. The suspect used phone +917000435545, vehicle KA12AB1077, UPI shreya.0056@okaxis, bank account number 510000196405, Aadhaar 2000 0043 5545, PAN CLNAI0056D, and contacted associate Suresh Bansal. Offences were recorded under IPC section 420.",Shreya Bansal|Suresh Bansal,+917000435545,KA12AB1077,shreya.0056@okaxis,Vaishali Ghaziabad,2026-07-25
FIR-2026-0413,"On 2026-07-26, complainant reported suspect Aarav Chauhan near Bengaluru Central. The suspect used phone +917000475140, vehicle MH13AB1084, UPI aarav.0061@oksbi, bank account number 510000214260, Aadhaar 2000 0047 5140, PAN CLNAI0061I, and contacted associate Aditi Chauhan. Offences were recorded under IPC section 420.",Aarav Chauhan|Aditi Chauhan,+917000475140,MH13AB1084,aarav.0061@oksbi,Bengaluru Central,2026-07-26
FIR-2026-0414,"On 2026-07-26, complainant reported suspect Deepak Chauhan near Chandni Chowk Delhi. The suspect used phone +917000514735, vehicle TN14AB1091, UPI deepak.0066@upi, bank account number 510000232115, Aadhaar 2000 0051 4735, PAN CLNAI0066N, and contacted associate Divya Chauhan. Offences were recorded under IPC section 420.",Deepak Chauhan|Divya Chauhan,+917000514735,TN14AB1091,deepak.0066@upi,Chandni Chowk Delhi,2026-07-26
FIR-2026-0415,"On 2026-07-27, complainant reported suspect Kavya Chauhan near Charminar Hyderabad. The suspect used phone +917000554330, vehicle TS15AB1098, UPI kavya.0071@paytm, bank account number 510000249970, Aadhaar 2000 0055 4330, PAN CLNAI0071S, and contacted associate Manoj Chauhan. Offences were recorded under IPC section 420.",Kavya Chauhan|Manoj Chauhan,+917000554330,TS15AB1098,kavya.0071@paytm,Charminar Hyderabad,2026-07-27
FIR-2026-0416,"On 2026-07-27, complainant reported suspect Pooja Chauhan near Gomti Nagar Lucknow. The suspect used phone +917000593925, vehicle UP16AB1105, UPI pooja.0076@ybl, bank account number 510000267825, Aadhaar 2000 0059 3925, PAN CLNAI0076X, and contacted associate Pranav Chauhan. Offences were recorded under IPC section 420.",Pooja Chauhan|Pranav Chauhan,+917000593925,UP16AB1105,pooja.0076@ybl,Gomti Nagar Lucknow,2026-07-27
FIR-2026-0417,"On 2026-07-28, complainant reported suspect Rakesh Chauhan near Howrah Kolkata. The suspect used phone +917000633520, vehicle WB17AB1112, UPI rakesh.0081@okicici, bank account number 510000285680, Aadhaar 2000 0063 3520, PAN CLNAI0081C, and contacted associate Riya Chauhan. Offences were recorded under IPC section 420.",Rakesh Chauhan|Riya Chauhan,+917000633520,WB17AB1112,rakesh.0081@okicici,Howrah Kolkata,2026-07-28
FIR-2026-0418,"On 2026-07-28, complainant reported suspect Shreya Chauhan near Indiranagar Bengaluru. The suspect used phone +917000673115, vehicle GJ18AB1119, UPI shreya.0086@okaxis, bank account number 510000303535, Aadhaar 2000 0067 3115, PAN CLNAI0086H, and contacted associate Suresh Chauhan. Offences were recorded under IPC section 420.",Shreya Chauhan|Suresh Chauhan,+917000673115,GJ18AB1119,shreya.0086@okaxis,Indiranagar Bengaluru,2026-07-28
FIR-2026-0419,"On 2026-07-29, complainant reported suspect Aarav Das near Kochi Marine Drive. The suspect used phone +917000712710, vehicle RJ19AB1126, UPI aarav.0091@oksbi, bank account number 510000321390, Aadhaar 2000 0071 2710, PAN CLNAI0091M, and contacted associate Aditi Das. Offences were recorded under IPC section 420.",Aarav Das|Aditi Das,+917000712710,RJ19AB1126,aarav.0091@oksbi,Kochi Marine Drive,2026-07-29
FIR-2026-0420,"On 2026-07-29, complainant reported suspect Deepak Das near Mumbai Central. The suspect used phone +917000752305, vehicle KL20AB1133, UPI deepak.0096@upi, bank account number 510000339245, Aadhaar 2000 0075 2305, PAN CLNAI0096R, and contacted associate Divya Das. Offences were recorded under IPC section 420.",Deepak Das|Divya Das,+917000752305,KL20AB1133,deepak.0096@upi,Mumbai Central,2026-07-29
FIR-2026-0421,"On 2026-07-30, complainant reported suspect Kavya Das near Pune Camp. The suspect used phone +917000791900, vehicle DL21AB1140, UPI kavya.0101@paytm, bank account number 510000357100, Aadhaar 2000 0079 1900, PAN CLNAI0101W, and contacted associate Manoj Das. Offences were recorded under IPC section 420.",Kavya Das|Manoj Das,+917000791900,DL21AB1140,kavya.0101@paytm,Pune Camp,2026-07-30
FIR-2026-0422,"On 2026-07-30, complainant reported suspect Pooja Das near Sector 17 Chandigarh. The suspect used phone +917000831495, vehicle KA22AB1147, UPI pooja.0106@ybl, bank account number 510000374955, Aadhaar 2000 0083 1495, PAN CLNAI0106B, and contacted associate Pranav Das. Offences were recorded under IPC section 420.",Pooja Das|Pranav Das,+917000831495,KA22AB1147,pooja.0106@ybl,Sector 17 Chandigarh,2026-07-30
FIR-2026-0423,"On 2026-07-31, complainant reported suspect Rakesh Das near T Nagar Chennai. The suspect used phone +917000871090, vehicle MH23AB1154, UPI rakesh.0111@okicici, bank account number 510000392810, Aadhaar 2000 0087 1090, PAN CLNAI0111G, and contacted associate Riya Das. Offences were recorded under IPC section 420.",Rakesh Das|Riya Das,+917000871090,MH23AB1154,rakesh.0111@okicici,T Nagar Chennai,2026-07-31
FIR-2026-0424,"On 2026-07-31, complainant reported suspect Shreya Das near Vaishali Ghaziabad. The suspect used phone +917000910685, vehicle TN24AB1161, UPI shreya.0116@okaxis, bank account number 510000410665, Aadhaar 2000 0091 0685, PAN CLNAI0116L, and contacted associate Suresh Das. Offences were recorded under IPC section 420.",Shreya Das|Suresh Das,+917000910685,TN24AB1161,shreya.0116@okaxis,Vaishali Ghaziabad,2026-07-31
FIR-2026-0425,"On 2026-08-01, complainant reported suspect Aarav Gupta near Bengaluru Central. The suspect used phone +917000950280, vehicle TS25AB1168, UPI aarav.0121@oksbi, bank account number 510000428520, Aadhaar 2000 0095 0280, PAN CLNAI0121Q, and contacted associate Aditi Gupta. Offences were recorded under IPC section 420.",Aarav Gupta|Aditi Gupta,+917000950280,TS25AB1168,aarav.0121@oksbi,Bengaluru Central,2026-08-01
FIR-2026-0426,"On 2026-08-01, complainant reported suspect Deepak Gupta near Chandni Chowk Delhi. The suspect used phone +917000989875, vehicle UP26AB1175, UPI deepak.0126@upi, bank account number 510000446375, Aadhaar 2000 0098 9875, PAN CLNAI0126V, and contacted associate Divya Gupta. Offences were recorded under IPC section 420.",Deepak Gupta|Divya Gupta,+917000989875,UP26AB1175,deepak.0126@upi,Chandni Chowk Delhi,2026-08-01
FIR-2026-0427,"On 2026-08-02, complainant reported suspect Kavya Gupta near Charminar Hyderabad. The suspect used phone +917001029470, vehicle WB27AB1182, UPI kavya.0131@paytm, bank account number 510000464230, Aadhaar 2000 0102 9470, PAN CLNAI0131A, and contacted associate Manoj Gupta. Offences were recorded under IPC section 420.",Kavya Gupta|Manoj Gupta,+917001029470,WB27AB1182,kavya.0131@paytm,Charminar Hyderabad,2026-08-02
FIR-2026-0428,"On 2026-08-02, complainant reported suspect Pooja Gupta near Gomti Nagar Lucknow. The suspect used phone +917001069065, vehicle GJ28AB1189, UPI pooja.0136@ybl, bank account number 510000482085, Aadhaar 2000 0106 9065, PAN CLNAI0136F, and contacted associate Pranav Gupta. Offences were recorded under IPC section 420.",Pooja Gupta|Pranav Gupta,+917001069065,GJ28AB1189,pooja.0136@ybl,Gomti Nagar Lucknow,2026-08-02
FIR-2026-0429,"On 2026-08-03, complainant reported suspect Rakesh Gupta near Howrah Kolkata. The suspect used phone +917001108660, vehicle RJ29AB1196, UPI rakesh.0141@okicici, bank account number 510000499940, Aadhaar 2000 0110 8660, PAN CLNAI0141K, and contacted associate Riya Gupta. Offences were recorded under IPC section 420.",Rakesh Gupta|Riya Gupta,+917001108660,RJ29AB1196,rakesh.0141@okicici,Howrah Kolkata,2026-08-03
FIR-2026-0430,"On 2026-08-03, complainant reported suspect Shreya Gupta near Indiranagar Bengaluru. The suspect used phone +917001148255, vehicle KL30AB1203, UPI shreya.0146@okaxis, bank account number 510000517795, Aadhaar 2000 0114 8255, PAN CLNAI0146P, and contacted associate Suresh Gupta. Offences were recorded under IPC section 420.",Shreya Gupta|Suresh Gupta,+917001148255,KL30AB1203,shreya.0146@okaxis,Indiranagar Bengaluru,2026-08-03
FIR-2026-0431,"On 2026-08-04, complainant reported suspect Aarav Iyer near Kochi Marine Drive. The suspect used phone +917001187850, vehicle DL31AB1210, UPI aarav.0151@oksbi, bank account number 510000535650, Aadhaar 2000 0118 7850, PAN CLNAI0151U, and contacted associate Aditi Iyer. Offences were recorded under IPC section 420.",Aarav Iyer|Aditi Iyer,+917001187850,DL31AB1210,aarav.0151@oksbi,Kochi Marine Drive,2026-08-04
FIR-2026-0432,"On 2026-08-04, complainant reported suspect Deepak Iyer near Mumbai Central. The suspect used phone +917001227445, vehicle KA32AB1217, UPI deepak.0156@upi, bank account number 510000553505, Aadhaar 2000 0122 7445, PAN CLNAI0156Z, and contacted associate Divya Iyer. Offences were recorded under IPC section 420.",Deepak Iyer|Divya Iyer,+917001227445,KA32AB1217,deepak.0156@upi,Mumbai Central,2026-08-04
FIR-2026-0433,"On 2026-08-05, complainant reported suspect Kavya Iyer near Pune Camp. The suspect used phone +917001267040, vehicle MH33AB1224, UPI kavya.0161@paytm, bank account number 510000571360, Aadhaar 2000 0126 7040, PAN CLNAI0161E, and contacted associate Manoj Iyer. Offences were recorded under IPC section 420.",Kavya Iyer|Manoj Iyer,+917001267040,MH33AB1224,kavya.0161@paytm,Pune Camp,2026-08-05
FIR-2026-0434,"On 2026-08-05, complainant reported suspect Pooja Iyer near Sector 17 Chandigarh. The suspect used phone +917001306635, vehicle TN34AB1231, UPI pooja.0166@ybl, bank account number 510000589215, Aadhaar 2000 0130 6635, PAN CLNAI0166J, and contacted associate Pranav Iyer. Offences were recorded under IPC section 420.",Pooja Iyer|Pranav Iyer,+917001306635,TN34AB1231,pooja.0166@ybl,Sector 17 Chandigarh,2026-08-05
FIR-2026-0435,"On 2026-08-06, complainant reported suspect Rakesh Iyer near T Nagar Chennai. The suspect used phone +917001346230, vehicle TS35AB1238, UPI rakesh.0171@okicici, bank account number 510000607070, Aadhaar 2000 0134 6230, PAN CLNAI0171O, and contacted associate Riya Iyer. Offences were recorded under IPC section 420.",Rakesh Iyer|Riya Iyer,+917001346230,TS35AB1238,rakesh.0171@okicici,T Nagar Chennai,2026-08-06
FIR-2026-0436,"On 2026-08-06, complainant reported suspect Shreya Iyer near Vaishali Ghaziabad. The suspect used phone +917001385825, vehicle UP01AB1245, UPI shreya.0176@okaxis, bank account number 510000624925, Aadhaar 2000 0138 5825, PAN CLNAI0176T, and contacted associate Suresh Iyer. Offences were recorded under IPC section 420.",Shreya Iyer|Suresh Iyer,+917001385825,UP01AB1245,shreya.0176@okaxis,Vaishali Ghaziabad,2026-08-06
FIR-2026-0437,"On 2026-08-07, complainant reported suspect Aarav Jain near Bengaluru Central. The suspect used phone +917001425420, vehicle WB02AB1252, UPI aarav.0181@oksbi, bank account number 510000642780, Aadhaar 2000 0142 5420, PAN CLNAI0181Y, and contacted associate Aditi Jain. Offences were recorded under IPC section 420.",Aarav Jain|Aditi Jain,+917001425420,WB02AB1252,aarav.0181@oksbi,Bengaluru Central,2026-08-07
FIR-2026-0438,"On 2026-08-07, complainant reported suspect Deepak Jain near Chandni Chowk Delhi. The suspect used phone +917001465015, vehicle GJ03AB1259, UPI deepak.0186@upi, bank account number 510000660635, Aadhaar 2000 0146 5015, PAN CLNAI0186D, and contacted associate Divya Jain. Offences were recorded under IPC section 420.",Deepak Jain|Divya Jain,+917001465015,GJ03AB1259,deepak.0186@upi,Chandni Chowk Delhi,2026-08-07
FIR-2026-0439,"On 2026-08-08, complainant reported suspect Kavya Jain near Charminar Hyderabad. The suspect used phone +917001504610, vehicle RJ04AB1266, UPI kavya.0191@paytm, bank account number 510000678490, Aadhaar 2000 0150 4610, PAN CLNAI0191I, and contacted associate Manoj Jain. Offences were recorded under IPC section 420.",Kavya Jain|Manoj Jain,+917001504610,RJ04AB1266,kavya.0191@paytm,Charminar Hyderabad,2026-08-08
FIR-2026-0440,"On 2026-08-08, complainant reported suspect Pooja Jain near Gomti Nagar Lucknow. The suspect used phone +917001544205, vehicle KL05AB1273, UPI pooja.0196@ybl, bank account number 510000696345, Aadhaar 2000 0154 4205, PAN CLNAI0196N, and contacted associate Pranav Jain. Offences were recorded under IPC section 420.",Pooja Jain|Pranav Jain,+917001544205,KL05AB1273,pooja.0196@ybl,Gomti Nagar Lucknow,2026-08-08
FIR-2026-0441,"On 2026-08-09, complainant reported suspect Aditi Agarwal near Bengaluru Central. The suspect used phone +917000007919, vehicle DL01AB1001, UPI aditi.0002@okaxis, bank account number 510000003571, Aadhaar 2000 0000 7919, PAN CLNAI0002B, and contacted associate Akash Agarwal. Offences were recorded under IPC section 420.",Aditi Agarwal|Akash Agarwal,+917000007919,DL01AB1001,aditi.0002@okaxis,Bengaluru Central,2026-08-09
FIR-2026-0442,"On 2026-08-09, complainant reported suspect Divya Agarwal near Chandni Chowk Delhi. The suspect used phone +917000047514, vehicle KA02AB1008, UPI divya.0007@oksbi, bank account number 510000021426, Aadhaar 2000 0004 7514, PAN CLNAI0007G, and contacted associate Farhan Agarwal. Offences were recorded under IPC section 420.",Divya Agarwal|Farhan Agarwal,+917000047514,KA02AB1008,divya.0007@oksbi,Chandni Chowk Delhi,2026-08-09
FIR-2026-0443,"On 2026-08-10, complainant reported suspect Manoj Agarwal near Charminar Hyderabad. The suspect used phone +917000087109, vehicle MH03AB1015, UPI manoj.0012@upi, bank account number 510000039281, Aadhaar 2000 0008 7109, PAN CLNAI0012L, and contacted associate Meera Agarwal. Offences were recorded under IPC section 420.",Manoj Agarwal|Meera Agarwal,+917000087109,MH03AB1015,manoj.0012@upi,Charminar Hyderabad,2026-08-10
FIR-2026-0444,"On 2026-08-10, complainant reported suspect Pranav Agarwal near Gomti Nagar Lucknow. The suspect used phone +917000126704, vehicle TN04AB1022, UPI pranav.0017@paytm, bank account number 510000057136, Aadhaar 2000 0012 6704, PAN CLNAI0017Q, and contacted associate Priya Agarwal. Offences were recorded under IPC section 420.",Pranav Agarwal|Priya Agarwal,+917000126704,TN04AB1022,pranav.0017@paytm,Gomti Nagar Lucknow,2026-08-10
FIR-2026-0445,"On 2026-08-11, complainant reported suspect Riya Agarwal near Howrah Kolkata. The suspect used phone +917000166299, vehicle TS05AB1029, UPI riya.0022@ybl, bank account number 510000074991, Aadhaar 2000 0016 6299, PAN CLNAI0022V, and contacted associate Rohan Agarwal. Offences were recorded under IPC section 420.",Riya Agarwal|Rohan Agarwal,+917000166299,TS05AB1029,riya.0022@ybl,Howrah Kolkata,2026-08-11
FIR-2026-0446,"On 2026-08-11, complainant reported suspect Suresh Agarwal near Indiranagar Bengaluru. The suspect used phone +917000205894, vehicle UP06AB1036, UPI suresh.0027@okicici, bank account number 510000092846, Aadhaar 2000 0020 5894, PAN CLNAI0027A, and contacted associate Tanvi Agarwal. Offences were recorded under IPC section 420.",Suresh Agarwal|Tanvi Agarwal,+917000205894,UP06AB1036,suresh.0027@okicici,Indiranagar Bengaluru,2026-08-11
FIR-2026-0447,"On 2026-08-12, complainant reported suspect Aditi Bansal near Kochi Marine Drive. The suspect used phone +917000245489, vehicle WB07AB1043, UPI aditi.0032@okaxis, bank account number 510000110701, Aadhaar 2000 0024 5489, PAN CLNAI0032F, and contacted associate Akash Bansal. Offences were recorded under IPC section 420.",Aditi Bansal|Akash Bansal,+917000245489,WB07AB1043,aditi.0032@okaxis,Kochi Marine Drive,2026-08-12
FIR-2026-0448,"On 2026-08-12, complainant reported suspect Divya Bansal near Mumbai Central. The suspect used phone +917000285084, vehicle GJ08AB1050, UPI divya.0037@oksbi, bank account number 510000128556, Aadhaar 2000 0028 5084, PAN CLNAI0037K, and contacted associate Farhan Bansal. Offences were recorded under IPC section 420.",Divya Bansal|Farhan Bansal,+917000285084,GJ08AB1050,divya.0037@oksbi,Mumbai Central,2026-08-12
FIR-2026-0449,"On 2026-08-13, complainant reported suspect Manoj Bansal near Pune Camp. The suspect used phone +917000324679, vehicle RJ09AB1057, UPI manoj.0042@upi, bank account number 510000146411, Aadhaar 2000 0032 4679, PAN CLNAI0042P, and contacted associate Meera Bansal. Offences were recorded under IPC section 420.",Manoj Bansal|Meera Bansal,+917000324679,RJ09AB1057,manoj.0042@upi,Pune Camp,2026-08-13
FIR-2026-0450,"On 2026-08-13, complainant reported suspect Pranav Bansal near Sector 17 Chandigarh. The suspect used phone +917000364274, vehicle KL10AB1064, UPI pranav.0047@paytm, bank account number 510000164266, Aadhaar 2000 0036 4274, PAN CLNAI0047U, and contacted associate Priya Bansal. Offences were recorded under IPC section 420.",Pranav Bansal|Priya Bansal,+917000364274,KL10AB1064,pranav.0047@paytm,Sector 17 Chandigarh,2026-08-13
FIR-2026-0451,"On 2026-08-14, complainant reported suspect Riya Bansal near T Nagar Chennai. The suspect used phone +917000403869, vehicle DL11AB1071, UPI riya.0052@ybl, bank account number 510000182121, Aadhaar 2000 0040 3869, PAN CLNAI0052Z, and contacted associate Rohan Bansal. Offences were recorded under IPC section 420.",Riya Bansal|Rohan Bansal,+917000403869,DL11AB1071,riya.0052@ybl,T Nagar Chennai,2026-08-14
FIR-2026-0452,"On 2026-08-14, complainant reported suspect Suresh Bansal near Vaishali Ghaziabad. The suspect used phone +917000443464, vehicle KA12AB1078, UPI suresh.0057@okicici, bank account number 510000199976, Aadhaar 2000 0044 3464, PAN CLNAI0057E, and contacted associate Tanvi Bansal. Offences were recorded under IPC section 420.",Suresh Bansal|Tanvi Bansal,+917000443464,KA12AB1078,suresh.0057@okicici,Vaishali Ghaziabad,2026-08-14
FIR-2026-0453,"On 2026-08-15, complainant reported suspect Aditi Chauhan near Bengaluru Central. The suspect used phone +917000483059, vehicle MH13AB1085, UPI aditi.0062@okaxis, bank account number 510000217831, Aadhaar 2000 0048 3059, PAN CLNAI0062J, and contacted associate Akash Chauhan. Offences were recorded under IPC section 420.",Aditi Chauhan|Akash Chauhan,+917000483059,MH13AB1085,aditi.0062@okaxis,Bengaluru Central,2026-08-15
FIR-2026-0454,"On 2026-08-15, complainant reported suspect Divya Chauhan near Chandni Chowk Delhi. The suspect used phone +917000522654, vehicle TN14AB1092, UPI divya.0067@oksbi, bank account number 510000235686, Aadhaar 2000 0052 2654, PAN CLNAI0067O, and contacted associate Farhan Chauhan. Offences were recorded under IPC section 420.",Divya Chauhan|Farhan Chauhan,+917000522654,TN14AB1092,divya.0067@oksbi,Chandni Chowk Delhi,2026-08-15
FIR-2026-0455,"On 2026-08-16, complainant reported suspect Manoj Chauhan near Charminar Hyderabad. The suspect used phone +917000562249, vehicle TS15AB1099, UPI manoj.0072@upi, bank account number 510000253541, Aadhaar 2000 0056 2249, PAN CLNAI0072T, and contacted associate Meera Chauhan. Offences were recorded under IPC section 420.",Manoj Chauhan|Meera Chauhan,+917000562249,TS15AB1099,manoj.0072@upi,Charminar Hyderabad,2026-08-16
FIR-2026-0456,"On 2026-08-16, complainant reported suspect Pranav Chauhan near Gomti Nagar Lucknow. The suspect used phone +917000601844, vehicle UP16AB1106, UPI pranav.0077@paytm, bank account number 510000271396, Aadhaar 2000 0060 1844, PAN CLNAI0077Y, and contacted associate Priya Chauhan. Offences were recorded under IPC section 420.",Pranav Chauhan|Priya Chauhan,+917000601844,UP16AB1106,pranav.0077@paytm,Gomti Nagar Lucknow,2026-08-16
FIR-2026-0457,"On 2026-08-17, complainant reported suspect Riya Chauhan near Howrah Kolkata. The suspect used phone +917000641439, vehicle WB17AB1113, UPI riya.0082@ybl, bank account number 510000289251, Aadhaar 2000 0064 1439, PAN CLNAI0082D, and contacted associate Rohan Chauhan. Offences were recorded under IPC section 420.",Riya Chauhan|Rohan Chauhan,+917000641439,WB17AB1113,riya.0082@ybl,Howrah Kolkata,2026-08-17
FIR-2026-0458,"On 2026-08-17, complainant reported suspect Suresh Chauhan near Indiranagar Bengaluru. The suspect used phone +917000681034, vehicle GJ18AB1120, UPI suresh.0087@okicici, bank account number 510000307106, Aadhaar 2000 0068 1034, PAN CLNAI0087I, and contacted associate Tanvi Chauhan. Offences were recorded under IPC section 420.",Suresh Chauhan|Tanvi Chauhan,+917000681034,GJ18AB1120,suresh.0087@okicici,Indiranagar Bengaluru,2026-08-17
FIR-2026-0459,"On 2026-08-18, complainant reported suspect Aditi Das near Kochi Marine Drive. The suspect used phone +917000720629, vehicle RJ19AB1127, UPI aditi.0092@okaxis, bank account number 510000324961, Aadhaar 2000 0072 0629, PAN CLNAI0092N, and contacted associate Akash Das. Offences were recorded under IPC section 420.",Aditi Das|Akash Das,+917000720629,RJ19AB1127,aditi.0092@okaxis,Kochi Marine Drive,2026-08-18
FIR-2026-0460,"On 2026-08-18, complainant reported suspect Divya Das near Mumbai Central. The suspect used phone +917000760224, vehicle KL20AB1134, UPI divya.0097@oksbi, bank account number 510000342816, Aadhaar 2000 0076 0224, PAN CLNAI0097S, and contacted associate Farhan Das. Offences were recorded under IPC section 420.",Divya Das|Farhan Das,+917000760224,KL20AB1134,divya.0097@oksbi,Mumbai Central,2026-08-18
FIR-2026-0461,"On 2026-08-19, complainant reported suspect Manoj Das near Pune Camp. The suspect used phone +917000799819, vehicle DL21AB1141, UPI manoj.0102@upi, bank account number 510000360671, Aadhaar 2000 0079 9819, PAN CLNAI0102X, and contacted associate Meera Das. Offences were recorded under IPC section 420.",Manoj Das|Meera Das,+917000799819,DL21AB1141,manoj.0102@upi,Pune Camp,2026-08-19
FIR-2026-0462,"On 2026-08-19, complainant reported suspect Pranav Das near Sector 17 Chandigarh. The suspect used phone +917000839414, vehicle KA22AB1148, UPI pranav.0107@paytm, bank account number 510000378526, Aadhaar 2000 0083 9414, PAN CLNAI0107C, and contacted associate Priya Das. Offences were recorded under IPC section 420.",Pranav Das|Priya Das,+917000839414,KA22AB1148,pranav.0107@paytm,Sector 17 Chandigarh,2026-08-19
FIR-2026-0463,"On 2026-08-20, complainant reported suspect Riya Das near T Nagar Chennai. The suspect used phone +917000879009, vehicle MH23AB1155, UPI riya.0112@ybl, bank account number 510000396381, Aadhaar 2000 0087 9009, PAN CLNAI0112H, and contacted associate Rohan Das. Offences were recorded under IPC section 420.",Riya Das|Rohan Das,+917000879009,MH23AB1155,riya.0112@ybl,T Nagar Chennai,2026-08-20
FIR-2026-0464,"On 2026-08-20, complainant reported suspect Suresh Das near Vaishali Ghaziabad. The suspect used phone +917000918604, vehicle TN24AB1162, UPI suresh.0117@okicici, bank account number 510000414236, Aadhaar 2000 0091 8604, PAN CLNAI0117M, and contacted associate Tanvi Das. Offences were recorded under IPC section 420.",Suresh Das|Tanvi Das,+917000918604,TN24AB1162,suresh.0117@okicici,Vaishali Ghaziabad,2026-08-20
FIR-2026-0465,"On 2026-08-21, complainant reported suspect Aditi Gupta near Bengaluru Central. The suspect used phone +917000958199, vehicle TS25AB1169, UPI aditi.0122@okaxis, bank account number 510000432091, Aadhaar 2000 0095 8199, PAN CLNAI0122R, and contacted associate Akash Gupta. Offences were recorded under IPC section 420.",Aditi Gupta|Akash Gupta,+917000958199,TS25AB1169,aditi.0122@okaxis,Bengaluru Central,2026-08-21
FIR-2026-0466,"On 2026-08-21, complainant reported suspect Divya Gupta near Chandni Chowk Delhi. The suspect used phone +917000997794, vehicle UP26AB1176, UPI divya.0127@oksbi, bank account number 510000449946, Aadhaar 2000 0099 7794, PAN CLNAI0127W, and contacted associate Farhan Gupta. Offences were recorded under IPC section 420.",Divya Gupta|Farhan Gupta,+917000997794,UP26AB1176,divya.0127@oksbi,Chandni Chowk Delhi,2026-08-21
FIR-2026-0467,"On 2026-08-22, complainant reported suspect Manoj Gupta near Charminar Hyderabad. The suspect used phone +917001037389, vehicle WB27AB1183, UPI manoj.0132@upi, bank account number 510000467801, Aadhaar 2000 0103 7389, PAN CLNAI0132B, and contacted associate Meera Gupta. Offences were recorded under IPC section 420.",Manoj Gupta|Meera Gupta,+917001037389,WB27AB1183,manoj.0132@upi,Charminar Hyderabad,2026-08-22
FIR-2026-0468,"On 2026-08-22, complainant reported suspect Pranav Gupta near Gomti Nagar Lucknow. The suspect used phone +917001076984, vehicle GJ28AB1190, UPI pranav.0137@paytm, bank account number 510000485656, Aadhaar 2000 0107 6984, PAN CLNAI0137G, and contacted associate Priya Gupta. Offences were recorded under IPC section 420.",Pranav Gupta|Priya Gupta,+917001076984,GJ28AB1190,pranav.0137@paytm,Gomti Nagar Lucknow,2026-08-22
FIR-2026-0469,"On 2026-08-23, complainant reported suspect Riya Gupta near Howrah Kolkata. The suspect used phone +917001116579, vehicle RJ29AB1197, UPI riya.0142@ybl, bank account number 510000503511, Aadhaar 2000 0111 6579, PAN CLNAI0142L, and contacted associate Rohan Gupta. Offences were recorded under IPC section 420.",Riya Gupta|Rohan Gupta,+917001116579,RJ29AB1197,riya.0142@ybl,Howrah Kolkata,2026-08-23
FIR-2026-0470,"On 2026-08-23, complainant reported suspect Suresh Gupta near Indiranagar Bengaluru. The suspect used phone +917001156174, vehicle KL30AB1204, UPI suresh.0147@okicici, bank account number 510000521366, Aadhaar 2000 0115 6174, PAN CLNAI0147Q, and contacted associate Tanvi Gupta. Offences were recorded under IPC section 420.",Suresh Gupta|Tanvi Gupta,+917001156174,KL30AB1204,suresh.0147@okicici,Indiranagar Bengaluru,2026-08-23
FIR-2026-0471,"On 2026-08-24, complainant reported suspect Aditi Iyer near Kochi Marine Drive. The suspect used phone +917001195769, vehicle DL31AB1211, UPI aditi.0152@okaxis, bank account number 510000539221, Aadhaar 2000 0119 5769, PAN CLNAI0152V, and contacted associate Akash Iyer. Offences were recorded under IPC section 420.",Aditi Iyer|Akash Iyer,+917001195769,DL31AB1211,aditi.0152@okaxis,Kochi Marine Drive,2026-08-24
FIR-2026-0472,"On 2026-08-24, complainant reported suspect Divya Iyer near Mumbai Central. The suspect used phone +917001235364, vehicle KA32AB1218, UPI divya.0157@oksbi, bank account number 510000557076, Aadhaar 2000 0123 5364, PAN CLNAI0157A, and contacted associate Farhan Iyer. Offences were recorded under IPC section 420.",Divya Iyer|Farhan Iyer,+917001235364,KA32AB1218,divya.0157@oksbi,Mumbai Central,2026-08-24
FIR-2026-0473,"On 2026-08-25, complainant reported suspect Manoj Iyer near Pune Camp. The suspect used phone +917001274959, vehicle MH33AB1225, UPI manoj.0162@upi, bank account number 510000574931, Aadhaar 2000 0127 4959, PAN CLNAI0162F, and contacted associate Meera Iyer. Offences were recorded under IPC section 420.",Manoj Iyer|Meera Iyer,+917001274959,MH33AB1225,manoj.0162@upi,Pune Camp,2026-08-25
FIR-2026-0474,"On 2026-08-25, complainant reported suspect Pranav Iyer near Sector 17 Chandigarh. The suspect used phone +917001314554, vehicle TN34AB1232, UPI pranav.0167@paytm, bank account number 510000592786, Aadhaar 2000 0131 4554, PAN CLNAI0167K, and contacted associate Priya Iyer. Offences were recorded under IPC section 420.",Pranav Iyer|Priya Iyer,+917001314554,TN34AB1232,pranav.0167@paytm,Sector 17 Chandigarh,2026-08-25
FIR-2026-0475,"On 2026-08-26, complainant reported suspect Riya Iyer near T Nagar Chennai. The suspect used phone +917001354149, vehicle TS35AB1239, UPI riya.0172@ybl, bank account number 510000610641, Aadhaar 2000 0135 4149, PAN CLNAI0172P, and contacted associate Rohan Iyer. Offences were recorded under IPC section 420.",Riya Iyer|Rohan Iyer,+917001354149,TS35AB1239,riya.0172@ybl,T Nagar Chennai,2026-08-26
FIR-2026-0476,"On 2026-08-26, complainant reported suspect Suresh Iyer near Vaishali Ghaziabad. The suspect used phone +917001393744, vehicle UP01AB1246, UPI suresh.0177@okicici, bank account number 510000628496, Aadhaar 2000 0139 3744, PAN CLNAI0177U, and contacted associate Tanvi Iyer. Offences were recorded under IPC section 420.",Suresh Iyer|Tanvi Iyer,+917001393744,UP01AB1246,suresh.0177@okicici,Vaishali Ghaziabad,2026-08-26
FIR-2026-0477,"On 2026-08-27, complainant reported suspect Aditi Jain near Bengaluru Central. The suspect used phone +917001433339, vehicle WB02AB1253, UPI aditi.0182@okaxis, bank account number 510000646351, Aadhaar 2000 0143 3339, PAN CLNAI0182Z, and contacted associate Akash Jain. Offences were recorded under IPC section 420.",Aditi Jain|Akash Jain,+917001433339,WB02AB1253,aditi.0182@okaxis,Bengaluru Central,2026-08-27
FIR-2026-0478,"On 2026-08-27, complainant reported suspect Divya Jain near Chandni Chowk Delhi. The suspect used phone +917001472934, vehicle GJ03AB1260, UPI divya.0187@oksbi, bank account number 510000664206, Aadhaar 2000 0147 2934, PAN CLNAI0187E, and contacted associate Farhan Jain. Offences were recorded under IPC section 420.",Divya Jain|Farhan Jain,+917001472934,GJ03AB1260,divya.0187@oksbi,Chandni Chowk Delhi,2026-08-27
FIR-2026-0479,"On 2026-08-28, complainant reported suspect Manoj Jain near Charminar Hyderabad. The suspect used phone +917001512529, vehicle RJ04AB1267, UPI manoj.0192@upi, bank account number 510000682061, Aadhaar 2000 0151 2529, PAN CLNAI0192J, and contacted associate Meera Jain. Offences were recorded under IPC section 420.",Manoj Jain|Meera Jain,+917001512529,RJ04AB1267,manoj.0192@upi,Charminar Hyderabad,2026-08-28
FIR-2026-0480,"On 2026-08-28, complainant reported suspect Pranav Jain near Gomti Nagar Lucknow. The suspect used phone +917001552124, vehicle KL05AB1274, UPI pranav.0197@paytm, bank account number 510000699916, Aadhaar 2000 0155 2124, PAN CLNAI0197O, and contacted associate Priya Jain. Offences were recorded under IPC section 420.",Pranav Jain|Priya Jain,+917001552124,KL05AB1274,pranav.0197@paytm,Gomti Nagar Lucknow,2026-08-28
FIR-2026-0481,"On 2026-08-29, complainant reported suspect Akash Agarwal near Bengaluru Central. The suspect used phone +917000015838, vehicle DL01AB1002, UPI akash.0003@okicici, bank account number 510000007142, Aadhaar 2000 0001 5838, PAN CLNAI0003C, and contacted associate Ananya Agarwal. Offences were recorded under IPC section 420.",Akash Agarwal|Ananya Agarwal,+917000015838,DL01AB1002,akash.0003@okicici,Bengaluru Central,2026-08-29
FIR-2026-0482,"On 2026-08-29, complainant reported suspect Farhan Agarwal near Chandni Chowk Delhi. The suspect used phone +917000055433, vehicle KA02AB1009, UPI farhan.0008@okaxis, bank account number 510000024997, Aadhaar 2000 0005 5433, PAN CLNAI0008H, and contacted associate Ishita Agarwal. Offences were recorded under IPC section 420.",Farhan Agarwal|Ishita Agarwal,+917000055433,KA02AB1009,farhan.0008@okaxis,Chandni Chowk Delhi,2026-08-29
FIR-2026-0483,"On 2026-08-30, complainant reported suspect Meera Agarwal near Charminar Hyderabad. The suspect used phone +917000095028, vehicle MH03AB1016, UPI meera.0013@oksbi, bank account number 510000042852, Aadhaar 2000 0009 5028, PAN CLNAI0013M, and contacted associate Neha Agarwal. Offences were recorded under IPC section 420.",Meera Agarwal|Neha Agarwal,+917000095028,MH03AB1016,meera.0013@oksbi,Charminar Hyderabad,2026-08-30
FIR-2026-0484,"On 2026-08-30, complainant reported suspect Priya Agarwal near Gomti Nagar Lucknow. The suspect used phone +917000134623, vehicle TN04AB1023, UPI priya.0018@upi, bank account number 510000060707, Aadhaar 2000 0013 4623, PAN CLNAI0018R, and contacted associate Rahul Agarwal. Offences were recorded under IPC section 420.",Priya Agarwal|Rahul Agarwal,+917000134623,TN04AB1023,priya.0018@upi,Gomti Nagar Lucknow,2026-08-30
FIR-2026-0485,"On 2026-08-31, complainant reported suspect Rohan Agarwal near Howrah Kolkata. The suspect used phone +917000174218, vehicle TS05AB1030, UPI rohan.0023@paytm, bank account number 510000078562, Aadhaar 2000 0017 4218, PAN CLNAI0023W, and contacted associate Sameer Agarwal. Offences were recorded under IPC section 420.",Rohan Agarwal|Sameer Agarwal,+917000174218,TS05AB1030,rohan.0023@paytm,Howrah Kolkata,2026-08-31
FIR-2026-0486,"On 2026-08-31, complainant reported suspect Tanvi Agarwal near Indiranagar Bengaluru. The suspect used phone +917000213813, vehicle UP06AB1037, UPI tanvi.0028@ybl, bank account number 510000096417, Aadhaar 2000 0021 3813, PAN CLNAI0028B, and contacted associate Varun Agarwal. Offences were recorded under IPC section 420.",Tanvi Agarwal|Varun Agarwal,+917000213813,UP06AB1037,tanvi.0028@ybl,Indiranagar Bengaluru,2026-08-31
FIR-2026-0487,"On 2026-09-01, complainant reported suspect Akash Bansal near Kochi Marine Drive. The suspect used phone +917000253408, vehicle WB07AB1044, UPI akash.0033@okicici, bank account number 510000114272, Aadhaar 2000 0025 3408, PAN CLNAI0033G, and contacted associate Ananya Bansal. Offences were recorded under IPC section 420.",Akash Bansal|Ananya Bansal,+917000253408,WB07AB1044,akash.0033@okicici,Kochi Marine Drive,2026-09-01
FIR-2026-0488,"On 2026-09-01, complainant reported suspect Farhan Bansal near Mumbai Central. The suspect used phone +917000293003, vehicle GJ08AB1051, UPI farhan.0038@okaxis, bank account number 510000132127, Aadhaar 2000 0029 3003, PAN CLNAI0038L, and contacted associate Ishita Bansal. Offences were recorded under IPC section 420.",Farhan Bansal|Ishita Bansal,+917000293003,GJ08AB1051,farhan.0038@okaxis,Mumbai Central,2026-09-01
FIR-2026-0489,"On 2026-09-02, complainant reported suspect Meera Bansal near Pune Camp. The suspect used phone +917000332598, vehicle RJ09AB1058, UPI meera.0043@oksbi, bank account number 510000149982, Aadhaar 2000 0033 2598, PAN CLNAI0043Q, and contacted associate Neha Bansal. Offences were recorded under IPC section 420.",Meera Bansal|Neha Bansal,+917000332598,RJ09AB1058,meera.0043@oksbi,Pune Camp,2026-09-02
FIR-2026-0490,"On 2026-09-02, complainant reported suspect Priya Bansal near Sector 17 Chandigarh. The suspect used phone +917000372193, vehicle KL10AB1065, UPI priya.0048@upi, bank account number 510000167837, Aadhaar 2000 0037 2193, PAN CLNAI0048V, and contacted associate Rahul Bansal. Offences were recorded under IPC section 420.",Priya Bansal|Rahul Bansal,+917000372193,KL10AB1065,priya.0048@upi,Sector 17 Chandigarh,2026-09-02
FIR-2026-0491,"On 2026-09-03, complainant reported suspect Rohan Bansal near T Nagar Chennai. The suspect used phone +917000411788, vehicle DL11AB1072, UPI rohan.0053@paytm, bank account number 510000185692, Aadhaar 2000 0041 1788, PAN CLNAI0053A, and contacted associate Sameer Bansal. Offences were recorded under IPC section 420.",Rohan Bansal|Sameer Bansal,+917000411788,DL11AB1072,rohan.0053@paytm,T Nagar Chennai,2026-09-03
FIR-2026-0492,"On 2026-09-03, complainant reported suspect Tanvi Bansal near Vaishali Ghaziabad. The suspect used phone +917000451383, vehicle KA12AB1079, UPI tanvi.0058@ybl, bank account number 510000203547, Aadhaar 2000 0045 1383, PAN CLNAI0058F, and contacted associate Varun Bansal. Offences were recorded under IPC section 420.",Tanvi Bansal|Varun Bansal,+917000451383,KA12AB1079,tanvi.0058@ybl,Vaishali Ghaziabad,2026-09-03
FIR-2026-0493,"On 2026-09-04, complainant reported suspect Akash Chauhan near Bengaluru Central. The suspect used phone +917000490978, vehicle MH13AB1086, UPI akash.0063@okicici, bank account number 510000221402, Aadhaar 2000 0049 0978, PAN CLNAI0063K, and contacted associate Ananya Chauhan. Offences were recorded under IPC section 420.",Akash Chauhan|Ananya Chauhan,+917000490978,MH13AB1086,akash.0063@okicici,Bengaluru Central,2026-09-04
FIR-2026-0494,"On 2026-09-04, complainant reported suspect Farhan Chauhan near Chandni Chowk Delhi. The suspect used phone +917000530573, vehicle TN14AB1093, UPI farhan.0068@okaxis, bank account number 510000239257, Aadhaar 2000 0053 0573, PAN CLNAI0068P, and contacted associate Ishita Chauhan. Offences were recorded under IPC section 420.",Farhan Chauhan|Ishita Chauhan,+917000530573,TN14AB1093,farhan.0068@okaxis,Chandni Chowk Delhi,2026-09-04
FIR-2026-0495,"On 2026-09-05, complainant reported suspect Meera Chauhan near Charminar Hyderabad. The suspect used phone +917000570168, vehicle TS15AB1100, UPI meera.0073@oksbi, bank account number 510000257112, Aadhaar 2000 0057 0168, PAN CLNAI0073U, and contacted associate Neha Chauhan. Offences were recorded under IPC section 420.",Meera Chauhan|Neha Chauhan,+917000570168,TS15AB1100,meera.0073@oksbi,Charminar Hyderabad,2026-09-05
FIR-2026-0496,"On 2026-09-05, complainant reported suspect Priya Chauhan near Gomti Nagar Lucknow. The suspect used phone +917000609763, vehicle UP16AB1107, UPI priya.0078@upi, bank account number 510000274967, Aadhaar 2000 0060 9763, PAN CLNAI0078Z, and contacted associate Rahul Chauhan. Offences were recorded under IPC section 420.",Priya Chauhan|Rahul Chauhan,+917000609763,UP16AB1107,priya.0078@upi,Gomti Nagar Lucknow,2026-09-05
FIR-2026-0497,"On 2026-09-06, complainant reported suspect Rohan Chauhan near Howrah Kolkata. The suspect used phone +917000649358, vehicle WB17AB1114, UPI rohan.0083@paytm, bank account number 510000292822, Aadhaar 2000 0064 9358, PAN CLNAI0083E, and contacted associate Sameer Chauhan. Offences were recorded under IPC section 420.",Rohan Chauhan|Sameer Chauhan,+917000649358,WB17AB1114,rohan.0083@paytm,Howrah Kolkata,2026-09-06
FIR-2026-0498,"On 2026-09-06, complainant reported suspect Tanvi Chauhan near Indiranagar Bengaluru. The suspect used phone +917000688953, vehicle GJ18AB1121, UPI tanvi.0088@ybl, bank account number 510000310677, Aadhaar 2000 0068 8953, PAN CLNAI0088J, and contacted associate Varun Chauhan. Offences were recorded under IPC section 420.",Tanvi Chauhan|Varun Chauhan,+917000688953,GJ18AB1121,tanvi.0088@ybl,Indiranagar Bengaluru,2026-09-06
FIR-2026-0499,"On 2026-09-07, complainant reported suspect Akash Das near Kochi Marine Drive. The suspect used phone +917000728548, vehicle RJ19AB1128, UPI akash.0093@okicici, bank account number 510000328532, Aadhaar 2000 0072 8548, PAN CLNAI0093O, and contacted associate Ananya Das. Offences were recorded under IPC section 420.",Akash Das|Ananya Das,+917000728548,RJ19AB1128,akash.0093@okicici,Kochi Marine Drive,2026-09-07
FIR-2026-0500,"On 2026-09-07, complainant reported suspect Farhan Das near Mumbai Central. The suspect used phone +917000768143, vehicle KL20AB1135, UPI farhan.0098@okaxis, bank account number 510000346387, Aadhaar 2000 0076 8143, PAN CLNAI0098T, and contacted associate Ishita Das. Offences were recorded under IPC section 420.",Farhan Das|Ishita Das,+917000768143,KL20AB1135,farhan.0098@okaxis,Mumbai Central,2026-09-07
FIR-2026-0501,"On 2026-09-08, complainant reported suspect Meera Das near Pune Camp. The suspect used phone +917000807738, vehicle DL21AB1142, UPI meera.0103@oksbi, bank account number 510000364242, Aadhaar 2000 0080 7738, PAN CLNAI0103Y, and contacted associate Neha Das. Offences were recorded under IPC section 420.",Meera Das|Neha Das,+917000807738,DL21AB1142,meera.0103@oksbi,Pune Camp,2026-09-08
FIR-2026-0502,"On 2026-09-08, complainant reported suspect Priya Das near Sector 17 Chandigarh. The suspect used phone +917000847333, vehicle KA22AB1149, UPI priya.0108@upi, bank account number 510000382097, Aadhaar 2000 0084 7333, PAN CLNAI0108D, and contacted associate Rahul Das. Offences were recorded under IPC section 420.",Priya Das|Rahul Das,+917000847333,KA22AB1149,priya.0108@upi,Sector 17 Chandigarh,2026-09-08
FIR-2026-0503,"On 2026-09-09, complainant reported suspect Rohan Das near T Nagar Chennai. The suspect used phone +917000886928, vehicle MH23AB1156, UPI rohan.0113@paytm, bank account number 510000399952, Aadhaar 2000 0088 6928, PAN CLNAI0113I, and contacted associate Sameer Das. Offences were recorded under IPC section 420.",Rohan Das|Sameer Das,+917000886928,MH23AB1156,rohan.0113@paytm,T Nagar Chennai,2026-09-09
FIR-2026-0504,"On 2026-09-09, complainant reported suspect Tanvi Das near Vaishali Ghaziabad. The suspect used phone +917000926523, vehicle TN24AB1163, UPI tanvi.0118@ybl, bank account number 510000417807, Aadhaar 2000 0092 6523, PAN CLNAI0118N, and contacted associate Varun Das. Offences were recorded under IPC section 420.",Tanvi Das|Varun Das,+917000926523,TN24AB1163,tanvi.0118@ybl,Vaishali Ghaziabad,2026-09-09
FIR-2026-0505,"On 2026-09-10, complainant reported suspect Akash Gupta near Bengaluru Central. The suspect used phone +917000966118, vehicle TS25AB1170, UPI akash.0123@okicici, bank account number 510000435662, Aadhaar 2000 0096 6118, PAN CLNAI0123S, and contacted associate Ananya Gupta. Offences were recorded under IPC section 420.",Akash Gupta|Ananya Gupta,+917000966118,TS25AB1170,akash.0123@okicici,Bengaluru Central,2026-09-10
FIR-2026-0506,"On 2026-09-10, complainant reported suspect Farhan Gupta near Chandni Chowk Delhi. The suspect used phone +917001005713, vehicle UP26AB1177, UPI farhan.0128@okaxis, bank account number 510000453517, Aadhaar 2000 0100 5713, PAN CLNAI0128X, and contacted associate Ishita Gupta. Offences were recorded under IPC section 420.",Farhan Gupta|Ishita Gupta,+917001005713,UP26AB1177,farhan.0128@okaxis,Chandni Chowk Delhi,2026-09-10
FIR-2026-0507,"On 2026-09-11, complainant reported suspect Meera Gupta near Charminar Hyderabad. The suspect used phone +917001045308, vehicle WB27AB1184, UPI meera.0133@oksbi, bank account number 510000471372, Aadhaar 2000 0104 5308, PAN CLNAI0133C, and contacted associate Neha Gupta. Offences were recorded under IPC section 420.",Meera Gupta|Neha Gupta,+917001045308,WB27AB1184,meera.0133@oksbi,Charminar Hyderabad,2026-09-11
FIR-2026-0508,"On 2026-09-11, complainant reported suspect Priya Gupta near Gomti Nagar Lucknow. The suspect used phone +917001084903, vehicle GJ28AB1191, UPI priya.0138@upi, bank account number 510000489227, Aadhaar 2000 0108 4903, PAN CLNAI0138H, and contacted associate Rahul Gupta. Offences were recorded under IPC section 420.",Priya Gupta|Rahul Gupta,+917001084903,GJ28AB1191,priya.0138@upi,Gomti Nagar Lucknow,2026-09-11
FIR-2026-0509,"On 2026-09-12, complainant reported suspect Rohan Gupta near Howrah Kolkata. The suspect used phone +917001124498, vehicle RJ29AB1198, UPI rohan.0143@paytm, bank account number 510000507082, Aadhaar 2000 0112 4498, PAN CLNAI0143M, and contacted associate Sameer Gupta. Offences were recorded under IPC section 420.",Rohan Gupta|Sameer Gupta,+917001124498,RJ29AB1198,rohan.0143@paytm,Howrah Kolkata,2026-09-12
FIR-2026-0510,"On 2026-09-12, complainant reported suspect Tanvi Gupta near Indiranagar Bengaluru. The suspect used phone +917001164093, vehicle KL30AB1205, UPI tanvi.0148@ybl, bank account number 510000524937, Aadhaar 2000 0116 4093, PAN CLNAI0148R, and contacted associate Varun Gupta. Offences were recorded under IPC section 420.",Tanvi Gupta|Varun Gupta,+917001164093,KL30AB1205,tanvi.0148@ybl,Indiranagar Bengaluru,2026-09-12
FIR-2026-0511,"On 2026-09-13, complainant reported suspect Akash Iyer near Kochi Marine Drive. The suspect used phone +917001203688, vehicle DL31AB1212, UPI akash.0153@okicici, bank account number 510000542792, Aadhaar 2000 0120 3688, PAN CLNAI0153W, and contacted associate Ananya Iyer. Offences were recorded under IPC section 420.",Akash Iyer|Ananya Iyer,+917001203688,DL31AB1212,akash.0153@okicici,Kochi Marine Drive,2026-09-13
FIR-2026-0512,"On 2026-09-13, complainant reported suspect Farhan Iyer near Mumbai Central. The suspect used phone +917001243283, vehicle KA32AB1219, UPI farhan.0158@okaxis, bank account number 510000560647, Aadhaar 2000 0124 3283, PAN CLNAI0158B, and contacted associate Ishita Iyer. Offences were recorded under IPC section 420.",Farhan Iyer|Ishita Iyer,+917001243283,KA32AB1219,farhan.0158@okaxis,Mumbai Central,2026-09-13
FIR-2026-0513,"On 2026-09-14, complainant reported suspect Meera Iyer near Pune Camp. The suspect used phone +917001282878, vehicle MH33AB1226, UPI meera.0163@oksbi, bank account number 510000578502, Aadhaar 2000 0128 2878, PAN CLNAI0163G, and contacted associate Neha Iyer. Offences were recorded under IPC section 420.",Meera Iyer|Neha Iyer,+917001282878,MH33AB1226,meera.0163@oksbi,Pune Camp,2026-09-14
FIR-2026-0514,"On 2026-09-14, complainant reported suspect Priya Iyer near Sector 17 Chandigarh. The suspect used phone +917001322473, vehicle TN34AB1233, UPI priya.0168@upi, bank account number 510000596357, Aadhaar 2000 0132 2473, PAN CLNAI0168L, and contacted associate Rahul Iyer. Offences were recorded under IPC section 420.",Priya Iyer|Rahul Iyer,+917001322473,TN34AB1233,priya.0168@upi,Sector 17 Chandigarh,2026-09-14
FIR-2026-0515,"On 2026-09-15, complainant reported suspect Rohan Iyer near T Nagar Chennai. The suspect used phone +917001362068, vehicle TS35AB1240, UPI rohan.0173@paytm, bank account number 510000614212, Aadhaar 2000 0136 2068, PAN CLNAI0173Q, and contacted associate Sameer Iyer. Offences were recorded under IPC section 420.",Rohan Iyer|Sameer Iyer,+917001362068,TS35AB1240,rohan.0173@paytm,T Nagar Chennai,2026-09-15
FIR-2026-0516,"On 2026-09-15, complainant reported suspect Tanvi Iyer near Vaishali Ghaziabad. The suspect used phone +917001401663, vehicle UP01AB1247, UPI tanvi.0178@ybl, bank account number 510000632067, Aadhaar 2000 0140 1663, PAN CLNAI0178V, and contacted associate Varun Iyer. Offences were recorded under IPC section 420.",Tanvi Iyer|Varun Iyer,+917001401663,UP01AB1247,tanvi.0178@ybl,Vaishali Ghaziabad,2026-09-15
FIR-2026-0517,"On 2026-09-16, complainant reported suspect Akash Jain near Bengaluru Central. The suspect used phone +917001441258, vehicle WB02AB1254, UPI akash.0183@okicici, bank account number 510000649922, Aadhaar 2000 0144 1258, PAN CLNAI0183A, and contacted associate Ananya Jain. Offences were recorded under IPC section 420.",Akash Jain|Ananya Jain,+917001441258,WB02AB1254,akash.0183@okicici,Bengaluru Central,2026-09-16
FIR-2026-0518,"On 2026-09-16, complainant reported suspect Farhan Jain near Chandni Chowk Delhi. The suspect used phone +917001480853, vehicle GJ03AB1261, UPI farhan.0188@okaxis, bank account number 510000667777, Aadhaar 2000 0148 0853, PAN CLNAI0188F, and contacted associate Ishita Jain. Offences were recorded under IPC section 420.",Farhan Jain|Ishita Jain,+917001480853,GJ03AB1261,farhan.0188@okaxis,Chandni Chowk Delhi,2026-09-16
FIR-2026-0519,"On 2026-09-17, complainant reported suspect Meera Jain near Charminar Hyderabad. The suspect used phone +917001520448, vehicle RJ04AB1268, UPI meera.0193@oksbi, bank account number 510000685632, Aadhaar 2000 0152 0448, PAN CLNAI0193K, and contacted associate Neha Jain. Offences were recorded under IPC section 420.",Meera Jain|Neha Jain,+917001520448,RJ04AB1268,meera.0193@oksbi,Charminar Hyderabad,2026-09-17
FIR-2026-0520,"On 2026-09-17, complainant reported suspect Priya Jain near Gomti Nagar Lucknow. The suspect used phone +917001560043, vehicle KL05AB1275, UPI priya.0198@upi, bank account number 510000703487, Aadhaar 2000 0156 0043, PAN CLNAI0198P, and contacted associate Rahul Jain. Offences were recorded under IPC section 420.",Priya Jain|Rahul Jain,+917001560043,KL05AB1275,priya.0198@upi,Gomti Nagar Lucknow,2026-09-17
FIR-2026-0521,"On 2026-09-18, complainant reported suspect Ananya Agarwal near Bengaluru Central. The suspect used phone +917000023757, vehicle DL01AB1003, UPI ananya.0004@ybl, bank account number 510000010713, Aadhaar 2000 0002 3757, PAN CLNAI0004D, and contacted associate Arjun Agarwal. Offences were recorded under IPC section 420.",Ananya Agarwal|Arjun Agarwal,+917000023757,DL01AB1003,ananya.0004@ybl,Bengaluru Central,2026-09-18
FIR-2026-0522,"On 2026-09-18, complainant reported suspect Ishita Agarwal near Chandni Chowk Delhi. The suspect used phone +917000063352, vehicle KA02AB1010, UPI ishita.0009@okicici, bank account number 510000028568, Aadhaar 2000 0006 3352, PAN CLNAI0009I, and contacted associate Kabir Agarwal. Offences were recorded under IPC section 420.",Ishita Agarwal|Kabir Agarwal,+917000063352,KA02AB1010,ishita.0009@okicici,Chandni Chowk Delhi,2026-09-18
FIR-2026-0523,"On 2026-09-19, complainant reported suspect Neha Agarwal near Charminar Hyderabad. The suspect used phone +917000102947, vehicle MH03AB1017, UPI neha.0014@okaxis, bank account number 510000046423, Aadhaar 2000 0010 2947, PAN CLNAI0014N, and contacted associate Nikhil Agarwal. Offences were recorded under IPC section 420.",Neha Agarwal|Nikhil Agarwal,+917000102947,MH03AB1017,neha.0014@okaxis,Charminar Hyderabad,2026-09-19
FIR-2026-0524,"On 2026-09-19, complainant reported suspect Rahul Agarwal near Gomti Nagar Lucknow. The suspect used phone +917000142542, vehicle TN04AB1024, UPI rahul.0019@oksbi, bank account number 510000064278, Aadhaar 2000 0014 2542, PAN CLNAI0019S, and contacted associate Rajesh Agarwal. Offences were recorded under IPC section 420.",Rahul Agarwal|Rajesh Agarwal,+917000142542,TN04AB1024,rahul.0019@oksbi,Gomti Nagar Lucknow,2026-09-19
FIR-2026-0525,"On 2026-09-20, complainant reported suspect Sameer Agarwal near Howrah Kolkata. The suspect used phone +917000182137, vehicle TS05AB1031, UPI sameer.0024@upi, bank account number 510000082133, Aadhaar 2000 0018 2137, PAN CLNAI0024X, and contacted associate Sanjay Agarwal. Offences were recorded under IPC section 420.",Sameer Agarwal|Sanjay Agarwal,+917000182137,TS05AB1031,sameer.0024@upi,Howrah Kolkata,2026-09-20
FIR-2026-0526,"On 2026-09-20, complainant reported suspect Varun Agarwal near Indiranagar Bengaluru. The suspect used phone +917000221732, vehicle UP06AB1038, UPI varun.0029@paytm, bank account number 510000099988, Aadhaar 2000 0022 1732, PAN CLNAI0029C, and contacted associate Vikram Agarwal. Offences were recorded under IPC section 420.",Varun Agarwal|Vikram Agarwal,+917000221732,UP06AB1038,varun.0029@paytm,Indiranagar Bengaluru,2026-09-20
FIR-2026-0527,"On 2026-09-21, complainant reported suspect Ananya Bansal near Kochi Marine Drive. The suspect used phone +917000261327, vehicle WB07AB1045, UPI ananya.0034@ybl, bank account number 510000117843, Aadhaar 2000 0026 1327, PAN CLNAI0034H, and contacted associate Arjun Bansal. Offences were recorded under IPC section 420.",Ananya Bansal|Arjun Bansal,+917000261327,WB07AB1045,ananya.0034@ybl,Kochi Marine Drive,2026-09-21
FIR-2026-0528,"On 2026-09-21, complainant reported suspect Ishita Bansal near Mumbai Central. The suspect used phone +917000300922, vehicle GJ08AB1052, UPI ishita.0039@okicici, bank account number 510000135698, Aadhaar 2000 0030 0922, PAN CLNAI0039M, and contacted associate Kabir Bansal. Offences were recorded under IPC section 420.",Ishita Bansal|Kabir Bansal,+917000300922,GJ08AB1052,ishita.0039@okicici,Mumbai Central,2026-09-21
FIR-2026-0529,"On 2026-09-22, complainant reported suspect Neha Bansal near Pune Camp. The suspect used phone +917000340517, vehicle RJ09AB1059, UPI neha.0044@okaxis, bank account number 510000153553, Aadhaar 2000 0034 0517, PAN CLNAI0044R, and contacted associate Nikhil Bansal. Offences were recorded under IPC section 420.",Neha Bansal|Nikhil Bansal,+917000340517,RJ09AB1059,neha.0044@okaxis,Pune Camp,2026-09-22
FIR-2026-0530,"On 2026-09-22, complainant reported suspect Rahul Bansal near Sector 17 Chandigarh. The suspect used phone +917000380112, vehicle KL10AB1066, UPI rahul.0049@oksbi, bank account number 510000171408, Aadhaar 2000 0038 0112, PAN CLNAI0049W, and contacted associate Rajesh Bansal. Offences were recorded under IPC section 420.",Rahul Bansal|Rajesh Bansal,+917000380112,KL10AB1066,rahul.0049@oksbi,Sector 17 Chandigarh,2026-09-22
FIR-2026-0531,"On 2026-09-23, complainant reported suspect Sameer Bansal near T Nagar Chennai. The suspect used phone +917000419707, vehicle DL11AB1073, UPI sameer.0054@upi, bank account number 510000189263, Aadhaar 2000 0041 9707, PAN CLNAI0054B, and contacted associate Sanjay Bansal. Offences were recorded under IPC section 420.",Sameer Bansal|Sanjay Bansal,+917000419707,DL11AB1073,sameer.0054@upi,T Nagar Chennai,2026-09-23
FIR-2026-0532,"On 2026-09-23, complainant reported suspect Varun Bansal near Vaishali Ghaziabad. The suspect used phone +917000459302, vehicle KA12AB1080, UPI varun.0059@paytm, bank account number 510000207118, Aadhaar 2000 0045 9302, PAN CLNAI0059G, and contacted associate Vikram Bansal. Offences were recorded under IPC section 420.",Varun Bansal|Vikram Bansal,+917000459302,KA12AB1080,varun.0059@paytm,Vaishali Ghaziabad,2026-09-23
FIR-2026-0533,"On 2026-09-24, complainant reported suspect Ananya Chauhan near Bengaluru Central. The suspect used phone +917000498897, vehicle MH13AB1087, UPI ananya.0064@ybl, bank account number 510000224973, Aadhaar 2000 0049 8897, PAN CLNAI0064L, and contacted associate Arjun Chauhan. Offences were recorded under IPC section 420.",Ananya Chauhan|Arjun Chauhan,+917000498897,MH13AB1087,ananya.0064@ybl,Bengaluru Central,2026-09-24
FIR-2026-0534,"On 2026-09-24, complainant reported suspect Ishita Chauhan near Chandni Chowk Delhi. The suspect used phone +917000538492, vehicle TN14AB1094, UPI ishita.0069@okicici, bank account number 510000242828, Aadhaar 2000 0053 8492, PAN CLNAI0069Q, and contacted associate Kabir Chauhan. Offences were recorded under IPC section 420.",Ishita Chauhan|Kabir Chauhan,+917000538492,TN14AB1094,ishita.0069@okicici,Chandni Chowk Delhi,2026-09-24
FIR-2026-0535,"On 2026-09-25, complainant reported suspect Neha Chauhan near Charminar Hyderabad. The suspect used phone +917000578087, vehicle TS15AB1101, UPI neha.0074@okaxis, bank account number 510000260683, Aadhaar 2000 0057 8087, PAN CLNAI0074V, and contacted associate Nikhil Chauhan. Offences were recorded under IPC section 420.",Neha Chauhan|Nikhil Chauhan,+917000578087,TS15AB1101,neha.0074@okaxis,Charminar Hyderabad,2026-09-25
FIR-2026-0536,"On 2026-09-25, complainant reported suspect Rahul Chauhan near Gomti Nagar Lucknow. The suspect used phone +917000617682, vehicle UP16AB1108, UPI rahul.0079@oksbi, bank account number 510000278538, Aadhaar 2000 0061 7682, PAN CLNAI0079A, and contacted associate Rajesh Chauhan. Offences were recorded under IPC section 420.",Rahul Chauhan|Rajesh Chauhan,+917000617682,UP16AB1108,rahul.0079@oksbi,Gomti Nagar Lucknow,2026-09-25
FIR-2026-0537,"On 2026-09-26, complainant reported suspect Sameer Chauhan near Howrah Kolkata. The suspect used phone +917000657277, vehicle WB17AB1115, UPI sameer.0084@upi, bank account number 510000296393, Aadhaar 2000 0065 7277, PAN CLNAI0084F, and contacted associate Sanjay Chauhan. Offences were recorded under IPC section 420.",Sameer Chauhan|Sanjay Chauhan,+917000657277,WB17AB1115,sameer.0084@upi,Howrah Kolkata,2026-09-26
FIR-2026-0538,"On 2026-09-26, complainant reported suspect Varun Chauhan near Indiranagar Bengaluru. The suspect used phone +917000696872, vehicle GJ18AB1122, UPI varun.0089@paytm, bank account number 510000314248, Aadhaar 2000 0069 6872, PAN CLNAI0089K, and contacted associate Vikram Chauhan. Offences were recorded under IPC section 420.",Varun Chauhan|Vikram Chauhan,+917000696872,GJ18AB1122,varun.0089@paytm,Indiranagar Bengaluru,2026-09-26
FIR-2026-0539,"On 2026-09-27, complainant reported suspect Ananya Das near Kochi Marine Drive. The suspect used phone +917000736467, vehicle RJ19AB1129, UPI ananya.0094@ybl, bank account number 510000332103, Aadhaar 2000 0073 6467, PAN CLNAI0094P, and contacted associate Arjun Das. Offences were recorded under IPC section 420.",Ananya Das|Arjun Das,+917000736467,RJ19AB1129,ananya.0094@ybl,Kochi Marine Drive,2026-09-27
FIR-2026-0540,"On 2026-09-27, complainant reported suspect Ishita Das near Mumbai Central. The suspect used phone +917000776062, vehicle KL20AB1136, UPI ishita.0099@okicici, bank account number 510000349958, Aadhaar 2000 0077 6062, PAN CLNAI0099U, and contacted associate Kabir Das. Offences were recorded under IPC section 420.",Ishita Das|Kabir Das,+917000776062,KL20AB1136,ishita.0099@okicici,Mumbai Central,2026-09-27
FIR-2026-0541,"On 2026-09-28, complainant reported suspect Neha Das near Pune Camp. The suspect used phone +917000815657, vehicle DL21AB1143, UPI neha.0104@okaxis, bank account number 510000367813, Aadhaar 2000 0081 5657, PAN CLNAI0104Z, and contacted associate Nikhil Das. Offences were recorded under IPC section 420.",Neha Das|Nikhil Das,+917000815657,DL21AB1143,neha.0104@okaxis,Pune Camp,2026-09-28
FIR-2026-0542,"On 2026-09-28, complainant reported suspect Rahul Das near Sector 17 Chandigarh. The suspect used phone +917000855252, vehicle KA22AB1150, UPI rahul.0109@oksbi, bank account number 510000385668, Aadhaar 2000 0085 5252, PAN CLNAI0109E, and contacted associate Rajesh Das. Offences were recorded under IPC section 420.",Rahul Das|Rajesh Das,+917000855252,KA22AB1150,rahul.0109@oksbi,Sector 17 Chandigarh,2026-09-28
FIR-2026-0543,"On 2026-09-29, complainant reported suspect Sameer Das near T Nagar Chennai. The suspect used phone +917000894847, vehicle MH23AB1157, UPI sameer.0114@upi, bank account number 510000403523, Aadhaar 2000 0089 4847, PAN CLNAI0114J, and contacted associate Sanjay Das. Offences were recorded under IPC section 420.",Sameer Das|Sanjay Das,+917000894847,MH23AB1157,sameer.0114@upi,T Nagar Chennai,2026-09-29
FIR-2026-0544,"On 2026-09-29, complainant reported suspect Varun Das near Vaishali Ghaziabad. The suspect used phone +917000934442, vehicle TN24AB1164, UPI varun.0119@paytm, bank account number 510000421378, Aadhaar 2000 0093 4442, PAN CLNAI0119O, and contacted associate Vikram Das. Offences were recorded under IPC section 420.",Varun Das|Vikram Das,+917000934442,TN24AB1164,varun.0119@paytm,Vaishali Ghaziabad,2026-09-29
FIR-2026-0545,"On 2026-09-30, complainant reported suspect Ananya Gupta near Bengaluru Central. The suspect used phone +917000974037, vehicle TS25AB1171, UPI ananya.0124@ybl, bank account number 510000439233, Aadhaar 2000 0097 4037, PAN CLNAI0124T, and contacted associate Arjun Gupta. Offences were recorded under IPC section 420.",Ananya Gupta|Arjun Gupta,+917000974037,TS25AB1171,ananya.0124@ybl,Bengaluru Central,2026-09-30
FIR-2026-0546,"On 2026-09-30, complainant reported suspect Ishita Gupta near Chandni Chowk Delhi. The suspect used phone +917001013632, vehicle UP26AB1178, UPI ishita.0129@okicici, bank account number 510000457088, Aadhaar 2000 0101 3632, PAN CLNAI0129Y, and contacted associate Kabir Gupta. Offences were recorded under IPC section 420.",Ishita Gupta|Kabir Gupta,+917001013632,UP26AB1178,ishita.0129@okicici,Chandni Chowk Delhi,2026-09-30
FIR-2026-0547,"On 2026-10-01, complainant reported suspect Neha Gupta near Charminar Hyderabad. The suspect used phone +917001053227, vehicle WB27AB1185, UPI neha.0134@okaxis, bank account number 510000474943, Aadhaar 2000 0105 3227, PAN CLNAI0134D, and contacted associate Nikhil Gupta. Offences were recorded under IPC section 420.",Neha Gupta|Nikhil Gupta,+917001053227,WB27AB1185,neha.0134@okaxis,Charminar Hyderabad,2026-10-01
FIR-2026-0548,"On 2026-10-01, complainant reported suspect Rahul Gupta near Gomti Nagar Lucknow. The suspect used phone +917001092822, vehicle GJ28AB1192, UPI rahul.0139@oksbi, bank account number 510000492798, Aadhaar 2000 0109 2822, PAN CLNAI0139I, and contacted associate Rajesh Gupta. Offences were recorded under IPC section 420.",Rahul Gupta|Rajesh Gupta,+917001092822,GJ28AB1192,rahul.0139@oksbi,Gomti Nagar Lucknow,2026-10-01
FIR-2026-0549,"On 2026-10-02, complainant reported suspect Sameer Gupta near Howrah Kolkata. The suspect used phone +917001132417, vehicle RJ29AB1199, UPI sameer.0144@upi, bank account number 510000510653, Aadhaar 2000 0113 2417, PAN CLNAI0144N, and contacted associate Sanjay Gupta. Offences were recorded under IPC section 420.",Sameer Gupta|Sanjay Gupta,+917001132417,RJ29AB1199,sameer.0144@upi,Howrah Kolkata,2026-10-02
FIR-2026-0550,"On 2026-10-02, complainant reported suspect Varun Gupta near Indiranagar Bengaluru. The suspect used phone +917001172012, vehicle KL30AB1206, UPI varun.0149@paytm, bank account number 510000528508, Aadhaar 2000 0117 2012, PAN CLNAI0149S, and contacted associate Vikram Gupta. Offences were recorded under IPC section 420.",Varun Gupta|Vikram Gupta,+917001172012,KL30AB1206,varun.0149@paytm,Indiranagar Bengaluru,2026-10-02
FIR-2026-0551,"On 2026-10-03, complainant reported suspect Ananya Iyer near Kochi Marine Drive. The suspect used phone +917001211607, vehicle DL31AB1213, UPI ananya.0154@ybl, bank account number 510000546363, Aadhaar 2000 0121 1607, PAN CLNAI0154X, and contacted associate Arjun Iyer. Offences were recorded under IPC section 420.",Ananya Iyer|Arjun Iyer,+917001211607,DL31AB1213,ananya.0154@ybl,Kochi Marine Drive,2026-10-03
FIR-2026-0552,"On 2026-10-03, complainant reported suspect Ishita Iyer near Mumbai Central. The suspect used phone +917001251202, vehicle KA32AB1220, UPI ishita.0159@okicici, bank account number 510000564218, Aadhaar 2000 0125 1202, PAN CLNAI0159C, and contacted associate Kabir Iyer. Offences were recorded under IPC section 420.",Ishita Iyer|Kabir Iyer,+917001251202,KA32AB1220,ishita.0159@okicici,Mumbai Central,2026-10-03
FIR-2026-0553,"On 2026-10-04, complainant reported suspect Neha Iyer near Pune Camp. The suspect used phone +917001290797, vehicle MH33AB1227, UPI neha.0164@okaxis, bank account number 510000582073, Aadhaar 2000 0129 0797, PAN CLNAI0164H, and contacted associate Nikhil Iyer. Offences were recorded under IPC section 420.",Neha Iyer|Nikhil Iyer,+917001290797,MH33AB1227,neha.0164@okaxis,Pune Camp,2026-10-04
FIR-2026-0554,"On 2026-10-04, complainant reported suspect Rahul Iyer near Sector 17 Chandigarh. The suspect used phone +917001330392, vehicle TN34AB1234, UPI rahul.0169@oksbi, bank account number 510000599928, Aadhaar 2000 0133 0392, PAN CLNAI0169M, and contacted associate Rajesh Iyer. Offences were recorded under IPC section 420.",Rahul Iyer|Rajesh Iyer,+917001330392,TN34AB1234,rahul.0169@oksbi,Sector 17 Chandigarh,2026-10-04
FIR-2026-0555,"On 2026-10-05, complainant reported suspect Sameer Iyer near T Nagar Chennai. The suspect used phone +917001369987, vehicle TS35AB1241, UPI sameer.0174@upi, bank account number 510000617783, Aadhaar 2000 0136 9987, PAN CLNAI0174R, and contacted associate Sanjay Iyer. Offences were recorded under IPC section 420.",Sameer Iyer|Sanjay Iyer,+917001369987,TS35AB1241,sameer.0174@upi,T Nagar Chennai,2026-10-05
FIR-2026-0556,"On 2026-10-05, complainant reported suspect Varun Iyer near Vaishali Ghaziabad. The suspect used phone +917001409582, vehicle UP01AB1248, UPI varun.0179@paytm, bank account number 510000635638, Aadhaar 2000 0140 9582, PAN CLNAI0179W, and contacted associate Vikram Iyer. Offences were recorded under IPC section 420.",Varun Iyer|Vikram Iyer,+917001409582,UP01AB1248,varun.0179@paytm,Vaishali Ghaziabad,2026-10-05
FIR-2026-0557,"On 2026-10-06, complainant reported suspect Ananya Jain near Bengaluru Central. The suspect used phone +917001449177, vehicle WB02AB1255, UPI ananya.0184@ybl, bank account number 510000653493, Aadhaar 2000 0144 9177, PAN CLNAI0184B, and contacted associate Arjun Jain. Offences were recorded under IPC section 420.",Ananya Jain|Arjun Jain,+917001449177,WB02AB1255,ananya.0184@ybl,Bengaluru Central,2026-10-06
FIR-2026-0558,"On 2026-10-06, complainant reported suspect Ishita Jain near Chandni Chowk Delhi. The suspect used phone +917001488772, vehicle GJ03AB1262, UPI ishita.0189@okicici, bank account number 510000671348, Aadhaar 2000 0148 8772, PAN CLNAI0189G, and contacted associate Kabir Jain. Offences were recorded under IPC section 420.",Ishita Jain|Kabir Jain,+917001488772,GJ03AB1262,ishita.0189@okicici,Chandni Chowk Delhi,2026-10-06
FIR-2026-0559,"On 2026-10-07, complainant reported suspect Neha Jain near Charminar Hyderabad. The suspect used phone +917001528367, vehicle RJ04AB1269, UPI neha.0194@okaxis, bank account number 510000689203, Aadhaar 2000 0152 8367, PAN CLNAI0194L, and contacted associate Nikhil Jain. Offences were recorded under IPC section 420.",Neha Jain|Nikhil Jain,+917001528367,RJ04AB1269,neha.0194@okaxis,Charminar Hyderabad,2026-10-07
FIR-2026-0560,"On 2026-10-07, complainant reported suspect Rahul Jain near Gomti Nagar Lucknow. The suspect used phone +917001567962, vehicle KL05AB1276, UPI rahul.0199@oksbi, bank account number 510000707058, Aadhaar 2000 0156 7962, PAN CLNAI0199Q, and contacted associate Rajesh Jain. Offences were recorded under IPC section 420.",Rahul Jain|Rajesh Jain,+917001567962,KL05AB1276,rahul.0199@oksbi,Gomti Nagar Lucknow,2026-10-07
FIR-2026-0561,"On 2026-10-08, complainant reported suspect Arjun Agarwal near Bengaluru Central. The suspect used phone +917000031676, vehicle DL01AB1004, UPI arjun.0005@paytm, bank account number 510000014284, Aadhaar 2000 0003 1676, PAN CLNAI0005E, and contacted associate Aarav Agarwal. Offences were recorded under IPC section 420.",Arjun Agarwal|Aarav Agarwal,+917000031676,DL01AB1004,arjun.0005@paytm,Bengaluru Central,2026-10-08
FIR-2026-0562,"On 2026-10-08, complainant reported suspect Kabir Agarwal near Chandni Chowk Delhi. The suspect used phone +917000071271, vehicle KA02AB1011, UPI kabir.0010@ybl, bank account number 510000032139, Aadhaar 2000 0007 1271, PAN CLNAI0010J, and contacted associate Deepak Agarwal. Offences were recorded under IPC section 420.",Kabir Agarwal|Deepak Agarwal,+917000071271,KA02AB1011,kabir.0010@ybl,Chandni Chowk Delhi,2026-10-08
FIR-2026-0563,"On 2026-10-09, complainant reported suspect Nikhil Agarwal near Charminar Hyderabad. The suspect used phone +917000110866, vehicle MH03AB1018, UPI nikhil.0015@okicici, bank account number 510000049994, Aadhaar 2000 0011 0866, PAN CLNAI0015O, and contacted associate Kavya Agarwal. Offences were recorded under IPC section 420.",Nikhil Agarwal|Kavya Agarwal,+917000110866,MH03AB1018,nikhil.0015@okicici,Charminar Hyderabad,2026-10-09
FIR-2026-0564,"On 2026-10-09, complainant reported suspect Rajesh Agarwal near Gomti Nagar Lucknow. The suspect used phone +917000150461, vehicle TN04AB1025, UPI rajesh.0020@okaxis, bank account number 510000067849, Aadhaar 2000 0015 0461, PAN CLNAI0020T, and contacted associate Pooja Agarwal. Offences were recorded under IPC section 420.",Rajesh Agarwal|Pooja Agarwal,+917000150461,TN04AB1025,rajesh.0020@okaxis,Gomti Nagar Lucknow,2026-10-09
FIR-2026-0565,"On 2026-10-10, complainant reported suspect Sanjay Agarwal near Howrah Kolkata. The suspect used phone +917000190056, vehicle TS05AB1032, UPI sanjay.0025@oksbi, bank account number 510000085704, Aadhaar 2000 0019 0056, PAN CLNAI0025Y, and contacted associate Rakesh Agarwal. Offences were recorded under IPC section 420.",Sanjay Agarwal|Rakesh Agarwal,+917000190056,TS05AB1032,sanjay.0025@oksbi,Howrah Kolkata,2026-10-10
FIR-2026-0566,"On 2026-10-10, complainant reported suspect Vikram Agarwal near Indiranagar Bengaluru. The suspect used phone +917000229651, vehicle UP06AB1039, UPI vikram.0030@upi, bank account number 510000103559, Aadhaar 2000 0022 9651, PAN CLNAI0030D, and contacted associate Shreya Agarwal. Offences were recorded under IPC section 420.",Vikram Agarwal|Shreya Agarwal,+917000229651,UP06AB1039,vikram.0030@upi,Indiranagar Bengaluru,2026-10-10
FIR-2026-0567,"On 2026-10-11, complainant reported suspect Arjun Bansal near Kochi Marine Drive. The suspect used phone +917000269246, vehicle WB07AB1046, UPI arjun.0035@paytm, bank account number 510000121414, Aadhaar 2000 0026 9246, PAN CLNAI0035I, and contacted associate Aarav Bansal. Offences were recorded under IPC section 420.",Arjun Bansal|Aarav Bansal,+917000269246,WB07AB1046,arjun.0035@paytm,Kochi Marine Drive,2026-10-11
FIR-2026-0568,"On 2026-10-11, complainant reported suspect Kabir Bansal near Mumbai Central. The suspect used phone +917000308841, vehicle GJ08AB1053, UPI kabir.0040@ybl, bank account number 510000139269, Aadhaar 2000 0030 8841, PAN CLNAI0040N, and contacted associate Deepak Bansal. Offences were recorded under IPC section 420.",Kabir Bansal|Deepak Bansal,+917000308841,GJ08AB1053,kabir.0040@ybl,Mumbai Central,2026-10-11
FIR-2026-0569,"On 2026-10-12, complainant reported suspect Nikhil Bansal near Pune Camp. The suspect used phone +917000348436, vehicle RJ09AB1060, UPI nikhil.0045@okicici, bank account number 510000157124, Aadhaar 2000 0034 8436, PAN CLNAI0045S, and contacted associate Kavya Bansal. Offences were recorded under IPC section 420.",Nikhil Bansal|Kavya Bansal,+917000348436,RJ09AB1060,nikhil.0045@okicici,Pune Camp,2026-10-12
FIR-2026-0570,"On 2026-10-12, complainant reported suspect Rajesh Bansal near Sector 17 Chandigarh. The suspect used phone +917000388031, vehicle KL10AB1067, UPI rajesh.0050@okaxis, bank account number 510000174979, Aadhaar 2000 0038 8031, PAN CLNAI0050X, and contacted associate Pooja Bansal. Offences were recorded under IPC section 420.",Rajesh Bansal|Pooja Bansal,+917000388031,KL10AB1067,rajesh.0050@okaxis,Sector 17 Chandigarh,2026-10-12
FIR-2026-0571,"On 2026-10-13, complainant reported suspect Sanjay Bansal near T Nagar Chennai. The suspect used phone +917000427626, vehicle DL11AB1074, UPI sanjay.0055@oksbi, bank account number 510000192834, Aadhaar 2000 0042 7626, PAN CLNAI0055C, and contacted associate Rakesh Bansal. Offences were recorded under IPC section 420.",Sanjay Bansal|Rakesh Bansal,+917000427626,DL11AB1074,sanjay.0055@oksbi,T Nagar Chennai,2026-10-13
FIR-2026-0572,"On 2026-10-13, complainant reported suspect Vikram Bansal near Vaishali Ghaziabad. The suspect used phone +917000467221, vehicle KA12AB1081, UPI vikram.0060@upi, bank account number 510000210689, Aadhaar 2000 0046 7221, PAN CLNAI0060H, and contacted associate Shreya Bansal. Offences were recorded under IPC section 420.",Vikram Bansal|Shreya Bansal,+917000467221,KA12AB1081,vikram.0060@upi,Vaishali Ghaziabad,2026-10-13
FIR-2026-0573,"On 2026-10-14, complainant reported suspect Arjun Chauhan near Bengaluru Central. The suspect used phone +917000506816, vehicle MH13AB1088, UPI arjun.0065@paytm, bank account number 510000228544, Aadhaar 2000 0050 6816, PAN CLNAI0065M, and contacted associate Aarav Chauhan. Offences were recorded under IPC section 420.",Arjun Chauhan|Aarav Chauhan,+917000506816,MH13AB1088,arjun.0065@paytm,Bengaluru Central,2026-10-14
FIR-2026-0574,"On 2026-10-14, complainant reported suspect Kabir Chauhan near Chandni Chowk Delhi. The suspect used phone +917000546411, vehicle TN14AB1095, UPI kabir.0070@ybl, bank account number 510000246399, Aadhaar 2000 0054 6411, PAN CLNAI0070R, and contacted associate Deepak Chauhan. Offences were recorded under IPC section 420.",Kabir Chauhan|Deepak Chauhan,+917000546411,TN14AB1095,kabir.0070@ybl,Chandni Chowk Delhi,2026-10-14
FIR-2026-0575,"On 2026-10-15, complainant reported suspect Nikhil Chauhan near Charminar Hyderabad. The suspect used phone +917000586006, vehicle TS15AB1102, UPI nikhil.0075@okicici, bank account number 510000264254, Aadhaar 2000 0058 6006, PAN CLNAI0075W, and contacted associate Kavya Chauhan. Offences were recorded under IPC section 420.",Nikhil Chauhan|Kavya Chauhan,+917000586006,TS15AB1102,nikhil.0075@okicici,Charminar Hyderabad,2026-10-15
FIR-2026-0576,"On 2026-10-15, complainant reported suspect Rajesh Chauhan near Gomti Nagar Lucknow. The suspect used phone +917000625601, vehicle UP16AB1109, UPI rajesh.0080@okaxis, bank account number 510000282109, Aadhaar 2000 0062 5601, PAN CLNAI0080B, and contacted associate Pooja Chauhan. Offences were recorded under IPC section 420.",Rajesh Chauhan|Pooja Chauhan,+917000625601,UP16AB1109,rajesh.0080@okaxis,Gomti Nagar Lucknow,2026-10-15
FIR-2026-0577,"On 2026-10-16, complainant reported suspect Sanjay Chauhan near Howrah Kolkata. The suspect used phone +917000665196, vehicle WB17AB1116, UPI sanjay.0085@oksbi, bank account number 510000299964, Aadhaar 2000 0066 5196, PAN CLNAI0085G, and contacted associate Rakesh Chauhan. Offences were recorded under IPC section 420.",Sanjay Chauhan|Rakesh Chauhan,+917000665196,WB17AB1116,sanjay.0085@oksbi,Howrah Kolkata,2026-10-16
FIR-2026-0578,"On 2026-10-16, complainant reported suspect Vikram Chauhan near Indiranagar Bengaluru. The suspect used phone +917000704791, vehicle GJ18AB1123, UPI vikram.0090@upi, bank account number 510000317819, Aadhaar 2000 0070 4791, PAN CLNAI0090L, and contacted associate Shreya Chauhan. Offences were recorded under IPC section 420.",Vikram Chauhan|Shreya Chauhan,+917000704791,GJ18AB1123,vikram.0090@upi,Indiranagar Bengaluru,2026-10-16
FIR-2026-0579,"On 2026-10-17, complainant reported suspect Arjun Das near Kochi Marine Drive. The suspect used phone +917000744386, vehicle RJ19AB1130, UPI arjun.0095@paytm, bank account number 510000335674, Aadhaar 2000 0074 4386, PAN CLNAI0095Q, and contacted associate Aarav Das. Offences were recorded under IPC section 420.",Arjun Das|Aarav Das,+917000744386,RJ19AB1130,arjun.0095@paytm,Kochi Marine Drive,2026-10-17
FIR-2026-0580,"On 2026-10-17, complainant reported suspect Kabir Das near Mumbai Central. The suspect used phone +917000783981, vehicle KL20AB1137, UPI kabir.0100@ybl, bank account number 510000353529, Aadhaar 2000 0078 3981, PAN CLNAI0100V, and contacted associate Deepak Das. Offences were recorded under IPC section 420.",Kabir Das|Deepak Das,+917000783981,KL20AB1137,kabir.0100@ybl,Mumbai Central,2026-10-17
FIR-2026-0581,"On 2026-10-18, complainant reported suspect Nikhil Das near Pune Camp. The suspect used phone +917000823576, vehicle DL21AB1144, UPI nikhil.0105@okicici, bank account number 510000371384, Aadhaar 2000 0082 3576, PAN CLNAI0105A, and contacted associate Kavya Das. Offences were recorded under IPC section 420.",Nikhil Das|Kavya Das,+917000823576,DL21AB1144,nikhil.0105@okicici,Pune Camp,2026-10-18
FIR-2026-0582,"On 2026-10-18, complainant reported suspect Rajesh Das near Sector 17 Chandigarh. The suspect used phone +917000863171, vehicle KA22AB1151, UPI rajesh.0110@okaxis, bank account number 510000389239, Aadhaar 2000 0086 3171, PAN CLNAI0110F, and contacted associate Pooja Das. Offences were recorded under IPC section 420.",Rajesh Das|Pooja Das,+917000863171,KA22AB1151,rajesh.0110@okaxis,Sector 17 Chandigarh,2026-10-18
FIR-2026-0583,"On 2026-10-19, complainant reported suspect Sanjay Das near T Nagar Chennai. The suspect used phone +917000902766, vehicle MH23AB1158, UPI sanjay.0115@oksbi, bank account number 510000407094, Aadhaar 2000 0090 2766, PAN CLNAI0115K, and contacted associate Rakesh Das. Offences were recorded under IPC section 420.",Sanjay Das|Rakesh Das,+917000902766,MH23AB1158,sanjay.0115@oksbi,T Nagar Chennai,2026-10-19
FIR-2026-0584,"On 2026-10-19, complainant reported suspect Vikram Das near Vaishali Ghaziabad. The suspect used phone +917000942361, vehicle TN24AB1165, UPI vikram.0120@upi, bank account number 510000424949, Aadhaar 2000 0094 2361, PAN CLNAI0120P, and contacted associate Shreya Das. Offences were recorded under IPC section 420.",Vikram Das|Shreya Das,+917000942361,TN24AB1165,vikram.0120@upi,Vaishali Ghaziabad,2026-10-19
FIR-2026-0585,"On 2026-10-20, complainant reported suspect Arjun Gupta near Bengaluru Central. The suspect used phone +917000981956, vehicle TS25AB1172, UPI arjun.0125@paytm, bank account number 510000442804, Aadhaar 2000 0098 1956, PAN CLNAI0125U, and contacted associate Aarav Gupta. Offences were recorded under IPC section 420.",Arjun Gupta|Aarav Gupta,+917000981956,TS25AB1172,arjun.0125@paytm,Bengaluru Central,2026-10-20
FIR-2026-0586,"On 2026-10-20, complainant reported suspect Kabir Gupta near Chandni Chowk Delhi. The suspect used phone +917001021551, vehicle UP26AB1179, UPI kabir.0130@ybl, bank account number 510000460659, Aadhaar 2000 0102 1551, PAN CLNAI0130Z, and contacted associate Deepak Gupta. Offences were recorded under IPC section 420.",Kabir Gupta|Deepak Gupta,+917001021551,UP26AB1179,kabir.0130@ybl,Chandni Chowk Delhi,2026-10-20
FIR-2026-0587,"On 2026-10-21, complainant reported suspect Nikhil Gupta near Charminar Hyderabad. The suspect used phone +917001061146, vehicle WB27AB1186, UPI nikhil.0135@okicici, bank account number 510000478514, Aadhaar 2000 0106 1146, PAN CLNAI0135E, and contacted associate Kavya Gupta. Offences were recorded under IPC section 420.",Nikhil Gupta|Kavya Gupta,+917001061146,WB27AB1186,nikhil.0135@okicici,Charminar Hyderabad,2026-10-21
FIR-2026-0588,"On 2026-10-21, complainant reported suspect Rajesh Gupta near Gomti Nagar Lucknow. The suspect used phone +917001100741, vehicle GJ28AB1193, UPI rajesh.0140@okaxis, bank account number 510000496369, Aadhaar 2000 0110 0741, PAN CLNAI0140J, and contacted associate Pooja Gupta. Offences were recorded under IPC section 420.",Rajesh Gupta|Pooja Gupta,+917001100741,GJ28AB1193,rajesh.0140@okaxis,Gomti Nagar Lucknow,2026-10-21
FIR-2026-0589,"On 2026-10-22, complainant reported suspect Sanjay Gupta near Howrah Kolkata. The suspect used phone +917001140336, vehicle RJ29AB1200, UPI sanjay.0145@oksbi, bank account number 510000514224, Aadhaar 2000 0114 0336, PAN CLNAI0145O, and contacted associate Rakesh Gupta. Offences were recorded under IPC section 420.",Sanjay Gupta|Rakesh Gupta,+917001140336,RJ29AB1200,sanjay.0145@oksbi,Howrah Kolkata,2026-10-22
FIR-2026-0590,"On 2026-10-22, complainant reported suspect Vikram Gupta near Indiranagar Bengaluru. The suspect used phone +917001179931, vehicle KL30AB1207, UPI vikram.0150@upi, bank account number 510000532079, Aadhaar 2000 0117 9931, PAN CLNAI0150T, and contacted associate Shreya Gupta. Offences were recorded under IPC section 420.",Vikram Gupta|Shreya Gupta,+917001179931,KL30AB1207,vikram.0150@upi,Indiranagar Bengaluru,2026-10-22
FIR-2026-0591,"On 2026-10-23, complainant reported suspect Arjun Iyer near Kochi Marine Drive. The suspect used phone +917001219526, vehicle DL31AB1214, UPI arjun.0155@paytm, bank account number 510000549934, Aadhaar 2000 0121 9526, PAN CLNAI0155Y, and contacted associate Aarav Iyer. Offences were recorded under IPC section 420.",Arjun Iyer|Aarav Iyer,+917001219526,DL31AB1214,arjun.0155@paytm,Kochi Marine Drive,2026-10-23
FIR-2026-0592,"On 2026-10-23, complainant reported suspect Kabir Iyer near Mumbai Central. The suspect used phone +917001259121, vehicle KA32AB1221, UPI kabir.0160@ybl, bank account number 510000567789, Aadhaar 2000 0125 9121, PAN CLNAI0160D, and contacted associate Deepak Iyer. Offences were recorded under IPC section 420.",Kabir Iyer|Deepak Iyer,+917001259121,KA32AB1221,kabir.0160@ybl,Mumbai Central,2026-10-23
FIR-2026-0593,"On 2026-10-24, complainant reported suspect Nikhil Iyer near Pune Camp. The suspect used phone +917001298716, vehicle MH33AB1228, UPI nikhil.0165@okicici, bank account number 510000585644, Aadhaar 2000 0129 8716, PAN CLNAI0165I, and contacted associate Kavya Iyer. Offences were recorded under IPC section 420.",Nikhil Iyer|Kavya Iyer,+917001298716,MH33AB1228,nikhil.0165@okicici,Pune Camp,2026-10-24
FIR-2026-0594,"On 2026-10-24, complainant reported suspect Rajesh Iyer near Sector 17 Chandigarh. The suspect used phone +917001338311, vehicle TN34AB1235, UPI rajesh.0170@okaxis, bank account number 510000603499, Aadhaar 2000 0133 8311, PAN CLNAI0170N, and contacted associate Pooja Iyer. Offences were recorded under IPC section 420.",Rajesh Iyer|Pooja Iyer,+917001338311,TN34AB1235,rajesh.0170@okaxis,Sector 17 Chandigarh,2026-10-24
FIR-2026-0595,"On 2026-10-25, complainant reported suspect Sanjay Iyer near T Nagar Chennai. The suspect used phone +917001377906, vehicle TS35AB1242, UPI sanjay.0175@oksbi, bank account number 510000621354, Aadhaar 2000 0137 7906, PAN CLNAI0175S, and contacted associate Rakesh Iyer. Offences were recorded under IPC section 420.",Sanjay Iyer|Rakesh Iyer,+917001377906,TS35AB1242,sanjay.0175@oksbi,T Nagar Chennai,2026-10-25
FIR-2026-0596,"On 2026-10-25, complainant reported suspect Vikram Iyer near Vaishali Ghaziabad. The suspect used phone +917001417501, vehicle UP01AB1249, UPI vikram.0180@upi, bank account number 510000639209, Aadhaar 2000 0141 7501, PAN CLNAI0180X, and contacted associate Shreya Iyer. Offences were recorded under IPC section 420.",Vikram Iyer|Shreya Iyer,+917001417501,UP01AB1249,vikram.0180@upi,Vaishali Ghaziabad,2026-10-25
FIR-2026-0597,"On 2026-10-26, complainant reported suspect Arjun Jain near Bengaluru Central. The suspect used phone +917001457096, vehicle WB02AB1256, UPI arjun.0185@paytm, bank account number 510000657064, Aadhaar 2000 0145 7096, PAN CLNAI0185C, and contacted associate Aarav Jain. Offences were recorded under IPC section 420.",Arjun Jain|Aarav Jain,+917001457096,WB02AB1256,arjun.0185@paytm,Bengaluru Central,2026-10-26
FIR-2026-0598,"On 2026-10-26, complainant reported suspect Kabir Jain near Chandni Chowk Delhi. The suspect used phone +917001496691, vehicle GJ03AB1263, UPI kabir.0190@ybl, bank account number 510000674919, Aadhaar 2000 0149 6691, PAN CLNAI0190H, and contacted associate Deepak Jain. Offences were recorded under IPC section 420.",Kabir Jain|Deepak Jain,+917001496691,GJ03AB1263,kabir.0190@ybl,Chandni Chowk Delhi,2026-10-26
FIR-2026-0599,"On 2026-10-27, complainant reported suspect Nikhil Jain near Charminar Hyderabad. The suspect used phone +917001536286, vehicle RJ04AB1270, UPI nikhil.0195@okicici, bank account number 510000692774, Aadhaar 2000 0153 6286, PAN CLNAI0195M, and contacted associate Kavya Jain. Offences were recorded under IPC section 420.",Nikhil Jain|Kavya Jain,+917001536286,RJ04AB1270,nikhil.0195@okicici,Charminar Hyderabad,2026-10-27
FIR-2026-0600,"On 2026-10-27, complainant reported suspect Rajesh Jain near Gomti Nagar Lucknow. The suspect used phone +917001575881, vehicle KL05AB1277, UPI rajesh.0200@okaxis, bank account number 510000710629, Aadhaar 2000 0157 5881, PAN CLNAI0200R, and contacted associate Pooja Jain. Offences were recorded under IPC section 420.",Rajesh Jain|Pooja Jain,+917001575881,KL05AB1277,rajesh.0200@okaxis,Gomti Nagar Lucknow,2026-10-27
FIR-2026-0601,"On 2026-10-28, complainant reported suspect Aarav Agarwal near Bengaluru Central. The suspect used phone +917000000000, vehicle DL01AB1000, UPI aarav.0001@oksbi, bank account number 510000000000, Aadhaar 2000 0000 0000, PAN CLNAI0001A, and contacted associate Aditi Agarwal. Offences were recorded under IPC section 420.",Aarav Agarwal|Aditi Agarwal,+917000000000,DL01AB1000,aarav.0001@oksbi,Bengaluru Central,2026-10-28
FIR-2026-0602,"On 2026-10-28, complainant reported suspect Deepak Agarwal near Chandni Chowk Delhi. The suspect used phone +917000039595, vehicle KA02AB1007, UPI deepak.0006@upi, bank account number 510000017855, Aadhaar 2000 0003 9595, PAN CLNAI0006F, and contacted associate Divya Agarwal. Offences were recorded under IPC section 420.",Deepak Agarwal|Divya Agarwal,+917000039595,KA02AB1007,deepak.0006@upi,Chandni Chowk Delhi,2026-10-28
FIR-2026-0603,"On 2026-10-29, complainant reported suspect Kavya Agarwal near Charminar Hyderabad. The suspect used phone +917000079190, vehicle MH03AB1014, UPI kavya.0011@paytm, bank account number 510000035710, Aadhaar 2000 0007 9190, PAN CLNAI0011K, and contacted associate Manoj Agarwal. Offences were recorded under IPC section 420.",Kavya Agarwal|Manoj Agarwal,+917000079190,MH03AB1014,kavya.0011@paytm,Charminar Hyderabad,2026-10-29
FIR-2026-0604,"On 2026-10-29, complainant reported suspect Pooja Agarwal near Gomti Nagar Lucknow. The suspect used phone +917000118785, vehicle TN04AB1021, UPI pooja.0016@ybl, bank account number 510000053565, Aadhaar 2000 0011 8785, PAN CLNAI0016P, and contacted associate Pranav Agarwal. Offences were recorded under IPC section 420.",Pooja Agarwal|Pranav Agarwal,+917000118785,TN04AB1021,pooja.0016@ybl,Gomti Nagar Lucknow,2026-10-29
FIR-2026-0605,"On 2026-10-30, complainant reported suspect Rakesh Agarwal near Howrah Kolkata. The suspect used phone +917000158380, vehicle TS05AB1028, UPI rakesh.0021@okicici, bank account number 510000071420, Aadhaar 2000 0015 8380, PAN CLNAI0021U, and contacted associate Riya Agarwal. Offences were recorded under IPC section 420.",Rakesh Agarwal|Riya Agarwal,+917000158380,TS05AB1028,rakesh.0021@okicici,Howrah Kolkata,2026-10-30
FIR-2026-0606,"On 2026-10-30, complainant reported suspect Shreya Agarwal near Indiranagar Bengaluru. The suspect used phone +917000197975, vehicle UP06AB1035, UPI shreya.0026@okaxis, bank account number 510000089275, Aadhaar 2000 0019 7975, PAN CLNAI0026Z, and contacted associate Suresh Agarwal. Offences were recorded under IPC section 420.",Shreya Agarwal|Suresh Agarwal,+917000197975,UP06AB1035,shreya.0026@okaxis,Indiranagar Bengaluru,2026-10-30
FIR-2026-0607,"On 2026-10-31, complainant reported suspect Aarav Bansal near Kochi Marine Drive. The suspect used phone +917000237570, vehicle WB07AB1042, UPI aarav.0031@oksbi, bank account number 510000107130, Aadhaar 2000 0023 7570, PAN CLNAI0031E, and contacted associate Aditi Bansal. Offences were recorded under IPC section 420.",Aarav Bansal|Aditi Bansal,+917000237570,WB07AB1042,aarav.0031@oksbi,Kochi Marine Drive,2026-10-31
FIR-2026-0608,"On 2026-10-31, complainant reported suspect Deepak Bansal near Mumbai Central. The suspect used phone +917000277165, vehicle GJ08AB1049, UPI deepak.0036@upi, bank account number 510000124985, Aadhaar 2000 0027 7165, PAN CLNAI0036J, and contacted associate Divya Bansal. Offences were recorded under IPC section 420.",Deepak Bansal|Divya Bansal,+917000277165,GJ08AB1049,deepak.0036@upi,Mumbai Central,2026-10-31
FIR-2026-0609,"On 2026-11-01, complainant reported suspect Kavya Bansal near Pune Camp. The suspect used phone +917000316760, vehicle RJ09AB1056, UPI kavya.0041@paytm, bank account number 510000142840, Aadhaar 2000 0031 6760, PAN CLNAI0041O, and contacted associate Manoj Bansal. Offences were recorded under IPC section 420.",Kavya Bansal|Manoj Bansal,+917000316760,RJ09AB1056,kavya.0041@paytm,Pune Camp,2026-11-01
FIR-2026-0610,"On 2026-11-01, complainant reported suspect Pooja Bansal near Sector 17 Chandigarh. The suspect used phone +917000356355, vehicle KL10AB1063, UPI pooja.0046@ybl, bank account number 510000160695, Aadhaar 2000 0035 6355, PAN CLNAI0046T, and contacted associate Pranav Bansal. Offences were recorded under IPC section 420.",Pooja Bansal|Pranav Bansal,+917000356355,KL10AB1063,pooja.0046@ybl,Sector 17 Chandigarh,2026-11-01
FIR-2026-0611,"On 2026-11-02, complainant reported suspect Rakesh Bansal near T Nagar Chennai. The suspect used phone +917000395950, vehicle DL11AB1070, UPI rakesh.0051@okicici, bank account number 510000178550, Aadhaar 2000 0039 5950, PAN CLNAI0051Y, and contacted associate Riya Bansal. Offences were recorded under IPC section 420.",Rakesh Bansal|Riya Bansal,+917000395950,DL11AB1070,rakesh.0051@okicici,T Nagar Chennai,2026-11-02
FIR-2026-0612,"On 2026-11-02, complainant reported suspect Shreya Bansal near Vaishali Ghaziabad. The suspect used phone +917000435545, vehicle KA12AB1077, UPI shreya.0056@okaxis, bank account number 510000196405, Aadhaar 2000 0043 5545, PAN CLNAI0056D, and contacted associate Suresh Bansal. Offences were recorded under IPC section 420.",Shreya Bansal|Suresh Bansal,+917000435545,KA12AB1077,shreya.0056@okaxis,Vaishali Ghaziabad,2026-11-02
FIR-2026-0613,"On 2026-11-03, complainant reported suspect Aarav Chauhan near Bengaluru Central. The suspect used phone +917000475140, vehicle MH13AB1084, UPI aarav.0061@oksbi, bank account number 510000214260, Aadhaar 2000 0047 5140, PAN CLNAI0061I, and contacted associate Aditi Chauhan. Offences were recorded under IPC section 420.",Aarav Chauhan|Aditi Chauhan,+917000475140,MH13AB1084,aarav.0061@oksbi,Bengaluru Central,2026-11-03
FIR-2026-0614,"On 2026-11-03, complainant reported suspect Deepak Chauhan near Chandni Chowk Delhi. The suspect used phone +917000514735, vehicle TN14AB1091, UPI deepak.0066@upi, bank account number 510000232115, Aadhaar 2000 0051 4735, PAN CLNAI0066N, and contacted associate Divya Chauhan. Offences were recorded under IPC section 420.",Deepak Chauhan|Divya Chauhan,+917000514735,TN14AB1091,deepak.0066@upi,Chandni Chowk Delhi,2026-11-03
FIR-2026-0615,"On 2026-11-04, complainant reported suspect Kavya Chauhan near Charminar Hyderabad. The suspect used phone +917000554330, vehicle TS15AB1098, UPI kavya.0071@paytm, bank account number 510000249970, Aadhaar 2000 0055 4330, PAN CLNAI0071S, and contacted associate Manoj Chauhan. Offences were recorded under IPC section 420.",Kavya Chauhan|Manoj Chauhan,+917000554330,TS15AB1098,kavya.0071@paytm,Charminar Hyderabad,2026-11-04
FIR-2026-0616,"On 2026-11-04, complainant reported suspect Pooja Chauhan near Gomti Nagar Lucknow. The suspect used phone +917000593925, vehicle UP16AB1105, UPI pooja.0076@ybl, bank account number 510000267825, Aadhaar 2000 0059 3925, PAN CLNAI0076X, and contacted associate Pranav Chauhan. Offences were recorded under IPC section 420.",Pooja Chauhan|Pranav Chauhan,+917000593925,UP16AB1105,pooja.0076@ybl,Gomti Nagar Lucknow,2026-11-04
FIR-2026-0617,"On 2026-11-05, complainant reported suspect Rakesh Chauhan near Howrah Kolkata. The suspect used phone +917000633520, vehicle WB17AB1112, UPI rakesh.0081@okicici, bank account number 510000285680, Aadhaar 2000 0063 3520, PAN CLNAI0081C, and contacted associate Riya Chauhan. Offences were recorded under IPC section 420.",Rakesh Chauhan|Riya Chauhan,+917000633520,WB17AB1112,rakesh.0081@okicici,Howrah Kolkata,2026-11-05
FIR-2026-0618,"On 2026-11-05, complainant reported suspect Shreya Chauhan near Indiranagar Bengaluru. The suspect used phone +917000673115, vehicle GJ18AB1119, UPI shreya.0086@okaxis, bank account number 510000303535, Aadhaar 2000 0067 3115, PAN CLNAI0086H, and contacted associate Suresh Chauhan. Offences were recorded under IPC section 420.",Shreya Chauhan|Suresh Chauhan,+917000673115,GJ18AB1119,shreya.0086@okaxis,Indiranagar Bengaluru,2026-11-05
FIR-2026-0619,"On 2026-11-06, complainant reported suspect Aarav Das near Kochi Marine Drive. The suspect used phone +917000712710, vehicle RJ19AB1126, UPI aarav.0091@oksbi, bank account number 510000321390, Aadhaar 2000 0071 2710, PAN CLNAI0091M, and contacted associate Aditi Das. Offences were recorded under IPC section 420.",Aarav Das|Aditi Das,+917000712710,RJ19AB1126,aarav.0091@oksbi,Kochi Marine Drive,2026-11-06
FIR-2026-0620,"On 2026-11-06, complainant reported suspect Deepak Das near Mumbai Central. The suspect used phone +917000752305, vehicle KL20AB1133, UPI deepak.0096@upi, bank account number 510000339245, Aadhaar 2000 0075 2305, PAN CLNAI0096R, and contacted associate Divya Das. Offences were recorded under IPC section 420.",Deepak Das|Divya Das,+917000752305,KL20AB1133,deepak.0096@upi,Mumbai Central,2026-11-06
FIR-2026-0621,"On 2026-11-07, complainant reported suspect Kavya Das near Pune Camp. The suspect used phone +917000791900, vehicle DL21AB1140, UPI kavya.0101@paytm, bank account number 510000357100, Aadhaar 2000 0079 1900, PAN CLNAI0101W, and contacted associate Manoj Das. Offences were recorded under IPC section 420.",Kavya Das|Manoj Das,+917000791900,DL21AB1140,kavya.0101@paytm,Pune Camp,2026-11-07
FIR-2026-0622,"On 2026-11-07, complainant reported suspect Pooja Das near Sector 17 Chandigarh. The suspect used phone +917000831495, vehicle KA22AB1147, UPI pooja.0106@ybl, bank account number 510000374955, Aadhaar 2000 0083 1495, PAN CLNAI0106B, and contacted associate Pranav Das. Offences were recorded under IPC section 420.",Pooja Das|Pranav Das,+917000831495,KA22AB1147,pooja.0106@ybl,Sector 17 Chandigarh,2026-11-07
FIR-2026-0623,"On 2026-11-08, complainant reported suspect Rakesh Das near T Nagar Chennai. The suspect used phone +917000871090, vehicle MH23AB1154, UPI rakesh.0111@okicici, bank account number 510000392810, Aadhaar 2000 0087 1090, PAN CLNAI0111G, and contacted associate Riya Das. Offences were recorded under IPC section 420.",Rakesh Das|Riya Das,+917000871090,MH23AB1154,rakesh.0111@okicici,T Nagar Chennai,2026-11-08
FIR-2026-0624,"On 2026-11-08, complainant reported suspect Shreya Das near Vaishali Ghaziabad. The suspect used phone +917000910685, vehicle TN24AB1161, UPI shreya.0116@okaxis, bank account number 510000410665, Aadhaar 2000 0091 0685, PAN CLNAI0116L, and contacted associate Suresh Das. Offences were recorded under IPC section 420.",Shreya Das|Suresh Das,+917000910685,TN24AB1161,shreya.0116@okaxis,Vaishali Ghaziabad,2026-11-08
FIR-2026-0625,"On 2026-11-09, complainant reported suspect Aarav Gupta near Bengaluru Central. The suspect used phone +917000950280, vehicle TS25AB1168, UPI aarav.0121@oksbi, bank account number 510000428520, Aadhaar 2000 0095 0280, PAN CLNAI0121Q, and contacted associate Aditi Gupta. Offences were recorded under IPC section 420.",Aarav Gupta|Aditi Gupta,+917000950280,TS25AB1168,aarav.0121@oksbi,Bengaluru Central,2026-11-09
FIR-2026-0626,"On 2026-11-09, complainant reported suspect Deepak Gupta near Chandni Chowk Delhi. The suspect used phone +917000989875, vehicle UP26AB1175, UPI deepak.0126@upi, bank account number 510000446375, Aadhaar 2000 0098 9875, PAN CLNAI0126V, and contacted associate Divya Gupta. Offences were recorded under IPC section 420.",Deepak Gupta|Divya Gupta,+917000989875,UP26AB1175,deepak.0126@upi,Chandni Chowk Delhi,2026-11-09
FIR-2026-0627,"On 2026-11-10, complainant reported suspect Kavya Gupta near Charminar Hyderabad. The suspect used phone +917001029470, vehicle WB27AB1182, UPI kavya.0131@paytm, bank account number 510000464230, Aadhaar 2000 0102 9470, PAN CLNAI0131A, and contacted associate Manoj Gupta. Offences were recorded under IPC section 420.",Kavya Gupta|Manoj Gupta,+917001029470,WB27AB1182,kavya.0131@paytm,Charminar Hyderabad,2026-11-10
FIR-2026-0628,"On 2026-11-10, complainant reported suspect Pooja Gupta near Gomti Nagar Lucknow. The suspect used phone +917001069065, vehicle GJ28AB1189, UPI pooja.0136@ybl, bank account number 510000482085, Aadhaar 2000 0106 9065, PAN CLNAI0136F, and contacted associate Pranav Gupta. Offences were recorded under IPC section 420.",Pooja Gupta|Pranav Gupta,+917001069065,GJ28AB1189,pooja.0136@ybl,Gomti Nagar Lucknow,2026-11-10
FIR-2026-0629,"On 2026-11-11, complainant reported suspect Rakesh Gupta near Howrah Kolkata. The suspect used phone +917001108660, vehicle RJ29AB1196, UPI rakesh.0141@okicici, bank account number 510000499940, Aadhaar 2000 0110 8660, PAN CLNAI0141K, and contacted associate Riya Gupta. Offences were recorded under IPC section 420.",Rakesh Gupta|Riya Gupta,+917001108660,RJ29AB1196,rakesh.0141@okicici,Howrah Kolkata,2026-11-11
FIR-2026-0630,"On 2026-11-11, complainant reported suspect Shreya Gupta near Indiranagar Bengaluru. The suspect used phone +917001148255, vehicle KL30AB1203, UPI shreya.0146@okaxis, bank account number 510000517795, Aadhaar 2000 0114 8255, PAN CLNAI0146P, and contacted associate Suresh Gupta. Offences were recorded under IPC section 420.",Shreya Gupta|Suresh Gupta,+917001148255,KL30AB1203,shreya.0146@okaxis,Indiranagar Bengaluru,2026-11-11
FIR-2026-0631,"On 2026-11-12, complainant reported suspect Aarav Iyer near Kochi Marine Drive. The suspect used phone +917001187850, vehicle DL31AB1210, UPI aarav.0151@oksbi, bank account number 510000535650, Aadhaar 2000 0118 7850, PAN CLNAI0151U, and contacted associate Aditi Iyer. Offences were recorded under IPC section 420.",Aarav Iyer|Aditi Iyer,+917001187850,DL31AB1210,aarav.0151@oksbi,Kochi Marine Drive,2026-11-12
FIR-2026-0632,"On 2026-11-12, complainant reported suspect Deepak Iyer near Mumbai Central. The suspect used phone +917001227445, vehicle KA32AB1217, UPI deepak.0156@upi, bank account number 510000553505, Aadhaar 2000 0122 7445, PAN CLNAI0156Z, and contacted associate Divya Iyer. Offences were recorded under IPC section 420.",Deepak Iyer|Divya Iyer,+917001227445,KA32AB1217,deepak.0156@upi,Mumbai Central,2026-11-12
FIR-2026-0633,"On 2026-11-13, complainant reported suspect Kavya Iyer near Pune Camp. The suspect used phone +917001267040, vehicle MH33AB1224, UPI kavya.0161@paytm, bank account number 510000571360, Aadhaar 2000 0126 7040, PAN CLNAI0161E, and contacted associate Manoj Iyer. Offences were recorded under IPC section 420.",Kavya Iyer|Manoj Iyer,+917001267040,MH33AB1224,kavya.0161@paytm,Pune Camp,2026-11-13
FIR-2026-0634,"On 2026-11-13, complainant reported suspect Pooja Iyer near Sector 17 Chandigarh. The suspect used phone +917001306635, vehicle TN34AB1231, UPI pooja.0166@ybl, bank account number 510000589215, Aadhaar 2000 0130 6635, PAN CLNAI0166J, and contacted associate Pranav Iyer. Offences were recorded under IPC section 420.",Pooja Iyer|Pranav Iyer,+917001306635,TN34AB1231,pooja.0166@ybl,Sector 17 Chandigarh,2026-11-13
FIR-2026-0635,"On 2026-11-14, complainant reported suspect Rakesh Iyer near T Nagar Chennai. The suspect used phone +917001346230, vehicle TS35AB1238, UPI rakesh.0171@okicici, bank account number 510000607070, Aadhaar 2000 0134 6230, PAN CLNAI0171O, and contacted associate Riya Iyer. Offences were recorded under IPC section 420.",Rakesh Iyer|Riya Iyer,+917001346230,TS35AB1238,rakesh.0171@okicici,T Nagar Chennai,2026-11-14
FIR-2026-0636,"On 2026-11-14, complainant reported suspect Shreya Iyer near Vaishali Ghaziabad. The suspect used phone +917001385825, vehicle UP01AB1245, UPI shreya.0176@okaxis, bank account number 510000624925, Aadhaar 2000 0138 5825, PAN CLNAI0176T, and contacted associate Suresh Iyer. Offences were recorded under IPC section 420.",Shreya Iyer|Suresh Iyer,+917001385825,UP01AB1245,shreya.0176@okaxis,Vaishali Ghaziabad,2026-11-14
FIR-2026-0637,"On 2026-11-15, complainant reported suspect Aarav Jain near Bengaluru Central. The suspect used phone +917001425420, vehicle WB02AB1252, UPI aarav.0181@oksbi, bank account number 510000642780, Aadhaar 2000 0142 5420, PAN CLNAI0181Y, and contacted associate Aditi Jain. Offences were recorded under IPC section 420.",Aarav Jain|Aditi Jain,+917001425420,WB02AB1252,aarav.0181@oksbi,Bengaluru Central,2026-11-15
FIR-2026-0638,"On 2026-11-15, complainant reported suspect Deepak Jain near Chandni Chowk Delhi. The suspect used phone +917001465015, vehicle GJ03AB1259, UPI deepak.0186@upi, bank account number 510000660635, Aadhaar 2000 0146 5015, PAN CLNAI0186D, and contacted associate Divya Jain. Offences were recorded under IPC section 420.",Deepak Jain|Divya Jain,+917001465015,GJ03AB1259,deepak.0186@upi,Chandni Chowk Delhi,2026-11-15
FIR-2026-0639,"On 2026-11-16, complainant reported suspect Kavya Jain near Charminar Hyderabad. The suspect used phone +917001504610, vehicle RJ04AB1266, UPI kavya.0191@paytm, bank account number 510000678490, Aadhaar 2000 0150 4610, PAN CLNAI0191I, and contacted associate Manoj Jain. Offences were recorded under IPC section 420.",Kavya Jain|Manoj Jain,+917001504610,RJ04AB1266,kavya.0191@paytm,Charminar Hyderabad,2026-11-16
FIR-2026-0640,"On 2026-11-16, complainant reported suspect Pooja Jain near Gomti Nagar Lucknow. The suspect used phone +917001544205, vehicle KL05AB1273, UPI pooja.0196@ybl, bank account number 510000696345, Aadhaar 2000 0154 4205, PAN CLNAI0196N, and contacted associate Pranav Jain. Offences were recorded under IPC section 420.",Pooja Jain|Pranav Jain,+917001544205,KL05AB1273,pooja.0196@ybl,Gomti Nagar Lucknow,2026-11-16
FIR-2026-0641,"On 2026-11-17, complainant reported suspect Aditi Agarwal near Bengaluru Central. The suspect used phone +917000007919, vehicle DL01AB1001, UPI aditi.0002@okaxis, bank account number 510000003571, Aadhaar 2000 0000 7919, PAN CLNAI0002B, and contacted associate Akash Agarwal. Offences were recorded under IPC section 420.",Aditi Agarwal|Akash Agarwal,+917000007919,DL01AB1001,aditi.0002@okaxis,Bengaluru Central,2026-11-17
FIR-2026-0642,"On 2026-11-17, complainant reported suspect Divya Agarwal near Chandni Chowk Delhi. The suspect used phone +917000047514, vehicle KA02AB1008, UPI divya.0007@oksbi, bank account number 510000021426, Aadhaar 2000 0004 7514, PAN CLNAI0007G, and contacted associate Farhan Agarwal. Offences were recorded under IPC section 420.",Divya Agarwal|Farhan Agarwal,+917000047514,KA02AB1008,divya.0007@oksbi,Chandni Chowk Delhi,2026-11-17
FIR-2026-0643,"On 2026-11-18, complainant reported suspect Manoj Agarwal near Charminar Hyderabad. The suspect used phone +917000087109, vehicle MH03AB1015, UPI manoj.0012@upi, bank account number 510000039281, Aadhaar 2000 0008 7109, PAN CLNAI0012L, and contacted associate Meera Agarwal. Offences were recorded under IPC section 420.",Manoj Agarwal|Meera Agarwal,+917000087109,MH03AB1015,manoj.0012@upi,Charminar Hyderabad,2026-11-18
FIR-2026-0644,"On 2026-11-18, complainant reported suspect Pranav Agarwal near Gomti Nagar Lucknow. The suspect used phone +917000126704, vehicle TN04AB1022, UPI pranav.0017@paytm, bank account number 510000057136, Aadhaar 2000 0012 6704, PAN CLNAI0017Q, and contacted associate Priya Agarwal. Offences were recorded under IPC section 420.",Pranav Agarwal|Priya Agarwal,+917000126704,TN04AB1022,pranav.0017@paytm,Gomti Nagar Lucknow,2026-11-18
FIR-2026-0645,"On 2026-11-19, complainant reported suspect Riya Agarwal near Howrah Kolkata. The suspect used phone +917000166299, vehicle TS05AB1029, UPI riya.0022@ybl, bank account number 510000074991, Aadhaar 2000 0016 6299, PAN CLNAI0022V, and contacted associate Rohan Agarwal. Offences were recorded under IPC section 420.",Riya Agarwal|Rohan Agarwal,+917000166299,TS05AB1029,riya.0022@ybl,Howrah Kolkata,2026-11-19
FIR-2026-0646,"On 2026-11-19, complainant reported suspect Suresh Agarwal near Indiranagar Bengaluru. The suspect used phone +917000205894, vehicle UP06AB1036, UPI suresh.0027@okicici, bank account number 510000092846, Aadhaar 2000 0020 5894, PAN CLNAI0027A, and contacted associate Tanvi Agarwal. Offences were recorded under IPC section 420.",Suresh Agarwal|Tanvi Agarwal,+917000205894,UP06AB1036,suresh.0027@okicici,Indiranagar Bengaluru,2026-11-19
FIR-2026-0647,"On 2026-11-20, complainant reported suspect Aditi Bansal near Kochi Marine Drive. The suspect used phone +917000245489, vehicle WB07AB1043, UPI aditi.0032@okaxis, bank account number 510000110701, Aadhaar 2000 0024 5489, PAN CLNAI0032F, and contacted associate Akash Bansal. Offences were recorded under IPC section 420.",Aditi Bansal|Akash Bansal,+917000245489,WB07AB1043,aditi.0032@okaxis,Kochi Marine Drive,2026-11-20
FIR-2026-0648,"On 2026-11-20, complainant reported suspect Divya Bansal near Mumbai Central. The suspect used phone +917000285084, vehicle GJ08AB1050, UPI divya.0037@oksbi, bank account number 510000128556, Aadhaar 2000 0028 5084, PAN CLNAI0037K, and contacted associate Farhan Bansal. Offences were recorded under IPC section 420.",Divya Bansal|Farhan Bansal,+917000285084,GJ08AB1050,divya.0037@oksbi,Mumbai Central,2026-11-20
FIR-2026-0649,"On 2026-11-21, complainant reported suspect Manoj Bansal near Pune Camp. The suspect used phone +917000324679, vehicle RJ09AB1057, UPI manoj.0042@upi, bank account number 510000146411, Aadhaar 2000 0032 4679, PAN CLNAI0042P, and contacted associate Meera Bansal. Offences were recorded under IPC section 420.",Manoj Bansal|Meera Bansal,+917000324679,RJ09AB1057,manoj.0042@upi,Pune Camp,2026-11-21
FIR-2026-0650,"On 2026-11-21, complainant reported suspect Pranav Bansal near Sector 17 Chandigarh. The suspect used phone +917000364274, vehicle KL10AB1064, UPI pranav.0047@paytm, bank account number 510000164266, Aadhaar 2000 0036 4274, PAN CLNAI0047U, and contacted associate Priya Bansal. Offences were recorded under IPC section 420.",Pranav Bansal|Priya Bansal,+917000364274,KL10AB1064,pranav.0047@paytm,Sector 17 Chandigarh,2026-11-21
FIR-2026-0651,"On 2026-11-22, complainant reported suspect Riya Bansal near T Nagar Chennai. The suspect used phone +917000403869, vehicle DL11AB1071, UPI riya.0052@ybl, bank account number 510000182121, Aadhaar 2000 0040 3869, PAN CLNAI0052Z, and contacted associate Rohan Bansal. Offences were recorded under IPC section 420.",Riya Bansal|Rohan Bansal,+917000403869,DL11AB1071,riya.0052@ybl,T Nagar Chennai,2026-11-22
FIR-2026-0652,"On 2026-11-22, complainant reported suspect Suresh Bansal near Vaishali Ghaziabad. The suspect used phone +917000443464, vehicle KA12AB1078, UPI suresh.0057@okicici, bank account number 510000199976, Aadhaar 2000 0044 3464, PAN CLNAI0057E, and contacted associate Tanvi Bansal. Offences were recorded under IPC section 420.",Suresh Bansal|Tanvi Bansal,+917000443464,KA12AB1078,suresh.0057@okicici,Vaishali Ghaziabad,2026-11-22
FIR-2026-0653,"On 2026-11-23, complainant reported suspect Aditi Chauhan near Bengaluru Central. The suspect used phone +917000483059, vehicle MH13AB1085, UPI aditi.0062@okaxis, bank account number 510000217831, Aadhaar 2000 0048 3059, PAN CLNAI0062J, and contacted associate Akash Chauhan. Offences were recorded under IPC section 420.",Aditi Chauhan|Akash Chauhan,+917000483059,MH13AB1085,aditi.0062@okaxis,Bengaluru Central,2026-11-23
FIR-2026-0654,"On 2026-11-23, complainant reported suspect Divya Chauhan near Chandni Chowk Delhi. The suspect used phone +917000522654, vehicle TN14AB1092, UPI divya.0067@oksbi, bank account number 510000235686, Aadhaar 2000 0052 2654, PAN CLNAI0067O, and contacted associate Farhan Chauhan. Offences were recorded under IPC section 420.",Divya Chauhan|Farhan Chauhan,+917000522654,TN14AB1092,divya.0067@oksbi,Chandni Chowk Delhi,2026-11-23
FIR-2026-0655,"On 2026-11-24, complainant reported suspect Manoj Chauhan near Charminar Hyderabad. The suspect used phone +917000562249, vehicle TS15AB1099, UPI manoj.0072@upi, bank account number 510000253541, Aadhaar 2000 0056 2249, PAN CLNAI0072T, and contacted associate Meera Chauhan. Offences were recorded under IPC section 420.",Manoj Chauhan|Meera Chauhan,+917000562249,TS15AB1099,manoj.0072@upi,Charminar Hyderabad,2026-11-24
FIR-2026-0656,"On 2026-11-24, complainant reported suspect Pranav Chauhan near Gomti Nagar Lucknow. The suspect used phone +917000601844, vehicle UP16AB1106, UPI pranav.0077@paytm, bank account number 510000271396, Aadhaar 2000 0060 1844, PAN CLNAI0077Y, and contacted associate Priya Chauhan. Offences were recorded under IPC section 420.",Pranav Chauhan|Priya Chauhan,+917000601844,UP16AB1106,pranav.0077@paytm,Gomti Nagar Lucknow,2026-11-24
FIR-2026-0657,"On 2026-11-25, complainant reported suspect Riya Chauhan near Howrah Kolkata. The suspect used phone +917000641439, vehicle WB17AB1113, UPI riya.0082@ybl, bank account number 510000289251, Aadhaar 2000 0064 1439, PAN CLNAI0082D, and contacted associate Rohan Chauhan. Offences were recorded under IPC section 420.",Riya Chauhan|Rohan Chauhan,+917000641439,WB17AB1113,riya.0082@ybl,Howrah Kolkata,2026-11-25
FIR-2026-0658,"On 2026-11-25, complainant reported suspect Suresh Chauhan near Indiranagar Bengaluru. The suspect used phone +917000681034, vehicle GJ18AB1120, UPI suresh.0087@okicici, bank account number 510000307106, Aadhaar 2000 0068 1034, PAN CLNAI0087I, and contacted associate Tanvi Chauhan. Offences were recorded under IPC section 420.",Suresh Chauhan|Tanvi Chauhan,+917000681034,GJ18AB1120,suresh.0087@okicici,Indiranagar Bengaluru,2026-11-25
FIR-2026-0659,"On 2026-11-26, complainant reported suspect Aditi Das near Kochi Marine Drive. The suspect used phone +917000720629, vehicle RJ19AB1127, UPI aditi.0092@okaxis, bank account number 510000324961, Aadhaar 2000 0072 0629, PAN CLNAI0092N, and contacted associate Akash Das. Offences were recorded under IPC section 420.",Aditi Das|Akash Das,+917000720629,RJ19AB1127,aditi.0092@okaxis,Kochi Marine Drive,2026-11-26
FIR-2026-0660,"On 2026-11-26, complainant reported suspect Divya Das near Mumbai Central. The suspect used phone +917000760224, vehicle KL20AB1134, UPI divya.0097@oksbi, bank account number 510000342816, Aadhaar 2000 0076 0224, PAN CLNAI0097S, and contacted associate Farhan Das. Offences were recorded under IPC section 420.",Divya Das|Farhan Das,+917000760224,KL20AB1134,divya.0097@oksbi,Mumbai Central,2026-11-26
FIR-2026-0661,"On 2026-11-27, complainant reported suspect Manoj Das near Pune Camp. The suspect used phone +917000799819, vehicle DL21AB1141, UPI manoj.0102@upi, bank account number 510000360671, Aadhaar 2000 0079 9819, PAN CLNAI0102X, and contacted associate Meera Das. Offences were recorded under IPC section 420.",Manoj Das|Meera Das,+917000799819,DL21AB1141,manoj.0102@upi,Pune Camp,2026-11-27
FIR-2026-0662,"On 2026-11-27, complainant reported suspect Pranav Das near Sector 17 Chandigarh. The suspect used phone +917000839414, vehicle KA22AB1148, UPI pranav.0107@paytm, bank account number 510000378526, Aadhaar 2000 0083 9414, PAN CLNAI0107C, and contacted associate Priya Das. Offences were recorded under IPC section 420.",Pranav Das|Priya Das,+917000839414,KA22AB1148,pranav.0107@paytm,Sector 17 Chandigarh,2026-11-27
FIR-2026-0663,"On 2026-11-28, complainant reported suspect Riya Das near T Nagar Chennai. The suspect used phone +917000879009, vehicle MH23AB1155, UPI riya.0112@ybl, bank account number 510000396381, Aadhaar 2000 0087 9009, PAN CLNAI0112H, and contacted associate Rohan Das. Offences were recorded under IPC section 420.",Riya Das|Rohan Das,+917000879009,MH23AB1155,riya.0112@ybl,T Nagar Chennai,2026-11-28
FIR-2026-0664,"On 2026-11-28, complainant reported suspect Suresh Das near Vaishali Ghaziabad. The suspect used phone +917000918604, vehicle TN24AB1162, UPI suresh.0117@okicici, bank account number 510000414236, Aadhaar 2000 0091 8604, PAN CLNAI0117M, and contacted associate Tanvi Das. Offences were recorded under IPC section 420.",Suresh Das|Tanvi Das,+917000918604,TN24AB1162,suresh.0117@okicici,Vaishali Ghaziabad,2026-11-28
FIR-2026-0665,"On 2026-11-29, complainant reported suspect Aditi Gupta near Bengaluru Central. The suspect used phone +917000958199, vehicle TS25AB1169, UPI aditi.0122@okaxis, bank account number 510000432091, Aadhaar 2000 0095 8199, PAN CLNAI0122R, and contacted associate Akash Gupta. Offences were recorded under IPC section 420.",Aditi Gupta|Akash Gupta,+917000958199,TS25AB1169,aditi.0122@okaxis,Bengaluru Central,2026-11-29
FIR-2026-0666,"On 2026-11-29, complainant reported suspect Divya Gupta near Chandni Chowk Delhi. The suspect used phone +917000997794, vehicle UP26AB1176, UPI divya.0127@oksbi, bank account number 510000449946, Aadhaar 2000 0099 7794, PAN CLNAI0127W, and contacted associate Farhan Gupta. Offences were recorded under IPC section 420.",Divya Gupta|Farhan Gupta,+917000997794,UP26AB1176,divya.0127@oksbi,Chandni Chowk Delhi,2026-11-29
FIR-2026-0667,"On 2026-11-30, complainant reported suspect Manoj Gupta near Charminar Hyderabad. The suspect used phone +917001037389, vehicle WB27AB1183, UPI manoj.0132@upi, bank account number 510000467801, Aadhaar 2000 0103 7389, PAN CLNAI0132B, and contacted associate Meera Gupta. Offences were recorded under IPC section 420.",Manoj Gupta|Meera Gupta,+917001037389,WB27AB1183,manoj.0132@upi,Charminar Hyderabad,2026-11-30
FIR-2026-0668,"On 2026-11-30, complainant reported suspect Pranav Gupta near Gomti Nagar Lucknow. The suspect used phone +917001076984, vehicle GJ28AB1190, UPI pranav.0137@paytm, bank account number 510000485656, Aadhaar 2000 0107 6984, PAN CLNAI0137G, and contacted associate Priya Gupta. Offences were recorded under IPC section 420.",Pranav Gupta|Priya Gupta,+917001076984,GJ28AB1190,pranav.0137@paytm,Gomti Nagar Lucknow,2026-11-30
FIR-2026-0669,"On 2026-12-01, complainant reported suspect Riya Gupta near Howrah Kolkata. The suspect used phone +917001116579, vehicle RJ29AB1197, UPI riya.0142@ybl, bank account number 510000503511, Aadhaar 2000 0111 6579, PAN CLNAI0142L, and contacted associate Rohan Gupta. Offences were recorded under IPC section 420.",Riya Gupta|Rohan Gupta,+917001116579,RJ29AB1197,riya.0142@ybl,Howrah Kolkata,2026-12-01
FIR-2026-0670,"On 2026-12-01, complainant reported suspect Suresh Gupta near Indiranagar Bengaluru. The suspect used phone +917001156174, vehicle KL30AB1204, UPI suresh.0147@okicici, bank account number 510000521366, Aadhaar 2000 0115 6174, PAN CLNAI0147Q, and contacted associate Tanvi Gupta. Offences were recorded under IPC section 420.",Suresh Gupta|Tanvi Gupta,+917001156174,KL30AB1204,suresh.0147@okicici,Indiranagar Bengaluru,2026-12-01
FIR-2026-0671,"On 2026-12-02, complainant reported suspect Aditi Iyer near Kochi Marine Drive. The suspect used phone +917001195769, vehicle DL31AB1211, UPI aditi.0152@okaxis, bank account number 510000539221, Aadhaar 2000 0119 5769, PAN CLNAI0152V, and contacted associate Akash Iyer. Offences were recorded under IPC section 420.",Aditi Iyer|Akash Iyer,+917001195769,DL31AB1211,aditi.0152@okaxis,Kochi Marine Drive,2026-12-02
FIR-2026-0672,"On 2026-12-02, complainant reported suspect Divya Iyer near Mumbai Central. The suspect used phone +917001235364, vehicle KA32AB1218, UPI divya.0157@oksbi, bank account number 510000557076, Aadhaar 2000 0123 5364, PAN CLNAI0157A, and contacted associate Farhan Iyer. Offences were recorded under IPC section 420.",Divya Iyer|Farhan Iyer,+917001235364,KA32AB1218,divya.0157@oksbi,Mumbai Central,2026-12-02
FIR-2026-0673,"On 2026-12-03, complainant reported suspect Manoj Iyer near Pune Camp. The suspect used phone +917001274959, vehicle MH33AB1225, UPI manoj.0162@upi, bank account number 510000574931, Aadhaar 2000 0127 4959, PAN CLNAI0162F, and contacted associate Meera Iyer. Offences were recorded under IPC section 420.",Manoj Iyer|Meera Iyer,+917001274959,MH33AB1225,manoj.0162@upi,Pune Camp,2026-12-03
FIR-2026-0674,"On 2026-12-03, complainant reported suspect Pranav Iyer near Sector 17 Chandigarh. The suspect used phone +917001314554, vehicle TN34AB1232, UPI pranav.0167@paytm, bank account number 510000592786, Aadhaar 2000 0131 4554, PAN CLNAI0167K, and contacted associate Priya Iyer. Offences were recorded under IPC section 420.",Pranav Iyer|Priya Iyer,+917001314554,TN34AB1232,pranav.0167@paytm,Sector 17 Chandigarh,2026-12-03
FIR-2026-0675,"On 2026-12-04, complainant reported suspect Riya Iyer near T Nagar Chennai. The suspect used phone +917001354149, vehicle TS35AB1239, UPI riya.0172@ybl, bank account number 510000610641, Aadhaar 2000 0135 4149, PAN CLNAI0172P, and contacted associate Rohan Iyer. Offences were recorded under IPC section 420.",Riya Iyer|Rohan Iyer,+917001354149,TS35AB1239,riya.0172@ybl,T Nagar Chennai,2026-12-04
FIR-2026-0676,"On 2026-12-04, complainant reported suspect Suresh Iyer near Vaishali Ghaziabad. The suspect used phone +917001393744, vehicle UP01AB1246, UPI suresh.0177@okicici, bank account number 510000628496, Aadhaar 2000 0139 3744, PAN CLNAI0177U, and contacted associate Tanvi Iyer. Offences were recorded under IPC section 420.",Suresh Iyer|Tanvi Iyer,+917001393744,UP01AB1246,suresh.0177@okicici,Vaishali Ghaziabad,2026-12-04
FIR-2026-0677,"On 2026-12-05, complainant reported suspect Aditi Jain near Bengaluru Central. The suspect used phone +917001433339, vehicle WB02AB1253, UPI aditi.0182@okaxis, bank account number 510000646351, Aadhaar 2000 0143 3339, PAN CLNAI0182Z, and contacted associate Akash Jain. Offences were recorded under IPC section 420.",Aditi Jain|Akash Jain,+917001433339,WB02AB1253,aditi.0182@okaxis,Bengaluru Central,2026-12-05
FIR-2026-0678,"On 2026-12-05, complainant reported suspect Divya Jain near Chandni Chowk Delhi. The suspect used phone +917001472934, vehicle GJ03AB1260, UPI divya.0187@oksbi, bank account number 510000664206, Aadhaar 2000 0147 2934, PAN CLNAI0187E, and contacted associate Farhan Jain. Offences were recorded under IPC section 420.",Divya Jain|Farhan Jain,+917001472934,GJ03AB1260,divya.0187@oksbi,Chandni Chowk Delhi,2026-12-05
FIR-2026-0679,"On 2026-12-06, complainant reported suspect Manoj Jain near Charminar Hyderabad. The suspect used phone +917001512529, vehicle RJ04AB1267, UPI manoj.0192@upi, bank account number 510000682061, Aadhaar 2000 0151 2529, PAN CLNAI0192J, and contacted associate Meera Jain. Offences were recorded under IPC section 420.",Manoj Jain|Meera Jain,+917001512529,RJ04AB1267,manoj.0192@upi,Charminar Hyderabad,2026-12-06
FIR-2026-0680,"On 2026-12-06, complainant reported suspect Pranav Jain near Gomti Nagar Lucknow. The suspect used phone +917001552124, vehicle KL05AB1274, UPI pranav.0197@paytm, bank account number 510000699916, Aadhaar 2000 0155 2124, PAN CLNAI0197O, and contacted associate Priya Jain. Offences were recorded under IPC section 420.",Pranav Jain|Priya Jain,+917001552124,KL05AB1274,pranav.0197@paytm,Gomti Nagar Lucknow,2026-12-06
FIR-2026-0681,"On 2026-12-07, complainant reported suspect Akash Agarwal near Bengaluru Central. The suspect used phone +917000015838, vehicle DL01AB1002, UPI akash.0003@okicici, bank account number 510000007142, Aadhaar 2000 0001 5838, PAN CLNAI0003C, and contacted associate Ananya Agarwal. Offences were recorded under IPC section 420.",Akash Agarwal|Ananya Agarwal,+917000015838,DL01AB1002,akash.0003@okicici,Bengaluru Central,2026-12-07
FIR-2026-0682,"On 2026-12-07, complainant reported suspect Farhan Agarwal near Chandni Chowk Delhi. The suspect used phone +917000055433, vehicle KA02AB1009, UPI farhan.0008@okaxis, bank account number 510000024997, Aadhaar 2000 0005 5433, PAN CLNAI0008H, and contacted associate Ishita Agarwal. Offences were recorded under IPC section 420.",Farhan Agarwal|Ishita Agarwal,+917000055433,KA02AB1009,farhan.0008@okaxis,Chandni Chowk Delhi,2026-12-07
FIR-2026-0683,"On 2026-12-08, complainant reported suspect Meera Agarwal near Charminar Hyderabad. The suspect used phone +917000095028, vehicle MH03AB1016, UPI meera.0013@oksbi, bank account number 510000042852, Aadhaar 2000 0009 5028, PAN CLNAI0013M, and contacted associate Neha Agarwal. Offences were recorded under IPC section 420.",Meera Agarwal|Neha Agarwal,+917000095028,MH03AB1016,meera.0013@oksbi,Charminar Hyderabad,2026-12-08
FIR-2026-0684,"On 2026-12-08, complainant reported suspect Priya Agarwal near Gomti Nagar Lucknow. The suspect used phone +917000134623, vehicle TN04AB1023, UPI priya.0018@upi, bank account number 510000060707, Aadhaar 2000 0013 4623, PAN CLNAI0018R, and contacted associate Rahul Agarwal. Offences were recorded under IPC section 420.",Priya Agarwal|Rahul Agarwal,+917000134623,TN04AB1023,priya.0018@upi,Gomti Nagar Lucknow,2026-12-08
FIR-2026-0685,"On 2026-12-09, complainant reported suspect Rohan Agarwal near Howrah Kolkata. The suspect used phone +917000174218, vehicle TS05AB1030, UPI rohan.0023@paytm, bank account number 510000078562, Aadhaar 2000 0017 4218, PAN CLNAI0023W, and contacted associate Sameer Agarwal. Offences were recorded under IPC section 420.",Rohan Agarwal|Sameer Agarwal,+917000174218,TS05AB1030,rohan.0023@paytm,Howrah Kolkata,2026-12-09
FIR-2026-0686,"On 2026-12-09, complainant reported suspect Tanvi Agarwal near Indiranagar Bengaluru. The suspect used phone +917000213813, vehicle UP06AB1037, UPI tanvi.0028@ybl, bank account number 510000096417, Aadhaar 2000 0021 3813, PAN CLNAI0028B, and contacted associate Varun Agarwal. Offences were recorded under IPC section 420.",Tanvi Agarwal|Varun Agarwal,+917000213813,UP06AB1037,tanvi.0028@ybl,Indiranagar Bengaluru,2026-12-09
FIR-2026-0687,"On 2026-12-10, complainant reported suspect Akash Bansal near Kochi Marine Drive. The suspect used phone +917000253408, vehicle WB07AB1044, UPI akash.0033@okicici, bank account number 510000114272, Aadhaar 2000 0025 3408, PAN CLNAI0033G, and contacted associate Ananya Bansal. Offences were recorded under IPC section 420.",Akash Bansal|Ananya Bansal,+917000253408,WB07AB1044,akash.0033@okicici,Kochi Marine Drive,2026-12-10
FIR-2026-0688,"On 2026-12-10, complainant reported suspect Farhan Bansal near Mumbai Central. The suspect used phone +917000293003, vehicle GJ08AB1051, UPI farhan.0038@okaxis, bank account number 510000132127, Aadhaar 2000 0029 3003, PAN CLNAI0038L, and contacted associate Ishita Bansal. Offences were recorded under IPC section 420.",Farhan Bansal|Ishita Bansal,+917000293003,GJ08AB1051,farhan.0038@okaxis,Mumbai Central,2026-12-10
FIR-2026-0689,"On 2026-12-11, complainant reported suspect Meera Bansal near Pune Camp. The suspect used phone +917000332598, vehicle RJ09AB1058, UPI meera.0043@oksbi, bank account number 510000149982, Aadhaar 2000 0033 2598, PAN CLNAI0043Q, and contacted associate Neha Bansal. Offences were recorded under IPC section 420.",Meera Bansal|Neha Bansal,+917000332598,RJ09AB1058,meera.0043@oksbi,Pune Camp,2026-12-11
FIR-2026-0690,"On 2026-12-11, complainant reported suspect Priya Bansal near Sector 17 Chandigarh. The suspect used phone +917000372193, vehicle KL10AB1065, UPI priya.0048@upi, bank account number 510000167837, Aadhaar 2000 0037 2193, PAN CLNAI0048V, and contacted associate Rahul Bansal. Offences were recorded under IPC section 420.",Priya Bansal|Rahul Bansal,+917000372193,KL10AB1065,priya.0048@upi,Sector 17 Chandigarh,2026-12-11
FIR-2026-0691,"On 2026-12-12, complainant reported suspect Rohan Bansal near T Nagar Chennai. The suspect used phone +917000411788, vehicle DL11AB1072, UPI rohan.0053@paytm, bank account number 510000185692, Aadhaar 2000 0041 1788, PAN CLNAI0053A, and contacted associate Sameer Bansal. Offences were recorded under IPC section 420.",Rohan Bansal|Sameer Bansal,+917000411788,DL11AB1072,rohan.0053@paytm,T Nagar Chennai,2026-12-12
FIR-2026-0692,"On 2026-12-12, complainant reported suspect Tanvi Bansal near Vaishali Ghaziabad. The suspect used phone +917000451383, vehicle KA12AB1079, UPI tanvi.0058@ybl, bank account number 510000203547, Aadhaar 2000 0045 1383, PAN CLNAI0058F, and contacted associate Varun Bansal. Offences were recorded under IPC section 420.",Tanvi Bansal|Varun Bansal,+917000451383,KA12AB1079,tanvi.0058@ybl,Vaishali Ghaziabad,2026-12-12
FIR-2026-0693,"On 2026-12-13, complainant reported suspect Akash Chauhan near Bengaluru Central. The suspect used phone +917000490978, vehicle MH13AB1086, UPI akash.0063@okicici, bank account number 510000221402, Aadhaar 2000 0049 0978, PAN CLNAI0063K, and contacted associate Ananya Chauhan. Offences were recorded under IPC section 420.",Akash Chauhan|Ananya Chauhan,+917000490978,MH13AB1086,akash.0063@okicici,Bengaluru Central,2026-12-13
FIR-2026-0694,"On 2026-12-13, complainant reported suspect Farhan Chauhan near Chandni Chowk Delhi. The suspect used phone +917000530573, vehicle TN14AB1093, UPI farhan.0068@okaxis, bank account number 510000239257, Aadhaar 2000 0053 0573, PAN CLNAI0068P, and contacted associate Ishita Chauhan. Offences were recorded under IPC section 420.",Farhan Chauhan|Ishita Chauhan,+917000530573,TN14AB1093,farhan.0068@okaxis,Chandni Chowk Delhi,2026-12-13
FIR-2026-0695,"On 2026-12-14, complainant reported suspect Meera Chauhan near Charminar Hyderabad. The suspect used phone +917000570168, vehicle TS15AB1100, UPI meera.0073@oksbi, bank account number 510000257112, Aadhaar 2000 0057 0168, PAN CLNAI0073U, and contacted associate Neha Chauhan. Offences were recorded under IPC section 420.",Meera Chauhan|Neha Chauhan,+917000570168,TS15AB1100,meera.0073@oksbi,Charminar Hyderabad,2026-12-14
FIR-2026-0696,"On 2026-12-14, complainant reported suspect Priya Chauhan near Gomti Nagar Lucknow. The suspect used phone +917000609763, vehicle UP16AB1107, UPI priya.0078@upi, bank account number 510000274967, Aadhaar 2000 0060 9763, PAN CLNAI0078Z, and contacted associate Rahul Chauhan. Offences were recorded under IPC section 420.",Priya Chauhan|Rahul Chauhan,+917000609763,UP16AB1107,priya.0078@upi,Gomti Nagar Lucknow,2026-12-14
FIR-2026-0697,"On 2026-12-15, complainant reported suspect Rohan Chauhan near Howrah Kolkata. The suspect used phone +917000649358, vehicle WB17AB1114, UPI rohan.0083@paytm, bank account number 510000292822, Aadhaar 2000 0064 9358, PAN CLNAI0083E, and contacted associate Sameer Chauhan. Offences were recorded under IPC section 420.",Rohan Chauhan|Sameer Chauhan,+917000649358,WB17AB1114,rohan.0083@paytm,Howrah Kolkata,2026-12-15
FIR-2026-0698,"On 2026-12-15, complainant reported suspect Tanvi Chauhan near Indiranagar Bengaluru. The suspect used phone +917000688953, vehicle GJ18AB1121, UPI tanvi.0088@ybl, bank account number 510000310677, Aadhaar 2000 0068 8953, PAN CLNAI0088J, and contacted associate Varun Chauhan. Offences were recorded under IPC section 420.",Tanvi Chauhan|Varun Chauhan,+917000688953,GJ18AB1121,tanvi.0088@ybl,Indiranagar Bengaluru,2026-12-15
FIR-2026-0699,"On 2026-12-16, complainant reported suspect Akash Das near Kochi Marine Drive. The suspect used phone +917000728548, vehicle RJ19AB1128, UPI akash.0093@okicici, bank account number 510000328532, Aadhaar 2000 0072 8548, PAN CLNAI0093O, and contacted associate Ananya Das. Offences were recorded under IPC section 420.",Akash Das|Ananya Das,+917000728548,RJ19AB1128,akash.0093@okicici,Kochi Marine Drive,2026-12-16
FIR-2026-0700,"On 2026-12-16, complainant reported suspect Farhan Das near Mumbai Central. The suspect used phone +917000768143, vehicle KL20AB1135, UPI farhan.0098@okaxis, bank account number 510000346387, Aadhaar 2000 0076 8143, PAN CLNAI0098T, and contacted associate Ishita Das. Offences were recorded under IPC section 420.",Farhan Das|Ishita Das,+917000768143,KL20AB1135,farhan.0098@okaxis,Mumbai Central,2026-12-16
FIR-2026-0701,"On 2026-12-17, complainant reported suspect Meera Das near Pune Camp. The suspect used phone +917000807738, vehicle DL21AB1142, UPI meera.0103@oksbi, bank account number 510000364242, Aadhaar 2000 0080 7738, PAN CLNAI0103Y, and contacted associate Neha Das. Offences were recorded under IPC section 420.",Meera Das|Neha Das,+917000807738,DL21AB1142,meera.0103@oksbi,Pune Camp,2026-12-17
FIR-2026-0702,"On 2026-12-17, complainant reported suspect Priya Das near Sector 17 Chandigarh. The suspect used phone +917000847333, vehicle KA22AB1149, UPI priya.0108@upi, bank account number 510000382097, Aadhaar 2000 0084 7333, PAN CLNAI0108D, and contacted associate Rahul Das. Offences were recorded under IPC section 420.",Priya Das|Rahul Das,+917000847333,KA22AB1149,priya.0108@upi,Sector 17 Chandigarh,2026-12-17
FIR-2026-0703,"On 2026-12-18, complainant reported suspect Rohan Das near T Nagar Chennai. The suspect used phone +917000886928, vehicle MH23AB1156, UPI rohan.0113@paytm, bank account number 510000399952, Aadhaar 2000 0088 6928, PAN CLNAI0113I, and contacted associate Sameer Das. Offences were recorded under IPC section 420.",Rohan Das|Sameer Das,+917000886928,MH23AB1156,rohan.0113@paytm,T Nagar Chennai,2026-12-18
FIR-2026-0704,"On 2026-12-18, complainant reported suspect Tanvi Das near Vaishali Ghaziabad. The suspect used phone +917000926523, vehicle TN24AB1163, UPI tanvi.0118@ybl, bank account number 510000417807, Aadhaar 2000 0092 6523, PAN CLNAI0118N, and contacted associate Varun Das. Offences were recorded under IPC section 420.",Tanvi Das|Varun Das,+917000926523,TN24AB1163,tanvi.0118@ybl,Vaishali Ghaziabad,2026-12-18
FIR-2026-0705,"On 2026-12-19, complainant reported suspect Akash Gupta near Bengaluru Central. The suspect used phone +917000966118, vehicle TS25AB1170, UPI akash.0123@okicici, bank account number 510000435662, Aadhaar 2000 0096 6118, PAN CLNAI0123S, and contacted associate Ananya Gupta. Offences were recorded under IPC section 420.",Akash Gupta|Ananya Gupta,+917000966118,TS25AB1170,akash.0123@okicici,Bengaluru Central,2026-12-19
FIR-2026-0706,"On 2026-12-19, complainant reported suspect Farhan Gupta near Chandni Chowk Delhi. The suspect used phone +917001005713, vehicle UP26AB1177, UPI farhan.0128@okaxis, bank account number 510000453517, Aadhaar 2000 0100 5713, PAN CLNAI0128X, and contacted associate Ishita Gupta. Offences were recorded under IPC section 420.",Farhan Gupta|Ishita Gupta,+917001005713,UP26AB1177,farhan.0128@okaxis,Chandni Chowk Delhi,2026-12-19
FIR-2026-0707,"On 2026-12-20, complainant reported suspect Meera Gupta near Charminar Hyderabad. The suspect used phone +917001045308, vehicle WB27AB1184, UPI meera.0133@oksbi, bank account number 510000471372, Aadhaar 2000 0104 5308, PAN CLNAI0133C, and contacted associate Neha Gupta. Offences were recorded under IPC section 420.",Meera Gupta|Neha Gupta,+917001045308,WB27AB1184,meera.0133@oksbi,Charminar Hyderabad,2026-12-20
FIR-2026-0708,"On 2026-12-20, complainant reported suspect Priya Gupta near Gomti Nagar Lucknow. The suspect used phone +917001084903, vehicle GJ28AB1191, UPI priya.0138@upi, bank account number 510000489227, Aadhaar 2000 0108 4903, PAN CLNAI0138H, and contacted associate Rahul Gupta. Offences were recorded under IPC section 420.",Priya Gupta|Rahul Gupta,+917001084903,GJ28AB1191,priya.0138@upi,Gomti Nagar Lucknow,2026-12-20
FIR-2026-0709,"On 2026-12-21, complainant reported suspect Rohan Gupta near Howrah Kolkata. The suspect used phone +917001124498, vehicle RJ29AB1198, UPI rohan.0143@paytm, bank account number 510000507082, Aadhaar 2000 0112 4498, PAN CLNAI0143M, and contacted associate Sameer Gupta. Offences were recorded under IPC section 420.",Rohan Gupta|Sameer Gupta,+917001124498,RJ29AB1198,rohan.0143@paytm,Howrah Kolkata,2026-12-21
FIR-2026-0710,"On 2026-12-21, complainant reported suspect Tanvi Gupta near Indiranagar Bengaluru. The suspect used phone +917001164093, vehicle KL30AB1205, UPI tanvi.0148@ybl, bank account number 510000524937, Aadhaar 2000 0116 4093, PAN CLNAI0148R, and contacted associate Varun Gupta. Offences were recorded under IPC section 420.",Tanvi Gupta|Varun Gupta,+917001164093,KL30AB1205,tanvi.0148@ybl,Indiranagar Bengaluru,2026-12-21
FIR-2026-0711,"On 2026-12-22, complainant reported suspect Akash Iyer near Kochi Marine Drive. The suspect used phone +917001203688, vehicle DL31AB1212, UPI akash.0153@okicici, bank account number 510000542792, Aadhaar 2000 0120 3688, PAN CLNAI0153W, and contacted associate Ananya Iyer. Offences were recorded under IPC section 420.",Akash Iyer|Ananya Iyer,+917001203688,DL31AB1212,akash.0153@okicici,Kochi Marine Drive,2026-12-22
FIR-2026-0712,"On 2026-12-22, complainant reported suspect Farhan Iyer near Mumbai Central. The suspect used phone +917001243283, vehicle KA32AB1219, UPI farhan.0158@okaxis, bank account number 510000560647, Aadhaar 2000 0124 3283, PAN CLNAI0158B, and contacted associate Ishita Iyer. Offences were recorded under IPC section 420.",Farhan Iyer|Ishita Iyer,+917001243283,KA32AB1219,farhan.0158@okaxis,Mumbai Central,2026-12-22
FIR-2026-0713,"On 2026-12-23, complainant reported suspect Meera Iyer near Pune Camp. The suspect used phone +917001282878, vehicle MH33AB1226, UPI meera.0163@oksbi, bank account number 510000578502, Aadhaar 2000 0128 2878, PAN CLNAI0163G, and contacted associate Neha Iyer. Offences were recorded under IPC section 420.",Meera Iyer|Neha Iyer,+917001282878,MH33AB1226,meera.0163@oksbi,Pune Camp,2026-12-23
FIR-2026-0714,"On 2026-12-23, complainant reported suspect Priya Iyer near Sector 17 Chandigarh. The suspect used phone +917001322473, vehicle TN34AB1233, UPI priya.0168@upi, bank account number 510000596357, Aadhaar 2000 0132 2473, PAN CLNAI0168L, and contacted associate Rahul Iyer. Offences were recorded under IPC section 420.",Priya Iyer|Rahul Iyer,+917001322473,TN34AB1233,priya.0168@upi,Sector 17 Chandigarh,2026-12-23
FIR-2026-0715,"On 2026-12-24, complainant reported suspect Rohan Iyer near T Nagar Chennai. The suspect used phone +917001362068, vehicle TS35AB1240, UPI rohan.0173@paytm, bank account number 510000614212, Aadhaar 2000 0136 2068, PAN CLNAI0173Q, and contacted associate Sameer Iyer. Offences were recorded under IPC section 420.",Rohan Iyer|Sameer Iyer,+917001362068,TS35AB1240,rohan.0173@paytm,T Nagar Chennai,2026-12-24
FIR-2026-0716,"On 2026-12-24, complainant reported suspect Tanvi Iyer near Vaishali Ghaziabad. The suspect used phone +917001401663, vehicle UP01AB1247, UPI tanvi.0178@ybl, bank account number 510000632067, Aadhaar 2000 0140 1663, PAN CLNAI0178V, and contacted associate Varun Iyer. Offences were recorded under IPC section 420.",Tanvi Iyer|Varun Iyer,+917001401663,UP01AB1247,tanvi.0178@ybl,Vaishali Ghaziabad,2026-12-24
FIR-2026-0717,"On 2026-12-25, complainant reported suspect Akash Jain near Bengaluru Central. The suspect used phone +917001441258, vehicle WB02AB1254, UPI akash.0183@okicici, bank account number 510000649922, Aadhaar 2000 0144 1258, PAN CLNAI0183A, and contacted associate Ananya Jain. Offences were recorded under IPC section 420.",Akash Jain|Ananya Jain,+917001441258,WB02AB1254,akash.0183@okicici,Bengaluru Central,2026-12-25
FIR-2026-0718,"On 2026-12-25, complainant reported suspect Farhan Jain near Chandni Chowk Delhi. The suspect used phone +917001480853, vehicle GJ03AB1261, UPI farhan.0188@okaxis, bank account number 510000667777, Aadhaar 2000 0148 0853, PAN CLNAI0188F, and contacted associate Ishita Jain. Offences were recorded under IPC section 420.",Farhan Jain|Ishita Jain,+917001480853,GJ03AB1261,farhan.0188@okaxis,Chandni Chowk Delhi,2026-12-25
FIR-2026-0719,"On 2026-12-26, complainant reported suspect Meera Jain near Charminar Hyderabad. The suspect used phone +917001520448, vehicle RJ04AB1268, UPI meera.0193@oksbi, bank account number 510000685632, Aadhaar 2000 0152 0448, PAN CLNAI0193K, and contacted associate Neha Jain. Offences were recorded under IPC section 420.",Meera Jain|Neha Jain,+917001520448,RJ04AB1268,meera.0193@oksbi,Charminar Hyderabad,2026-12-26
FIR-2026-0720,"On 2026-12-26, complainant reported suspect Priya Jain near Gomti Nagar Lucknow. The suspect used phone +917001560043, vehicle KL05AB1275, UPI priya.0198@upi, bank account number 510000703487, Aadhaar 2000 0156 0043, PAN CLNAI0198P, and contacted associate Rahul Jain. Offences were recorded under IPC section 420.",Priya Jain|Rahul Jain,+917001560043,KL05AB1275,priya.0198@upi,Gomti Nagar Lucknow,2026-12-26
FIR-2026-0721,"On 2026-12-27, complainant reported suspect Ananya Agarwal near Bengaluru Central. The suspect used phone +917000023757, vehicle DL01AB1003, UPI ananya.0004@ybl, bank account number 510000010713, Aadhaar 2000 0002 3757, PAN CLNAI0004D, and contacted associate Arjun Agarwal. Offences were recorded under IPC section 420.",Ananya Agarwal|Arjun Agarwal,+917000023757,DL01AB1003,ananya.0004@ybl,Bengaluru Central,2026-12-27
FIR-2026-0722,"On 2026-12-27, complainant reported suspect Ishita Agarwal near Chandni Chowk Delhi. The suspect used phone +917000063352, vehicle KA02AB1010, UPI ishita.0009@okicici, bank account number 510000028568, Aadhaar 2000 0006 3352, PAN CLNAI0009I, and contacted associate Kabir Agarwal. Offences were recorded under IPC section 420.",Ishita Agarwal|Kabir Agarwal,+917000063352,KA02AB1010,ishita.0009@okicici,Chandni Chowk Delhi,2026-12-27
FIR-2026-0723,"On 2026-12-28, complainant reported suspect Neha Agarwal near Charminar Hyderabad. The suspect used phone +917000102947, vehicle MH03AB1017, UPI neha.0014@okaxis, bank account number 510000046423, Aadhaar 2000 0010 2947, PAN CLNAI0014N, and contacted associate Nikhil Agarwal. Offences were recorded under IPC section 420.",Neha Agarwal|Nikhil Agarwal,+917000102947,MH03AB1017,neha.0014@okaxis,Charminar Hyderabad,2026-12-28
FIR-2026-0724,"On 2026-12-28, complainant reported suspect Rahul Agarwal near Gomti Nagar Lucknow. The suspect used phone +917000142542, vehicle TN04AB1024, UPI rahul.0019@oksbi, bank account number 510000064278, Aadhaar 2000 0014 2542, PAN CLNAI0019S, and contacted associate Rajesh Agarwal. Offences were recorded under IPC section 420.",Rahul Agarwal|Rajesh Agarwal,+917000142542,TN04AB1024,rahul.0019@oksbi,Gomti Nagar Lucknow,2026-12-28
FIR-2026-0725,"On 2026-12-29, complainant reported suspect Sameer Agarwal near Howrah Kolkata. The suspect used phone +917000182137, vehicle TS05AB1031, UPI sameer.0024@upi, bank account number 510000082133, Aadhaar 2000 0018 2137, PAN CLNAI0024X, and contacted associate Sanjay Agarwal. Offences were recorded under IPC section 420.",Sameer Agarwal|Sanjay Agarwal,+917000182137,TS05AB1031,sameer.0024@upi,Howrah Kolkata,2026-12-29
FIR-2026-0726,"On 2026-12-29, complainant reported suspect Varun Agarwal near Indiranagar Bengaluru. The suspect used phone +917000221732, vehicle UP06AB1038, UPI varun.0029@paytm, bank account number 510000099988, Aadhaar 2000 0022 1732, PAN CLNAI0029C, and contacted associate Vikram Agarwal. Offences were recorded under IPC section 420.",Varun Agarwal|Vikram Agarwal,+917000221732,UP06AB1038,varun.0029@paytm,Indiranagar Bengaluru,2026-12-29
FIR-2026-0727,"On 2026-12-30, complainant reported suspect Ananya Bansal near Kochi Marine Drive. The suspect used phone +917000261327, vehicle WB07AB1045, UPI ananya.0034@ybl, bank account number 510000117843, Aadhaar 2000 0026 1327, PAN CLNAI0034H, and contacted associate Arjun Bansal. Offences were recorded under IPC section 420.",Ananya Bansal|Arjun Bansal,+917000261327,WB07AB1045,ananya.0034@ybl,Kochi Marine Drive,2026-12-30
FIR-2026-0728,"On 2026-12-30, complainant reported suspect Ishita Bansal near Mumbai Central. The suspect used phone +917000300922, vehicle GJ08AB1052, UPI ishita.0039@okicici, bank account number 510000135698, Aadhaar 2000 0030 0922, PAN CLNAI0039M, and contacted associate Kabir Bansal. Offences were recorded under IPC section 420.",Ishita Bansal|Kabir Bansal,+917000300922,GJ08AB1052,ishita.0039@okicici,Mumbai Central,2026-12-30
FIR-2026-0729,"On 2026-12-31, complainant reported suspect Neha Bansal near Pune Camp. The suspect used phone +917000340517, vehicle RJ09AB1059, UPI neha.0044@okaxis, bank account number 510000153553, Aadhaar 2000 0034 0517, PAN CLNAI0044R, and contacted associate Nikhil Bansal. Offences were recorded under IPC section 420.",Neha Bansal|Nikhil Bansal,+917000340517,RJ09AB1059,neha.0044@okaxis,Pune Camp,2026-12-31
FIR-2026-0730,"On 2026-12-31, complainant reported suspect Rahul Bansal near Sector 17 Chandigarh. The suspect used phone +917000380112, vehicle KL10AB1066, UPI rahul.0049@oksbi, bank account number 510000171408, Aadhaar 2000 0038 0112, PAN CLNAI0049W, and contacted associate Rajesh Bansal. Offences were recorded under IPC section 420.",Rahul Bansal|Rajesh Bansal,+917000380112,KL10AB1066,rahul.0049@oksbi,Sector 17 Chandigarh,2026-12-31
FIR-2026-0731,"On 2027-01-01, complainant reported suspect Sameer Bansal near T Nagar Chennai. The suspect used phone +917000419707, vehicle DL11AB1073, UPI sameer.0054@upi, bank account number 510000189263, Aadhaar 2000 0041 9707, PAN CLNAI0054B, and contacted associate Sanjay Bansal. Offences were recorded under IPC section 420.",Sameer Bansal|Sanjay Bansal,+917000419707,DL11AB1073,sameer.0054@upi,T Nagar Chennai,2027-01-01
FIR-2026-0732,"On 2027-01-01, complainant reported suspect Varun Bansal near Vaishali Ghaziabad. The suspect used phone +917000459302, vehicle KA12AB1080, UPI varun.0059@paytm, bank account number 510000207118, Aadhaar 2000 0045 9302, PAN CLNAI0059G, and contacted associate Vikram Bansal. Offences were recorded under IPC section 420.",Varun Bansal|Vikram Bansal,+917000459302,KA12AB1080,varun.0059@paytm,Vaishali Ghaziabad,2027-01-01
FIR-2026-0733,"On 2027-01-02, complainant reported suspect Ananya Chauhan near Bengaluru Central. The suspect used phone +917000498897, vehicle MH13AB1087, UPI ananya.0064@ybl, bank account number 510000224973, Aadhaar 2000 0049 8897, PAN CLNAI0064L, and contacted associate Arjun Chauhan. Offences were recorded under IPC section 420.",Ananya Chauhan|Arjun Chauhan,+917000498897,MH13AB1087,ananya.0064@ybl,Bengaluru Central,2027-01-02
FIR-2026-0734,"On 2027-01-02, complainant reported suspect Ishita Chauhan near Chandni Chowk Delhi. The suspect used phone +917000538492, vehicle TN14AB1094, UPI ishita.0069@okicici, bank account number 510000242828, Aadhaar 2000 0053 8492, PAN CLNAI0069Q, and contacted associate Kabir Chauhan. Offences were recorded under IPC section 420.",Ishita Chauhan|Kabir Chauhan,+917000538492,TN14AB1094,ishita.0069@okicici,Chandni Chowk Delhi,2027-01-02
FIR-2026-0735,"On 2027-01-03, complainant reported suspect Neha Chauhan near Charminar Hyderabad. The suspect used phone +917000578087, vehicle TS15AB1101, UPI neha.0074@okaxis, bank account number 510000260683, Aadhaar 2000 0057 8087, PAN CLNAI0074V, and contacted associate Nikhil Chauhan. Offences were recorded under IPC section 420.",Neha Chauhan|Nikhil Chauhan,+917000578087,TS15AB1101,neha.0074@okaxis,Charminar Hyderabad,2027-01-03
FIR-2026-0736,"On 2027-01-03, complainant reported suspect Rahul Chauhan near Gomti Nagar Lucknow. The suspect used phone +917000617682, vehicle UP16AB1108, UPI rahul.0079@oksbi, bank account number 510000278538, Aadhaar 2000 0061 7682, PAN CLNAI0079A, and contacted associate Rajesh Chauhan. Offences were recorded under IPC section 420.",Rahul Chauhan|Rajesh Chauhan,+917000617682,UP16AB1108,rahul.0079@oksbi,Gomti Nagar Lucknow,2027-01-03
FIR-2026-0737,"On 2027-01-04, complainant reported suspect Sameer Chauhan near Howrah Kolkata. The suspect used phone +917000657277, vehicle WB17AB1115, UPI sameer.0084@upi, bank account number 510000296393, Aadhaar 2000 0065 7277, PAN CLNAI0084F, and contacted associate Sanjay Chauhan. Offences were recorded under IPC section 420.",Sameer Chauhan|Sanjay Chauhan,+917000657277,WB17AB1115,sameer.0084@upi,Howrah Kolkata,2027-01-04
FIR-2026-0738,"On 2027-01-04, complainant reported suspect Varun Chauhan near Indiranagar Bengaluru. The suspect used phone +917000696872, vehicle GJ18AB1122, UPI varun.0089@paytm, bank account number 510000314248, Aadhaar 2000 0069 6872, PAN CLNAI0089K, and contacted associate Vikram Chauhan. Offences were recorded under IPC section 420.",Varun Chauhan|Vikram Chauhan,+917000696872,GJ18AB1122,varun.0089@paytm,Indiranagar Bengaluru,2027-01-04
FIR-2026-0739,"On 2027-01-05, complainant reported suspect Ananya Das near Kochi Marine Drive. The suspect used phone +917000736467, vehicle RJ19AB1129, UPI ananya.0094@ybl, bank account number 510000332103, Aadhaar 2000 0073 6467, PAN CLNAI0094P, and contacted associate Arjun Das. Offences were recorded under IPC section 420.",Ananya Das|Arjun Das,+917000736467,RJ19AB1129,ananya.0094@ybl,Kochi Marine Drive,2027-01-05
FIR-2026-0740,"On 2027-01-05, complainant reported suspect Ishita Das near Mumbai Central. The suspect used phone +917000776062, vehicle KL20AB1136, UPI ishita.0099@okicici, bank account number 510000349958, Aadhaar 2000 0077 6062, PAN CLNAI0099U, and contacted associate Kabir Das. Offences were recorded under IPC section 420.",Ishita Das|Kabir Das,+917000776062,KL20AB1136,ishita.0099@okicici,Mumbai Central,2027-01-05
FIR-2026-0741,"On 2027-01-06, complainant reported suspect Neha Das near Pune Camp. The suspect used phone +917000815657, vehicle DL21AB1143, UPI neha.0104@okaxis, bank account number 510000367813, Aadhaar 2000 0081 5657, PAN CLNAI0104Z, and contacted associate Nikhil Das. Offences were recorded under IPC section 420.",Neha Das|Nikhil Das,+917000815657,DL21AB1143,neha.0104@okaxis,Pune Camp,2027-01-06
FIR-2026-0742,"On 2027-01-06, complainant reported suspect Rahul Das near Sector 17 Chandigarh. The suspect used phone +917000855252, vehicle KA22AB1150, UPI rahul.0109@oksbi, bank account number 510000385668, Aadhaar 2000 0085 5252, PAN CLNAI0109E, and contacted associate Rajesh Das. Offences were recorded under IPC section 420.",Rahul Das|Rajesh Das,+917000855252,KA22AB1150,rahul.0109@oksbi,Sector 17 Chandigarh,2027-01-06
FIR-2026-0743,"On 2027-01-07, complainant reported suspect Sameer Das near T Nagar Chennai. The suspect used phone +917000894847, vehicle MH23AB1157, UPI sameer.0114@upi, bank account number 510000403523, Aadhaar 2000 0089 4847, PAN CLNAI0114J, and contacted associate Sanjay Das. Offences were recorded under IPC section 420.",Sameer Das|Sanjay Das,+917000894847,MH23AB1157,sameer.0114@upi,T Nagar Chennai,2027-01-07
FIR-2026-0744,"On 2027-01-07, complainant reported suspect Varun Das near Vaishali Ghaziabad. The suspect used phone +917000934442, vehicle TN24AB1164, UPI varun.0119@paytm, bank account number 510000421378, Aadhaar 2000 0093 4442, PAN CLNAI0119O, and contacted associate Vikram Das. Offences were recorded under IPC section 420.",Varun Das|Vikram Das,+917000934442,TN24AB1164,varun.0119@paytm,Vaishali Ghaziabad,2027-01-07
FIR-2026-0745,"On 2027-01-08, complainant reported suspect Ananya Gupta near Bengaluru Central. The suspect used phone +917000974037, vehicle TS25AB1171, UPI ananya.0124@ybl, bank account number 510000439233, Aadhaar 2000 0097 4037, PAN CLNAI0124T, and contacted associate Arjun Gupta. Offences were recorded under IPC section 420.",Ananya Gupta|Arjun Gupta,+917000974037,TS25AB1171,ananya.0124@ybl,Bengaluru Central,2027-01-08
FIR-2026-0746,"On 2027-01-08, complainant reported suspect Ishita Gupta near Chandni Chowk Delhi. The suspect used phone +917001013632, vehicle UP26AB1178, UPI ishita.0129@okicici, bank account number 510000457088, Aadhaar 2000 0101 3632, PAN CLNAI0129Y, and contacted associate Kabir Gupta. Offences were recorded under IPC section 420.",Ishita Gupta|Kabir Gupta,+917001013632,UP26AB1178,ishita.0129@okicici,Chandni Chowk Delhi,2027-01-08
FIR-2026-0747,"On 2027-01-09, complainant reported suspect Neha Gupta near Charminar Hyderabad. The suspect used phone +917001053227, vehicle WB27AB1185, UPI neha.0134@okaxis, bank account number 510000474943, Aadhaar 2000 0105 3227, PAN CLNAI0134D, and contacted associate Nikhil Gupta. Offences were recorded under IPC section 420.",Neha Gupta|Nikhil Gupta,+917001053227,WB27AB1185,neha.0134@okaxis,Charminar Hyderabad,2027-01-09
FIR-2026-0748,"On 2027-01-09, complainant reported suspect Rahul Gupta near Gomti Nagar Lucknow. The suspect used phone +917001092822, vehicle GJ28AB1192, UPI rahul.0139@oksbi, bank account number 510000492798, Aadhaar 2000 0109 2822, PAN CLNAI0139I, and contacted associate Rajesh Gupta. Offences were recorded under IPC section 420.",Rahul Gupta|Rajesh Gupta,+917001092822,GJ28AB1192,rahul.0139@oksbi,Gomti Nagar Lucknow,2027-01-09
FIR-2026-0749,"On 2027-01-10, complainant reported suspect Sameer Gupta near Howrah Kolkata. The suspect used phone +917001132417, vehicle RJ29AB1199, UPI sameer.0144@upi, bank account number 510000510653, Aadhaar 2000 0113 2417, PAN CLNAI0144N, and contacted associate Sanjay Gupta. Offences were recorded under IPC section 420.",Sameer Gupta|Sanjay Gupta,+917001132417,RJ29AB1199,sameer.0144@upi,Howrah Kolkata,2027-01-10
FIR-2026-0750,"On 2027-01-10, complainant reported suspect Varun Gupta near Indiranagar Bengaluru. The suspect used phone +917001172012, vehicle KL30AB1206, UPI varun.0149@paytm, bank account number 510000528508, Aadhaar 2000 0117 2012, PAN CLNAI0149S, and contacted associate Vikram Gupta. Offences were recorded under IPC section 420.",Varun Gupta|Vikram Gupta,+917001172012,KL30AB1206,varun.0149@paytm,Indiranagar Bengaluru,2027-01-10
FIR-2026-0751,"On 2027-01-11, complainant reported suspect Ananya Iyer near Kochi Marine Drive. The suspect used phone +917001211607, vehicle DL31AB1213, UPI ananya.0154@ybl, bank account number 510000546363, Aadhaar 2000 0121 1607, PAN CLNAI0154X, and contacted associate Arjun Iyer. Offences were recorded under IPC section 420.",Ananya Iyer|Arjun Iyer,+917001211607,DL31AB1213,ananya.0154@ybl,Kochi Marine Drive,2027-01-11
FIR-2026-0752,"On 2027-01-11, complainant reported suspect Ishita Iyer near Mumbai Central. The suspect used phone +917001251202, vehicle KA32AB1220, UPI ishita.0159@okicici, bank account number 510000564218, Aadhaar 2000 0125 1202, PAN CLNAI0159C, and contacted associate Kabir Iyer. Offences were recorded under IPC section 420.",Ishita Iyer|Kabir Iyer,+917001251202,KA32AB1220,ishita.0159@okicici,Mumbai Central,2027-01-11
FIR-2026-0753,"On 2027-01-12, complainant reported suspect Neha Iyer near Pune Camp. The suspect used phone +917001290797, vehicle MH33AB1227, UPI neha.0164@okaxis, bank account number 510000582073, Aadhaar 2000 0129 0797, PAN CLNAI0164H, and contacted associate Nikhil Iyer. Offences were recorded under IPC section 420.",Neha Iyer|Nikhil Iyer,+917001290797,MH33AB1227,neha.0164@okaxis,Pune Camp,2027-01-12
FIR-2026-0754,"On 2027-01-12, complainant reported suspect Rahul Iyer near Sector 17 Chandigarh. The suspect used phone +917001330392, vehicle TN34AB1234, UPI rahul.0169@oksbi, bank account number 510000599928, Aadhaar 2000 0133 0392, PAN CLNAI0169M, and contacted associate Rajesh Iyer. Offences were recorded under IPC section 420.",Rahul Iyer|Rajesh Iyer,+917001330392,TN34AB1234,rahul.0169@oksbi,Sector 17 Chandigarh,2027-01-12
FIR-2026-0755,"On 2027-01-13, complainant reported suspect Sameer Iyer near T Nagar Chennai. The suspect used phone +917001369987, vehicle TS35AB1241, UPI sameer.0174@upi, bank account number 510000617783, Aadhaar 2000 0136 9987, PAN CLNAI0174R, and contacted associate Sanjay Iyer. Offences were recorded under IPC section 420.",Sameer Iyer|Sanjay Iyer,+917001369987,TS35AB1241,sameer.0174@upi,T Nagar Chennai,2027-01-13
FIR-2026-0756,"On 2027-01-13, complainant reported suspect Varun Iyer near Vaishali Ghaziabad. The suspect used phone +917001409582, vehicle UP01AB1248, UPI varun.0179@paytm, bank account number 510000635638, Aadhaar 2000 0140 9582, PAN CLNAI0179W, and contacted associate Vikram Iyer. Offences were recorded under IPC section 420.",Varun Iyer|Vikram Iyer,+917001409582,UP01AB1248,varun.0179@paytm,Vaishali Ghaziabad,2027-01-13
FIR-2026-0757,"On 2027-01-14, complainant reported suspect Ananya Jain near Bengaluru Central. The suspect used phone +917001449177, vehicle WB02AB1255, UPI ananya.0184@ybl, bank account number 510000653493, Aadhaar 2000 0144 9177, PAN CLNAI0184B, and contacted associate Arjun Jain. Offences were recorded under IPC section 420.",Ananya Jain|Arjun Jain,+917001449177,WB02AB1255,ananya.0184@ybl,Bengaluru Central,2027-01-14
FIR-2026-0758,"On 2027-01-14, complainant reported suspect Ishita Jain near Chandni Chowk Delhi. The suspect used phone +917001488772, vehicle GJ03AB1262, UPI ishita.0189@okicici, bank account number 510000671348, Aadhaar 2000 0148 8772, PAN CLNAI0189G, and contacted associate Kabir Jain. Offences were recorded under IPC section 420.",Ishita Jain|Kabir Jain,+917001488772,GJ03AB1262,ishita.0189@okicici,Chandni Chowk Delhi,2027-01-14
FIR-2026-0759,"On 2027-01-15, complainant reported suspect Neha Jain near Charminar Hyderabad. The suspect used phone +917001528367, vehicle RJ04AB1269, UPI neha.0194@okaxis, bank account number 510000689203, Aadhaar 2000 0152 8367, PAN CLNAI0194L, and contacted associate Nikhil Jain. Offences were recorded under IPC section 420.",Neha Jain|Nikhil Jain,+917001528367,RJ04AB1269,neha.0194@okaxis,Charminar Hyderabad,2027-01-15
FIR-2026-0760,"On 2027-01-15, complainant reported suspect Rahul Jain near Gomti Nagar Lucknow. The suspect used phone +917001567962, vehicle KL05AB1276, UPI rahul.0199@oksbi, bank account number 510000707058, Aadhaar 2000 0156 7962, PAN CLNAI0199Q, and contacted associate Rajesh Jain. Offences were recorded under IPC section 420.",Rahul Jain|Rajesh Jain,+917001567962,KL05AB1276,rahul.0199@oksbi,Gomti Nagar Lucknow,2027-01-15
FIR-2026-0761,"On 2027-01-16, complainant reported suspect Arjun Agarwal near Bengaluru Central. The suspect used phone +917000031676, vehicle DL01AB1004, UPI arjun.0005@paytm, bank account number 510000014284, Aadhaar 2000 0003 1676, PAN CLNAI0005E, and contacted associate Aarav Agarwal. Offences were recorded under IPC section 420.",Arjun Agarwal|Aarav Agarwal,+917000031676,DL01AB1004,arjun.0005@paytm,Bengaluru Central,2027-01-16
FIR-2026-0762,"On 2027-01-16, complainant reported suspect Kabir Agarwal near Chandni Chowk Delhi. The suspect used phone +917000071271, vehicle KA02AB1011, UPI kabir.0010@ybl, bank account number 510000032139, Aadhaar 2000 0007 1271, PAN CLNAI0010J, and contacted associate Deepak Agarwal. Offences were recorded under IPC section 420.",Kabir Agarwal|Deepak Agarwal,+917000071271,KA02AB1011,kabir.0010@ybl,Chandni Chowk Delhi,2027-01-16
FIR-2026-0763,"On 2027-01-17, complainant reported suspect Nikhil Agarwal near Charminar Hyderabad. The suspect used phone +917000110866, vehicle MH03AB1018, UPI nikhil.0015@okicici, bank account number 510000049994, Aadhaar 2000 0011 0866, PAN CLNAI0015O, and contacted associate Kavya Agarwal. Offences were recorded under IPC section 420.",Nikhil Agarwal|Kavya Agarwal,+917000110866,MH03AB1018,nikhil.0015@okicici,Charminar Hyderabad,2027-01-17
FIR-2026-0764,"On 2027-01-17, complainant reported suspect Rajesh Agarwal near Gomti Nagar Lucknow. The suspect used phone +917000150461, vehicle TN04AB1025, UPI rajesh.0020@okaxis, bank account number 510000067849, Aadhaar 2000 0015 0461, PAN CLNAI0020T, and contacted associate Pooja Agarwal. Offences were recorded under IPC section 420.",Rajesh Agarwal|Pooja Agarwal,+917000150461,TN04AB1025,rajesh.0020@okaxis,Gomti Nagar Lucknow,2027-01-17
FIR-2026-0765,"On 2027-01-18, complainant reported suspect Sanjay Agarwal near Howrah Kolkata. The suspect used phone +917000190056, vehicle TS05AB1032, UPI sanjay.0025@oksbi, bank account number 510000085704, Aadhaar 2000 0019 0056, PAN CLNAI0025Y, and contacted associate Rakesh Agarwal. Offences were recorded under IPC section 420.",Sanjay Agarwal|Rakesh Agarwal,+917000190056,TS05AB1032,sanjay.0025@oksbi,Howrah Kolkata,2027-01-18
FIR-2026-0766,"On 2027-01-18, complainant reported suspect Vikram Agarwal near Indiranagar Bengaluru. The suspect used phone +917000229651, vehicle UP06AB1039, UPI vikram.0030@upi, bank account number 510000103559, Aadhaar 2000 0022 9651, PAN CLNAI0030D, and contacted associate Shreya Agarwal. Offences were recorded under IPC section 420.",Vikram Agarwal|Shreya Agarwal,+917000229651,UP06AB1039,vikram.0030@upi,Indiranagar Bengaluru,2027-01-18
FIR-2026-0767,"On 2027-01-19, complainant reported suspect Arjun Bansal near Kochi Marine Drive. The suspect used phone +917000269246, vehicle WB07AB1046, UPI arjun.0035@paytm, bank account number 510000121414, Aadhaar 2000 0026 9246, PAN CLNAI0035I, and contacted associate Aarav Bansal. Offences were recorded under IPC section 420.",Arjun Bansal|Aarav Bansal,+917000269246,WB07AB1046,arjun.0035@paytm,Kochi Marine Drive,2027-01-19
FIR-2026-0768,"On 2027-01-19, complainant reported suspect Kabir Bansal near Mumbai Central. The suspect used phone +917000308841, vehicle GJ08AB1053, UPI kabir.0040@ybl, bank account number 510000139269, Aadhaar 2000 0030 8841, PAN CLNAI0040N, and contacted associate Deepak Bansal. Offences were recorded under IPC section 420.",Kabir Bansal|Deepak Bansal,+917000308841,GJ08AB1053,kabir.0040@ybl,Mumbai Central,2027-01-19
FIR-2026-0769,"On 2027-01-20, complainant reported suspect Nikhil Bansal near Pune Camp. The suspect used phone +917000348436, vehicle RJ09AB1060, UPI nikhil.0045@okicici, bank account number 510000157124, Aadhaar 2000 0034 8436, PAN CLNAI0045S, and contacted associate Kavya Bansal. Offences were recorded under IPC section 420.",Nikhil Bansal|Kavya Bansal,+917000348436,RJ09AB1060,nikhil.0045@okicici,Pune Camp,2027-01-20
FIR-2026-0770,"On 2027-01-20, complainant reported suspect Rajesh Bansal near Sector 17 Chandigarh. The suspect used phone +917000388031, vehicle KL10AB1067, UPI rajesh.0050@okaxis, bank account number 510000174979, Aadhaar 2000 0038 8031, PAN CLNAI0050X, and contacted associate Pooja Bansal. Offences were recorded under IPC section 420.",Rajesh Bansal|Pooja Bansal,+917000388031,KL10AB1067,rajesh.0050@okaxis,Sector 17 Chandigarh,2027-01-20
FIR-2026-0771,"On 2027-01-21, complainant reported suspect Sanjay Bansal near T Nagar Chennai. The suspect used phone +917000427626, vehicle DL11AB1074, UPI sanjay.0055@oksbi, bank account number 510000192834, Aadhaar 2000 0042 7626, PAN CLNAI0055C, and contacted associate Rakesh Bansal. Offences were recorded under IPC section 420.",Sanjay Bansal|Rakesh Bansal,+917000427626,DL11AB1074,sanjay.0055@oksbi,T Nagar Chennai,2027-01-21
FIR-2026-0772,"On 2027-01-21, complainant reported suspect Vikram Bansal near Vaishali Ghaziabad. The suspect used phone +917000467221, vehicle KA12AB1081, UPI vikram.0060@upi, bank account number 510000210689, Aadhaar 2000 0046 7221, PAN CLNAI0060H, and contacted associate Shreya Bansal. Offences were recorded under IPC section 420.",Vikram Bansal|Shreya Bansal,+917000467221,KA12AB1081,vikram.0060@upi,Vaishali Ghaziabad,2027-01-21
FIR-2026-0773,"On 2027-01-22, complainant reported suspect Arjun Chauhan near Bengaluru Central. The suspect used phone +917000506816, vehicle MH13AB1088, UPI arjun.0065@paytm, bank account number 510000228544, Aadhaar 2000 0050 6816, PAN CLNAI0065M, and contacted associate Aarav Chauhan. Offences were recorded under IPC section 420.",Arjun Chauhan|Aarav Chauhan,+917000506816,MH13AB1088,arjun.0065@paytm,Bengaluru Central,2027-01-22
FIR-2026-0774,"On 2027-01-22, complainant reported suspect Kabir Chauhan near Chandni Chowk Delhi. The suspect used phone +917000546411, vehicle TN14AB1095, UPI kabir.0070@ybl, bank account number 510000246399, Aadhaar 2000 0054 6411, PAN CLNAI0070R, and contacted associate Deepak Chauhan. Offences were recorded under IPC section 420.",Kabir Chauhan|Deepak Chauhan,+917000546411,TN14AB1095,kabir.0070@ybl,Chandni Chowk Delhi,2027-01-22
FIR-2026-0775,"On 2027-01-23, complainant reported suspect Nikhil Chauhan near Charminar Hyderabad. The suspect used phone +917000586006, vehicle TS15AB1102, UPI nikhil.0075@okicici, bank account number 510000264254, Aadhaar 2000 0058 6006, PAN CLNAI0075W, and contacted associate Kavya Chauhan. Offences were recorded under IPC section 420.",Nikhil Chauhan|Kavya Chauhan,+917000586006,TS15AB1102,nikhil.0075@okicici,Charminar Hyderabad,2027-01-23
FIR-2026-0776,"On 2027-01-23, complainant reported suspect Rajesh Chauhan near Gomti Nagar Lucknow. The suspect used phone +917000625601, vehicle UP16AB1109, UPI rajesh.0080@okaxis, bank account number 510000282109, Aadhaar 2000 0062 5601, PAN CLNAI0080B, and contacted associate Pooja Chauhan. Offences were recorded under IPC section 420.",Rajesh Chauhan|Pooja Chauhan,+917000625601,UP16AB1109,rajesh.0080@okaxis,Gomti Nagar Lucknow,2027-01-23
FIR-2026-0777,"On 2027-01-24, complainant reported suspect Sanjay Chauhan near Howrah Kolkata. The suspect used phone +917000665196, vehicle WB17AB1116, UPI sanjay.0085@oksbi, bank account number 510000299964, Aadhaar 2000 0066 5196, PAN CLNAI0085G, and contacted associate Rakesh Chauhan. Offences were recorded under IPC section 420.",Sanjay Chauhan|Rakesh Chauhan,+917000665196,WB17AB1116,sanjay.0085@oksbi,Howrah Kolkata,2027-01-24
FIR-2026-0778,"On 2027-01-24, complainant reported suspect Vikram Chauhan near Indiranagar Bengaluru. The suspect used phone +917000704791, vehicle GJ18AB1123, UPI vikram.0090@upi, bank account number 510000317819, Aadhaar 2000 0070 4791, PAN CLNAI0090L, and contacted associate Shreya Chauhan. Offences were recorded under IPC section 420.",Vikram Chauhan|Shreya Chauhan,+917000704791,GJ18AB1123,vikram.0090@upi,Indiranagar Bengaluru,2027-01-24
FIR-2026-0779,"On 2027-01-25, complainant reported suspect Arjun Das near Kochi Marine Drive. The suspect used phone +917000744386, vehicle RJ19AB1130, UPI arjun.0095@paytm, bank account number 510000335674, Aadhaar 2000 0074 4386, PAN CLNAI0095Q, and contacted associate Aarav Das. Offences were recorded under IPC section 420.",Arjun Das|Aarav Das,+917000744386,RJ19AB1130,arjun.0095@paytm,Kochi Marine Drive,2027-01-25
FIR-2026-0780,"On 2027-01-25, complainant reported suspect Kabir Das near Mumbai Central. The suspect used phone +917000783981, vehicle KL20AB1137, UPI kabir.0100@ybl, bank account number 510000353529, Aadhaar 2000 0078 3981, PAN CLNAI0100V, and contacted associate Deepak Das. Offences were recorded under IPC section 420.",Kabir Das|Deepak Das,+917000783981,KL20AB1137,kabir.0100@ybl,Mumbai Central,2027-01-25
FIR-2026-0781,"On 2027-01-26, complainant reported suspect Nikhil Das near Pune Camp. The suspect used phone +917000823576, vehicle DL21AB1144, UPI nikhil.0105@okicici, bank account number 510000371384, Aadhaar 2000 0082 3576, PAN CLNAI0105A, and contacted associate Kavya Das. Offences were recorded under IPC section 420.",Nikhil Das|Kavya Das,+917000823576,DL21AB1144,nikhil.0105@okicici,Pune Camp,2027-01-26
FIR-2026-0782,"On 2027-01-26, complainant reported suspect Rajesh Das near Sector 17 Chandigarh. The suspect used phone +917000863171, vehicle KA22AB1151, UPI rajesh.0110@okaxis, bank account number 510000389239, Aadhaar 2000 0086 3171, PAN CLNAI0110F, and contacted associate Pooja Das. Offences were recorded under IPC section 420.",Rajesh Das|Pooja Das,+917000863171,KA22AB1151,rajesh.0110@okaxis,Sector 17 Chandigarh,2027-01-26
FIR-2026-0783,"On 2027-01-27, complainant reported suspect Sanjay Das near T Nagar Chennai. The suspect used phone +917000902766, vehicle MH23AB1158, UPI sanjay.0115@oksbi, bank account number 510000407094, Aadhaar 2000 0090 2766, PAN CLNAI0115K, and contacted associate Rakesh Das. Offences were recorded under IPC section 420.",Sanjay Das|Rakesh Das,+917000902766,MH23AB1158,sanjay.0115@oksbi,T Nagar Chennai,2027-01-27
FIR-2026-0784,"On 2027-01-27, complainant reported suspect Vikram Das near Vaishali Ghaziabad. The suspect used phone +917000942361, vehicle TN24AB1165, UPI vikram.0120@upi, bank account number 510000424949, Aadhaar 2000 0094 2361, PAN CLNAI0120P, and contacted associate Shreya Das. Offences were recorded under IPC section 420.",Vikram Das|Shreya Das,+917000942361,TN24AB1165,vikram.0120@upi,Vaishali Ghaziabad,2027-01-27
FIR-2026-0785,"On 2027-01-28, complainant reported suspect Arjun Gupta near Bengaluru Central. The suspect used phone +917000981956, vehicle TS25AB1172, UPI arjun.0125@paytm, bank account number 510000442804, Aadhaar 2000 0098 1956, PAN CLNAI0125U, and contacted associate Aarav Gupta. Offences were recorded under IPC section 420.",Arjun Gupta|Aarav Gupta,+917000981956,TS25AB1172,arjun.0125@paytm,Bengaluru Central,2027-01-28
FIR-2026-0786,"On 2027-01-28, complainant reported suspect Kabir Gupta near Chandni Chowk Delhi. The suspect used phone +917001021551, vehicle UP26AB1179, UPI kabir.0130@ybl, bank account number 510000460659, Aadhaar 2000 0102 1551, PAN CLNAI0130Z, and contacted associate Deepak Gupta. Offences were recorded under IPC section 420.",Kabir Gupta|Deepak Gupta,+917001021551,UP26AB1179,kabir.0130@ybl,Chandni Chowk Delhi,2027-01-28
FIR-2026-0787,"On 2027-01-29, complainant reported suspect Nikhil Gupta near Charminar Hyderabad. The suspect used phone +917001061146, vehicle WB27AB1186, UPI nikhil.0135@okicici, bank account number 510000478514, Aadhaar 2000 0106 1146, PAN CLNAI0135E, and contacted associate Kavya Gupta. Offences were recorded under IPC section 420.",Nikhil Gupta|Kavya Gupta,+917001061146,WB27AB1186,nikhil.0135@okicici,Charminar Hyderabad,2027-01-29
FIR-2026-0788,"On 2027-01-29, complainant reported suspect Rajesh Gupta near Gomti Nagar Lucknow. The suspect used phone +917001100741, vehicle GJ28AB1193, UPI rajesh.0140@okaxis, bank account number 510000496369, Aadhaar 2000 0110 0741, PAN CLNAI0140J, and contacted associate Pooja Gupta. Offences were recorded under IPC section 420.",Rajesh Gupta|Pooja Gupta,+917001100741,GJ28AB1193,rajesh.0140@okaxis,Gomti Nagar Lucknow,2027-01-29
FIR-2026-0789,"On 2027-01-30, complainant reported suspect Sanjay Gupta near Howrah Kolkata. The suspect used phone +917001140336, vehicle RJ29AB1200, UPI sanjay.0145@oksbi, bank account number 510000514224, Aadhaar 2000 0114 0336, PAN CLNAI0145O, and contacted associate Rakesh Gupta. Offences were recorded under IPC section 420.",Sanjay Gupta|Rakesh Gupta,+917001140336,RJ29AB1200,sanjay.0145@oksbi,Howrah Kolkata,2027-01-30
FIR-2026-0790,"On 2027-01-30, complainant reported suspect Vikram Gupta near Indiranagar Bengaluru. The suspect used phone +917001179931, vehicle KL30AB1207, UPI vikram.0150@upi, bank account number 510000532079, Aadhaar 2000 0117 9931, PAN CLNAI0150T, and contacted associate Shreya Gupta. Offences were recorded under IPC section 420.",Vikram Gupta|Shreya Gupta,+917001179931,KL30AB1207,vikram.0150@upi,Indiranagar Bengaluru,2027-01-30
FIR-2026-0791,"On 2027-01-31, complainant reported suspect Arjun Iyer near Kochi Marine Drive. The suspect used phone +917001219526, vehicle DL31AB1214, UPI arjun.0155@paytm, bank account number 510000549934, Aadhaar 2000 0121 9526, PAN CLNAI0155Y, and contacted associate Aarav Iyer. Offences were recorded under IPC section 420.",Arjun Iyer|Aarav Iyer,+917001219526,DL31AB1214,arjun.0155@paytm,Kochi Marine Drive,2027-01-31
FIR-2026-0792,"On 2027-01-31, complainant reported suspect Kabir Iyer near Mumbai Central. The suspect used phone +917001259121, vehicle KA32AB1221, UPI kabir.0160@ybl, bank account number 510000567789, Aadhaar 2000 0125 9121, PAN CLNAI0160D, and contacted associate Deepak Iyer. Offences were recorded under IPC section 420.",Kabir Iyer|Deepak Iyer,+917001259121,KA32AB1221,kabir.0160@ybl,Mumbai Central,2027-01-31
FIR-2026-0793,"On 2027-02-01, complainant reported suspect Nikhil Iyer near Pune Camp. The suspect used phone +917001298716, vehicle MH33AB1228, UPI nikhil.0165@okicici, bank account number 510000585644, Aadhaar 2000 0129 8716, PAN CLNAI0165I, and contacted associate Kavya Iyer. Offences were recorded under IPC section 420.",Nikhil Iyer|Kavya Iyer,+917001298716,MH33AB1228,nikhil.0165@okicici,Pune Camp,2027-02-01
FIR-2026-0794,"On 2027-02-01, complainant reported suspect Rajesh Iyer near Sector 17 Chandigarh. The suspect used phone +917001338311, vehicle TN34AB1235, UPI rajesh.0170@okaxis, bank account number 510000603499, Aadhaar 2000 0133 8311, PAN CLNAI0170N, and contacted associate Pooja Iyer. Offences were recorded under IPC section 420.",Rajesh Iyer|Pooja Iyer,+917001338311,TN34AB1235,rajesh.0170@okaxis,Sector 17 Chandigarh,2027-02-01
FIR-2026-0795,"On 2027-02-02, complainant reported suspect Sanjay Iyer near T Nagar Chennai. The suspect used phone +917001377906, vehicle TS35AB1242, UPI sanjay.0175@oksbi, bank account number 510000621354, Aadhaar 2000 0137 7906, PAN CLNAI0175S, and contacted associate Rakesh Iyer. Offences were recorded under IPC section 420.",Sanjay Iyer|Rakesh Iyer,+917001377906,TS35AB1242,sanjay.0175@oksbi,T Nagar Chennai,2027-02-02
FIR-2026-0796,"On 2027-02-02, complainant reported suspect Vikram Iyer near Vaishali Ghaziabad. The suspect used phone +917001417501, vehicle UP01AB1249, UPI vikram.0180@upi, bank account number 510000639209, Aadhaar 2000 0141 7501, PAN CLNAI0180X, and contacted associate Shreya Iyer. Offences were recorded under IPC section 420.",Vikram Iyer|Shreya Iyer,+917001417501,UP01AB1249,vikram.0180@upi,Vaishali Ghaziabad,2027-02-02
FIR-2026-0797,"On 2027-02-03, complainant reported suspect Arjun Jain near Bengaluru Central. The suspect used phone +917001457096, vehicle WB02AB1256, UPI arjun.0185@paytm, bank account number 510000657064, Aadhaar 2000 0145 7096, PAN CLNAI0185C, and contacted associate Aarav Jain. Offences were recorded under IPC section 420.",Arjun Jain|Aarav Jain,+917001457096,WB02AB1256,arjun.0185@paytm,Bengaluru Central,2027-02-03
FIR-2026-0798,"On 2027-02-03, complainant reported suspect Kabir Jain near Chandni Chowk Delhi. The suspect used phone +917001496691, vehicle GJ03AB1263, UPI kabir.0190@ybl, bank account number 510000674919, Aadhaar 2000 0149 6691, PAN CLNAI0190H, and contacted associate Deepak Jain. Offences were recorded under IPC section 420.",Kabir Jain|Deepak Jain,+917001496691,GJ03AB1263,kabir.0190@ybl,Chandni Chowk Delhi,2027-02-03
FIR-2026-0799,"On 2027-02-04, complainant reported suspect Nikhil Jain near Charminar Hyderabad. The suspect used phone +917001536286, vehicle RJ04AB1270, UPI nikhil.0195@okicici, bank account number 510000692774, Aadhaar 2000 0153 6286, PAN CLNAI0195M, and contacted associate Kavya Jain. Offences were recorded under IPC section 420.",Nikhil Jain|Kavya Jain,+917001536286,RJ04AB1270,nikhil.0195@okicici,Charminar Hyderabad,2027-02-04
FIR-2026-0800,"On 2027-02-04, complainant reported suspect Rajesh Jain near Gomti Nagar Lucknow. The suspect used phone +917001575881, vehicle KL05AB1277, UPI rajesh.0200@okaxis, bank account number 510000710629, Aadhaar 2000 0157 5881, PAN CLNAI0200R, and contacted associate Pooja Jain. Offences were recorded under IPC section 420.",Rajesh Jain|Pooja Jain,+917001575881,KL05AB1277,rajesh.0200@okaxis,Gomti Nagar Lucknow,2027-02-04
FIR-2026-0801,"On 2027-02-05, complainant reported suspect Aarav Agarwal near Bengaluru Central. The suspect used phone +917000000000, vehicle DL01AB1000, UPI aarav.0001@oksbi, bank account number 510000000000, Aadhaar 2000 0000 0000, PAN CLNAI0001A, and contacted associate Aditi Agarwal. Offences were recorded under IPC section 420.",Aarav Agarwal|Aditi Agarwal,+917000000000,DL01AB1000,aarav.0001@oksbi,Bengaluru Central,2027-02-05
FIR-2026-0802,"On 2027-02-05, complainant reported suspect Deepak Agarwal near Chandni Chowk Delhi. The suspect used phone +917000039595, vehicle KA02AB1007, UPI deepak.0006@upi, bank account number 510000017855, Aadhaar 2000 0003 9595, PAN CLNAI0006F, and contacted associate Divya Agarwal. Offences were recorded under IPC section 420.",Deepak Agarwal|Divya Agarwal,+917000039595,KA02AB1007,deepak.0006@upi,Chandni Chowk Delhi,2027-02-05
FIR-2026-0803,"On 2027-02-06, complainant reported suspect Kavya Agarwal near Charminar Hyderabad. The suspect used phone +917000079190, vehicle MH03AB1014, UPI kavya.0011@paytm, bank account number 510000035710, Aadhaar 2000 0007 9190, PAN CLNAI0011K, and contacted associate Manoj Agarwal. Offences were recorded under IPC section 420.",Kavya Agarwal|Manoj Agarwal,+917000079190,MH03AB1014,kavya.0011@paytm,Charminar Hyderabad,2027-02-06
FIR-2026-0804,"On 2027-02-06, complainant reported suspect Pooja Agarwal near Gomti Nagar Lucknow. The suspect used phone +917000118785, vehicle TN04AB1021, UPI pooja.0016@ybl, bank account number 510000053565, Aadhaar 2000 0011 8785, PAN CLNAI0016P, and contacted associate Pranav Agarwal. Offences were recorded under IPC section 420.",Pooja Agarwal|Pranav Agarwal,+917000118785,TN04AB1021,pooja.0016@ybl,Gomti Nagar Lucknow,2027-02-06
FIR-2026-0805,"On 2027-02-07, complainant reported suspect Rakesh Agarwal near Howrah Kolkata. The suspect used phone +917000158380, vehicle TS05AB1028, UPI rakesh.0021@okicici, bank account number 510000071420, Aadhaar 2000 0015 8380, PAN CLNAI0021U, and contacted associate Riya Agarwal. Offences were recorded under IPC section 420.",Rakesh Agarwal|Riya Agarwal,+917000158380,TS05AB1028,rakesh.0021@okicici,Howrah Kolkata,2027-02-07
FIR-2026-0806,"On 2027-02-07, complainant reported suspect Shreya Agarwal near Indiranagar Bengaluru. The suspect used phone +917000197975, vehicle UP06AB1035, UPI shreya.0026@okaxis, bank account number 510000089275, Aadhaar 2000 0019 7975, PAN CLNAI0026Z, and contacted associate Suresh Agarwal. Offences were recorded under IPC section 420.",Shreya Agarwal|Suresh Agarwal,+917000197975,UP06AB1035,shreya.0026@okaxis,Indiranagar Bengaluru,2027-02-07
FIR-2026-0807,"On 2027-02-08, complainant reported suspect Aarav Bansal near Kochi Marine Drive. The suspect used phone +917000237570, vehicle WB07AB1042, UPI aarav.0031@oksbi, bank account number 510000107130, Aadhaar 2000 0023 7570, PAN CLNAI0031E, and contacted associate Aditi Bansal. Offences were recorded under IPC section 420.",Aarav Bansal|Aditi Bansal,+917000237570,WB07AB1042,aarav.0031@oksbi,Kochi Marine Drive,2027-02-08
FIR-2026-0808,"On 2027-02-08, complainant reported suspect Deepak Bansal near Mumbai Central. The suspect used phone +917000277165, vehicle GJ08AB1049, UPI deepak.0036@upi, bank account number 510000124985, Aadhaar 2000 0027 7165, PAN CLNAI0036J, and contacted associate Divya Bansal. Offences were recorded under IPC section 420.",Deepak Bansal|Divya Bansal,+917000277165,GJ08AB1049,deepak.0036@upi,Mumbai Central,2027-02-08
FIR-2026-0809,"On 2027-02-09, complainant reported suspect Kavya Bansal near Pune Camp. The suspect used phone +917000316760, vehicle RJ09AB1056, UPI kavya.0041@paytm, bank account number 510000142840, Aadhaar 2000 0031 6760, PAN CLNAI0041O, and contacted associate Manoj Bansal. Offences were recorded under IPC section 420.",Kavya Bansal|Manoj Bansal,+917000316760,RJ09AB1056,kavya.0041@paytm,Pune Camp,2027-02-09
FIR-2026-0810,"On 2027-02-09, complainant reported suspect Pooja Bansal near Sector 17 Chandigarh. The suspect used phone +917000356355, vehicle KL10AB1063, UPI pooja.0046@ybl, bank account number 510000160695, Aadhaar 2000 0035 6355, PAN CLNAI0046T, and contacted associate Pranav Bansal. Offences were recorded under IPC section 420.",Pooja Bansal|Pranav Bansal,+917000356355,KL10AB1063,pooja.0046@ybl,Sector 17 Chandigarh,2027-02-09
FIR-2026-0811,"On 2027-02-10, complainant reported suspect Rakesh Bansal near T Nagar Chennai. The suspect used phone +917000395950, vehicle DL11AB1070, UPI rakesh.0051@okicici, bank account number 510000178550, Aadhaar 2000 0039 5950, PAN CLNAI0051Y, and contacted associate Riya Bansal. Offences were recorded under IPC section 420.",Rakesh Bansal|Riya Bansal,+917000395950,DL11AB1070,rakesh.0051@okicici,T Nagar Chennai,2027-02-10
FIR-2026-0812,"On 2027-02-10, complainant reported suspect Shreya Bansal near Vaishali Ghaziabad. The suspect used phone +917000435545, vehicle KA12AB1077, UPI shreya.0056@okaxis, bank account number 510000196405, Aadhaar 2000 0043 5545, PAN CLNAI0056D, and contacted associate Suresh Bansal. Offences were recorded under IPC section 420.",Shreya Bansal|Suresh Bansal,+917000435545,KA12AB1077,shreya.0056@okaxis,Vaishali Ghaziabad,2027-02-10
FIR-2026-0813,"On 2027-02-11, complainant reported suspect Aarav Chauhan near Bengaluru Central. The suspect used phone +917000475140, vehicle MH13AB1084, UPI aarav.0061@oksbi, bank account number 510000214260, Aadhaar 2000 0047 5140, PAN CLNAI0061I, and contacted associate Aditi Chauhan. Offences were recorded under IPC section 420.",Aarav Chauhan|Aditi Chauhan,+917000475140,MH13AB1084,aarav.0061@oksbi,Bengaluru Central,2027-02-11
FIR-2026-0814,"On 2027-02-11, complainant reported suspect Deepak Chauhan near Chandni Chowk Delhi. The suspect used phone +917000514735, vehicle TN14AB1091, UPI deepak.0066@upi, bank account number 510000232115, Aadhaar 2000 0051 4735, PAN CLNAI0066N, and contacted associate Divya Chauhan. Offences were recorded under IPC section 420.",Deepak Chauhan|Divya Chauhan,+917000514735,TN14AB1091,deepak.0066@upi,Chandni Chowk Delhi,2027-02-11
FIR-2026-0815,"On 2027-02-12, complainant reported suspect Kavya Chauhan near Charminar Hyderabad. The suspect used phone +917000554330, vehicle TS15AB1098, UPI kavya.0071@paytm, bank account number 510000249970, Aadhaar 2000 0055 4330, PAN CLNAI0071S, and contacted associate Manoj Chauhan. Offences were recorded under IPC section 420.",Kavya Chauhan|Manoj Chauhan,+917000554330,TS15AB1098,kavya.0071@paytm,Charminar Hyderabad,2027-02-12
FIR-2026-0816,"On 2027-02-12, complainant reported suspect Pooja Chauhan near Gomti Nagar Lucknow. The suspect used phone +917000593925, vehicle UP16AB1105, UPI pooja.0076@ybl, bank account number 510000267825, Aadhaar 2000 0059 3925, PAN CLNAI0076X, and contacted associate Pranav Chauhan. Offences were recorded under IPC section 420.",Pooja Chauhan|Pranav Chauhan,+917000593925,UP16AB1105,pooja.0076@ybl,Gomti Nagar Lucknow,2027-02-12
FIR-2026-0817,"On 2027-02-13, complainant reported suspect Rakesh Chauhan near Howrah Kolkata. The suspect used phone +917000633520, vehicle WB17AB1112, UPI rakesh.0081@okicici, bank account number 510000285680, Aadhaar 2000 0063 3520, PAN CLNAI0081C, and contacted associate Riya Chauhan. Offences were recorded under IPC section 420.",Rakesh Chauhan|Riya Chauhan,+917000633520,WB17AB1112,rakesh.0081@okicici,Howrah Kolkata,2027-02-13
FIR-2026-0818,"On 2027-02-13, complainant reported suspect Shreya Chauhan near Indiranagar Bengaluru. The suspect used phone +917000673115, vehicle GJ18AB1119, UPI shreya.0086@okaxis, bank account number 510000303535, Aadhaar 2000 0067 3115, PAN CLNAI0086H, and contacted associate Suresh Chauhan. Offences were recorded under IPC section 420.",Shreya Chauhan|Suresh Chauhan,+917000673115,GJ18AB1119,shreya.0086@okaxis,Indiranagar Bengaluru,2027-02-13
FIR-2026-0819,"On 2027-02-14, complainant reported suspect Aarav Das near Kochi Marine Drive. The suspect used phone +917000712710, vehicle RJ19AB1126, UPI aarav.0091@oksbi, bank account number 510000321390, Aadhaar 2000 0071 2710, PAN CLNAI0091M, and contacted associate Aditi Das. Offences were recorded under IPC section 420.",Aarav Das|Aditi Das,+917000712710,RJ19AB1126,aarav.0091@oksbi,Kochi Marine Drive,2027-02-14
FIR-2026-0820,"On 2027-02-14, complainant reported suspect Deepak Das near Mumbai Central. The suspect used phone +917000752305, vehicle KL20AB1133, UPI deepak.0096@upi, bank account number 510000339245, Aadhaar 2000 0075 2305, PAN CLNAI0096R, and contacted associate Divya Das. Offences were recorded under IPC section 420.",Deepak Das|Divya Das,+917000752305,KL20AB1133,deepak.0096@upi,Mumbai Central,2027-02-14
FIR-2026-0821,"On 2027-02-15, complainant reported suspect Kavya Das near Pune Camp. The suspect used phone +917000791900, vehicle DL21AB1140, UPI kavya.0101@paytm, bank account number 510000357100, Aadhaar 2000 0079 1900, PAN CLNAI0101W, and contacted associate Manoj Das. Offences were recorded under IPC section 420.",Kavya Das|Manoj Das,+917000791900,DL21AB1140,kavya.0101@paytm,Pune Camp,2027-02-15
FIR-2026-0822,"On 2027-02-15, complainant reported suspect Pooja Das near Sector 17 Chandigarh. The suspect used phone +917000831495, vehicle KA22AB1147, UPI pooja.0106@ybl, bank account number 510000374955, Aadhaar 2000 0083 1495, PAN CLNAI0106B, and contacted associate Pranav Das. Offences were recorded under IPC section 420.",Pooja Das|Pranav Das,+917000831495,KA22AB1147,pooja.0106@ybl,Sector 17 Chandigarh,2027-02-15
FIR-2026-0823,"On 2027-02-16, complainant reported suspect Rakesh Das near T Nagar Chennai. The suspect used phone +917000871090, vehicle MH23AB1154, UPI rakesh.0111@okicici, bank account number 510000392810, Aadhaar 2000 0087 1090, PAN CLNAI0111G, and contacted associate Riya Das. Offences were recorded under IPC section 420.",Rakesh Das|Riya Das,+917000871090,MH23AB1154,rakesh.0111@okicici,T Nagar Chennai,2027-02-16
FIR-2026-0824,"On 2027-02-16, complainant reported suspect Shreya Das near Vaishali Ghaziabad. The suspect used phone +917000910685, vehicle TN24AB1161, UPI shreya.0116@okaxis, bank account number 510000410665, Aadhaar 2000 0091 0685, PAN CLNAI0116L, and contacted associate Suresh Das. Offences were recorded under IPC section 420.",Shreya Das|Suresh Das,+917000910685,TN24AB1161,shreya.0116@okaxis,Vaishali Ghaziabad,2027-02-16
FIR-2026-0825,"On 2027-02-17, complainant reported suspect Aarav Gupta near Bengaluru Central. The suspect used phone +917000950280, vehicle TS25AB1168, UPI aarav.0121@oksbi, bank account number 510000428520, Aadhaar 2000 0095 0280, PAN CLNAI0121Q, and contacted associate Aditi Gupta. Offences were recorded under IPC section 420.",Aarav Gupta|Aditi Gupta,+917000950280,TS25AB1168,aarav.0121@oksbi,Bengaluru Central,2027-02-17
FIR-2026-0826,"On 2027-02-17, complainant reported suspect Deepak Gupta near Chandni Chowk Delhi. The suspect used phone +917000989875, vehicle UP26AB1175, UPI deepak.0126@upi, bank account number 510000446375, Aadhaar 2000 0098 9875, PAN CLNAI0126V, and contacted associate Divya Gupta. Offences were recorded under IPC section 420.",Deepak Gupta|Divya Gupta,+917000989875,UP26AB1175,deepak.0126@upi,Chandni Chowk Delhi,2027-02-17
FIR-2026-0827,"On 2027-02-18, complainant reported suspect Kavya Gupta near Charminar Hyderabad. The suspect used phone +917001029470, vehicle WB27AB1182, UPI kavya.0131@paytm, bank account number 510000464230, Aadhaar 2000 0102 9470, PAN CLNAI0131A, and contacted associate Manoj Gupta. Offences were recorded under IPC section 420.",Kavya Gupta|Manoj Gupta,+917001029470,WB27AB1182,kavya.0131@paytm,Charminar Hyderabad,2027-02-18
FIR-2026-0828,"On 2027-02-18, complainant reported suspect Pooja Gupta near Gomti Nagar Lucknow. The suspect used phone +917001069065, vehicle GJ28AB1189, UPI pooja.0136@ybl, bank account number 510000482085, Aadhaar 2000 0106 9065, PAN CLNAI0136F, and contacted associate Pranav Gupta. Offences were recorded under IPC section 420.",Pooja Gupta|Pranav Gupta,+917001069065,GJ28AB1189,pooja.0136@ybl,Gomti Nagar Lucknow,2027-02-18
FIR-2026-0829,"On 2027-02-19, complainant reported suspect Rakesh Gupta near Howrah Kolkata. The suspect used phone +917001108660, vehicle RJ29AB1196, UPI rakesh.0141@okicici, bank account number 510000499940, Aadhaar 2000 0110 8660, PAN CLNAI0141K, and contacted associate Riya Gupta. Offences were recorded under IPC section 420.",Rakesh Gupta|Riya Gupta,+917001108660,RJ29AB1196,rakesh.0141@okicici,Howrah Kolkata,2027-02-19
FIR-2026-0830,"On 2027-02-19, complainant reported suspect Shreya Gupta near Indiranagar Bengaluru. The suspect used phone +917001148255, vehicle KL30AB1203, UPI shreya.0146@okaxis, bank account number 510000517795, Aadhaar 2000 0114 8255, PAN CLNAI0146P, and contacted associate Suresh Gupta. Offences were recorded under IPC section 420.",Shreya Gupta|Suresh Gupta,+917001148255,KL30AB1203,shreya.0146@okaxis,Indiranagar Bengaluru,2027-02-19
FIR-2026-0831,"On 2027-02-20, complainant reported suspect Aarav Iyer near Kochi Marine Drive. The suspect used phone +917001187850, vehicle DL31AB1210, UPI aarav.0151@oksbi, bank account number 510000535650, Aadhaar 2000 0118 7850, PAN CLNAI0151U, and contacted associate Aditi Iyer. Offences were recorded under IPC section 420.",Aarav Iyer|Aditi Iyer,+917001187850,DL31AB1210,aarav.0151@oksbi,Kochi Marine Drive,2027-02-20
FIR-2026-0832,"On 2027-02-20, complainant reported suspect Deepak Iyer near Mumbai Central. The suspect used phone +917001227445, vehicle KA32AB1217, UPI deepak.0156@upi, bank account number 510000553505, Aadhaar 2000 0122 7445, PAN CLNAI0156Z, and contacted associate Divya Iyer. Offences were recorded under IPC section 420.",Deepak Iyer|Divya Iyer,+917001227445,KA32AB1217,deepak.0156@upi,Mumbai Central,2027-02-20
FIR-2026-0833,"On 2027-02-21, complainant reported suspect Kavya Iyer near Pune Camp. The suspect used phone +917001267040, vehicle MH33AB1224, UPI kavya.0161@paytm, bank account number 510000571360, Aadhaar 2000 0126 7040, PAN CLNAI0161E, and contacted associate Manoj Iyer. Offences were recorded under IPC section 420.",Kavya Iyer|Manoj Iyer,+917001267040,MH33AB1224,kavya.0161@paytm,Pune Camp,2027-02-21
FIR-2026-0834,"On 2027-02-21, complainant reported suspect Pooja Iyer near Sector 17 Chandigarh. The suspect used phone +917001306635, vehicle TN34AB1231, UPI pooja.0166@ybl, bank account number 510000589215, Aadhaar 2000 0130 6635, PAN CLNAI0166J, and contacted associate Pranav Iyer. Offences were recorded under IPC section 420.",Pooja Iyer|Pranav Iyer,+917001306635,TN34AB1231,pooja.0166@ybl,Sector 17 Chandigarh,2027-02-21
FIR-2026-0835,"On 2027-02-22, complainant reported suspect Rakesh Iyer near T Nagar Chennai. The suspect used phone +917001346230, vehicle TS35AB1238, UPI rakesh.0171@okicici, bank account number 510000607070, Aadhaar 2000 0134 6230, PAN CLNAI0171O, and contacted associate Riya Iyer. Offences were recorded under IPC section 420.",Rakesh Iyer|Riya Iyer,+917001346230,TS35AB1238,rakesh.0171@okicici,T Nagar Chennai,2027-02-22
FIR-2026-0836,"On 2027-02-22, complainant reported suspect Shreya Iyer near Vaishali Ghaziabad. The suspect used phone +917001385825, vehicle UP01AB1245, UPI shreya.0176@okaxis, bank account number 510000624925, Aadhaar 2000 0138 5825, PAN CLNAI0176T, and contacted associate Suresh Iyer. Offences were recorded under IPC section 420.",Shreya Iyer|Suresh Iyer,+917001385825,UP01AB1245,shreya.0176@okaxis,Vaishali Ghaziabad,2027-02-22
FIR-2026-0837,"On 2027-02-23, complainant reported suspect Aarav Jain near Bengaluru Central. The suspect used phone +917001425420, vehicle WB02AB1252, UPI aarav.0181@oksbi, bank account number 510000642780, Aadhaar 2000 0142 5420, PAN CLNAI0181Y, and contacted associate Aditi Jain. Offences were recorded under IPC section 420.",Aarav Jain|Aditi Jain,+917001425420,WB02AB1252,aarav.0181@oksbi,Bengaluru Central,2027-02-23
FIR-2026-0838,"On 2027-02-23, complainant reported suspect Deepak Jain near Chandni Chowk Delhi. The suspect used phone +917001465015, vehicle GJ03AB1259, UPI deepak.0186@upi, bank account number 510000660635, Aadhaar 2000 0146 5015, PAN CLNAI0186D, and contacted associate Divya Jain. Offences were recorded under IPC section 420.",Deepak Jain|Divya Jain,+917001465015,GJ03AB1259,deepak.0186@upi,Chandni Chowk Delhi,2027-02-23
FIR-2026-0839,"On 2027-02-24, complainant reported suspect Kavya Jain near Charminar Hyderabad. The suspect used phone +917001504610, vehicle RJ04AB1266, UPI kavya.0191@paytm, bank account number 510000678490, Aadhaar 2000 0150 4610, PAN CLNAI0191I, and contacted associate Manoj Jain. Offences were recorded under IPC section 420.",Kavya Jain|Manoj Jain,+917001504610,RJ04AB1266,kavya.0191@paytm,Charminar Hyderabad,2027-02-24
FIR-2026-0840,"On 2027-02-24, complainant reported suspect Pooja Jain near Gomti Nagar Lucknow. The suspect used phone +917001544205, vehicle KL05AB1273, UPI pooja.0196@ybl, bank account number 510000696345, Aadhaar 2000 0154 4205, PAN CLNAI0196N, and contacted associate Pranav Jain. Offences were recorded under IPC section 420.",Pooja Jain|Pranav Jain,+917001544205,KL05AB1273,pooja.0196@ybl,Gomti Nagar Lucknow,2027-02-24
FIR-2026-0841,"On 2027-02-25, complainant reported suspect Aditi Agarwal near Bengaluru Central. The suspect used phone +917000007919, vehicle DL01AB1001, UPI aditi.0002@okaxis, bank account number 510000003571, Aadhaar 2000 0000 7919, PAN CLNAI0002B, and contacted associate Akash Agarwal. Offences were recorded under IPC section 420.",Aditi Agarwal|Akash Agarwal,+917000007919,DL01AB1001,aditi.0002@okaxis,Bengaluru Central,2027-02-25
FIR-2026-0842,"On 2027-02-25, complainant reported suspect Divya Agarwal near Chandni Chowk Delhi. The suspect used phone +917000047514, vehicle KA02AB1008, UPI divya.0007@oksbi, bank account number 510000021426, Aadhaar 2000 0004 7514, PAN CLNAI0007G, and contacted associate Farhan Agarwal. Offences were recorded under IPC section 420.",Divya Agarwal|Farhan Agarwal,+917000047514,KA02AB1008,divya.0007@oksbi,Chandni Chowk Delhi,2027-02-25
FIR-2026-0843,"On 2027-02-26, complainant reported suspect Manoj Agarwal near Charminar Hyderabad. The suspect used phone +917000087109, vehicle MH03AB1015, UPI manoj.0012@upi, bank account number 510000039281, Aadhaar 2000 0008 7109, PAN CLNAI0012L, and contacted associate Meera Agarwal. Offences were recorded under IPC section 420.",Manoj Agarwal|Meera Agarwal,+917000087109,MH03AB1015,manoj.0012@upi,Charminar Hyderabad,2027-02-26
FIR-2026-0844,"On 2027-02-26, complainant reported suspect Pranav Agarwal near Gomti Nagar Lucknow. The suspect used phone +917000126704, vehicle TN04AB1022, UPI pranav.0017@paytm, bank account number 510000057136, Aadhaar 2000 0012 6704, PAN CLNAI0017Q, and contacted associate Priya Agarwal. Offences were recorded under IPC section 420.",Pranav Agarwal|Priya Agarwal,+917000126704,TN04AB1022,pranav.0017@paytm,Gomti Nagar Lucknow,2027-02-26
FIR-2026-0845,"On 2027-02-27, complainant reported suspect Riya Agarwal near Howrah Kolkata. The suspect used phone +917000166299, vehicle TS05AB1029, UPI riya.0022@ybl, bank account number 510000074991, Aadhaar 2000 0016 6299, PAN CLNAI0022V, and contacted associate Rohan Agarwal. Offences were recorded under IPC section 420.",Riya Agarwal|Rohan Agarwal,+917000166299,TS05AB1029,riya.0022@ybl,Howrah Kolkata,2027-02-27
FIR-2026-0846,"On 2027-02-27, complainant reported suspect Suresh Agarwal near Indiranagar Bengaluru. The suspect used phone +917000205894, vehicle UP06AB1036, UPI suresh.0027@okicici, bank account number 510000092846, Aadhaar 2000 0020 5894, PAN CLNAI0027A, and contacted associate Tanvi Agarwal. Offences were recorded under IPC section 420.",Suresh Agarwal|Tanvi Agarwal,+917000205894,UP06AB1036,suresh.0027@okicici,Indiranagar Bengaluru,2027-02-27
FIR-2026-0847,"On 2027-02-28, complainant reported suspect Aditi Bansal near Kochi Marine Drive. The suspect used phone +917000245489, vehicle WB07AB1043, UPI aditi.0032@okaxis, bank account number 510000110701, Aadhaar 2000 0024 5489, PAN CLNAI0032F, and contacted associate Akash Bansal. Offences were recorded under IPC section 420.",Aditi Bansal|Akash Bansal,+917000245489,WB07AB1043,aditi.0032@okaxis,Kochi Marine Drive,2027-02-28
FIR-2026-0848,"On 2027-02-28, complainant reported suspect Divya Bansal near Mumbai Central. The suspect used phone +917000285084, vehicle GJ08AB1050, UPI divya.0037@oksbi, bank account number 510000128556, Aadhaar 2000 0028 5084, PAN CLNAI0037K, and contacted associate Farhan Bansal. Offences were recorded under IPC section 420.",Divya Bansal|Farhan Bansal,+917000285084,GJ08AB1050,divya.0037@oksbi,Mumbai Central,2027-02-28
FIR-2026-0849,"On 2027-03-01, complainant reported suspect Manoj Bansal near Pune Camp. The suspect used phone +917000324679, vehicle RJ09AB1057, UPI manoj.0042@upi, bank account number 510000146411, Aadhaar 2000 0032 4679, PAN CLNAI0042P, and contacted associate Meera Bansal. Offences were recorded under IPC section 420.",Manoj Bansal|Meera Bansal,+917000324679,RJ09AB1057,manoj.0042@upi,Pune Camp,2027-03-01
FIR-2026-0850,"On 2027-03-01, complainant reported suspect Pranav Bansal near Sector 17 Chandigarh. The suspect used phone +917000364274, vehicle KL10AB1064, UPI pranav.0047@paytm, bank account number 510000164266, Aadhaar 2000 0036 4274, PAN CLNAI0047U, and contacted associate Priya Bansal. Offences were recorded under IPC section 420.",Pranav Bansal|Priya Bansal,+917000364274,KL10AB1064,pranav.0047@paytm,Sector 17 Chandigarh,2027-03-01
FIR-2026-0851,"On 2027-03-02, complainant reported suspect Riya Bansal near T Nagar Chennai. The suspect used phone +917000403869, vehicle DL11AB1071, UPI riya.0052@ybl, bank account number 510000182121, Aadhaar 2000 0040 3869, PAN CLNAI0052Z, and contacted associate Rohan Bansal. Offences were recorded under IPC section 420.",Riya Bansal|Rohan Bansal,+917000403869,DL11AB1071,riya.0052@ybl,T Nagar Chennai,2027-03-02
FIR-2026-0852,"On 2027-03-02, complainant reported suspect Suresh Bansal near Vaishali Ghaziabad. The suspect used phone +917000443464, vehicle KA12AB1078, UPI suresh.0057@okicici, bank account number 510000199976, Aadhaar 2000 0044 3464, PAN CLNAI0057E, and contacted associate Tanvi Bansal. Offences were recorded under IPC section 420.",Suresh Bansal|Tanvi Bansal,+917000443464,KA12AB1078,suresh.0057@okicici,Vaishali Ghaziabad,2027-03-02
FIR-2026-0853,"On 2027-03-03, complainant reported suspect Aditi Chauhan near Bengaluru Central. The suspect used phone +917000483059, vehicle MH13AB1085, UPI aditi.0062@okaxis, bank account number 510000217831, Aadhaar 2000 0048 3059, PAN CLNAI0062J, and contacted associate Akash Chauhan. Offences were recorded under IPC section 420.",Aditi Chauhan|Akash Chauhan,+917000483059,MH13AB1085,aditi.0062@okaxis,Bengaluru Central,2027-03-03
FIR-2026-0854,"On 2027-03-03, complainant reported suspect Divya Chauhan near Chandni Chowk Delhi. The suspect used phone +917000522654, vehicle TN14AB1092, UPI divya.0067@oksbi, bank account number 510000235686, Aadhaar 2000 0052 2654, PAN CLNAI0067O, and contacted associate Farhan Chauhan. Offences were recorded under IPC section 420.",Divya Chauhan|Farhan Chauhan,+917000522654,TN14AB1092,divya.0067@oksbi,Chandni Chowk Delhi,2027-03-03
FIR-2026-0855,"On 2027-03-04, complainant reported suspect Manoj Chauhan near Charminar Hyderabad. The suspect used phone +917000562249, vehicle TS15AB1099, UPI manoj.0072@upi, bank account number 510000253541, Aadhaar 2000 0056 2249, PAN CLNAI0072T, and contacted associate Meera Chauhan. Offences were recorded under IPC section 420.",Manoj Chauhan|Meera Chauhan,+917000562249,TS15AB1099,manoj.0072@upi,Charminar Hyderabad,2027-03-04
FIR-2026-0856,"On 2027-03-04, complainant reported suspect Pranav Chauhan near Gomti Nagar Lucknow. The suspect used phone +917000601844, vehicle UP16AB1106, UPI pranav.0077@paytm, bank account number 510000271396, Aadhaar 2000 0060 1844, PAN CLNAI0077Y, and contacted associate Priya Chauhan. Offences were recorded under IPC section 420.",Pranav Chauhan|Priya Chauhan,+917000601844,UP16AB1106,pranav.0077@paytm,Gomti Nagar Lucknow,2027-03-04
FIR-2026-0857,"On 2027-03-05, complainant reported suspect Riya Chauhan near Howrah Kolkata. The suspect used phone +917000641439, vehicle WB17AB1113, UPI riya.0082@ybl, bank account number 510000289251, Aadhaar 2000 0064 1439, PAN CLNAI0082D, and contacted associate Rohan Chauhan. Offences were recorded under IPC section 420.",Riya Chauhan|Rohan Chauhan,+917000641439,WB17AB1113,riya.0082@ybl,Howrah Kolkata,2027-03-05
FIR-2026-0858,"On 2027-03-05, complainant reported suspect Suresh Chauhan near Indiranagar Bengaluru. The suspect used phone +917000681034, vehicle GJ18AB1120, UPI suresh.0087@okicici, bank account number 510000307106, Aadhaar 2000 0068 1034, PAN CLNAI0087I, and contacted associate Tanvi Chauhan. Offences were recorded under IPC section 420.",Suresh Chauhan|Tanvi Chauhan,+917000681034,GJ18AB1120,suresh.0087@okicici,Indiranagar Bengaluru,2027-03-05
FIR-2026-0859,"On 2027-03-06, complainant reported suspect Aditi Das near Kochi Marine Drive. The suspect used phone +917000720629, vehicle RJ19AB1127, UPI aditi.0092@okaxis, bank account number 510000324961, Aadhaar 2000 0072 0629, PAN CLNAI0092N, and contacted associate Akash Das. Offences were recorded under IPC section 420.",Aditi Das|Akash Das,+917000720629,RJ19AB1127,aditi.0092@okaxis,Kochi Marine Drive,2027-03-06
FIR-2026-0860,"On 2027-03-06, complainant reported suspect Divya Das near Mumbai Central. The suspect used phone +917000760224, vehicle KL20AB1134, UPI divya.0097@oksbi, bank account number 510000342816, Aadhaar 2000 0076 0224, PAN CLNAI0097S, and contacted associate Farhan Das. Offences were recorded under IPC section 420.",Divya Das|Farhan Das,+917000760224,KL20AB1134,divya.0097@oksbi,Mumbai Central,2027-03-06
FIR-2026-0861,"On 2027-03-07, complainant reported suspect Manoj Das near Pune Camp. The suspect used phone +917000799819, vehicle DL21AB1141, UPI manoj.0102@upi, bank account number 510000360671, Aadhaar 2000 0079 9819, PAN CLNAI0102X, and contacted associate Meera Das. Offences were recorded under IPC section 420.",Manoj Das|Meera Das,+917000799819,DL21AB1141,manoj.0102@upi,Pune Camp,2027-03-07
FIR-2026-0862,"On 2027-03-07, complainant reported suspect Pranav Das near Sector 17 Chandigarh. The suspect used phone +917000839414, vehicle KA22AB1148, UPI pranav.0107@paytm, bank account number 510000378526, Aadhaar 2000 0083 9414, PAN CLNAI0107C, and contacted associate Priya Das. Offences were recorded under IPC section 420.",Pranav Das|Priya Das,+917000839414,KA22AB1148,pranav.0107@paytm,Sector 17 Chandigarh,2027-03-07
FIR-2026-0863,"On 2027-03-08, complainant reported suspect Riya Das near T Nagar Chennai. The suspect used phone +917000879009, vehicle MH23AB1155, UPI riya.0112@ybl, bank account number 510000396381, Aadhaar 2000 0087 9009, PAN CLNAI0112H, and contacted associate Rohan Das. Offences were recorded under IPC section 420.",Riya Das|Rohan Das,+917000879009,MH23AB1155,riya.0112@ybl,T Nagar Chennai,2027-03-08
FIR-2026-0864,"On 2027-03-08, complainant reported suspect Suresh Das near Vaishali Ghaziabad. The suspect used phone +917000918604, vehicle TN24AB1162, UPI suresh.0117@okicici, bank account number 510000414236, Aadhaar 2000 0091 8604, PAN CLNAI0117M, and contacted associate Tanvi Das. Offences were recorded under IPC section 420.",Suresh Das|Tanvi Das,+917000918604,TN24AB1162,suresh.0117@okicici,Vaishali Ghaziabad,2027-03-08
FIR-2026-0865,"On 2027-03-09, complainant reported suspect Aditi Gupta near Bengaluru Central. The suspect used phone +917000958199, vehicle TS25AB1169, UPI aditi.0122@okaxis, bank account number 510000432091, Aadhaar 2000 0095 8199, PAN CLNAI0122R, and contacted associate Akash Gupta. Offences were recorded under IPC section 420.",Aditi Gupta|Akash Gupta,+917000958199,TS25AB1169,aditi.0122@okaxis,Bengaluru Central,2027-03-09
FIR-2026-0866,"On 2027-03-09, complainant reported suspect Divya Gupta near Chandni Chowk Delhi. The suspect used phone +917000997794, vehicle UP26AB1176, UPI divya.0127@oksbi, bank account number 510000449946, Aadhaar 2000 0099 7794, PAN CLNAI0127W, and contacted associate Farhan Gupta. Offences were recorded under IPC section 420.",Divya Gupta|Farhan Gupta,+917000997794,UP26AB1176,divya.0127@oksbi,Chandni Chowk Delhi,2027-03-09
FIR-2026-0867,"On 2027-03-10, complainant reported suspect Manoj Gupta near Charminar Hyderabad. The suspect used phone +917001037389, vehicle WB27AB1183, UPI manoj.0132@upi, bank account number 510000467801, Aadhaar 2000 0103 7389, PAN CLNAI0132B, and contacted associate Meera Gupta. Offences were recorded under IPC section 420.",Manoj Gupta|Meera Gupta,+917001037389,WB27AB1183,manoj.0132@upi,Charminar Hyderabad,2027-03-10
FIR-2026-0868,"On 2027-03-10, complainant reported suspect Pranav Gupta near Gomti Nagar Lucknow. The suspect used phone +917001076984, vehicle GJ28AB1190, UPI pranav.0137@paytm, bank account number 510000485656, Aadhaar 2000 0107 6984, PAN CLNAI0137G, and contacted associate Priya Gupta. Offences were recorded under IPC section 420.",Pranav Gupta|Priya Gupta,+917001076984,GJ28AB1190,pranav.0137@paytm,Gomti Nagar Lucknow,2027-03-10
FIR-2026-0869,"On 2027-03-11, complainant reported suspect Riya Gupta near Howrah Kolkata. The suspect used phone +917001116579, vehicle RJ29AB1197, UPI riya.0142@ybl, bank account number 510000503511, Aadhaar 2000 0111 6579, PAN CLNAI0142L, and contacted associate Rohan Gupta. Offences were recorded under IPC section 420.",Riya Gupta|Rohan Gupta,+917001116579,RJ29AB1197,riya.0142@ybl,Howrah Kolkata,2027-03-11
FIR-2026-0870,"On 2027-03-11, complainant reported suspect Suresh Gupta near Indiranagar Bengaluru. The suspect used phone +917001156174, vehicle KL30AB1204, UPI suresh.0147@okicici, bank account number 510000521366, Aadhaar 2000 0115 6174, PAN CLNAI0147Q, and contacted associate Tanvi Gupta. Offences were recorded under IPC section 420.",Suresh Gupta|Tanvi Gupta,+917001156174,KL30AB1204,suresh.0147@okicici,Indiranagar Bengaluru,2027-03-11
FIR-2026-0871,"On 2027-03-12, complainant reported suspect Aditi Iyer near Kochi Marine Drive. The suspect used phone +917001195769, vehicle DL31AB1211, UPI aditi.0152@okaxis, bank account number 510000539221, Aadhaar 2000 0119 5769, PAN CLNAI0152V, and contacted associate Akash Iyer. Offences were recorded under IPC section 420.",Aditi Iyer|Akash Iyer,+917001195769,DL31AB1211,aditi.0152@okaxis,Kochi Marine Drive,2027-03-12
FIR-2026-0872,"On 2027-03-12, complainant reported suspect Divya Iyer near Mumbai Central. The suspect used phone +917001235364, vehicle KA32AB1218, UPI divya.0157@oksbi, bank account number 510000557076, Aadhaar 2000 0123 5364, PAN CLNAI0157A, and contacted associate Farhan Iyer. Offences were recorded under IPC section 420.",Divya Iyer|Farhan Iyer,+917001235364,KA32AB1218,divya.0157@oksbi,Mumbai Central,2027-03-12
FIR-2026-0873,"On 2027-03-13, complainant reported suspect Manoj Iyer near Pune Camp. The suspect used phone +917001274959, vehicle MH33AB1225, UPI manoj.0162@upi, bank account number 510000574931, Aadhaar 2000 0127 4959, PAN CLNAI0162F, and contacted associate Meera Iyer. Offences were recorded under IPC section 420.",Manoj Iyer|Meera Iyer,+917001274959,MH33AB1225,manoj.0162@upi,Pune Camp,2027-03-13
FIR-2026-0874,"On 2027-03-13, complainant reported suspect Pranav Iyer near Sector 17 Chandigarh. The suspect used phone +917001314554, vehicle TN34AB1232, UPI pranav.0167@paytm, bank account number 510000592786, Aadhaar 2000 0131 4554, PAN CLNAI0167K, and contacted associate Priya Iyer. Offences were recorded under IPC section 420.",Pranav Iyer|Priya Iyer,+917001314554,TN34AB1232,pranav.0167@paytm,Sector 17 Chandigarh,2027-03-13
FIR-2026-0875,"On 2027-03-14, complainant reported suspect Riya Iyer near T Nagar Chennai. The suspect used phone +917001354149, vehicle TS35AB1239, UPI riya.0172@ybl, bank account number 510000610641, Aadhaar 2000 0135 4149, PAN CLNAI0172P, and contacted associate Rohan Iyer. Offences were recorded under IPC section 420.",Riya Iyer|Rohan Iyer,+917001354149,TS35AB1239,riya.0172@ybl,T Nagar Chennai,2027-03-14
FIR-2026-0876,"On 2027-03-14, complainant reported suspect Suresh Iyer near Vaishali Ghaziabad. The suspect used phone +917001393744, vehicle UP01AB1246, UPI suresh.0177@okicici, bank account number 510000628496, Aadhaar 2000 0139 3744, PAN CLNAI0177U, and contacted associate Tanvi Iyer. Offences were recorded under IPC section 420.",Suresh Iyer|Tanvi Iyer,+917001393744,UP01AB1246,suresh.0177@okicici,Vaishali Ghaziabad,2027-03-14
FIR-2026-0877,"On 2027-03-15, complainant reported suspect Aditi Jain near Bengaluru Central. The suspect used phone +917001433339, vehicle WB02AB1253, UPI aditi.0182@okaxis, bank account number 510000646351, Aadhaar 2000 0143 3339, PAN CLNAI0182Z, and contacted associate Akash Jain. Offences were recorded under IPC section 420.",Aditi Jain|Akash Jain,+917001433339,WB02AB1253,aditi.0182@okaxis,Bengaluru Central,2027-03-15
FIR-2026-0878,"On 2027-03-15, complainant reported suspect Divya Jain near Chandni Chowk Delhi. The suspect used phone +917001472934, vehicle GJ03AB1260, UPI divya.0187@oksbi, bank account number 510000664206, Aadhaar 2000 0147 2934, PAN CLNAI0187E, and contacted associate Farhan Jain. Offences were recorded under IPC section 420.",Divya Jain|Farhan Jain,+917001472934,GJ03AB1260,divya.0187@oksbi,Chandni Chowk Delhi,2027-03-15
FIR-2026-0879,"On 2027-03-16, complainant reported suspect Manoj Jain near Charminar Hyderabad. The suspect used phone +917001512529, vehicle RJ04AB1267, UPI manoj.0192@upi, bank account number 510000682061, Aadhaar 2000 0151 2529, PAN CLNAI0192J, and contacted associate Meera Jain. Offences were recorded under IPC section 420.",Manoj Jain|Meera Jain,+917001512529,RJ04AB1267,manoj.0192@upi,Charminar Hyderabad,2027-03-16
FIR-2026-0880,"On 2027-03-16, complainant reported suspect Pranav Jain near Gomti Nagar Lucknow. The suspect used phone +917001552124, vehicle KL05AB1274, UPI pranav.0197@paytm, bank account number 510000699916, Aadhaar 2000 0155 2124, PAN CLNAI0197O, and contacted associate Priya Jain. Offences were recorded under IPC section 420.",Pranav Jain|Priya Jain,+917001552124,KL05AB1274,pranav.0197@paytm,Gomti Nagar Lucknow,2027-03-16
FIR-2026-0881,"On 2027-03-17, complainant reported suspect Akash Agarwal near Bengaluru Central. The suspect used phone +917000015838, vehicle DL01AB1002, UPI akash.0003@okicici, bank account number 510000007142, Aadhaar 2000 0001 5838, PAN CLNAI0003C, and contacted associate Ananya Agarwal. Offences were recorded under IPC section 420.",Akash Agarwal|Ananya Agarwal,+917000015838,DL01AB1002,akash.0003@okicici,Bengaluru Central,2027-03-17
FIR-2026-0882,"On 2027-03-17, complainant reported suspect Farhan Agarwal near Chandni Chowk Delhi. The suspect used phone +917000055433, vehicle KA02AB1009, UPI farhan.0008@okaxis, bank account number 510000024997, Aadhaar 2000 0005 5433, PAN CLNAI0008H, and contacted associate Ishita Agarwal. Offences were recorded under IPC section 420.",Farhan Agarwal|Ishita Agarwal,+917000055433,KA02AB1009,farhan.0008@okaxis,Chandni Chowk Delhi,2027-03-17
FIR-2026-0883,"On 2027-03-18, complainant reported suspect Meera Agarwal near Charminar Hyderabad. The suspect used phone +917000095028, vehicle MH03AB1016, UPI meera.0013@oksbi, bank account number 510000042852, Aadhaar 2000 0009 5028, PAN CLNAI0013M, and contacted associate Neha Agarwal. Offences were recorded under IPC section 420.",Meera Agarwal|Neha Agarwal,+917000095028,MH03AB1016,meera.0013@oksbi,Charminar Hyderabad,2027-03-18
FIR-2026-0884,"On 2027-03-18, complainant reported suspect Priya Agarwal near Gomti Nagar Lucknow. The suspect used phone +917000134623, vehicle TN04AB1023, UPI priya.0018@upi, bank account number 510000060707, Aadhaar 2000 0013 4623, PAN CLNAI0018R, and contacted associate Rahul Agarwal. Offences were recorded under IPC section 420.",Priya Agarwal|Rahul Agarwal,+917000134623,TN04AB1023,priya.0018@upi,Gomti Nagar Lucknow,2027-03-18
FIR-2026-0885,"On 2027-03-19, complainant reported suspect Rohan Agarwal near Howrah Kolkata. The suspect used phone +917000174218, vehicle TS05AB1030, UPI rohan.0023@paytm, bank account number 510000078562, Aadhaar 2000 0017 4218, PAN CLNAI0023W, and contacted associate Sameer Agarwal. Offences were recorded under IPC section 420.",Rohan Agarwal|Sameer Agarwal,+917000174218,TS05AB1030,rohan.0023@paytm,Howrah Kolkata,2027-03-19
FIR-2026-0886,"On 2027-03-19, complainant reported suspect Tanvi Agarwal near Indiranagar Bengaluru. The suspect used phone +917000213813, vehicle UP06AB1037, UPI tanvi.0028@ybl, bank account number 510000096417, Aadhaar 2000 0021 3813, PAN CLNAI0028B, and contacted associate Varun Agarwal. Offences were recorded under IPC section 420.",Tanvi Agarwal|Varun Agarwal,+917000213813,UP06AB1037,tanvi.0028@ybl,Indiranagar Bengaluru,2027-03-19
FIR-2026-0887,"On 2027-03-20, complainant reported suspect Akash Bansal near Kochi Marine Drive. The suspect used phone +917000253408, vehicle WB07AB1044, UPI akash.0033@okicici, bank account number 510000114272, Aadhaar 2000 0025 3408, PAN CLNAI0033G, and contacted associate Ananya Bansal. Offences were recorded under IPC section 420.",Akash Bansal|Ananya Bansal,+917000253408,WB07AB1044,akash.0033@okicici,Kochi Marine Drive,2027-03-20
FIR-2026-0888,"On 2027-03-20, complainant reported suspect Farhan Bansal near Mumbai Central. The suspect used phone +917000293003, vehicle GJ08AB1051, UPI farhan.0038@okaxis, bank account number 510000132127, Aadhaar 2000 0029 3003, PAN CLNAI0038L, and contacted associate Ishita Bansal. Offences were recorded under IPC section 420.",Farhan Bansal|Ishita Bansal,+917000293003,GJ08AB1051,farhan.0038@okaxis,Mumbai Central,2027-03-20
FIR-2026-0889,"On 2027-03-21, complainant reported suspect Meera Bansal near Pune Camp. The suspect used phone +917000332598, vehicle RJ09AB1058, UPI meera.0043@oksbi, bank account number 510000149982, Aadhaar 2000 0033 2598, PAN CLNAI0043Q, and contacted associate Neha Bansal. Offences were recorded under IPC section 420.",Meera Bansal|Neha Bansal,+917000332598,RJ09AB1058,meera.0043@oksbi,Pune Camp,2027-03-21
FIR-2026-0890,"On 2027-03-21, complainant reported suspect Priya Bansal near Sector 17 Chandigarh. The suspect used phone +917000372193, vehicle KL10AB1065, UPI priya.0048@upi, bank account number 510000167837, Aadhaar 2000 0037 2193, PAN CLNAI0048V, and contacted associate Rahul Bansal. Offences were recorded under IPC section 420.",Priya Bansal|Rahul Bansal,+917000372193,KL10AB1065,priya.0048@upi,Sector 17 Chandigarh,2027-03-21
FIR-2026-0891,"On 2027-03-22, complainant reported suspect Rohan Bansal near T Nagar Chennai. The suspect used phone +917000411788, vehicle DL11AB1072, UPI rohan.0053@paytm, bank account number 510000185692, Aadhaar 2000 0041 1788, PAN CLNAI0053A, and contacted associate Sameer Bansal. Offences were recorded under IPC section 420.",Rohan Bansal|Sameer Bansal,+917000411788,DL11AB1072,rohan.0053@paytm,T Nagar Chennai,2027-03-22
FIR-2026-0892,"On 2027-03-22, complainant reported suspect Tanvi Bansal near Vaishali Ghaziabad. The suspect used phone +917000451383, vehicle KA12AB1079, UPI tanvi.0058@ybl, bank account number 510000203547, Aadhaar 2000 0045 1383, PAN CLNAI0058F, and contacted associate Varun Bansal. Offences were recorded under IPC section 420.",Tanvi Bansal|Varun Bansal,+917000451383,KA12AB1079,tanvi.0058@ybl,Vaishali Ghaziabad,2027-03-22
FIR-2026-0893,"On 2027-03-23, complainant reported suspect Akash Chauhan near Bengaluru Central. The suspect used phone +917000490978, vehicle MH13AB1086, UPI akash.0063@okicici, bank account number 510000221402, Aadhaar 2000 0049 0978, PAN CLNAI0063K, and contacted associate Ananya Chauhan. Offences were recorded under IPC section 420.",Akash Chauhan|Ananya Chauhan,+917000490978,MH13AB1086,akash.0063@okicici,Bengaluru Central,2027-03-23
FIR-2026-0894,"On 2027-03-23, complainant reported suspect Farhan Chauhan near Chandni Chowk Delhi. The suspect used phone +917000530573, vehicle TN14AB1093, UPI farhan.0068@okaxis, bank account number 510000239257, Aadhaar 2000 0053 0573, PAN CLNAI0068P, and contacted associate Ishita Chauhan. Offences were recorded under IPC section 420.",Farhan Chauhan|Ishita Chauhan,+917000530573,TN14AB1093,farhan.0068@okaxis,Chandni Chowk Delhi,2027-03-23
FIR-2026-0895,"On 2027-03-24, complainant reported suspect Meera Chauhan near Charminar Hyderabad. The suspect used phone +917000570168, vehicle TS15AB1100, UPI meera.0073@oksbi, bank account number 510000257112, Aadhaar 2000 0057 0168, PAN CLNAI0073U, and contacted associate Neha Chauhan. Offences were recorded under IPC section 420.",Meera Chauhan|Neha Chauhan,+917000570168,TS15AB1100,meera.0073@oksbi,Charminar Hyderabad,2027-03-24
FIR-2026-0896,"On 2027-03-24, complainant reported suspect Priya Chauhan near Gomti Nagar Lucknow. The suspect used phone +917000609763, vehicle UP16AB1107, UPI priya.0078@upi, bank account number 510000274967, Aadhaar 2000 0060 9763, PAN CLNAI0078Z, and contacted associate Rahul Chauhan. Offences were recorded under IPC section 420.",Priya Chauhan|Rahul Chauhan,+917000609763,UP16AB1107,priya.0078@upi,Gomti Nagar Lucknow,2027-03-24
FIR-2026-0897,"On 2027-03-25, complainant reported suspect Rohan Chauhan near Howrah Kolkata. The suspect used phone +917000649358, vehicle WB17AB1114, UPI rohan.0083@paytm, bank account number 510000292822, Aadhaar 2000 0064 9358, PAN CLNAI0083E, and contacted associate Sameer Chauhan. Offences were recorded under IPC section 420.",Rohan Chauhan|Sameer Chauhan,+917000649358,WB17AB1114,rohan.0083@paytm,Howrah Kolkata,2027-03-25
FIR-2026-0898,"On 2027-03-25, complainant reported suspect Tanvi Chauhan near Indiranagar Bengaluru. The suspect used phone +917000688953, vehicle GJ18AB1121, UPI tanvi.0088@ybl, bank account number 510000310677, Aadhaar 2000 0068 8953, PAN CLNAI0088J, and contacted associate Varun Chauhan. Offences were recorded under IPC section 420.",Tanvi Chauhan|Varun Chauhan,+917000688953,GJ18AB1121,tanvi.0088@ybl,Indiranagar Bengaluru,2027-03-25
FIR-2026-0899,"On 2027-03-26, complainant reported suspect Akash Das near Kochi Marine Drive. The suspect used phone +917000728548, vehicle RJ19AB1128, UPI akash.0093@okicici, bank account number 510000328532, Aadhaar 2000 0072 8548, PAN CLNAI0093O, and contacted associate Ananya Das. Offences were recorded under IPC section 420.",Akash Das|Ananya Das,+917000728548,RJ19AB1128,akash.0093@okicici,Kochi Marine Drive,2027-03-26
FIR-2026-0900,"On 2027-03-26, complainant reported suspect Farhan Das near Mumbai Central. The suspect used phone +917000768143, vehicle KL20AB1135, UPI farhan.0098@okaxis, bank account number 510000346387, Aadhaar 2000 0076 8143, PAN CLNAI0098T, and contacted associate Ishita Das. Offences were recorded under IPC section 420.",Farhan Das|Ishita Das,+917000768143,KL20AB1135,farhan.0098@okaxis,Mumbai Central,2027-03-26
FIR-2026-0901,"On 2027-03-27, complainant reported suspect Meera Das near Pune Camp. The suspect used phone +917000807738, vehicle DL21AB1142, UPI meera.0103@oksbi, bank account number 510000364242, Aadhaar 2000 0080 7738, PAN CLNAI0103Y, and contacted associate Neha Das. Offences were recorded under IPC section 420.",Meera Das|Neha Das,+917000807738,DL21AB1142,meera.0103@oksbi,Pune Camp,2027-03-27
FIR-2026-0902,"On 2027-03-27, complainant reported suspect Priya Das near Sector 17 Chandigarh. The suspect used phone +917000847333, vehicle KA22AB1149, UPI priya.0108@upi, bank account number 510000382097, Aadhaar 2000 0084 7333, PAN CLNAI0108D, and contacted associate Rahul Das. Offences were recorded under IPC section 420.",Priya Das|Rahul Das,+917000847333,KA22AB1149,priya.0108@upi,Sector 17 Chandigarh,2027-03-27
FIR-2026-0903,"On 2027-03-28, complainant reported suspect Rohan Das near T Nagar Chennai. The suspect used phone +917000886928, vehicle MH23AB1156, UPI rohan.0113@paytm, bank account number 510000399952, Aadhaar 2000 0088 6928, PAN CLNAI0113I, and contacted associate Sameer Das. Offences were recorded under IPC section 420.",Rohan Das|Sameer Das,+917000886928,MH23AB1156,rohan.0113@paytm,T Nagar Chennai,2027-03-28
FIR-2026-0904,"On 2027-03-28, complainant reported suspect Tanvi Das near Vaishali Ghaziabad. The suspect used phone +917000926523, vehicle TN24AB1163, UPI tanvi.0118@ybl, bank account number 510000417807, Aadhaar 2000 0092 6523, PAN CLNAI0118N, and contacted associate Varun Das. Offences were recorded under IPC section 420.",Tanvi Das|Varun Das,+917000926523,TN24AB1163,tanvi.0118@ybl,Vaishali Ghaziabad,2027-03-28
FIR-2026-0905,"On 2027-03-29, complainant reported suspect Akash Gupta near Bengaluru Central. The suspect used phone +917000966118, vehicle TS25AB1170, UPI akash.0123@okicici, bank account number 510000435662, Aadhaar 2000 0096 6118, PAN CLNAI0123S, and contacted associate Ananya Gupta. Offences were recorded under IPC section 420.",Akash Gupta|Ananya Gupta,+917000966118,TS25AB1170,akash.0123@okicici,Bengaluru Central,2027-03-29
FIR-2026-0906,"On 2027-03-29, complainant reported suspect Farhan Gupta near Chandni Chowk Delhi. The suspect used phone +917001005713, vehicle UP26AB1177, UPI farhan.0128@okaxis, bank account number 510000453517, Aadhaar 2000 0100 5713, PAN CLNAI0128X, and contacted associate Ishita Gupta. Offences were recorded under IPC section 420.",Farhan Gupta|Ishita Gupta,+917001005713,UP26AB1177,farhan.0128@okaxis,Chandni Chowk Delhi,2027-03-29
FIR-2026-0907,"On 2027-03-30, complainant reported suspect Meera Gupta near Charminar Hyderabad. The suspect used phone +917001045308, vehicle WB27AB1184, UPI meera.0133@oksbi, bank account number 510000471372, Aadhaar 2000 0104 5308, PAN CLNAI0133C, and contacted associate Neha Gupta. Offences were recorded under IPC section 420.",Meera Gupta|Neha Gupta,+917001045308,WB27AB1184,meera.0133@oksbi,Charminar Hyderabad,2027-03-30
FIR-2026-0908,"On 2027-03-30, complainant reported suspect Priya Gupta near Gomti Nagar Lucknow. The suspect used phone +917001084903, vehicle GJ28AB1191, UPI priya.0138@upi, bank account number 510000489227, Aadhaar 2000 0108 4903, PAN CLNAI0138H, and contacted associate Rahul Gupta. Offences were recorded under IPC section 420.",Priya Gupta|Rahul Gupta,+917001084903,GJ28AB1191,priya.0138@upi,Gomti Nagar Lucknow,2027-03-30
FIR-2026-0909,"On 2027-03-31, complainant reported suspect Rohan Gupta near Howrah Kolkata. The suspect used phone +917001124498, vehicle RJ29AB1198, UPI rohan.0143@paytm, bank account number 510000507082, Aadhaar 2000 0112 4498, PAN CLNAI0143M, and contacted associate Sameer Gupta. Offences were recorded under IPC section 420.",Rohan Gupta|Sameer Gupta,+917001124498,RJ29AB1198,rohan.0143@paytm,Howrah Kolkata,2027-03-31
FIR-2026-0910,"On 2027-03-31, complainant reported suspect Tanvi Gupta near Indiranagar Bengaluru. The suspect used phone +917001164093, vehicle KL30AB1205, UPI tanvi.0148@ybl, bank account number 510000524937, Aadhaar 2000 0116 4093, PAN CLNAI0148R, and contacted associate Varun Gupta. Offences were recorded under IPC section 420.",Tanvi Gupta|Varun Gupta,+917001164093,KL30AB1205,tanvi.0148@ybl,Indiranagar Bengaluru,2027-03-31
FIR-2026-0911,"On 2027-04-01, complainant reported suspect Akash Iyer near Kochi Marine Drive. The suspect used phone +917001203688, vehicle DL31AB1212, UPI akash.0153@okicici, bank account number 510000542792, Aadhaar 2000 0120 3688, PAN CLNAI0153W, and contacted associate Ananya Iyer. Offences were recorded under IPC section 420.",Akash Iyer|Ananya Iyer,+917001203688,DL31AB1212,akash.0153@okicici,Kochi Marine Drive,2027-04-01
FIR-2026-0912,"On 2027-04-01, complainant reported suspect Farhan Iyer near Mumbai Central. The suspect used phone +917001243283, vehicle KA32AB1219, UPI farhan.0158@okaxis, bank account number 510000560647, Aadhaar 2000 0124 3283, PAN CLNAI0158B, and contacted associate Ishita Iyer. Offences were recorded under IPC section 420.",Farhan Iyer|Ishita Iyer,+917001243283,KA32AB1219,farhan.0158@okaxis,Mumbai Central,2027-04-01
FIR-2026-0913,"On 2027-04-02, complainant reported suspect Meera Iyer near Pune Camp. The suspect used phone +917001282878, vehicle MH33AB1226, UPI meera.0163@oksbi, bank account number 510000578502, Aadhaar 2000 0128 2878, PAN CLNAI0163G, and contacted associate Neha Iyer. Offences were recorded under IPC section 420.",Meera Iyer|Neha Iyer,+917001282878,MH33AB1226,meera.0163@oksbi,Pune Camp,2027-04-02
FIR-2026-0914,"On 2027-04-02, complainant reported suspect Priya Iyer near Sector 17 Chandigarh. The suspect used phone +917001322473, vehicle TN34AB1233, UPI priya.0168@upi, bank account number 510000596357, Aadhaar 2000 0132 2473, PAN CLNAI0168L, and contacted associate Rahul Iyer. Offences were recorded under IPC section 420.",Priya Iyer|Rahul Iyer,+917001322473,TN34AB1233,priya.0168@upi,Sector 17 Chandigarh,2027-04-02
FIR-2026-0915,"On 2027-04-03, complainant reported suspect Rohan Iyer near T Nagar Chennai. The suspect used phone +917001362068, vehicle TS35AB1240, UPI rohan.0173@paytm, bank account number 510000614212, Aadhaar 2000 0136 2068, PAN CLNAI0173Q, and contacted associate Sameer Iyer. Offences were recorded under IPC section 420.",Rohan Iyer|Sameer Iyer,+917001362068,TS35AB1240,rohan.0173@paytm,T Nagar Chennai,2027-04-03
FIR-2026-0916,"On 2027-04-03, complainant reported suspect Tanvi Iyer near Vaishali Ghaziabad. The suspect used phone +917001401663, vehicle UP01AB1247, UPI tanvi.0178@ybl, bank account number 510000632067, Aadhaar 2000 0140 1663, PAN CLNAI0178V, and contacted associate Varun Iyer. Offences were recorded under IPC section 420.",Tanvi Iyer|Varun Iyer,+917001401663,UP01AB1247,tanvi.0178@ybl,Vaishali Ghaziabad,2027-04-03
FIR-2026-0917,"On 2027-04-04, complainant reported suspect Akash Jain near Bengaluru Central. The suspect used phone +917001441258, vehicle WB02AB1254, UPI akash.0183@okicici, bank account number 510000649922, Aadhaar 2000 0144 1258, PAN CLNAI0183A, and contacted associate Ananya Jain. Offences were recorded under IPC section 420.",Akash Jain|Ananya Jain,+917001441258,WB02AB1254,akash.0183@okicici,Bengaluru Central,2027-04-04
FIR-2026-0918,"On 2027-04-04, complainant reported suspect Farhan Jain near Chandni Chowk Delhi. The suspect used phone +917001480853, vehicle GJ03AB1261, UPI farhan.0188@okaxis, bank account number 510000667777, Aadhaar 2000 0148 0853, PAN CLNAI0188F, and contacted associate Ishita Jain. Offences were recorded under IPC section 420.",Farhan Jain|Ishita Jain,+917001480853,GJ03AB1261,farhan.0188@okaxis,Chandni Chowk Delhi,2027-04-04
FIR-2026-0919,"On 2027-04-05, complainant reported suspect Meera Jain near Charminar Hyderabad. The suspect used phone +917001520448, vehicle RJ04AB1268, UPI meera.0193@oksbi, bank account number 510000685632, Aadhaar 2000 0152 0448, PAN CLNAI0193K, and contacted associate Neha Jain. Offences were recorded under IPC section 420.",Meera Jain|Neha Jain,+917001520448,RJ04AB1268,meera.0193@oksbi,Charminar Hyderabad,2027-04-05
FIR-2026-0920,"On 2027-04-05, complainant reported suspect Priya Jain near Gomti Nagar Lucknow. The suspect used phone +917001560043, vehicle KL05AB1275, UPI priya.0198@upi, bank account number 510000703487, Aadhaar 2000 0156 0043, PAN CLNAI0198P, and contacted associate Rahul Jain. Offences were recorded under IPC section 420.",Priya Jain|Rahul Jain,+917001560043,KL05AB1275,priya.0198@upi,Gomti Nagar Lucknow,2027-04-05
FIR-2026-0921,"On 2027-04-06, complainant reported suspect Ananya Agarwal near Bengaluru Central. The suspect used phone +917000023757, vehicle DL01AB1003, UPI ananya.0004@ybl, bank account number 510000010713, Aadhaar 2000 0002 3757, PAN CLNAI0004D, and contacted associate Arjun Agarwal. Offences were recorded under IPC section 420.",Ananya Agarwal|Arjun Agarwal,+917000023757,DL01AB1003,ananya.0004@ybl,Bengaluru Central,2027-04-06
FIR-2026-0922,"On 2027-04-06, complainant reported suspect Ishita Agarwal near Chandni Chowk Delhi. The suspect used phone +917000063352, vehicle KA02AB1010, UPI ishita.0009@okicici, bank account number 510000028568, Aadhaar 2000 0006 3352, PAN CLNAI0009I, and contacted associate Kabir Agarwal. Offences were recorded under IPC section 420.",Ishita Agarwal|Kabir Agarwal,+917000063352,KA02AB1010,ishita.0009@okicici,Chandni Chowk Delhi,2027-04-06
FIR-2026-0923,"On 2027-04-07, complainant reported suspect Neha Agarwal near Charminar Hyderabad. The suspect used phone +917000102947, vehicle MH03AB1017, UPI neha.0014@okaxis, bank account number 510000046423, Aadhaar 2000 0010 2947, PAN CLNAI0014N, and contacted associate Nikhil Agarwal. Offences were recorded under IPC section 420.",Neha Agarwal|Nikhil Agarwal,+917000102947,MH03AB1017,neha.0014@okaxis,Charminar Hyderabad,2027-04-07
FIR-2026-0924,"On 2027-04-07, complainant reported suspect Rahul Agarwal near Gomti Nagar Lucknow. The suspect used phone +917000142542, vehicle TN04AB1024, UPI rahul.0019@oksbi, bank account number 510000064278, Aadhaar 2000 0014 2542, PAN CLNAI0019S, and contacted associate Rajesh Agarwal. Offences were recorded under IPC section 420.",Rahul Agarwal|Rajesh Agarwal,+917000142542,TN04AB1024,rahul.0019@oksbi,Gomti Nagar Lucknow,2027-04-07
FIR-2026-0925,"On 2027-04-08, complainant reported suspect Sameer Agarwal near Howrah Kolkata. The suspect used phone +917000182137, vehicle TS05AB1031, UPI sameer.0024@upi, bank account number 510000082133, Aadhaar 2000 0018 2137, PAN CLNAI0024X, and contacted associate Sanjay Agarwal. Offences were recorded under IPC section 420.",Sameer Agarwal|Sanjay Agarwal,+917000182137,TS05AB1031,sameer.0024@upi,Howrah Kolkata,2027-04-08
FIR-2026-0926,"On 2027-04-08, complainant reported suspect Varun Agarwal near Indiranagar Bengaluru. The suspect used phone +917000221732, vehicle UP06AB1038, UPI varun.0029@paytm, bank account number 510000099988, Aadhaar 2000 0022 1732, PAN CLNAI0029C, and contacted associate Vikram Agarwal. Offences were recorded under IPC section 420.",Varun Agarwal|Vikram Agarwal,+917000221732,UP06AB1038,varun.0029@paytm,Indiranagar Bengaluru,2027-04-08
FIR-2026-0927,"On 2027-04-09, complainant reported suspect Ananya Bansal near Kochi Marine Drive. The suspect used phone +917000261327, vehicle WB07AB1045, UPI ananya.0034@ybl, bank account number 510000117843, Aadhaar 2000 0026 1327, PAN CLNAI0034H, and contacted associate Arjun Bansal. Offences were recorded under IPC section 420.",Ananya Bansal|Arjun Bansal,+917000261327,WB07AB1045,ananya.0034@ybl,Kochi Marine Drive,2027-04-09
FIR-2026-0928,"On 2027-04-09, complainant reported suspect Ishita Bansal near Mumbai Central. The suspect used phone +917000300922, vehicle GJ08AB1052, UPI ishita.0039@okicici, bank account number 510000135698, Aadhaar 2000 0030 0922, PAN CLNAI0039M, and contacted associate Kabir Bansal. Offences were recorded under IPC section 420.",Ishita Bansal|Kabir Bansal,+917000300922,GJ08AB1052,ishita.0039@okicici,Mumbai Central,2027-04-09
FIR-2026-0929,"On 2027-04-10, complainant reported suspect Neha Bansal near Pune Camp. The suspect used phone +917000340517, vehicle RJ09AB1059, UPI neha.0044@okaxis, bank account number 510000153553, Aadhaar 2000 0034 0517, PAN CLNAI0044R, and contacted associate Nikhil Bansal. Offences were recorded under IPC section 420.",Neha Bansal|Nikhil Bansal,+917000340517,RJ09AB1059,neha.0044@okaxis,Pune Camp,2027-04-10
FIR-2026-0930,"On 2027-04-10, complainant reported suspect Rahul Bansal near Sector 17 Chandigarh. The suspect used phone +917000380112, vehicle KL10AB1066, UPI rahul.0049@oksbi, bank account number 510000171408, Aadhaar 2000 0038 0112, PAN CLNAI0049W, and contacted associate Rajesh Bansal. Offences were recorded under IPC section 420.",Rahul Bansal|Rajesh Bansal,+917000380112,KL10AB1066,rahul.0049@oksbi,Sector 17 Chandigarh,2027-04-10
FIR-2026-0931,"On 2027-04-11, complainant reported suspect Sameer Bansal near T Nagar Chennai. The suspect used phone +917000419707, vehicle DL11AB1073, UPI sameer.0054@upi, bank account number 510000189263, Aadhaar 2000 0041 9707, PAN CLNAI0054B, and contacted associate Sanjay Bansal. Offences were recorded under IPC section 420.",Sameer Bansal|Sanjay Bansal,+917000419707,DL11AB1073,sameer.0054@upi,T Nagar Chennai,2027-04-11
FIR-2026-0932,"On 2027-04-11, complainant reported suspect Varun Bansal near Vaishali Ghaziabad. The suspect used phone +917000459302, vehicle KA12AB1080, UPI varun.0059@paytm, bank account number 510000207118, Aadhaar 2000 0045 9302, PAN CLNAI0059G, and contacted associate Vikram Bansal. Offences were recorded under IPC section 420.",Varun Bansal|Vikram Bansal,+917000459302,KA12AB1080,varun.0059@paytm,Vaishali Ghaziabad,2027-04-11
FIR-2026-0933,"On 2027-04-12, complainant reported suspect Ananya Chauhan near Bengaluru Central. The suspect used phone +917000498897, vehicle MH13AB1087, UPI ananya.0064@ybl, bank account number 510000224973, Aadhaar 2000 0049 8897, PAN CLNAI0064L, and contacted associate Arjun Chauhan. Offences were recorded under IPC section 420.",Ananya Chauhan|Arjun Chauhan,+917000498897,MH13AB1087,ananya.0064@ybl,Bengaluru Central,2027-04-12
FIR-2026-0934,"On 2027-04-12, complainant reported suspect Ishita Chauhan near Chandni Chowk Delhi. The suspect used phone +917000538492, vehicle TN14AB1094, UPI ishita.0069@okicici, bank account number 510000242828, Aadhaar 2000 0053 8492, PAN CLNAI0069Q, and contacted associate Kabir Chauhan. Offences were recorded under IPC section 420.",Ishita Chauhan|Kabir Chauhan,+917000538492,TN14AB1094,ishita.0069@okicici,Chandni Chowk Delhi,2027-04-12
FIR-2026-0935,"On 2027-04-13, complainant reported suspect Neha Chauhan near Charminar Hyderabad. The suspect used phone +917000578087, vehicle TS15AB1101, UPI neha.0074@okaxis, bank account number 510000260683, Aadhaar 2000 0057 8087, PAN CLNAI0074V, and contacted associate Nikhil Chauhan. Offences were recorded under IPC section 420.",Neha Chauhan|Nikhil Chauhan,+917000578087,TS15AB1101,neha.0074@okaxis,Charminar Hyderabad,2027-04-13
FIR-2026-0936,"On 2027-04-13, complainant reported suspect Rahul Chauhan near Gomti Nagar Lucknow. The suspect used phone +917000617682, vehicle UP16AB1108, UPI rahul.0079@oksbi, bank account number 510000278538, Aadhaar 2000 0061 7682, PAN CLNAI0079A, and contacted associate Rajesh Chauhan. Offences were recorded under IPC section 420.",Rahul Chauhan|Rajesh Chauhan,+917000617682,UP16AB1108,rahul.0079@oksbi,Gomti Nagar Lucknow,2027-04-13
FIR-2026-0937,"On 2027-04-14, complainant reported suspect Sameer Chauhan near Howrah Kolkata. The suspect used phone +917000657277, vehicle WB17AB1115, UPI sameer.0084@upi, bank account number 510000296393, Aadhaar 2000 0065 7277, PAN CLNAI0084F, and contacted associate Sanjay Chauhan. Offences were recorded under IPC section 420.",Sameer Chauhan|Sanjay Chauhan,+917000657277,WB17AB1115,sameer.0084@upi,Howrah Kolkata,2027-04-14
FIR-2026-0938,"On 2027-04-14, complainant reported suspect Varun Chauhan near Indiranagar Bengaluru. The suspect used phone +917000696872, vehicle GJ18AB1122, UPI varun.0089@paytm, bank account number 510000314248, Aadhaar 2000 0069 6872, PAN CLNAI0089K, and contacted associate Vikram Chauhan. Offences were recorded under IPC section 420.",Varun Chauhan|Vikram Chauhan,+917000696872,GJ18AB1122,varun.0089@paytm,Indiranagar Bengaluru,2027-04-14
FIR-2026-0939,"On 2027-04-15, complainant reported suspect Ananya Das near Kochi Marine Drive. The suspect used phone +917000736467, vehicle RJ19AB1129, UPI ananya.0094@ybl, bank account number 510000332103, Aadhaar 2000 0073 6467, PAN CLNAI0094P, and contacted associate Arjun Das. Offences were recorded under IPC section 420.",Ananya Das|Arjun Das,+917000736467,RJ19AB1129,ananya.0094@ybl,Kochi Marine Drive,2027-04-15
FIR-2026-0940,"On 2027-04-15, complainant reported suspect Ishita Das near Mumbai Central. The suspect used phone +917000776062, vehicle KL20AB1136, UPI ishita.0099@okicici, bank account number 510000349958, Aadhaar 2000 0077 6062, PAN CLNAI0099U, and contacted associate Kabir Das. Offences were recorded under IPC section 420.",Ishita Das|Kabir Das,+917000776062,KL20AB1136,ishita.0099@okicici,Mumbai Central,2027-04-15
FIR-2026-0941,"On 2027-04-16, complainant reported suspect Neha Das near Pune Camp. The suspect used phone +917000815657, vehicle DL21AB1143, UPI neha.0104@okaxis, bank account number 510000367813, Aadhaar 2000 0081 5657, PAN CLNAI0104Z, and contacted associate Nikhil Das. Offences were recorded under IPC section 420.",Neha Das|Nikhil Das,+917000815657,DL21AB1143,neha.0104@okaxis,Pune Camp,2027-04-16
FIR-2026-0942,"On 2027-04-16, complainant reported suspect Rahul Das near Sector 17 Chandigarh. The suspect used phone +917000855252, vehicle KA22AB1150, UPI rahul.0109@oksbi, bank account number 510000385668, Aadhaar 2000 0085 5252, PAN CLNAI0109E, and contacted associate Rajesh Das. Offences were recorded under IPC section 420.",Rahul Das|Rajesh Das,+917000855252,KA22AB1150,rahul.0109@oksbi,Sector 17 Chandigarh,2027-04-16
FIR-2026-0943,"On 2027-04-17, complainant reported suspect Sameer Das near T Nagar Chennai. The suspect used phone +917000894847, vehicle MH23AB1157, UPI sameer.0114@upi, bank account number 510000403523, Aadhaar 2000 0089 4847, PAN CLNAI0114J, and contacted associate Sanjay Das. Offences were recorded under IPC section 420.",Sameer Das|Sanjay Das,+917000894847,MH23AB1157,sameer.0114@upi,T Nagar Chennai,2027-04-17
FIR-2026-0944,"On 2027-04-17, complainant reported suspect Varun Das near Vaishali Ghaziabad. The suspect used phone +917000934442, vehicle TN24AB1164, UPI varun.0119@paytm, bank account number 510000421378, Aadhaar 2000 0093 4442, PAN CLNAI0119O, and contacted associate Vikram Das. Offences were recorded under IPC section 420.",Varun Das|Vikram Das,+917000934442,TN24AB1164,varun.0119@paytm,Vaishali Ghaziabad,2027-04-17
FIR-2026-0945,"On 2027-04-18, complainant reported suspect Ananya Gupta near Bengaluru Central. The suspect used phone +917000974037, vehicle TS25AB1171, UPI ananya.0124@ybl, bank account number 510000439233, Aadhaar 2000 0097 4037, PAN CLNAI0124T, and contacted associate Arjun Gupta. Offences were recorded under IPC section 420.",Ananya Gupta|Arjun Gupta,+917000974037,TS25AB1171,ananya.0124@ybl,Bengaluru Central,2027-04-18
FIR-2026-0946,"On 2027-04-18, complainant reported suspect Ishita Gupta near Chandni Chowk Delhi. The suspect used phone +917001013632, vehicle UP26AB1178, UPI ishita.0129@okicici, bank account number 510000457088, Aadhaar 2000 0101 3632, PAN CLNAI0129Y, and contacted associate Kabir Gupta. Offences were recorded under IPC section 420.",Ishita Gupta|Kabir Gupta,+917001013632,UP26AB1178,ishita.0129@okicici,Chandni Chowk Delhi,2027-04-18
FIR-2026-0947,"On 2027-04-19, complainant reported suspect Neha Gupta near Charminar Hyderabad. The suspect used phone +917001053227, vehicle WB27AB1185, UPI neha.0134@okaxis, bank account number 510000474943, Aadhaar 2000 0105 3227, PAN CLNAI0134D, and contacted associate Nikhil Gupta. Offences were recorded under IPC section 420.",Neha Gupta|Nikhil Gupta,+917001053227,WB27AB1185,neha.0134@okaxis,Charminar Hyderabad,2027-04-19
FIR-2026-0948,"On 2027-04-19, complainant reported suspect Rahul Gupta near Gomti Nagar Lucknow. The suspect used phone +917001092822, vehicle GJ28AB1192, UPI rahul.0139@oksbi, bank account number 510000492798, Aadhaar 2000 0109 2822, PAN CLNAI0139I, and contacted associate Rajesh Gupta. Offences were recorded under IPC section 420.",Rahul Gupta|Rajesh Gupta,+917001092822,GJ28AB1192,rahul.0139@oksbi,Gomti Nagar Lucknow,2027-04-19
FIR-2026-0949,"On 2027-04-20, complainant reported suspect Sameer Gupta near Howrah Kolkata. The suspect used phone +917001132417, vehicle RJ29AB1199, UPI sameer.0144@upi, bank account number 510000510653, Aadhaar 2000 0113 2417, PAN CLNAI0144N, and contacted associate Sanjay Gupta. Offences were recorded under IPC section 420.",Sameer Gupta|Sanjay Gupta,+917001132417,RJ29AB1199,sameer.0144@upi,Howrah Kolkata,2027-04-20
FIR-2026-0950,"On 2027-04-20, complainant reported suspect Varun Gupta near Indiranagar Bengaluru. The suspect used phone +917001172012, vehicle KL30AB1206, UPI varun.0149@paytm, bank account number 510000528508, Aadhaar 2000 0117 2012, PAN CLNAI0149S, and contacted associate Vikram Gupta. Offences were recorded under IPC section 420.",Varun Gupta|Vikram Gupta,+917001172012,KL30AB1206,varun.0149@paytm,Indiranagar Bengaluru,2027-04-20
FIR-2026-0951,"On 2027-04-21, complainant reported suspect Ananya Iyer near Kochi Marine Drive. The suspect used phone +917001211607, vehicle DL31AB1213, UPI ananya.0154@ybl, bank account number 510000546363, Aadhaar 2000 0121 1607, PAN CLNAI0154X, and contacted associate Arjun Iyer. Offences were recorded under IPC section 420.",Ananya Iyer|Arjun Iyer,+917001211607,DL31AB1213,ananya.0154@ybl,Kochi Marine Drive,2027-04-21
FIR-2026-0952,"On 2027-04-21, complainant reported suspect Ishita Iyer near Mumbai Central. The suspect used phone +917001251202, vehicle KA32AB1220, UPI ishita.0159@okicici, bank account number 510000564218, Aadhaar 2000 0125 1202, PAN CLNAI0159C, and contacted associate Kabir Iyer. Offences were recorded under IPC section 420.",Ishita Iyer|Kabir Iyer,+917001251202,KA32AB1220,ishita.0159@okicici,Mumbai Central,2027-04-21
FIR-2026-0953,"On 2027-04-22, complainant reported suspect Neha Iyer near Pune Camp. The suspect used phone +917001290797, vehicle MH33AB1227, UPI neha.0164@okaxis, bank account number 510000582073, Aadhaar 2000 0129 0797, PAN CLNAI0164H, and contacted associate Nikhil Iyer. Offences were recorded under IPC section 420.",Neha Iyer|Nikhil Iyer,+917001290797,MH33AB1227,neha.0164@okaxis,Pune Camp,2027-04-22
FIR-2026-0954,"On 2027-04-22, complainant reported suspect Rahul Iyer near Sector 17 Chandigarh. The suspect used phone +917001330392, vehicle TN34AB1234, UPI rahul.0169@oksbi, bank account number 510000599928, Aadhaar 2000 0133 0392, PAN CLNAI0169M, and contacted associate Rajesh Iyer. Offences were recorded under IPC section 420.",Rahul Iyer|Rajesh Iyer,+917001330392,TN34AB1234,rahul.0169@oksbi,Sector 17 Chandigarh,2027-04-22
FIR-2026-0955,"On 2027-04-23, complainant reported suspect Sameer Iyer near T Nagar Chennai. The suspect used phone +917001369987, vehicle TS35AB1241, UPI sameer.0174@upi, bank account number 510000617783, Aadhaar 2000 0136 9987, PAN CLNAI0174R, and contacted associate Sanjay Iyer. Offences were recorded under IPC section 420.",Sameer Iyer|Sanjay Iyer,+917001369987,TS35AB1241,sameer.0174@upi,T Nagar Chennai,2027-04-23
FIR-2026-0956,"On 2027-04-23, complainant reported suspect Varun Iyer near Vaishali Ghaziabad. The suspect used phone +917001409582, vehicle UP01AB1248, UPI varun.0179@paytm, bank account number 510000635638, Aadhaar 2000 0140 9582, PAN CLNAI0179W, and contacted associate Vikram Iyer. Offences were recorded under IPC section 420.",Varun Iyer|Vikram Iyer,+917001409582,UP01AB1248,varun.0179@paytm,Vaishali Ghaziabad,2027-04-23
FIR-2026-0957,"On 2027-04-24, complainant reported suspect Ananya Jain near Bengaluru Central. The suspect used phone +917001449177, vehicle WB02AB1255, UPI ananya.0184@ybl, bank account number 510000653493, Aadhaar 2000 0144 9177, PAN CLNAI0184B, and contacted associate Arjun Jain. Offences were recorded under IPC section 420.",Ananya Jain|Arjun Jain,+917001449177,WB02AB1255,ananya.0184@ybl,Bengaluru Central,2027-04-24
FIR-2026-0958,"On 2027-04-24, complainant reported suspect Ishita Jain near Chandni Chowk Delhi. The suspect used phone +917001488772, vehicle GJ03AB1262, UPI ishita.0189@okicici, bank account number 510000671348, Aadhaar 2000 0148 8772, PAN CLNAI0189G, and contacted associate Kabir Jain. Offences were recorded under IPC section 420.",Ishita Jain|Kabir Jain,+917001488772,GJ03AB1262,ishita.0189@okicici,Chandni Chowk Delhi,2027-04-24
FIR-2026-0959,"On 2027-04-25, complainant reported suspect Neha Jain near Charminar Hyderabad. The suspect used phone +917001528367, vehicle RJ04AB1269, UPI neha.0194@okaxis, bank account number 510000689203, Aadhaar 2000 0152 8367, PAN CLNAI0194L, and contacted associate Nikhil Jain. Offences were recorded under IPC section 420.",Neha Jain|Nikhil Jain,+917001528367,RJ04AB1269,neha.0194@okaxis,Charminar Hyderabad,2027-04-25
FIR-2026-0960,"On 2027-04-25, complainant reported suspect Rahul Jain near Gomti Nagar Lucknow. The suspect used phone +917001567962, vehicle KL05AB1276, UPI rahul.0199@oksbi, bank account number 510000707058, Aadhaar 2000 0156 7962, PAN CLNAI0199Q, and contacted associate Rajesh Jain. Offences were recorded under IPC section 420.",Rahul Jain|Rajesh Jain,+917001567962,KL05AB1276,rahul.0199@oksbi,Gomti Nagar Lucknow,2027-04-25
FIR-2026-0961,"On 2027-04-26, complainant reported suspect Arjun Agarwal near Bengaluru Central. The suspect used phone +917000031676, vehicle DL01AB1004, UPI arjun.0005@paytm, bank account number 510000014284, Aadhaar 2000 0003 1676, PAN CLNAI0005E, and contacted associate Aarav Agarwal. Offences were recorded under IPC section 420.",Arjun Agarwal|Aarav Agarwal,+917000031676,DL01AB1004,arjun.0005@paytm,Bengaluru Central,2027-04-26
FIR-2026-0962,"On 2027-04-26, complainant reported suspect Kabir Agarwal near Chandni Chowk Delhi. The suspect used phone +917000071271, vehicle KA02AB1011, UPI kabir.0010@ybl, bank account number 510000032139, Aadhaar 2000 0007 1271, PAN CLNAI0010J, and contacted associate Deepak Agarwal. Offences were recorded under IPC section 420.",Kabir Agarwal|Deepak Agarwal,+917000071271,KA02AB1011,kabir.0010@ybl,Chandni Chowk Delhi,2027-04-26
FIR-2026-0963,"On 2027-04-27, complainant reported suspect Nikhil Agarwal near Charminar Hyderabad. The suspect used phone +917000110866, vehicle MH03AB1018, UPI nikhil.0015@okicici, bank account number 510000049994, Aadhaar 2000 0011 0866, PAN CLNAI0015O, and contacted associate Kavya Agarwal. Offences were recorded under IPC section 420.",Nikhil Agarwal|Kavya Agarwal,+917000110866,MH03AB1018,nikhil.0015@okicici,Charminar Hyderabad,2027-04-27
FIR-2026-0964,"On 2027-04-27, complainant reported suspect Rajesh Agarwal near Gomti Nagar Lucknow. The suspect used phone +917000150461, vehicle TN04AB1025, UPI rajesh.0020@okaxis, bank account number 510000067849, Aadhaar 2000 0015 0461, PAN CLNAI0020T, and contacted associate Pooja Agarwal. Offences were recorded under IPC section 420.",Rajesh Agarwal|Pooja Agarwal,+917000150461,TN04AB1025,rajesh.0020@okaxis,Gomti Nagar Lucknow,2027-04-27
FIR-2026-0965,"On 2027-04-28, complainant reported suspect Sanjay Agarwal near Howrah Kolkata. The suspect used phone +917000190056, vehicle TS05AB1032, UPI sanjay.0025@oksbi, bank account number 510000085704, Aadhaar 2000 0019 0056, PAN CLNAI0025Y, and contacted associate Rakesh Agarwal. Offences were recorded under IPC section 420.",Sanjay Agarwal|Rakesh Agarwal,+917000190056,TS05AB1032,sanjay.0025@oksbi,Howrah Kolkata,2027-04-28
FIR-2026-0966,"On 2027-04-28, complainant reported suspect Vikram Agarwal near Indiranagar Bengaluru. The suspect used phone +917000229651, vehicle UP06AB1039, UPI vikram.0030@upi, bank account number 510000103559, Aadhaar 2000 0022 9651, PAN CLNAI0030D, and contacted associate Shreya Agarwal. Offences were recorded under IPC section 420.",Vikram Agarwal|Shreya Agarwal,+917000229651,UP06AB1039,vikram.0030@upi,Indiranagar Bengaluru,2027-04-28
FIR-2026-0967,"On 2027-04-29, complainant reported suspect Arjun Bansal near Kochi Marine Drive. The suspect used phone +917000269246, vehicle WB07AB1046, UPI arjun.0035@paytm, bank account number 510000121414, Aadhaar 2000 0026 9246, PAN CLNAI0035I, and contacted associate Aarav Bansal. Offences were recorded under IPC section 420.",Arjun Bansal|Aarav Bansal,+917000269246,WB07AB1046,arjun.0035@paytm,Kochi Marine Drive,2027-04-29
FIR-2026-0968,"On 2027-04-29, complainant reported suspect Kabir Bansal near Mumbai Central. The suspect used phone +917000308841, vehicle GJ08AB1053, UPI kabir.0040@ybl, bank account number 510000139269, Aadhaar 2000 0030 8841, PAN CLNAI0040N, and contacted associate Deepak Bansal. Offences were recorded under IPC section 420.",Kabir Bansal|Deepak Bansal,+917000308841,GJ08AB1053,kabir.0040@ybl,Mumbai Central,2027-04-29
FIR-2026-0969,"On 2027-04-30, complainant reported suspect Nikhil Bansal near Pune Camp. The suspect used phone +917000348436, vehicle RJ09AB1060, UPI nikhil.0045@okicici, bank account number 510000157124, Aadhaar 2000 0034 8436, PAN CLNAI0045S, and contacted associate Kavya Bansal. Offences were recorded under IPC section 420.",Nikhil Bansal|Kavya Bansal,+917000348436,RJ09AB1060,nikhil.0045@okicici,Pune Camp,2027-04-30
FIR-2026-0970,"On 2027-04-30, complainant reported suspect Rajesh Bansal near Sector 17 Chandigarh. The suspect used phone +917000388031, vehicle KL10AB1067, UPI rajesh.0050@okaxis, bank account number 510000174979, Aadhaar 2000 0038 8031, PAN CLNAI0050X, and contacted associate Pooja Bansal. Offences were recorded under IPC section 420.",Rajesh Bansal|Pooja Bansal,+917000388031,KL10AB1067,rajesh.0050@okaxis,Sector 17 Chandigarh,2027-04-30
FIR-2026-0971,"On 2027-05-01, complainant reported suspect Sanjay Bansal near T Nagar Chennai. The suspect used phone +917000427626, vehicle DL11AB1074, UPI sanjay.0055@oksbi, bank account number 510000192834, Aadhaar 2000 0042 7626, PAN CLNAI0055C, and contacted associate Rakesh Bansal. Offences were recorded under IPC section 420.",Sanjay Bansal|Rakesh Bansal,+917000427626,DL11AB1074,sanjay.0055@oksbi,T Nagar Chennai,2027-05-01
FIR-2026-0972,"On 2027-05-01, complainant reported suspect Vikram Bansal near Vaishali Ghaziabad. The suspect used phone +917000467221, vehicle KA12AB1081, UPI vikram.0060@upi, bank account number 510000210689, Aadhaar 2000 0046 7221, PAN CLNAI0060H, and contacted associate Shreya Bansal. Offences were recorded under IPC section 420.",Vikram Bansal|Shreya Bansal,+917000467221,KA12AB1081,vikram.0060@upi,Vaishali Ghaziabad,2027-05-01
FIR-2026-0973,"On 2027-05-02, complainant reported suspect Arjun Chauhan near Bengaluru Central. The suspect used phone +917000506816, vehicle MH13AB1088, UPI arjun.0065@paytm, bank account number 510000228544, Aadhaar 2000 0050 6816, PAN CLNAI0065M, and contacted associate Aarav Chauhan. Offences were recorded under IPC section 420.",Arjun Chauhan|Aarav Chauhan,+917000506816,MH13AB1088,arjun.0065@paytm,Bengaluru Central,2027-05-02
FIR-2026-0974,"On 2027-05-02, complainant reported suspect Kabir Chauhan near Chandni Chowk Delhi. The suspect used phone +917000546411, vehicle TN14AB1095, UPI kabir.0070@ybl, bank account number 510000246399, Aadhaar 2000 0054 6411, PAN CLNAI0070R, and contacted associate Deepak Chauhan. Offences were recorded under IPC section 420.",Kabir Chauhan|Deepak Chauhan,+917000546411,TN14AB1095,kabir.0070@ybl,Chandni Chowk Delhi,2027-05-02
FIR-2026-0975,"On 2027-05-03, complainant reported suspect Nikhil Chauhan near Charminar Hyderabad. The suspect used phone +917000586006, vehicle TS15AB1102, UPI nikhil.0075@okicici, bank account number 510000264254, Aadhaar 2000 0058 6006, PAN CLNAI0075W, and contacted associate Kavya Chauhan. Offences were recorded under IPC section 420.",Nikhil Chauhan|Kavya Chauhan,+917000586006,TS15AB1102,nikhil.0075@okicici,Charminar Hyderabad,2027-05-03
FIR-2026-0976,"On 2027-05-03, complainant reported suspect Rajesh Chauhan near Gomti Nagar Lucknow. The suspect used phone +917000625601, vehicle UP16AB1109, UPI rajesh.0080@okaxis, bank account number 510000282109, Aadhaar 2000 0062 5601, PAN CLNAI0080B, and contacted associate Pooja Chauhan. Offences were recorded under IPC section 420.",Rajesh Chauhan|Pooja Chauhan,+917000625601,UP16AB1109,rajesh.0080@okaxis,Gomti Nagar Lucknow,2027-05-03
FIR-2026-0977,"On 2027-05-04, complainant reported suspect Sanjay Chauhan near Howrah Kolkata. The suspect used phone +917000665196, vehicle WB17AB1116, UPI sanjay.0085@oksbi, bank account number 510000299964, Aadhaar 2000 0066 5196, PAN CLNAI0085G, and contacted associate Rakesh Chauhan. Offences were recorded under IPC section 420.",Sanjay Chauhan|Rakesh Chauhan,+917000665196,WB17AB1116,sanjay.0085@oksbi,Howrah Kolkata,2027-05-04
FIR-2026-0978,"On 2027-05-04, complainant reported suspect Vikram Chauhan near Indiranagar Bengaluru. The suspect used phone +917000704791, vehicle GJ18AB1123, UPI vikram.0090@upi, bank account number 510000317819, Aadhaar 2000 0070 4791, PAN CLNAI0090L, and contacted associate Shreya Chauhan. Offences were recorded under IPC section 420.",Vikram Chauhan|Shreya Chauhan,+917000704791,GJ18AB1123,vikram.0090@upi,Indiranagar Bengaluru,2027-05-04
FIR-2026-0979,"On 2027-05-05, complainant reported suspect Arjun Das near Kochi Marine Drive. The suspect used phone +917000744386, vehicle RJ19AB1130, UPI arjun.0095@paytm, bank account number 510000335674, Aadhaar 2000 0074 4386, PAN CLNAI0095Q, and contacted associate Aarav Das. Offences were recorded under IPC section 420.",Arjun Das|Aarav Das,+917000744386,RJ19AB1130,arjun.0095@paytm,Kochi Marine Drive,2027-05-05
FIR-2026-0980,"On 2027-05-05, complainant reported suspect Kabir Das near Mumbai Central. The suspect used phone +917000783981, vehicle KL20AB1137, UPI kabir.0100@ybl, bank account number 510000353529, Aadhaar 2000 0078 3981, PAN CLNAI0100V, and contacted associate Deepak Das. Offences were recorded under IPC section 420.",Kabir Das|Deepak Das,+917000783981,KL20AB1137,kabir.0100@ybl,Mumbai Central,2027-05-05
FIR-2026-0981,"On 2027-05-06, complainant reported suspect Nikhil Das near Pune Camp. The suspect used phone +917000823576, vehicle DL21AB1144, UPI nikhil.0105@okicici, bank account number 510000371384, Aadhaar 2000 0082 3576, PAN CLNAI0105A, and contacted associate Kavya Das. Offences were recorded under IPC section 420.",Nikhil Das|Kavya Das,+917000823576,DL21AB1144,nikhil.0105@okicici,Pune Camp,2027-05-06
FIR-2026-0982,"On 2027-05-06, complainant reported suspect Rajesh Das near Sector 17 Chandigarh. The suspect used phone +917000863171, vehicle KA22AB1151, UPI rajesh.0110@okaxis, bank account number 510000389239, Aadhaar 2000 0086 3171, PAN CLNAI0110F, and contacted associate Pooja Das. Offences were recorded under IPC section 420.",Rajesh Das|Pooja Das,+917000863171,KA22AB1151,rajesh.0110@okaxis,Sector 17 Chandigarh,2027-05-06
FIR-2026-0983,"On 2027-05-07, complainant reported suspect Sanjay Das near T Nagar Chennai. The suspect used phone +917000902766, vehicle MH23AB1158, UPI sanjay.0115@oksbi, bank account number 510000407094, Aadhaar 2000 0090 2766, PAN CLNAI0115K, and contacted associate Rakesh Das. Offences were recorded under IPC section 420.",Sanjay Das|Rakesh Das,+917000902766,MH23AB1158,sanjay.0115@oksbi,T Nagar Chennai,2027-05-07
FIR-2026-0984,"On 2027-05-07, complainant reported suspect Vikram Das near Vaishali Ghaziabad. The suspect used phone +917000942361, vehicle TN24AB1165, UPI vikram.0120@upi, bank account number 510000424949, Aadhaar 2000 0094 2361, PAN CLNAI0120P, and contacted associate Shreya Das. Offences were recorded under IPC section 420.",Vikram Das|Shreya Das,+917000942361,TN24AB1165,vikram.0120@upi,Vaishali Ghaziabad,2027-05-07
FIR-2026-0985,"On 2027-05-08, complainant reported suspect Arjun Gupta near Bengaluru Central. The suspect used phone +917000981956, vehicle TS25AB1172, UPI arjun.0125@paytm, bank account number 510000442804, Aadhaar 2000 0098 1956, PAN CLNAI0125U, and contacted associate Aarav Gupta. Offences were recorded under IPC section 420.",Arjun Gupta|Aarav Gupta,+917000981956,TS25AB1172,arjun.0125@paytm,Bengaluru Central,2027-05-08
FIR-2026-0986,"On 2027-05-08, complainant reported suspect Kabir Gupta near Chandni Chowk Delhi. The suspect used phone +917001021551, vehicle UP26AB1179, UPI kabir.0130@ybl, bank account number 510000460659, Aadhaar 2000 0102 1551, PAN CLNAI0130Z, and contacted associate Deepak Gupta. Offences were recorded under IPC section 420.",Kabir Gupta|Deepak Gupta,+917001021551,UP26AB1179,kabir.0130@ybl,Chandni Chowk Delhi,2027-05-08
FIR-2026-0987,"On 2027-05-09, complainant reported suspect Nikhil Gupta near Charminar Hyderabad. The suspect used phone +917001061146, vehicle WB27AB1186, UPI nikhil.0135@okicici, bank account number 510000478514, Aadhaar 2000 0106 1146, PAN CLNAI0135E, and contacted associate Kavya Gupta. Offences were recorded under IPC section 420.",Nikhil Gupta|Kavya Gupta,+917001061146,WB27AB1186,nikhil.0135@okicici,Charminar Hyderabad,2027-05-09
FIR-2026-0988,"On 2027-05-09, complainant reported suspect Rajesh Gupta near Gomti Nagar Lucknow. The suspect used phone +917001100741, vehicle GJ28AB1193, UPI rajesh.0140@okaxis, bank account number 510000496369, Aadhaar 2000 0110 0741, PAN CLNAI0140J, and contacted associate Pooja Gupta. Offences were recorded under IPC section 420.",Rajesh Gupta|Pooja Gupta,+917001100741,GJ28AB1193,rajesh.0140@okaxis,Gomti Nagar Lucknow,2027-05-09
FIR-2026-0989,"On 2027-05-10, complainant reported suspect Sanjay Gupta near Howrah Kolkata. The suspect used phone +917001140336, vehicle RJ29AB1200, UPI sanjay.0145@oksbi, bank account number 510000514224, Aadhaar 2000 0114 0336, PAN CLNAI0145O, and contacted associate Rakesh Gupta. Offences were recorded under IPC section 420.",Sanjay Gupta|Rakesh Gupta,+917001140336,RJ29AB1200,sanjay.0145@oksbi,Howrah Kolkata,2027-05-10
FIR-2026-0990,"On 2027-05-10, complainant reported suspect Vikram Gupta near Indiranagar Bengaluru. The suspect used phone +917001179931, vehicle KL30AB1207, UPI vikram.0150@upi, bank account number 510000532079, Aadhaar 2000 0117 9931, PAN CLNAI0150T, and contacted associate Shreya Gupta. Offences were recorded under IPC section 420.",Vikram Gupta|Shreya Gupta,+917001179931,KL30AB1207,vikram.0150@upi,Indiranagar Bengaluru,2027-05-10
FIR-2026-0991,"On 2027-05-11, complainant reported suspect Arjun Iyer near Kochi Marine Drive. The suspect used phone +917001219526, vehicle DL31AB1214, UPI arjun.0155@paytm, bank account number 510000549934, Aadhaar 2000 0121 9526, PAN CLNAI0155Y, and contacted associate Aarav Iyer. Offences were recorded under IPC section 420.",Arjun Iyer|Aarav Iyer,+917001219526,DL31AB1214,arjun.0155@paytm,Kochi Marine Drive,2027-05-11
FIR-2026-0992,"On 2027-05-11, complainant reported suspect Kabir Iyer near Mumbai Central. The suspect used phone +917001259121, vehicle KA32AB1221, UPI kabir.0160@ybl, bank account number 510000567789, Aadhaar 2000 0125 9121, PAN CLNAI0160D, and contacted associate Deepak Iyer. Offences were recorded under IPC section 420.",Kabir Iyer|Deepak Iyer,+917001259121,KA32AB1221,kabir.0160@ybl,Mumbai Central,2027-05-11
FIR-2026-0993,"On 2027-05-12, complainant reported suspect Nikhil Iyer near Pune Camp. The suspect used phone +917001298716, vehicle MH33AB1228, UPI nikhil.0165@okicici, bank account number 510000585644, Aadhaar 2000 0129 8716, PAN CLNAI0165I, and contacted associate Kavya Iyer. Offences were recorded under IPC section 420.",Nikhil Iyer|Kavya Iyer,+917001298716,MH33AB1228,nikhil.0165@okicici,Pune Camp,2027-05-12
FIR-2026-0994,"On 2027-05-12, complainant reported suspect Rajesh Iyer near Sector 17 Chandigarh. The suspect used phone +917001338311, vehicle TN34AB1235, UPI rajesh.0170@okaxis, bank account number 510000603499, Aadhaar 2000 0133 8311, PAN CLNAI0170N, and contacted associate Pooja Iyer. Offences were recorded under IPC section 420.",Rajesh Iyer|Pooja Iyer,+917001338311,TN34AB1235,rajesh.0170@okaxis,Sector 17 Chandigarh,2027-05-12
FIR-2026-0995,"On 2027-05-13, complainant reported suspect Sanjay Iyer near T Nagar Chennai. The suspect used phone +917001377906, vehicle TS35AB1242, UPI sanjay.0175@oksbi, bank account number 510000621354, Aadhaar 2000 0137 7906, PAN CLNAI0175S, and contacted associate Rakesh Iyer. Offences were recorded under IPC section 420.",Sanjay Iyer|Rakesh Iyer,+917001377906,TS35AB1242,sanjay.0175@oksbi,T Nagar Chennai,2027-05-13
FIR-2026-0996,"On 2027-05-13, complainant reported suspect Vikram Iyer near Vaishali Ghaziabad. The suspect used phone +917001417501, vehicle UP01AB1249, UPI vikram.0180@upi, bank account number 510000639209, Aadhaar 2000 0141 7501, PAN CLNAI0180X, and contacted associate Shreya Iyer. Offences were recorded under IPC section 420.",Vikram Iyer|Shreya Iyer,+917001417501,UP01AB1249,vikram.0180@upi,Vaishali Ghaziabad,2027-05-13
FIR-2026-0997,"On 2027-05-14, complainant reported suspect Arjun Jain near Bengaluru Central. The suspect used phone +917001457096, vehicle WB02AB1256, UPI arjun.0185@paytm, bank account number 510000657064, Aadhaar 2000 0145 7096, PAN CLNAI0185C, and contacted associate Aarav Jain. Offences were recorded under IPC section 420.",Arjun Jain|Aarav Jain,+917001457096,WB02AB1256,arjun.0185@paytm,Bengaluru Central,2027-05-14
FIR-2026-0998,"On 2027-05-14, complainant reported suspect Kabir Jain near Chandni Chowk Delhi. The suspect used phone +917001496691, vehicle GJ03AB1263, UPI kabir.0190@ybl, bank account number 510000674919, Aadhaar 2000 0149 6691, PAN CLNAI0190H, and contacted associate Deepak Jain. Offences were recorded under IPC section 420.",Kabir Jain|Deepak Jain,+917001496691,GJ03AB1263,kabir.0190@ybl,Chandni Chowk Delhi,2027-05-14
FIR-2026-0999,"On 2027-05-15, complainant reported suspect Nikhil Jain near Charminar Hyderabad. The suspect used phone +917001536286, vehicle RJ04AB1270, UPI nikhil.0195@okicici, bank account number 510000692774, Aadhaar 2000 0153 6286, PAN CLNAI0195M, and contacted associate Kavya Jain. Offences were recorded under IPC section 420.",Nikhil Jain|Kavya Jain,+917001536286,RJ04AB1270,nikhil.0195@okicici,Charminar Hyderabad,2027-05-15
FIR-2026-1000,"On 2027-05-15, complainant reported suspect Rajesh Jain near Gomti Nagar Lucknow. The suspect used phone +917001575881, vehicle KL05AB1277, UPI rajesh.0200@okaxis, bank account number 510000710629, Aadhaar 2000 0157 5881, PAN CLNAI0200R, and contacted associate Pooja Jain. Offences were recorded under IPC section 420.",Rajesh Jain|Pooja Jain,+917001575881,KL05AB1277,rajesh.0200@okaxis,Gomti Nagar Lucknow,2027-05-15
